x_mm,hot_area_px,bbox_width_px,bbox_height_px,equivalent_diameter_px,elongation,centroid_row_px,centroid_col_px,max_temperature,p95_temperature,p99_temperature,hot_mean_temperature,thermal_mass,gradient_mean,gradient_p95,right_left_asymmetry,rear_front_asymmetry,delta_hot_area_px,lag1_hot_area_px,roll3_hot_area_px,delta_bbox_width_px,lag1_bbox_width_px,roll3_bbox_width_px,delta_bbox_height_px,lag1_bbox_height_px,roll3_bbox_height_px,delta_max_temperature,lag1_max_temperature,roll3_max_temperature,delta_thermal_mass,lag1_thermal_mass,roll3_thermal_mass,delta_rear_front_asymmetry,lag1_rear_front_asymmetry,roll3_rear_front_asymmetry,sem_mean,sem_std,sem_gradient_mean,sem_gradient_p95,sem_laplacian_std,track_id,x_scaled,x_sin_1,x_cos_1,x_sin_2,x_cos_2,width_mm,left_mm,right_mm,center_mm
24.700000000000003,2734.0,60.0,61.0,59.00031284074632,1.0248049732341316,225.36808179032298,252.83650575961198,2564.0,1241.0,1943.0,2063.0040234089247,1539253.0,13.699532978663385,27.65863337187866,1.0,0.9913893297593053,540.0,2194.0,2373.6666666666665,6.0,54.0,55.333333333333336,8.0,53.0,55.666666666666664,239.0,2325.0,2390.6666666666665,514224.0,1025029.0,1178614.3333333333,-0.008517014353885632,0.9999063441131909,0.9970916961478268,142.00665402244138,47.24331474415062,10.362336032340675,27.867688541638895,37.40842116796708,14,0.009722222222222262,0.06104853953485712,0.9981347984218669,0.12186934340514798,0.992546151641322,0.42962431301031184,0.3014129294699141,0.731037242480226,0.51622508597507
24.89999999999999,2619.0,58.0,59.0,57.74611993598696,1.030173192030119,225.32943473579508,252.55953934175196,2521.0,1224.0,1893.0100000000093,2049.3077510500193,1438637.0,13.303716584112012,27.0,1.0,0.9934924515357244,-115.0,2734.0,2515.6666666666665,-2.0,60.0,57.333333333333336,-2.0,61.0,57.666666666666664,-43.0,2564.0,2470.0,-100616.0,1539253.0,1334306.3333333333,0.0021031217764191368,0.9913893297593053,0.9949293751360736,141.88770385173706,47.49656278753102,10.297267883972967,27.716468625493828,37.2150106330755,14,0.012499999999999881,0.0784590957278442,0.9969173337331281,0.15643446504022937,0.987688340595138,0.46044762885758633,0.7049184465012872,1.1653660753588735,0.9351422609300803
25.099999999999994,2711.0,59.0,60.0,58.751616197148365,1.0202393789205182,225.78934740412996,252.73070863879798,2530.0,1233.0,1963.0100000000093,2064.9881962375507,1531684.0,14.462192129600773,29.450169415820614,1.0,0.9931891956826604,92.0,2619.0,2688.0,1.0,58.0,59.0,1.0,59.0,60.0,9.0,2521.0,2538.3333333333335,93047.0,1438637.0,1503191.3333333333,-0.0003032558530640106,0.9934924515357244,0.99269032565923,141.76875368103273,47.749810830911436,10.232199735605256,27.56524870934875,37.02160009818391,14,0.0152777777777777,0.0958457525202235,0.9953961983671789,0.19080899537654383,0.9816271834476641,0.5004496176265184,0.8121693167427436,1.312618934369262,1.0623941255560028
25.299999999999997,2713.0,60.0,60.0,58.77328376793742,1.0231025813534034,225.76542792735032,252.85416784210338,2560.0,1235.0,1967.0,2074.900110578695,1559704.0,14.541945404859556,29.698484809834994,1.0,0.9934461923544468,2.0,2711.0,2681.0,1.0,59.0,59.0,0.0,60.0,59.666666666666664,30.0,2530.0,2537.0,28020.0,1531684.0,1510008.3333333333,0.0002569966717863581,0.9931891956826604,0.9933759465242772,141.6498035103284,48.00305887429186,10.167131587237543,27.41402879320367,36.82818956329232,14,0.018055555555555516,0.11320321376790646,0.9935718556765876,0.2249510543438645,0.9743700647852354,0.6710510483344659,0.7640183159824494,1.4350693643169152,1.0995438401496824
25.5,2175.0,54.0,52.0,52.62410103554244,1.037867699258024,226.0499460105222,252.65759392811566,2260.0,1142.0,1758.0,1940.2731034482758,957594.0,11.902216398256595,24.13503677229434,1.0,1.0,-538.0,2713.0,2533.0,-6.0,60.0,57.666666666666664,-8.0,60.0,57.333333333333336,-300.0,2560.0,2450.0,-602110.0,1559704.0,1349660.6666666667,0.006553807645553245,0.9934461923544468,0.9955451293457024,141.53085333962412,48.25630691767228,10.10206343886983,27.262808877058593,36.63477902840073,14,0.020833333333333332,0.13052619222005157,0.9914448613738104,0.25881904510252074,0.9659258262890683,0.6171870167106609,0.7770929534918212,1.3942799702024822,1.0856864618471516
25.700000000000003,2332.0,55.0,55.0,54.49031673905373,1.0257103833472847,225.9197825523554,252.73792483134088,2349.0,1163.0,1816.0,1978.1813893653516,1115119.0,13.426948017606849,27.5,1.0,0.9989005657692138,157.0,2175.0,2406.6666666666665,1.0,54.0,56.333333333333336,3.0,52.0,55.666666666666664,89.0,2260.0,2389.6666666666665,157525.0,957594.0,1210805.6666666667,-0.0010994342307861782,1.0,0.9974489193745534,141.4119031689198,48.5095549610527,10.03699529050212,27.111588960913515,36.44136849350914,14,0.023611111111111152,0.14780941112961088,0.9890158633619168,0.2923717047227372,0.9563047559630353,0.5349633960279179,0.8008792472661155,1.3358426432940333,1.0683609452800744
25.89999999999999,2364.0,55.0,57.0,54.86290444147051,1.0264215546505941,225.88478474145379,252.84703754495087,2346.0,1163.0,1825.0,1976.8790186125211,1127342.0,14.45942724170041,29.157329687165603,1.0,0.998868134071116,32.0,2332.0,2290.3333333333335,0.0,55.0,54.666666666666664,2.0,55.0,54.666666666666664,-3.0,2349.0,2318.3333333333335,12223.0,1115119.0,1066685.0,-3.243169809785673e-05,0.9989005657692138,0.9992562332801099,141.29295299821547,48.7628030044331,9.971927142134412,26.96036904476845,36.247957958617555,14,0.02638888888888877,0.1650476058606769,0.9862856015372315,0.32556815445715526,0.9455185755993173,0.613707465241544,0.7586340460130242,1.3723415112545683,1.0654877786337962
26.099999999999994,2441.0,56.0,56.0,55.74923971408518,1.0311991961639873,225.58924578266794,252.6794374473709,2398.0,1177.0,1845.0,1997.2068824252356,1213682.0,14.674221896917548,29.75315109362368,1.0,0.9979154341911638,77.0,2364.0,2379.0,1.0,55.0,55.333333333333336,-1.0,57.0,56.0,52.0,2346.0,2364.3333333333335,86340.0,1127342.0,1152047.6666666667,-0.000952699879952168,0.998868134071116,0.9985613780104979,141.17400282751115,49.01605104781353,9.906858993766699,26.80914912862337,36.054547423725964,14,0.029166666666666587,0.18223552549214697,0.9832549075639547,0.3583679495452993,0.9335804264972021,0.6697177614745062,0.7112650809879065,1.3809828424624129,1.0461239617251596
26.299999999999997,2662.0,58.0,58.0,58.2182417124135,1.035528132973951,225.4536475598974,252.77673458230484,2525.0,1220.0,1925.0,2051.0770097670925,1466967.0,14.330872299460998,29.449108645254444,1.0,0.9940380390288261,221.0,2441.0,2489.0,2.0,56.0,56.333333333333336,2.0,56.0,57.0,127.0,2398.0,2423.0,253285.0,1213682.0,1269330.3333333333,-0.003877395162337649,0.9979154341911638,0.9969405357637019,141.0887246724331,49.24177178879065,9.848965149038555,26.675267339398918,35.885718779748075,14,0.03194444444444441,0.19936793441719694,0.9799247046208297,0.39073112848927327,0.9205048534524405,0.5874490092422822,0.7635031585010191,1.3509521677433012,1.0572276631221602
26.5,2704.0,59.0,59.0,58.67571668896666,1.020722809159571,225.61748065176735,252.4955464670262,2560.0,1229.0,1919.0100000000093,2061.808801775148,1519138.0,14.689712780530671,29.841246622753548,1.0,0.9933251620326791,42.0,2662.0,2602.3333333333335,1.0,58.0,57.666666666666664,1.0,58.0,57.666666666666664,35.0,2525.0,2494.3333333333335,52171.0,1466967.0,1399929.0,-0.0007128769961470827,0.9940380390288261,0.9950928784175564,141.41873471007904,49.12798913346046,9.879554382531756,26.755222448862188,36.02006679037252,14,0.034722222222222224,0.21643961393810288,0.9762960071199334,0.42261826174069944,0.9063077870366499,0.5304790464562911,0.7996431122316958,1.330122158687987,1.0648826354598415
26.700000000000003,2651.0,58.0,59.0,58.097831569628454,1.0369976225744277,224.78204164805678,252.16167709879014,2560.0,1225.0,1880.0100000000093,2034.6122218030932,1417263.0,13.43578344924317,27.17075633838705,1.0,0.9907723548840265,-53.0,2704.0,2672.3333333333335,-1.0,59.0,58.333333333333336,0.0,59.0,58.666666666666664,0.0,2560.0,2548.3333333333335,-101875.0,1519138.0,1467789.3333333333,-0.0025528071486525805,0.9933251620326791,0.992711851981844,141.74874474772497,49.01420647813026,9.910143616024957,26.83517755832546,36.15441480099695,14,0.03750000000000004,0.23344536385590564,0.9723699203976766,0.45399049973954725,0.8910065241883677,0.4887979198761683,0.8263660549552305,1.3151639748313988,1.0707650148933148
26.89999999999999,2685.0,59.0,59.0,58.469207088979,1.030623373765689,225.54098300076438,252.67475010281933,2530.0,1234.0,1896.0200000000186,2044.2461824953446,1461301.0,12.618664816719335,25.5,1.0,0.9941285197231782,34.0,2651.0,2680.0,1.0,58.0,58.666666666666664,0.0,59.0,59.0,-30.0,2560.0,2550.0,44038.0,1417263.0,1465900.6666666667,0.0033561648391516874,0.9907723548840265,0.9927420122132946,142.07875478537088,48.90042382280007,9.940732849518156,26.915132667788722,36.28876281162139,14,0.04027777777777766,0.2503800040544407,0.968147640378108,0.4848096202463358,0.8746197071393965,0.499187480614907,0.8320932382791358,1.3312807188940428,1.0816869785865892
27.099999999999994,2615.0,58.0,59.0,57.7020052466329,1.0553163322874346,225.01289063029984,252.73422250975975,2527.0,1210.0,1865.0,2035.5246653919694,1400397.0,14.266258353678136,29.068883707497267,1.0,0.9947286376648907,-70.0,2685.0,2650.3333333333335,-1.0,59.0,58.333333333333336,0.0,59.0,59.0,-3.0,2530.0,2539.0,-60904.0,1461301.0,1426320.3333333333,0.0006001179417125524,0.9941285197231782,0.9932098374240317,142.4087648230168,48.78664116746988,9.971322083011357,26.995087777251992,36.423110822245825,14,0.04305555555555548,0.2672383760782564,0.9636304532086232,0.5150380749100534,0.8571673007021128,0.5295114260089114,0.8272131089293663,1.3567245349382777,1.091968821933822
27.299999999999997,2726.0,59.0,60.0,58.913928734621436,1.0449326104848988,225.00429850030247,253.03954185354127,2586.0,1236.0,1914.0100000000093,2056.678650036684,1517506.0,13.660175808057794,27.577164466275352,1.0,0.9922478065984582,111.0,2615.0,2675.3333333333335,1.0,58.0,58.666666666666664,1.0,59.0,59.333333333333336,59.0,2527.0,2547.6666666666665,117109.0,1400397.0,1459734.6666666667,-0.0024808310664324873,0.9947286376648907,0.9937016546621757,142.73877486066274,48.67285851213968,10.001911316504557,27.075042886715263,36.55745883287027,14,0.045833333333333295,0.28401534470392237,0.9588197348681932,0.5446390350150266,0.8386705679454243,0.5611688871550965,0.7880888890107959,1.3492577761658924,1.0686733325883442
27.5,2682.0,58.0,59.0,58.43653359825261,1.028513457576121,225.2442520942566,252.97379987727575,2544.0,1226.0,1897.0,2044.4384787472036,1460184.0,13.410211147519707,27.064737205448715,1.0,0.9938021509617966,-44.0,2726.0,2674.3333333333335,-1.0,59.0,58.333333333333336,-1.0,60.0,59.333333333333336,-42.0,2586.0,2552.3333333333335,-57322.0,1517506.0,1459362.3333333333,0.0015543443633383447,0.9922478065984582,0.9935928650750485,143.06878489830868,48.55907585680949,10.032500549997758,27.154997996178533,36.6918068434947,14,0.04861111111111111,0.3007057995042731,0.9537169507482269,0.573576436351046,0.8191520442889918,0.6123651915925024,0.7356729461393146,1.348038137731817,1.0418555419355657
27.700000000000003,2497.0,57.0,57.0,56.38509681825244,1.0261670123720519,225.37590278697462,252.90011518714832,2456.0,1196.0,1845.0,2020.1265518622347,1298756.0,13.969903477343108,28.622543562723422,1.0,0.9970387047297568,-185.0,2682.0,2635.0,-1.0,58.0,58.0,-2.0,59.0,58.666666666666664,-88.0,2544.0,2528.6666666666665,-161428.0,1460184.0,1425482.0,0.003236553767960171,0.9938021509617966,0.9943628874300039,143.3987949359546,48.445293201479295,10.063089783490959,27.234953105641804,36.826154854119146,14,0.05138888888888893,0.31730465640509237,0.9483236552061992,0.6018150231520486,0.7986355100472926,0.6662251161120918,0.7268202621451773,1.393045378257269,1.059932820201223
27.89999999999999,2297.0,54.0,54.0,54.07985978399601,1.014699528740065,225.64130397813219,252.63374529428296,2360.0,1169.0,1784.0,1986.39878101872,1117258.0,13.519671937349244,27.5,1.0,0.9993018622377284,-200.0,2497.0,2492.0,-3.0,57.0,56.333333333333336,-3.0,57.0,56.666666666666664,-96.0,2456.0,2453.3333333333335,-181498.0,1298756.0,1292066.0,0.0022631575079716804,0.9970387047297568,0.9967142393097607,143.72880497360052,48.33151054614911,10.093679016984158,27.314908215105067,36.960502864743574,14,0.05416666666666655,0.33380685923377024,0.9426414910921787,0.6293203910498363,0.7771459614569718,0.6516581473042706,0.7555747675381578,1.4072329148424283,1.081403841190293
28.099999999999994,2717.0,59.0,60.0,58.81659496303265,1.0068319757786366,225.66635652784336,252.7428270099968,2520.0,1232.0,1956.0100000000093,2051.0412219359587,1497179.0,13.404024095103535,27.064737205448715,1.0,0.9921011448864832,420.0,2297.0,2503.6666666666665,5.0,54.0,56.666666666666664,6.0,54.0,57.0,160.0,2360.0,2445.3333333333335,379921.0,1117258.0,1304397.6666666667,-0.007200717351245278,0.9993018622377284,0.9961472372846562,144.05881501124648,48.217727890818914,10.124268250477359,27.394863324568338,37.09485087536801,14,0.05694444444444437,0.350207381259467,0.9366721892483978,0.6560590289905065,0.7547095802227727,0.6760905315521861,0.7801148447629876,1.4562053763151739,1.1181601105390808
28.299999999999997,2649.0,59.0,60.0,58.07591199459072,1.0373545816492908,225.47874311340044,252.80744514548212,2498.0,1220.0,1926.0100000000093,2042.6172140430351,1437393.0,14.34373011716044,29.090376415577712,1.0,0.9936718767936118,-68.0,2717.0,2554.3333333333335,0.0,59.0,57.333333333333336,0.0,60.0,58.0,-22.0,2520.0,2459.3333333333335,-59786.0,1497179.0,1350610.0,0.0015707319071286419,0.9921011448864832,0.9950249613059411,144.38882504889241,48.103945235488716,10.15485748397056,27.474818434031604,37.22919888599245,14,0.059722222222222184,0.366501226724297,0.9304175679820247,0.6819983600624981,0.7313537016191709,0.7836917432566899,0.7879706112937512,1.5716623545504411,1.1798164829220963
28.5,2617.0,59.0,58.0,57.72406680555278,1.0406834553156503,225.46322787837377,252.67878168773487,2526.0,1222.0,1922.0100000000093,2059.2281238058845,1463500.0,14.613168492511264,29.5,1.0,0.9944434574649812,-32.0,2649.0,2661.0,0.0,59.0,59.0,-2.0,60.0,59.333333333333336,28.0,2498.0,2514.6666666666665,26107.0,1437393.0,1466024.0,0.0007715806713693985,0.9936718767936118,0.9934054930483587,144.71883508653835,47.990162580158525,10.18544671746376,27.554773543494875,37.36354689661689,14,0.0625,0.3826834323650898,0.9238795325112867,0.7071067811865475,0.7071067811865476,0.6082621899764074,0.806174429862374,1.4144366198387812,1.1103055248505775
28.700000000000003,2481.0,56.0,56.0,56.2041574128457,1.044123742267682,225.37020378217545,252.83408788644115,2491.0,1200.0,1852.0,2033.9967754937525,1324846.0,14.156480230926956,28.78367592924851,1.0,0.9972676069520533,-136.0,2617.0,2582.3333333333335,-3.0,59.0,58.0,-2.0,58.0,58.0,-35.0,2526.0,2505.0,-138654.0,1463500.0,1408579.6666666667,0.002824149487072103,0.9944434574649812,0.9951276470702154,145.04884512418428,47.87637992482833,10.216035950956961,27.634728652958145,37.49789490724133,14,0.06527777777777782,0.3987490689252465,0.9170600743851239,0.7313537016191709,0.681998360062498,0.46315099523081793,0.811521594672637,1.274672589903455,1.043097092288046
28.89999999999999,2362.0,55.0,54.0,54.83969187244267,1.0261350155453888,226.03701167144948,252.7715725641947,2344.0,1166.0,1826.0100000000093,1987.7400508044032,1152042.0,14.67729581642734,29.732137494637012,1.0,0.9991857935734982,-119.0,2481.0,2486.6666666666665,-1.0,56.0,56.666666666666664,-2.0,56.0,56.0,-147.0,2491.0,2453.6666666666665,-172804.0,1324846.0,1313462.6666666667,0.0019181866214449395,0.9972676069520533,0.9969656193301776,145.3788551618302,47.762597269498144,10.24662518445016,27.71468376242141,37.63224291786576,14,0.06805555555555544,0.41469324265623836,0.9099612708765435,0.754709580222771,0.6560590289905084,0.5033526454364695,0.7722280966479069,1.2755807420843763,1.0239044193661417
29.099999999999994,2668.0,58.0,59.0,58.28381512352648,1.0131472057907929,225.8317192738648,252.77535158799145,2549.0,1237.0,1955.030000000028,2067.461769115442,1513988.0,13.39068198146621,27.064737205448715,1.0,0.9937489597011337,306.0,2362.0,2503.6666666666665,3.0,55.0,56.333333333333336,5.0,54.0,56.333333333333336,205.0,2344.0,2461.3333333333335,361946.0,1152042.0,1330292.0,-0.005436833872364488,0.9991857935734982,0.9967341200755618,145.70886519947612,47.64881461416795,10.27721441794336,27.79463887188468,37.766590928490196,14,0.07083333333333325,0.43051109680829464,0.9025852843498609,0.7771459614569701,0.6293203910498383,0.5527729899597335,0.7289439519849,1.2817169419446335,1.0053304469647668
29.299999999999997,2194.0,53.0,52.0,52.85345363501752,1.0302014059291342,226.0509868269529,252.83624435598037,2279.0,1147.0,1766.0100000000093,1945.2684594348223,976919.0,11.21064776239041,22.594247055390007,1.0,1.0,-474.0,2668.0,2408.0,-5.0,58.0,55.333333333333336,-7.0,59.0,55.0,-270.0,2549.0,2390.6666666666665,-537069.0,1513988.0,1214316.3333333333,0.006251040298866251,0.9937489597011337,0.9976449177582106,146.03887523712206,47.535031958837756,10.307803651436561,27.87459398134795,37.90093893911464,14,0.07361111111111107,0.44619781310980855,0.8949343616020252,0.7986355100472925,0.6018150231520487,0.5686172715726701,0.7315138067422383,1.3001310783149085,1.0158224425285733
29.5,2256.0,53.0,53.0,53.595040935916145,1.0319051879064236,225.87375501716718,252.77543208085498,2308.0,1150.0,1783.0,1958.311170212766,1033950.0,13.105819322367758,26.5,1.0,0.9998452536389574,62.0,2194.0,2372.6666666666665,0.0,53.0,54.666666666666664,1.0,52.0,54.666666666666664,29.0,2279.0,2378.6666666666665,57031.0,976919.0,1174952.3333333333,-0.00015474636104262363,1.0,0.9978647377800304,146.368885274768,47.42124930350756,10.33839288492976,27.95454909081122,38.035286949739074,14,0.0763888888888889,0.4617486132350339,0.8870108331782217,0.8191520442889918,0.573576436351046,0.6113201138531098,0.7468912083631648,1.3582113222162746,1.0525512652897198
29.700000000000003,2275.0,54.0,56.0,53.820256077730576,1.0471920812916449,225.56433116790743,252.74967613447768,2325.0,1150.0,1787.0400000000373,1963.4945054945056,1054450.0,13.187772856026033,26.870057685088806,1.0,0.9992033761676703,19.0,2256.0,2241.6666666666665,1.0,53.0,53.333333333333336,3.0,53.0,53.666666666666664,17.0,2308.0,2304.0,20500.0,1033950.0,1021773.0,-0.0006418774712870778,0.9998452536389574,0.9996828766022091,146.69889531241392,47.30746664817736,10.368982118422961,28.034504200274487,38.16963496036352,14,0.0791666666666667,0.4771587602596086,0.8788171126619653,0.8386705679454243,0.5446390350150266,0.5937232806934521,0.7843166743002723,1.3780399549937243,1.0811783146469982
29.89999999999999,2572.0,57.0,59.0,57.22562458426154,1.0254714074649989,225.15845226759203,253.2201606715424,2544.0,1221.0,1877.0,2050.8083203732504,1416679.0,13.367053429898744,27.212129648375555,1.0,0.9939464056430568,297.0,2275.0,2367.6666666666665,3.0,54.0,54.666666666666664,3.0,56.0,56.0,219.0,2325.0,2392.3333333333335,362229.0,1054450.0,1168359.6666666667,-0.005256970524613491,0.9992033761676703,0.9976650118165615,147.02890535005983,47.19368399284718,10.39957135191616,28.114459309737754,38.303982970987946,14,0.08194444444444432,0.4924235601034664,0.8703556959399001,0.8571673007021114,0.5150380749100557,0.5243861002014123,0.8367362645656421,1.3611223647670545,1.0989293146663484
30.099999999999994,2567.0,58.0,60.0,57.16997386159244,1.0232029494258479,225.99259188268312,252.87991883827445,2505.0,1215.0,1874.0200000000186,2044.6809505259057,1398196.0,14.167851093658383,28.88771365130858,1.0,0.9968116058120606,-5.0,2572.0,2471.3333333333335,1.0,57.0,56.333333333333336,1.0,59.0,58.333333333333336,-39.0,2544.0,2458.0,-18483.0,1416679.0,1289775.0,0.002865200169003823,0.9939464056430568,0.9966537958742626,147.35891538770576,47.07990133751698,10.43016058540936,28.19441441920102,38.43833098161239,14,0.08472222222222214,0.5075383629607038,0.861629160441526,0.8746197071393953,0.4848096202463379,0.5517818708520087,0.8222539284815523,1.374035799333561,1.0981448639075566
30.299999999999997,2643.0,58.0,60.0,58.01010357459324,1.0326027974185168,225.52392519838864,252.93540883553615,2534.0,1232.0,1930.0100000000093,2061.657207718502,1484460.0,13.443979361054371,27.064737205448715,1.0,0.9934535117146976,76.0,2567.0,2594.0,0.0,58.0,57.666666666666664,0.0,60.0,59.666666666666664,29.0,2505.0,2527.6666666666665,86264.0,1398196.0,1433111.6666666667,-0.0033580940973629847,0.9968116058120606,0.9947371743899384,147.6889254253517,46.96611868218679,10.460749818902562,28.27436952866429,38.572678992236824,14,0.08749999999999997,0.5224985647159487,0.8526401643540923,0.8910065241883677,0.45399049973954725,0.573162332194407,0.808631493819251,1.3817938260136582,1.0952126599164547
30.5,2632.0,60.0,59.0,57.88926050437117,1.0334971596497469,225.8164998547584,252.7800094372945,2510.0,1217.0,1952.0,2057.1892097264436,1466522.0,14.316988823293853,29.34706118165838,1.0,0.9945858296022835,-11.0,2643.0,2614.0,2.0,58.0,58.666666666666664,-1.0,60.0,59.666666666666664,-24.0,2534.0,2516.3333333333335,-17938.0,1484460.0,1449726.0,0.001132317887585832,0.9934535117146976,0.9949503157096805,148.01893546299763,46.85233602685659,10.491339052395762,28.35432463812756,38.70702700286127,14,0.09027777777777778,0.5372996083468239,0.8433914458128857,0.9063077870366499,0.42261826174069944,0.5947399291286539,0.8080116019742322,1.402751531102886,1.1053815665385591
30.700000000000003,2420.0,57.0,56.0,55.50891548444353,1.0383618353711461,225.7406325270343,252.52267726191192,2393.0,1188.0,1858.0,2008.1545454545455,1229734.0,12.692344129493456,25.739075352467502,1.0,0.9976938102061096,-212.0,2632.0,2565.0,-3.0,60.0,58.333333333333336,-3.0,59.0,58.333333333333336,-117.0,2510.0,2479.0,-236788.0,1466522.0,1393572.0,0.0031079806038261104,0.9945858296022835,0.9952443838410302,148.34894550064357,46.7385533715264,10.521928285888963,28.434279747590832,38.8413750134857,14,0.0930555555555556,0.5519369853120584,0.8338858220671681,0.9205048534524405,0.39073112848927327,0.6918619029423941,0.7996611745022598,1.491523077444654,1.145592125973457
30.89999999999999,2407.0,56.0,56.0,55.35962052053407,1.0273356356831822,225.80183015562542,252.78418245420426,2429.0,1183.0,1854.0100000000093,2021.0224345658496,1254101.0,13.869523612031957,28.151376520518493,1.0,0.9984833757408693,-13.0,2420.0,2486.3333333333335,-1.0,57.0,57.666666666666664,0.0,56.0,57.0,36.0,2393.0,2444.0,24367.0,1229734.0,1316785.6666666667,0.0007895655347597286,0.9976938102061096,0.9969210051830873,148.6789555382895,46.62477071619621,10.552517519382162,28.514234857054095,38.97572302411013,14,0.09583333333333321,0.5664062369248323,0.824126188622016,0.9335804264972012,0.35836794954530166,0.8094580117142808,0.7532407765630912,1.562698788277372,1.1579697824202315
31.099999999999994,2761.0,59.0,62.0,59.29093002318132,1.0114389931356174,225.282344112567,252.73304921739887,2878.0,1276.0,1933.0,2149.6320173850054,1793636.0,16.943314530169268,34.17601498127012,1.0,0.9898552437618335,354.0,2407.0,2529.3333333333335,3.0,56.0,57.333333333333336,6.0,56.0,58.0,449.0,2429.0,2566.6666666666665,539535.0,1254101.0,1425823.6666666667,-0.00862813197903578,0.9984833757408693,0.9953441432362707,149.00896557593543,46.51098806086602,10.583106752875363,28.594189966517366,39.110071034734574,14,0.09861111111111104,0.5807029557109393,0.8141155183563195,0.9455185755993165,0.3255681544571576,0.8092076489490991,0.7145034802467296,1.5237111291958287,1.1191073047212792
31.299999999999997,1922.0,50.0,50.0,49.46884276977765,1.0313100453703468,226.65896153368192,252.49406850140042,2279.0,1126.0,1619.0,1935.4255983350677,836888.0,11.794535615861108,23.926972228010797,1.0,1.0,-839.0,2761.0,2363.3333333333335,-9.0,59.0,55.0,-12.0,62.0,56.0,-599.0,2878.0,2528.6666666666665,-956748.0,1793636.0,1294875.0,0.010144756238166464,0.9898552437618335,0.9961128731675676,149.33897561358137,46.39720540553582,10.613695986368564,28.674145075980636,39.24441904535901,14,0.10138888888888885,0.5948227867513411,0.8038568606172175,0.9563047559630353,0.29237170472273716,0.6342160351872345,0.7495755120956891,1.3837915472829234,1.0666835296893062
31.5,2070.0,53.0,52.0,51.338152066487424,1.0609635840238838,225.70759246408682,252.57020083451994,2250.0,1115.0,1696.0,1928.8386473429953,887696.0,13.714336153863373,27.97320146139873,1.0,1.0,148.0,1922.0,2251.0,3.0,50.0,54.0,2.0,50.0,54.666666666666664,-29.0,2279.0,2469.0,50808.0,836888.0,1172740.0,0.0,1.0,0.9966184145872777,149.6689856512273,46.283422750205624,10.644285219861764,28.754100185443907,39.37876705598345,14,0.10416666666666667,0.6087614290087207,0.7933533402912352,0.9659258262890683,0.25881904510252074,0.5268087530880384,0.7865023936280926,1.313311146716131,1.0499067701721119
31.700000000000003,2535.0,58.0,58.0,56.812518390788114,1.0328645541420065,225.72787721733033,252.76251942810782,2470.0,1216.0,1874.0,2030.9617357001973,1345988.0,12.24697378211022,24.596747752497688,1.0,0.9973506450280388,465.0,2070.0,2175.6666666666665,5.0,53.0,53.666666666666664,6.0,52.0,53.333333333333336,220.0,2250.0,2333.0,458292.0,887696.0,1023524.0,-0.002649354971961171,1.0,0.999116881676013,149.99899568887324,46.16964009487543,10.674874453354965,28.834055294907174,39.51311506660789,14,0.10694444444444448,0.6225146366376197,0.7826081568524138,0.9743700647852354,0.2249510543438645,0.4781106103379592,0.8063968530616465,1.2845074633996059,1.0454521582306262
31.89999999999999,2662.0,58.0,60.0,58.2182417124135,1.0201581613609405,225.5784355984591,252.88164325398617,2576.0,1237.0,1925.0,2082.167543200601,1549730.0,14.484694925921515,29.546573405388315,1.0,0.9939382989294909,127.0,2535.0,2422.3333333333335,0.0,58.0,56.333333333333336,2.0,58.0,56.666666666666664,106.0,2470.0,2432.0,203742.0,1345988.0,1261138.0,-0.0034123460985479026,0.9973506450280388,0.9970963146525099,150.32900572651914,46.05585743954524,10.705463686848164,28.91401040437044,39.64746307723232,14,0.10972222222222211,0.6360782202777634,0.7716245833877204,0.9816271834476636,0.19080899537654622,0.45223187745314225,0.8276581768884553,1.2798900543415976,1.0537741156150264
32.099999999999994,2201.0,54.0,53.0,52.937701479778035,1.0169470075586986,226.1014690657159,252.6862768444249,2347.0,1165.0,1747.0,1988.4311676510677,1075037.0,12.310703999664229,24.829418035870273,1.0,0.9998976779403872,-461.0,2662.0,2466.0,-4.0,58.0,56.666666666666664,-7.0,60.0,57.0,-229.0,2576.0,2464.3333333333335,-474693.0,1549730.0,1323585.0,0.005959379010896271,0.9939382989294909,0.9970622072993057,150.65901576416508,45.94207478421505,10.736052920341365,28.993965513833707,39.78181108785676,14,0.11249999999999992,0.6494480483301832,0.7604059656000314,0.9876883405951375,0.156434465040232,0.4519262058301039,0.8581903248779712,1.310116530708075,1.0841534277930232
32.3,2452.0,57.0,57.0,55.874711307447654,1.033864781070489,225.67430278661226,252.54298483310137,2530.0,1197.0,1831.0,2045.8837683523655,1338507.0,15.394081605455815,31.312936623702353,1.0,0.9979589199010539,251.0,2201.0,2438.3333333333335,3.0,54.0,56.333333333333336,4.0,53.0,56.666666666666664,183.0,2347.0,2484.3333333333335,263470.0,1075037.0,1321091.3333333333,-0.0019387580393332993,0.9998976779403872,0.9972649655903106,150.989025801811,45.828292128884854,10.766642153834566,29.073920623296978,39.916159098481195,14,0.11527777777777774,0.6626200482157373,0.7489557207890023,0.992546151641322,0.12186934340514793,0.46705149042845034,0.8682875778156749,1.3353390682441253,1.1018133230299
32.5,2693.0,59.0,60.0,58.55624726681,1.0124558649044908,225.52485628522075,252.66772538055775,2580.0,1233.0,1929.0100000000093,2076.966951355366,1553776.0,15.943260510946565,32.129231138191635,1.0,0.9918533945691014,241.0,2452.0,2448.6666666666665,2.0,57.0,56.666666666666664,3.0,57.0,56.666666666666664,50.0,2530.0,2485.6666666666665,215269.0,1338507.0,1322440.0,-0.0061055253319525216,0.9979589199010539,0.9965699974701808,151.31903583945694,45.71450947355466,10.797231387327766,29.15387573276025,40.05050710910564,14,0.11805555555555555,0.6755902076156601,0.7372773368101241,0.9961946980917455,0.08715574274765836,0.4643413648702782,0.8422023488129898,1.306543713683268,1.074373031248129
32.7,2625.0,59.0,60.0,57.81222885281108,1.0183865912696501,225.76678698693505,252.79647964721752,2523.0,1231.0,1916.0,2060.831238095238,1472182.0,13.46156417450111,27.064737205448715,1.0,0.99412436777518,-68.0,2693.0,2590.0,0.0,59.0,58.333333333333336,0.0,60.0,59.0,-57.0,2580.0,2544.3333333333335,-81594.0,1553776.0,1454821.6666666667,0.002270973206078608,0.9918533945691014,0.9946455607484451,151.64355391583956,45.59914681046395,10.827659346915807,29.232460392433318,40.18350490384062,14,0.12083333333333338,0.6883545756937541,0.7253743710122874,0.9986295347545739,0.0523359562429433,0.5062522329474233,0.7899841465901098,1.2962363795375331,1.0431102630638214
32.89999999999999,2670.0,58.0,59.0,58.30565653899186,1.0265554636343985,225.54121633974978,252.68126452843,2578.0,1228.0,1924.0,2073.5880149812733,1531480.0,15.81544983143692,31.89043743820395,1.0,0.9938360278945856,45.0,2625.0,2662.6666666666665,-1.0,59.0,58.666666666666664,-1.0,60.0,59.666666666666664,55.0,2523.0,2560.3333333333335,59298.0,1472182.0,1519146.0,-0.0002883398805944015,0.99412436777518,0.9932712634129558,151.75388550295295,45.42216384471317,10.851797624202641,29.257597510288676,40.26384427888685,14,0.12361111111111099,0.7009092642998503,0.7132504491541821,0.9998476951563912,0.017452406437285153,0.6081698062149763,0.7457073902375967,1.3538771964525729,1.0497922933450847
33.099999999999994,3065.0,63.0,68.0,62.46982635331456,1.024909116433786,225.58662429418882,252.940488393973,2989.0,1310.0,2039.0,2173.7934747145187,2065641.0,16.1890153726377,32.64965543462902,1.0,0.9832526561972773,395.0,2670.0,2786.6666666666665,5.0,58.0,60.0,9.0,59.0,62.333333333333336,411.0,2578.0,2696.6666666666665,534161.0,1531480.0,1689767.6666666667,-0.010583371697308275,0.9938360278945856,0.9904043506223476,151.86421709006635,45.24518087896238,10.875935901489477,29.282734628144034,40.34418365393309,14,0.1263888888888888,0.7132504491541812,0.7009092642998513,0.9998476951563913,-0.017452406437282367,0.5611929285382112,0.754916978083629,1.3161099066218402,1.0355134423527346
33.3,2310.0,55.0,56.0,54.23267786434878,1.0048990770346264,226.1720720044291,252.96025102703754,2463.0,1192.0,1771.0100000000093,2024.6670995670995,1211981.0,12.855282274192955,25.947061490658243,1.0,0.9995527982699399,-755.0,3065.0,2681.6666666666665,-8.0,63.0,58.666666666666664,-12.0,68.0,61.0,-526.0,2989.0,2676.6666666666665,-853660.0,2065641.0,1603034.0,0.016300142072662616,0.9832526561972773,0.9922138274539343,151.97454867717974,45.06819791321159,10.900074178776311,29.307871745999392,40.424523028979316,14,0.12916666666666662,0.7253743710122874,0.6883545756937542,0.9986295347545739,-0.052335956242943175,0.4828876946176161,0.7901898086865309,1.273077503304147,1.031633655995339
33.5,2653.0,60.0,60.0,58.11974287780691,1.0394640197669935,224.94300669371486,252.71638633072965,2560.0,1216.0,1914.0,2055.285714285714,1473173.0,15.500690145448164,31.752952618614856,1.0,0.9914117350779575,343.0,2310.0,2676.0,5.0,55.0,59.333333333333336,4.0,56.0,61.333333333333336,97.0,2463.0,2670.6666666666665,261192.0,1211981.0,1583598.3333333333,-0.008141063191982378,0.9995527982699399,0.9914057298483915,152.08488026429313,44.8912149474608,10.924212456063147,29.33300886385475,40.50486240402555,14,0.13194444444444445,0.7372773368101241,0.6755902076156602,0.9961946980917455,-0.08715574274765824,0.563899771254113,0.7988399573358581,1.3627397285899712,1.0807898429629146
33.7,2688.0,59.0,60.0,58.50186233145162,1.0307816548602662,225.07097823109265,253.03953116583887,2554.0,1231.0,1926.0,2062.2165178571427,1511238.0,14.484557832616382,29.5,1.0,0.99160423440914,35.0,2653.0,2550.3333333333335,-1.0,60.0,58.0,0.0,60.0,58.666666666666664,-6.0,2560.0,2525.6666666666665,38065.0,1473173.0,1398797.3333333333,0.00019249933118248297,0.9914117350779575,0.9941895892523459,152.19521185140653,44.714231981710014,10.948350733349983,29.358145981710113,40.58520177907179,14,0.13472222222222227,0.7489557207890023,0.6626200482157373,0.992546151641322,-0.12186934340514803,0.609518893582575,0.773389274277374,1.382908167859949,1.0781487210686616
33.89999999999999,2719.0,59.0,62.0,58.838238604965966,1.0301402275487106,225.3163438923248,252.55175830427373,2574.0,1230.2999999999302,1927.0100000000093,2063.0926811327695,1531049.0,14.635827236295421,29.75315109362368,1.0,0.9927121862200361,31.0,2688.0,2686.6666666666665,0.0,59.0,59.333333333333336,2.0,60.0,60.666666666666664,20.0,2554.0,2562.6666666666665,19811.0,1511238.0,1505153.3333333333,0.0011079518108960684,0.99160423440914,0.9919093852357111,152.3055434385199,44.53724901595923,10.972489010636817,29.383283099565467,40.66554115411802,14,0.13749999999999987,0.7604059656000304,0.6494480483301843,0.987688340595138,-0.15643446504022926,0.5744007425166368,0.7644672541159571,1.3388679966325938,1.0516676253742754
34.099999999999994,2408.0,56.0,57.0,55.371119039823206,1.0712510480409523,225.11597330392934,252.81184883075994,2429.0,1173.2999999999302,1813.0200000000186,2000.154485049834,1204372.0,14.841061936867487,30.103986446980738,1.0,0.9984589478998184,-311.0,2719.0,2605.0,-3.0,59.0,58.0,-5.0,62.0,59.666666666666664,-145.0,2574.0,2519.0,-326677.0,1531049.0,1415553.0,0.005746761679782275,0.9927121862200361,0.9942584561763316,152.41587502563328,44.360266050208445,10.996627287923651,29.40842021742083,40.74588052916425,14,0.1402777777777777,0.7716245833877196,0.6360782202777644,0.9816271834476642,-0.1908089953765437,0.5904864975648488,0.753467702419286,1.343954199984135,1.0487109512017105
34.3,2543.0,58.0,58.0,56.90209277576282,1.0410911201736468,225.2459433296569,252.76769206366149,2479.0,1213.0,1857.0100000000093,2030.5292961069604,1349136.0,13.062824034845141,26.5,1.0,0.9960656301514451,135.0,2408.0,2556.6666666666665,2.0,56.0,57.666666666666664,1.0,57.0,59.0,50.0,2429.0,2494.0,144764.0,1204372.0,1361519.0,-0.002393317748373258,0.9984589478998184,0.9957455880904332,152.52620661274668,44.183283084457656,11.020765565210487,29.433557335276188,40.82621990421049,14,0.14305555555555552,0.7826081568524137,0.6225146366376197,0.9743700647852354,-0.22495105434386437,0.5736936812667751,0.7503672991098296,1.3240609803766046,1.037214139743217
34.5,2812.0,61.0,61.0,59.836022593378296,1.057439052032883,224.2201697158725,252.59457752234886,2696.0,1255.0,1959.0,2095.631934566145,1674917.0,15.031482350954251,30.450779957170226,1.0,0.9885857030527483,269.0,2543.0,2587.6666666666665,3.0,58.0,58.333333333333336,3.0,58.0,58.666666666666664,217.0,2479.0,2534.6666666666665,325781.0,1349136.0,1409475.0,-0.007479927098696826,0.9960656301514451,0.9943700937013373,152.63653819986007,44.00630011870687,11.044903842497323,29.458694453131546,40.906559279256726,14,0.14583333333333334,0.7933533402912352,0.6087614290087207,0.9659258262890683,-0.25881904510252085,0.5768511473734053,0.7402191586082266,1.3170703059816318,1.0286447322949293
34.7,2658.0,58.0,59.0,58.17448504203593,1.0203667967333985,225.23607255345436,252.5943894760139,2559.0,1229.0,1918.0100000000093,2066.0650865312264,1504601.0,14.377172436480043,29.347912808577863,1.0,0.9930081131143739,-154.0,2812.0,2671.0,-3.0,61.0,59.0,-2.0,61.0,59.333333333333336,-137.0,2696.0,2578.0,-170316.0,1674917.0,1509551.3333333333,0.004422410061625581,0.9885857030527483,0.9925531487728557,152.74686978697346,43.82931715295607,11.069042119784159,29.483831570986904,40.986898654302955,14,0.14861111111111114,0.8038568606172174,0.5948227867513411,0.9563047559630354,-0.29237170472273705,0.6500075665339322,0.7344332405403273,1.3844408070742595,1.0594370238072934
34.89999999999999,2501.0,57.0,58.0,56.43024101829304,1.0149985542930888,225.88500129420567,253.21935434781992,2539.0,1220.0,1853.0100000000093,2062.282287085166,1406268.0,13.195006351771347,26.612966764342527,1.0,0.9961586269473528,-157.0,2658.0,2657.0,-1.0,58.0,58.666666666666664,-1.0,59.0,59.333333333333336,-20.0,2559.0,2598.0,-98333.0,1504601.0,1528595.3333333333,0.0031505138329789295,0.9930081131143739,0.9925841477048251,152.85720137408686,43.6523341872053,11.093180397070991,29.508968688842263,41.067238029349184,14,0.15138888888888877,0.8141155183563188,0.5807029557109404,0.9455185755993173,-0.32556815445715515,0.624849877050424,0.7473677985695407,1.3722176756199647,1.0597927370947526
35.099999999999994,2161.0,53.0,53.0,52.454462690725244,1.0288809042447613,225.77340089553834,252.65401466132016,2272.0,1132.0,1739.0,1941.1813975011569,953393.0,14.012003507649741,28.469281690973517,1.0,0.9999622401255306,-340.0,2501.0,2440.0,-4.0,57.0,56.0,-5.0,58.0,56.666666666666664,-267.0,2539.0,2456.6666666666665,-452875.0,1406268.0,1288087.3333333333,0.0038036131781777893,0.9961586269473528,0.9963763267290857,152.96753296120025,43.47535122145451,11.117318674357827,29.53410580669762,41.14757740439542,14,0.1541666666666666,0.8241261886220154,0.5664062369248333,0.9335804264972022,-0.3583679495452992,0.5734707017598489,0.7519702836724717,1.3254409854323206,1.0387056345523962
35.3,2517.0,57.0,57.0,56.610457815658094,1.020011772866981,225.9960601340858,252.70000681741394,2452.0,1198.0,1898.0200000000186,2030.3206197854588,1334817.0,13.793445504426543,28.0,1.0,0.9963440681381792,356.0,2161.0,2393.0,4.0,53.0,55.666666666666664,4.0,53.0,56.0,180.0,2272.0,2421.0,381424.0,953393.0,1231492.6666666667,-0.0036181719873513707,0.9999622401255306,0.9974883117370208,153.07786454831364,43.29836825570372,11.141456951644663,29.55924292455298,41.22791677944166,14,0.15694444444444441,0.8338858220671681,0.5519369853120584,0.9205048534524405,-0.3907311284892734,0.5664856541637917,0.7441590466826526,1.3106447008464444,1.0274018737645485
35.5,2736.0,59.0,61.0,59.02188911239122,1.0091543865917114,225.19296783368753,252.83499209025103,2602.0,1228.0,1942.0100000000093,2071.8293128654973,1564525.0,15.99058695726395,32.89756829919196,1.0,0.9873303398795161,219.0,2517.0,2471.3333333333335,2.0,57.0,56.333333333333336,4.0,57.0,57.0,150.0,2452.0,2442.0,229708.0,1334817.0,1284245.0,-0.00901372825866309,0.9963440681381792,0.9945455493810753,153.18819613542703,43.12138528995293,11.1655952289315,29.584380042408338,41.30825615448789,14,0.1597222222222222,0.8433914458128856,0.5372996083468239,0.90630778703665,-0.42261826174069933,0.5466316053129254,0.7578089485660653,1.3044405538789907,1.031124751222528
35.7,2715.0,60.0,59.0,58.79494335362495,1.00357875580592,226.03010814806004,252.77588734146858,2523.0,1217.0,1994.0,2063.615837937385,1530217.0,17.300930819944018,34.73110997362451,1.0,0.9925513832351882,-21.0,2736.0,2656.0,1.0,59.0,58.666666666666664,-2.0,61.0,59.0,-79.0,2602.0,2525.6666666666665,-34308.0,1564525.0,1476519.6666666667,0.005221043355672084,0.9873303398795161,0.9920752637509612,153.29852772254043,42.94440232420214,11.189733506218333,29.6095171602637,41.38859552953413,14,0.16250000000000003,0.8526401643540923,0.5224985647159487,0.8910065241883677,-0.45399049973954714,0.730722595266839,0.6264999697324698,1.3572225649993088,0.9918612673658893
35.89999999999999,2690.0,60.0,59.0,58.52362237026676,1.0507799204922288,225.22715383712858,252.8532712939909,2592.0,1235.0,1927.0100000000093,2073.4858736059477,1542677.0,14.71259924822317,29.75315109362368,1.0,0.9938250197546213,-25.0,2715.0,2713.6666666666665,0.0,60.0,59.666666666666664,0.0,59.0,59.666666666666664,69.0,2523.0,2572.3333333333335,12460.0,1530217.0,1545806.3333333333,0.00127363651943313,0.9925513832351882,0.991235580956442,153.40885930965382,42.76741935845136,11.213871783505168,29.634654278119054,41.46893490458036,14,0.16527777777777766,0.8616291604415254,0.5075383629607048,0.8746197071393965,-0.48480962024633584,1.0914195542980034,0.3930306420658975,1.484450196363901,0.9387404192148993
36.099999999999994,2615.0,59.0,59.0,57.7020052466329,1.0265680659643612,225.51168892473177,252.7907815278244,2514.0,1224.0,1918.0200000000186,2055.738432122371,1453256.0,13.381276309299174,27.064737205448715,1.0,0.9944208040427839,-75.0,2690.0,2673.3333333333335,-1.0,60.0,59.666666666666664,0.0,59.0,59.0,-78.0,2592.0,2543.0,-89421.0,1542677.0,1508716.6666666667,0.0005957842881625375,0.9938250197546213,0.9935990690108646,153.5191908967672,42.590436392700575,11.238010060792003,29.659791395974416,41.549274279626594,14,0.16805555555555549,0.8703556959398995,0.4924235601034675,0.8571673007021128,-0.5150380749100535,1.0072504650760106,0.37609513383398807,1.3833455989099985,0.8797203663719932
36.3,2281.0,55.0,54.0,53.89118111102137,1.0406867312222605,225.82538599766542,252.7549444155997,2344.0,1168.0,1785.0100000000093,1976.2279701885138,1086276.0,12.291497881403044,25.0,1.0,0.9998545489359979,-334.0,2615.0,2528.6666666666665,-4.0,59.0,58.0,-5.0,59.0,57.333333333333336,-170.0,2514.0,2483.3333333333335,-366980.0,1453256.0,1360736.3333333333,0.005433744893214021,0.9944208040427839,0.9960334575778012,153.6295224838806,42.413453426949786,11.26214833807884,29.684928513829774,41.62961365467282,14,0.17083333333333328,0.8788171126619652,0.4771587602596088,0.8386705679454245,-0.5446390350150264,0.5634969888713492,0.6725960649692049,1.2360930538405541,0.9543445594048795
36.5,2459.0,57.0,56.0,55.95441037580295,1.0235361517820136,225.91732324815612,252.71515414397996,2397.0,1190.0,1859.0,2007.215534770232,1247243.0,12.813574168616048,26.0,1.0,0.9982056423647998,178.0,2281.0,2451.6666666666665,2.0,55.0,57.0,2.0,54.0,56.333333333333336,53.0,2344.0,2418.3333333333335,160967.0,1086276.0,1262258.3333333333,-0.0016489065711980944,0.9998545489359979,0.9974936651145271,153.739854070994,42.23647046119899,11.286286615365675,29.710065631685133,41.70995302971906,14,0.1736111111111111,0.8870108331782216,0.4617486132350341,0.819152044288992,-0.5735764363510458,0.41327082891610845,0.8117314603798932,1.2250022892960015,1.0183668748379473
36.699999999999996,2444.0,57.0,57.0,55.783487228146086,1.020890705149184,225.9028872284491,252.54119879390748,2420.0,1186.0,1870.0,2016.8792962356792,1263253.0,13.676019974503372,27.97320146139873,1.0,0.9978531616390383,-15.0,2459.0,2394.6666666666665,0.0,57.0,56.333333333333336,1.0,56.0,55.666666666666664,23.0,2397.0,2387.0,16010.0,1247243.0,1198924.0,-0.0003524807257615503,0.9982056423647998,0.9986377843132788,153.8501856581074,42.05948749544821,11.31042489265251,29.73520274954049,41.790292404765296,14,0.17638888888888882,0.8949343616020248,0.4461978131098093,0.7986355100472935,-0.6018150231520474,0.4629128759042841,0.8425382952525005,1.3054511711567844,1.0739947332046424
36.9,2349.0,55.0,56.0,54.68857001771848,1.0258382819819492,226.13945820091487,252.68000525642825,2460.0,1186.0,1797.0,2028.0485312899107,1240386.0,13.77028322325113,28.0,1.0,0.9991680009287431,-95.0,2444.0,2417.3333333333335,-2.0,57.0,56.333333333333336,-1.0,57.0,56.333333333333336,40.0,2420.0,2425.6666666666665,-22867.0,1263253.0,1250294.0,0.0013148392897048833,0.9978531616390383,0.998408934977527,153.96051724522079,41.88250452969742,11.334563169939345,29.76033986739585,41.87063177981153,14,0.17916666666666664,0.9025852843498605,0.43051109680829525,0.777145961456971,-0.6293203910498373,0.5348401375808934,0.8430320425030655,1.3778721800839588,1.1104521112935122
37.099999999999994,2221.0,53.0,53.0,53.177674158022334,1.0169328788925756,226.25486534470255,252.44482908654447,2280.0,1138.0,1781.0100000000093,1950.146330481765,999775.0,13.922076091387705,28.5,1.0,0.999845965342202,-128.0,2349.0,2338.0,-2.0,55.0,55.0,-3.0,56.0,55.333333333333336,-180.0,2460.0,2386.6666666666665,-240611.0,1240386.0,1167804.6666666667,0.0006779644134589091,0.9991680009287431,0.9989557093033278,154.07084883233418,41.70552156394664,11.35870144722618,29.785476985251208,41.95097115485776,14,0.18194444444444435,0.909961270876543,0.4146932426562395,0.7547095802227727,-0.6560590289905065,0.6399786972253926,0.8179607253985961,1.4579394226239888,1.1379500740112924
37.3,2602.0,58.0,58.0,57.55839899963248,1.0232195277572658,225.86479231667568,252.67194924264874,2498.0,1218.0,1930.0100000000093,2051.220215219062,1434275.0,14.250144951129972,29.0,1.0,0.9947415941852156,381.0,2221.0,2390.6666666666665,5.0,53.0,55.333333333333336,5.0,53.0,55.666666666666664,218.0,2280.0,2412.6666666666665,434500.0,999775.0,1224812.0,-0.005104371156986476,0.999845965342202,0.9979185201520536,154.18118041944757,41.528538598195844,11.382839724513016,29.810614103106566,42.031310529904,14,0.18472222222222218,0.9170600743851239,0.3987490689252465,0.7313537016191709,-0.6819983600624981,0.6002670854540393,0.8153706049253013,1.4156376903793406,1.115504147652321
37.5,2595.0,59.0,59.0,57.480923953845306,1.0191116835742806,225.9104691684502,252.693532686037,2497.0,1211.0,1943.0,2050.245857418112,1427888.0,14.189882788198098,29.0,1.0,0.9951943009535762,-7.0,2602.0,2472.6666666666665,1.0,58.0,56.666666666666664,1.0,58.0,56.666666666666664,-1.0,2498.0,2425.0,-6387.0,1434275.0,1287312.6666666667,0.0004527067683606223,0.9947415941852156,0.9965939534936646,154.29151200656096,41.351555632445056,11.40697800179985,29.835751220961928,42.111649904950234,14,0.1875,0.9238795325112867,0.38268343236508984,0.7071067811865476,-0.7071067811865475,0.4985872407773316,0.8103168151252749,1.3089040559026064,1.0596104355139406
37.699999999999996,2832.0,61.0,60.0,60.04843370721655,1.0301936027222773,225.86485801422933,252.70755768697586,2629.0,1257.0,2039.0200000000186,2108.773305084746,1724072.0,15.03409254391861,30.463092423455635,1.0,0.989510878896009,237.0,2595.0,2676.3333333333335,2.0,59.0,59.333333333333336,1.0,59.0,59.0,132.0,2497.0,2541.3333333333335,296184.0,1427888.0,1528745.0,-0.005683422057567222,0.9951943009535762,0.993148924678267,154.40184359367436,41.174572666694274,11.431116279086686,29.860888338817283,42.19198927999646,14,0.1902777777777777,0.9304175679820244,0.3665012267242977,0.6819983600624991,-0.7313537016191698,0.5371180382573113,0.7619238664266247,1.299041904683936,1.0304828855552803
37.9,2761.0,59.0,62.0,59.29093002318132,1.031408802809717,224.94631281427877,252.7738363201443,2853.0,1263.0,1912.0,2100.349511046722,1657569.0,15.512800764595415,31.48412298286233,1.0,0.9894628820881665,-71.0,2832.0,2729.3333333333335,-2.0,61.0,59.666666666666664,2.0,60.0,60.333333333333336,224.0,2629.0,2659.6666666666665,-66503.0,1724072.0,1603176.3333333333,-4.79968078425097e-05,0.989510878896009,0.9913893539792505,154.51217518078775,40.997589700943486,11.45525455637352,29.886025456672645,42.2723286550427,14,0.19305555555555554,0.9366721892483976,0.35020738125946765,0.6560590289905076,-0.7547095802227717,0.5617888481381408,0.7379399663098717,1.2997288144480124,1.018834390378942
38.099999999999994,2727.0,59.0,61.0,58.92473367349901,1.0369354574384266,225.86711313091428,253.10134879446426,2872.0,1275.0,1903.0,2124.061606160616,1701818.0,15.690718265374977,32.0,1.0,0.9927418795664401,-34.0,2761.0,2773.3333333333335,0.0,59.0,59.666666666666664,-1.0,62.0,61.0,19.0,2853.0,2784.6666666666665,44249.0,1657569.0,1694486.3333333333,0.0032789974782736486,0.9894628820881665,0.9905718801835386,154.62250676790111,40.820606735192705,11.479392833660356,29.911162574528003,42.35266803008893,14,0.19583333333333325,0.9426414910921782,0.3338068592337715,0.6293203910498385,-0.7771459614569701,0.5983514284119421,0.7287846105712008,1.3271360389831428,1.0279603247771718
38.3,2304.0,54.0,56.0,54.162200020584606,1.0093922434688425,226.65266334918238,252.82170473334864,2535.0,1194.0,1774.0,2048.6154513888887,1264010.0,14.015171114317711,28.5,1.0,0.9996091803071179,-423.0,2727.0,2597.3333333333335,-5.0,59.0,57.333333333333336,-5.0,61.0,59.666666666666664,-337.0,2872.0,2753.3333333333335,-437808.0,1701818.0,1541132.3333333333,0.006867300740677762,0.9927418795664401,0.9939379806539081,154.7328383550145,40.64362376944191,11.50353111094719,29.93629969238336,42.433007405135164,14,0.19861111111111107,0.9483236552061992,0.31730465640509253,0.6018150231520489,-0.7986355100472924,0.6249344652656855,0.7202945626202875,1.345229027885973,1.0327617952531303
38.5,2470.0,57.0,58.0,56.07942292406237,1.0112462338428387,226.36468590006322,252.7713089870859,2661.0,1240.0,1825.0,2082.7975708502026,1439510.0,12.812011126459852,25.811818998280614,1.0,0.9980743447423082,166.0,2304.0,2500.3333333333335,3.0,54.0,56.666666666666664,2.0,56.0,58.333333333333336,126.0,2535.0,2689.3333333333335,175500.0,1264010.0,1468446.0,-0.0015348355648097112,0.9996091803071179,0.9968084682052888,154.8431699421279,40.46664080369112,11.527669388234026,29.96143681023872,42.5133467801814,14,0.2013888888888889,0.9537169507482269,0.30070579950427306,0.5735764363510459,-0.8191520442889919,0.5366929271548919,0.759176878163049,1.295869805317941,1.027523341740495
38.699999999999996,1892.0,49.0,49.0,49.08125119267976,1.0341227457710245,226.83490303583088,252.71226679945832,2218.0,1097.0,1618.0,1916.066596194503,787198.0,13.416623190876166,27.04163456597992,1.0,1.0,-578.0,2470.0,2222.0,-8.0,57.0,53.333333333333336,-9.0,58.0,54.333333333333336,-443.0,2661.0,2471.3333333333335,-652312.0,1439510.0,1163572.6666666667,0.0019256552576918384,0.9980743447423082,0.999227841683142,154.9535015292413,40.28965783794034,11.55180766552086,29.986573928094078,42.59368615522763,14,0.2041666666666666,0.9588197348681929,0.2840153447039229,0.5446390350150276,-0.8386705679454236,0.4911914479886696,0.7818964674855459,1.2730879154742154,1.0274921914798807
38.9,2463.0,56.0,56.0,55.99990177386658,1.0222856314245805,226.30372192445077,252.77383493570588,2485.0,1205.0,1855.0,2046.8359723913927,1346857.0,14.116458335646737,28.622543562723422,1.0,0.9983532030497669,571.0,1892.0,2275.0,7.0,49.0,54.0,7.0,49.0,54.333333333333336,267.0,2218.0,2454.6666666666665,559659.0,787198.0,1191188.3333333333,-0.0016467969502330648,1.0,0.9988091825973583,155.0638331163547,40.11267487218955,11.575945942807696,30.011711045949436,42.674025530273866,14,0.20694444444444443,0.963630453208623,0.26723837607825696,0.5150380749100544,-0.8571673007021122,0.4961749120226087,0.786525201254155,1.282700113276764,1.0346126572654595
39.099999999999994,2624.0,59.0,59.0,57.801215950748535,1.0277376721534226,225.92117394275428,252.55985202448943,2497.0,1231.0,1923.0,2048.768292682927,1439968.0,12.59277941412197,25.268557536986556,1.0,0.9949457210160226,161.0,2463.0,2326.3333333333335,3.0,56.0,54.666666666666664,3.0,56.0,54.666666666666664,12.0,2485.0,2400.0,93111.0,1346857.0,1191341.0,-0.0034074820337443024,0.9983532030497669,0.9977663080219298,155.17416470346808,39.93569190643876,11.60008422009453,30.036848163804795,42.7543649053201,14,0.20972222222222214,0.9681476403781076,0.25038000405444194,0.48480962024633795,-0.8746197071393953,0.5435745966021962,0.7672020166431693,1.3107766132453655,1.0389893149442675
39.3,2458.0,56.0,56.0,55.94303174622403,1.0199224453731637,226.03935235644633,252.64323965067553,2455.0,1194.0,1858.030000000028,2033.7746135069162,1312018.0,14.025097526499426,28.5,1.0,0.9983811197712227,-166.0,2624.0,2515.0,-3.0,59.0,57.0,-3.0,59.0,57.0,-42.0,2497.0,2479.0,-127950.0,1439968.0,1366281.0,0.0034353987552000476,0.9949457210160226,0.9972266812790042,154.8304675034498,39.84001282381824,11.594193519775182,30.038868098403306,42.70434911831526,14,0.21249999999999997,0.9723699203976766,0.23344536385590567,0.4539904997395473,-0.8910065241883676,0.6461037723208388,0.7091160855104661,1.355219857831305,1.0321679716708856
39.5,2340.0,56.0,54.0,54.58370209760676,1.031982200689553,225.8533093797119,252.57019242724004,2403.0,1178.0,1823.0,2012.1482905982905,1198427.0,13.603815088808982,27.5,1.0,0.9994042190304457,-118.0,2458.0,2474.0,0.0,56.0,57.0,-2.0,56.0,56.333333333333336,-52.0,2455.0,2451.6666666666665,-113591.0,1312018.0,1316804.3333333333,0.0010230992592230592,0.9983811197712227,0.9975770199392303,154.4751285396589,39.746418456149776,11.587532845671058,30.04029528471318,42.65099089125782,14,0.2152777777777778,0.9762960071199334,0.2164396139381029,0.4226182617406995,-0.9063077870366499,0.7062838401177374,0.701921401805611,1.4082052419233484,1.0550633218644796
39.699999999999996,2268.0,55.0,54.0,53.73739189297662,1.0548319645572781,225.98040336462563,252.44403522307258,2322.0,1162.0,1786.0,1969.7698412698412,1065438.0,12.26162200076597,24.829418035870273,1.0,0.9997221799860715,-72.0,2340.0,2355.3333333333335,-1.0,56.0,55.666666666666664,0.0,54.0,54.666666666666664,-81.0,2403.0,2393.3333333333335,-132989.0,1198427.0,1191961.0,0.0003179609556257512,0.9994042190304457,0.9991691729292467,154.11978957586803,39.65282408848131,11.580872171566936,30.041722471023053,42.59763266420038,14,0.2180555555555555,0.9799247046208295,0.19936793441719763,0.3907311284892746,-0.9205048534524399,0.5263776378510024,0.788163670112369,1.3145413079633714,1.0513524890378703
39.9,2419.0,56.0,56.0,55.497445515215915,1.0152042622979065,226.08419333591692,252.75856374385398,2431.0,1181.0,1859.0100000000093,2018.423315419595,1254066.0,14.874528944006515,30.103986446980738,1.0,0.9991802664293585,151.0,2268.0,2342.3333333333335,1.0,55.0,55.666666666666664,2.0,54.0,54.666666666666664,109.0,2322.0,2385.3333333333335,188628.0,1065438.0,1172643.6666666667,-0.0005419135567129585,0.9997221799860715,0.9994355551486253,153.76445061207713,39.559229720812844,11.574211497462812,30.04314965733293,42.54427443714294,14,0.22083333333333333,0.9832549075639545,0.18223552549214767,0.35836794954530066,-0.9335804264972016,0.46766311910134867,0.820800825250034,1.2884639443513826,1.0546323848007082
40.099999999999994,2660.0,59.0,59.0,58.196367489694175,1.024498049191286,225.93747393798722,252.73769629046078,2571.0,1235.0,1934.0100000000093,2077.894360902256,1537199.0,13.674672217882309,27.518175811634027,1.0,0.9947176650518248,241.0,2419.0,2449.0,3.0,56.0,56.666666666666664,3.0,56.0,56.333333333333336,140.0,2431.0,2441.3333333333335,283133.0,1254066.0,1285567.6666666667,-0.004462601377533737,0.9991802664293585,0.997873370489085,153.40911164828623,39.46563535314438,11.56755082335869,30.044576843642805,42.49091621008551,14,0.22361111111111104,0.9862856015372313,0.16504760586067826,0.32556815445715787,-0.9455185755993164,0.5301999596147835,0.815749764951415,1.3459497245661987,1.0808497447588068
40.3,2607.0,59.0,59.0,57.61367453239352,1.028862271653128,225.85683218973455,252.67305925221265,2530.0,1221.0,1921.0,2068.1407748369775,1481143.0,14.505730580199524,29.5,1.0,0.9958140436136146,-53.0,2660.0,2562.0,0.0,59.0,58.0,0.0,59.0,58.0,-41.0,2571.0,2510.6666666666665,-56056.0,1537199.0,1424136.0,0.0010963785617897903,0.9947176650518248,0.9965706583649326,153.05377268449533,39.37204098547591,11.560890149254567,30.046004029952677,42.437557983028064,14,0.22638888888888886,0.9890158633619168,0.14780941112961077,0.29237170472273705,-0.9563047559630354,0.6599850918345402,0.7719883331473448,1.4319734249818852,1.101980879064615
40.5,2325.0,55.0,54.0,54.408473067246184,1.024210080133041,226.1210088062442,252.7318692260884,2357.0,1168.0,1827.0,1989.8283870967741,1138851.0,13.449109503579495,27.5,1.0,0.9995521802237518,-282.0,2607.0,2530.6666666666665,-4.0,59.0,57.666666666666664,-5.0,59.0,57.333333333333336,-173.0,2530.0,2486.0,-342292.0,1481143.0,1385731.0,0.0037381366101372215,0.9958140436136146,0.9966946296297303,152.69843372070443,39.27844661780745,11.554229475150443,30.047431216262552,42.38419975597063,14,0.22916666666666666,0.9914448613738104,0.1305261922200517,0.258819045102521,-0.9659258262890682,0.7341426082599858,0.703639908482749,1.437782516742735,1.070711212612742
40.699999999999996,2046.0,53.0,50.0,51.039671908508026,1.0646430044312702,225.71609477998308,252.73224283119103,2263.0,1126.0,1687.0,1933.97311827957,887909.0,12.5672668358827,25.93260495977988,1.0,1.0,-279.0,2325.0,2326.0,-2.0,55.0,55.666666666666664,-4.0,54.0,54.333333333333336,-94.0,2357.0,2383.3333333333335,-250942.0,1138851.0,1169301.0,0.0004478197762481928,0.9995521802237518,0.9984554079457887,152.34309475691356,39.18485225013898,11.54756880104632,30.048858402572424,42.33084152891319,14,0.2319444444444444,0.9935718556765875,0.11320321376790704,0.22495105434386564,-0.9743700647852351,0.7209530555158911,0.5872276841964023,1.3081807397122933,0.9477042119543477
40.9,2071.0,53.0,51.0,51.35055108902456,1.0597765411474618,225.86115732881186,252.84779589135798,2309.0,1131.0,1692.0,1956.7870593915982,946006.0,13.939920980187823,28.429737951659,1.0,1.0,25.0,2046.0,2147.3333333333335,0.0,53.0,53.666666666666664,1.0,50.0,51.666666666666664,46.0,2263.0,2309.6666666666665,58097.0,887909.0,990922.0,0.0,1.0,0.9998507267412506,151.98775579312266,39.091257882470515,11.540908126942197,30.0502855888823,42.27748330185575,14,0.2347222222222222,0.9953961983671787,0.09584575252022429,0.19080899537654541,-0.9816271834476639,0.743795186308449,0.45916227865564574,1.2029574649640946,0.8310598718098702
41.099999999999994,1972.0,51.0,50.0,50.10816682156454,1.0221986281186208,226.0640022598842,252.52739176262256,2198.0,1106.0,1656.0,1907.4954361054768,803581.0,12.36222368298675,25.283393759541063,1.0,1.0,-99.0,2071.0,2029.6666666666667,-2.0,53.0,52.333333333333336,-1.0,51.0,50.333333333333336,-111.0,2309.0,2256.6666666666665,-142425.0,946006.0,879165.3333333334,0.0,1.0,1.0,151.63241682933176,38.99766351480205,11.534247452838075,30.051712775192176,42.224125074798316,14,0.23749999999999993,0.996917333733128,0.07845909572784544,0.15643446504023187,-0.9876883405951375,0.7708040765418834,0.47059967417430965,1.241403750716193,0.8560017124452514
41.3,2317.0,54.0,54.0,54.314786431977915,1.0227586214903597,225.83964208414162,253.10077192379336,2363.0,1169.0,1805.0,1992.1312041432886,1140268.0,13.224983606707802,27.115493725912497,1.0,0.9994545142019244,345.0,1972.0,2120.0,3.0,51.0,52.666666666666664,4.0,50.0,51.666666666666664,165.0,2198.0,2290.0,336687.0,803581.0,963285.0,-0.0005454857980755623,1.0,0.9998181714006414,151.27707786554086,38.90406914713358,11.527586778733951,30.053139961502048,42.17076684774088,14,0.24027777777777773,0.9981347984218669,0.06104853953485713,0.12186934340514799,-0.992546151641322,0.5838916550345646,0.7095126667346124,1.293404321769177,1.0014584942518947
41.5,2136.0,53.0,52.0,52.150164597576364,1.0368570813827447,226.2616048652793,252.6881200943473,2271.0,1151.0,1734.0100000000093,1948.180711610487,957314.0,10.568488765436777,21.400934559032695,1.0,1.0,-181.0,2317.0,2141.6666666666665,-1.0,54.0,52.666666666666664,-2.0,54.0,52.0,-92.0,2363.0,2277.3333333333335,-182954.0,1140268.0,967054.3333333334,0.0005454857980755623,0.9994545142019244,0.9998181714006416,150.92173890174996,38.81047477946512,11.520926104629828,30.054567147811923,42.11740862068344,14,0.24305555555555555,0.9990482215818578,0.04361938736533601,0.0871557427476582,-0.9961946980917455,0.5123539380325004,0.8045320382018015,1.316885976234302,1.0607090072180516
41.699999999999996,2391.0,56.0,56.0,55.17531831772042,1.0211742889811013,226.0449357745698,252.8659151473016,2422.0,1188.0,1847.0,2022.163529903806,1248493.0,13.732550674674084,27.97320146139873,1.0,0.9989955890821975,255.0,2136.0,2281.3333333333335,3.0,53.0,54.333333333333336,4.0,52.0,54.0,151.0,2271.0,2352.0,291179.0,957314.0,1115358.3333333333,-0.0010044109178024563,1.0,0.9994833677613739,150.5663999379591,38.71688041179665,11.514265430525706,30.0559943341218,42.064050393626005,14,0.24583333333333326,0.9996573249755573,0.026176948307873583,0.052335956242944695,-0.9986295347545738,0.49857385896569156,0.8189077316604761,1.3174815906261677,1.068194661143322
41.9,2404.0,56.0,56.0,55.3251106238689,1.012667054940477,225.9378091436039,252.87898264386882,2500.0,1194.0,1827.0400000000373,2051.9346921797005,1326851.0,14.974775155719568,30.37268509697488,1.0,0.9985635161747627,13.0,2391.0,2310.3333333333335,0.0,56.0,55.0,0.0,56.0,54.666666666666664,78.0,2422.0,2397.6666666666665,78358.0,1248493.0,1177552.6666666667,-0.00043207290743485505,0.9989955890821975,0.9991863684189868,150.2110609741682,38.623286044128186,11.507604756421582,30.05742152043167,42.01069216656857,14,0.2486111111111111,0.9999619230641713,0.008726535498374119,0.017452406437283883,-0.9998476951563913,0.489976627397776,0.8156439534088189,1.3056205808065948,1.0606322671077069
42.099999999999994,2529.0,58.0,58.0,56.74524481077887,1.0376782292107745,225.71932247501695,252.7336338472663,2498.0,1214.0,1875.0100000000093,2040.2633451957295,1366326.0,13.217073615214677,26.575364531836623,1.0,0.9974735165692521,125.0,2404.0,2441.3333333333335,2.0,56.0,56.666666666666664,2.0,56.0,56.666666666666664,-2.0,2500.0,2473.3333333333335,39475.0,1326851.0,1313890.0,-0.0010899996055105943,0.9985635161747627,0.9983442072754042,149.8557220103773,38.52969167645972,11.50094408231746,30.058848706741546,41.95733393951113,14,0.25138888888888883,0.9999619230641713,-0.008726535498373553,-0.01745240643728275,-0.9998476951563913,0.4968567896876147,0.8025781674651519,1.2994349571527666,1.0510065623089593
42.3,2602.0,59.0,58.0,57.55839899963248,1.020552441827326,225.6455695341628,252.59291783816283,2550.0,1230.0,1909.0200000000186,2065.0814757878557,1470342.0,12.54888337287651,25.10975905897944,1.0,0.9955792597912595,73.0,2529.0,2511.6666666666665,1.0,58.0,57.666666666666664,0.0,58.0,57.333333333333336,52.0,2498.0,2516.0,104016.0,1366326.0,1387839.6666666667,-0.0018942567779925978,0.9974735165692521,0.9972054308450914,149.5003830465864,38.436097308791254,11.494283408213336,30.06027589305142,41.903975712453686,14,0.25416666666666665,0.9996573249755573,-0.026176948307873017,-0.052335956242943564,-0.9986295347545738,0.5410396593900716,0.7669004400636965,1.307940099453768,1.0374202697587322
42.5,2485.0,56.0,56.0,56.24944682987451,1.0233922127508106,225.7540167152246,252.7131365142243,2467.0,1206.0,1879.0400000000373,2031.9070422535212,1321789.0,12.363910747429399,24.62214450449026,1.0,0.9977469929012875,-117.0,2602.0,2538.6666666666665,-3.0,59.0,57.666666666666664,-2.0,58.0,57.333333333333336,-83.0,2550.0,2505.0,-148553.0,1470342.0,1386152.3333333333,0.0021677331100280472,0.9955792597912595,0.9969332564205997,149.1450440827955,38.34250294112279,11.487622734109213,30.061703079361294,41.85061748539625,14,0.2569444444444444,0.9990482215818578,-0.04361938736533589,-0.08715574274765794,-0.9961946980917455,0.5707115851473217,0.7654878424864051,1.3361994276337268,1.0508436350600658
42.699999999999996,2613.0,58.0,59.0,57.67993524955607,1.0155399901652402,225.7891097689232,252.81537453719525,2556.0,1227.0,1944.0100000000093,2078.9464217374666,1512787.0,14.488469326561914,29.42830264512151,1.0,0.9947646297859514,128.0,2485.0,2566.6666666666665,2.0,56.0,57.666666666666664,3.0,56.0,57.666666666666664,89.0,2467.0,2524.3333333333335,190998.0,1321789.0,1434972.6666666667,-0.002982363115336173,0.9977469929012875,0.9960302941594995,148.78970511900462,38.24890857345433,11.48096206000509,30.06313026567117,41.79725925833881,14,0.2597222222222222,0.998134798421867,-0.06104853953485656,-0.12186934340514687,-0.9925461516413221,0.5729273035997223,0.7840916594035582,1.3570189630032805,1.0705553112034194
42.9,2104.0,53.0,52.0,51.758052534101225,1.051962590443845,225.92269165752924,252.5222165113304,2223.0,1113.0,1720.0100000000093,1916.1216730038022,875520.0,13.621534118930958,27.613402542968153,1.0,1.0,-509.0,2613.0,2400.6666666666665,-5.0,58.0,55.666666666666664,-7.0,59.0,55.666666666666664,-333.0,2556.0,2415.3333333333335,-637267.0,1512787.0,1236698.6666666667,0.005235370214048629,0.9947646297859514,0.9975038742290797,148.43436615521372,38.15531420578586,11.474301385900967,30.06455745198104,41.743901031281375,14,0.26249999999999996,0.996917333733128,-0.07845909572784467,-0.1564344650402303,-0.9876883405951378,0.5709912236761118,0.7835422726208668,1.3545334962969786,1.0690378844589228
43.099999999999994,2226.0,54.0,54.0,53.23749831256604,1.0310078339243351,225.92335224039468,252.68025189595718,2309.0,1154.0,1787.0,1963.4038634321653,1031537.0,12.096145268997963,24.515301344262525,1.0,0.9999903057282482,122.0,2104.0,2314.3333333333335,1.0,53.0,55.0,2.0,52.0,55.0,86.0,2223.0,2362.6666666666665,156017.0,875520.0,1139948.0,-9.694271751792272e-06,1.0,0.9982516451713997,148.07902719142282,38.0617198381174,11.467640711796845,30.065984638290917,41.69054280422394,14,0.2652777777777777,0.9953961983671789,-0.09584575252022351,-0.19080899537654386,-0.9816271834476641,0.5617575142066566,0.7688318817485178,1.3305893959551744,1.0497106388518462
43.3,2603.0,59.0,57.0,57.56945835202576,1.0247061786111813,225.9537055423137,252.82043263326494,2508.0,1228.0,1933.0100000000093,2055.2573953131005,1445335.0,12.451560014654499,25.059928172283335,1.0,0.9964326609401972,377.0,2226.0,2311.0,5.0,54.0,55.333333333333336,3.0,54.0,54.333333333333336,199.0,2309.0,2346.6666666666665,413798.0,1031537.0,1117464.0,-0.0035576447880509843,0.9999903057282482,0.9988076555561484,147.72368822763192,37.96812547044893,11.460980037692721,30.06741182460079,41.6371845771665,14,0.2680555555555555,0.9935718556765876,-0.11320321376790626,-0.2249510543438641,-0.9743700647852355,0.582473333730093,0.7379149613135915,1.3203882950436845,1.029151628178638
43.5,2374.0,56.0,55.0,54.97882027836971,1.0509798656797484,225.82011624718334,252.56371581748303,2395.0,1178.0,1837.0,2002.29949452401,1192459.0,13.547744109898753,27.577164466275352,1.0,0.9990574099402998,-229.0,2603.0,2401.0,-3.0,59.0,56.333333333333336,-2.0,57.0,55.333333333333336,-113.0,2508.0,2404.0,-252876.0,1445335.0,1223110.3333333333,0.0026247490001025664,0.9964326609401972,0.9984934588695817,147.36834926384103,37.87453110278046,11.454319363588597,30.068839010910665,41.583826350109064,14,0.2708333333333333,0.9914448613738105,-0.13052619222005138,-0.25881904510252035,-0.9659258262890684,0.5960798809196614,0.7099229956637311,1.3060028765833924,1.0079629361235618
43.699999999999996,2662.0,59.0,59.0,58.2182417124135,1.038479864379055,225.6098229165533,252.68670590472362,2595.0,1236.0,1938.0,2086.746431254696,1561919.0,14.772780558527941,30.0,1.0,0.9946783411943897,288.0,2374.0,2546.3333333333335,3.0,56.0,58.0,4.0,55.0,57.0,200.0,2395.0,2499.3333333333335,369460.0,1192459.0,1399904.3333333333,-0.004379068745910097,0.9990574099402998,0.9967228040249623,147.01301030005013,37.780936735112,11.447658689484475,30.07026619722054,41.53046812305163,14,0.273611111111111,0.9890158633619169,-0.14780941112961,-0.2923717047227355,-0.9563047559630359,0.5844431161016291,0.74049784781469,1.324940963916319,1.0327194058655045
43.9,2596.0,60.0,59.0,57.49199820959855,1.0385137906452735,225.96742332231904,252.93767505119203,2515.0,1217.0,1916.0,2058.525808936826,1449933.0,14.280055603718885,29.090376415577712,1.0,0.9970136551137191,-66.0,2662.0,2544.0,1.0,59.0,58.333333333333336,0.0,59.0,57.666666666666664,-80.0,2595.0,2501.6666666666665,-111986.0,1561919.0,1401437.0,0.002335313919329396,0.9946783411943897,0.9969164687494696,146.65767133625923,37.687342367443534,11.440998015380352,30.071693383530413,41.47710989599419,14,0.27638888888888885,0.9862856015372314,-0.16504760586067727,-0.3255681544571559,-0.9455185755993171,0.6075649418765906,0.741474291942392,1.3490392338189827,1.0452567628806873
44.099999999999994,2536.0,57.0,58.0,56.82372291084396,1.0310782857077496,225.80618855191568,252.69514235511238,2466.0,1201.0,1897.0,2035.2306782334385,1357345.0,14.158172699416479,28.635642126552707,1.0,0.9965373578566982,-60.0,2596.0,2598.0,-3.0,60.0,58.666666666666664,-1.0,59.0,58.666666666666664,-49.0,2515.0,2525.3333333333335,-92588.0,1449933.0,1456399.0,-0.00047629725702091896,0.9970136551137191,0.996076451388269,146.30233237246836,37.59374799977507,11.43433734127623,30.073120569840288,41.42375166893675,14,0.27916666666666656,0.9832549075639547,-0.18223552549214667,-0.35836794954529877,-0.9335804264972023,0.5855101106670174,0.7220142735987819,1.3075243842657993,1.0147693289322905
44.3,2761.0,61.0,60.0,59.29093002318132,1.0143228745043802,225.7875621844911,252.90836719655346,2602.0,1256.0,1990.0,2092.2691053965955,1635255.0,13.781665202300049,27.97320146139873,1.0,0.9922446346288499,225.0,2536.0,2631.0,4.0,57.0,59.333333333333336,2.0,58.0,59.0,136.0,2466.0,2527.6666666666665,277910.0,1357345.0,1480844.3333333333,-0.0042927232278482386,0.9965373578566982,0.9952652158664224,145.94699340867746,37.5001536321066,11.427676667172106,30.07454775615016,41.37039344187931,14,0.2819444444444444,0.9799247046208297,-0.19936793441719686,-0.3907311284892731,-0.9205048534524406,0.5102375575343391,0.7544130993696377,1.2646506569039768,1.0095318781368072
44.5,2704.0,59.0,59.0,58.67571668896666,1.031957595015658,225.5843355716979,252.81797856479207,2579.0,1242.0,1961.0100000000093,2073.9741124260354,1552026.0,12.765384156030631,25.5,1.0,0.9935052634427516,-57.0,2761.0,2667.0,-2.0,61.0,59.0,-1.0,60.0,59.0,-23.0,2602.0,2549.0,-83229.0,1635255.0,1514875.3333333333,0.0012606288139016542,0.9922446346288499,0.9940957519760998,145.59165444488656,37.40655926443814,11.421015993067982,30.075974942460036,41.31703521482187,14,0.2847222222222222,0.9762960071199334,-0.2164396139381028,-0.4226182617406993,-0.90630778703665,0.4981172082329767,0.7800753224549922,1.278192530687969,1.0291339265714805
44.699999999999996,2668.0,60.0,59.0,58.28381512352648,1.0843698000941113,225.03450481644788,252.436923051336,2621.0,1230.0,1942.0100000000093,2085.9404047976013,1563289.0,16.09460771316441,32.696711991014475,1.0,0.9937324448646412,-36.0,2704.0,2711.0,1.0,59.0,60.0,0.0,59.0,59.333333333333336,42.0,2579.0,2600.6666666666665,11263.0,1552026.0,1583523.3333333333,0.00022718142188959956,0.9935052634427516,0.9931607809787476,145.23631548109566,37.31296489676967,11.41435531896386,30.07740212876991,41.263676987764434,14,0.2874999999999999,0.9723699203976767,-0.23344536385590492,-0.45399049973954586,-0.8910065241883683,0.5099503158906717,0.7912283788580212,1.301178694748693,1.046203536803357
44.9,2037.0,51.0,52.0,50.92729084317687,1.0132137182668561,226.25670512543414,252.67856910055886,2249.0,1129.0,1682.0,1929.279823269514,874443.0,10.948308153394468,22.02271554554524,1.0,1.0,-631.0,2668.0,2469.6666666666665,-9.0,60.0,56.666666666666664,-7.0,59.0,56.666666666666664,-372.0,2621.0,2483.0,-688846.0,1563289.0,1329919.3333333333,0.0062675551353588155,0.9937324448646412,0.9957459027691309,144.88097651730476,37.219370529101205,11.407694644859736,30.078829315079783,41.210318760707,14,0.29027777777777775,0.9681476403781079,-0.25038000405444116,-0.48480962024633656,-0.8746197071393961,0.5028158999884244,0.7988531127371181,1.3016690127255426,1.0502610627313302
45.099999999999994,2309.0,55.0,55.0,54.220937918791954,1.0244399112282847,226.06491219327268,252.44365134313057,2361.0,1171.0,1802.0100000000093,1986.668687743612,1123718.0,12.496214011002925,25.283393759541063,1.0,0.9993129948972963,272.0,2037.0,2338.0,4.0,51.0,55.333333333333336,3.0,52.0,55.333333333333336,112.0,2249.0,2410.3333333333335,249275.0,874443.0,1187150.0,-0.0006870051027036972,1.0,0.9976818132539792,144.5256375535139,37.12577616143274,11.401033970755615,30.08025650138966,41.15696053364956,14,0.29305555555555546,0.9636304532086232,-0.26723837607825623,-0.515038074910053,-0.857167300702113,0.49576992932088065,0.7908084758262565,1.2865784051471372,1.0386934404866968
45.3,2614.0,58.0,59.0,57.690971303469276,1.0215202281833615,226.11214137053307,252.79862733615133,2517.0,1227.0,1935.0100000000093,2063.7456006120888,1473638.0,13.424173892707186,27.064737205448715,1.0,0.9947558355579864,305.0,2309.0,2320.0,3.0,55.0,54.666666666666664,4.0,55.0,55.333333333333336,156.0,2361.0,2375.6666666666665,349920.0,1123718.0,1157266.3333333333,-0.004557159339309891,0.9993129948972963,0.9980229434850942,144.170298589723,37.03218179376427,11.39437329665149,30.08168368769953,41.10360230659212,14,0.2958333333333333,0.9588197348681932,-0.2840153447039222,-0.5446390350150263,-0.8386705679454245,0.5290868183882703,0.7473291614739996,1.27641597986227,1.0118725706681349
45.5,2695.0,60.0,59.0,58.577987103188036,1.0212721073496203,225.8075573583086,252.69093830745413,2525.0,1224.0,1982.0200000000186,2062.5057513914658,1515953.0,14.32467059230373,29.5,1.0,0.9926567644247546,81.0,2614.0,2539.3333333333335,2.0,58.0,57.666666666666664,0.0,59.0,57.666666666666664,8.0,2517.0,2467.6666666666665,42315.0,1473638.0,1371103.0,-0.0020990711332318224,0.9947558355579864,0.9955751982933458,143.8149596259321,36.93858742609581,11.387712622547367,30.083110874009407,41.050244079534686,14,0.2986111111111111,0.9537169507482269,-0.30070579950427295,-0.5735764363510458,-0.819152044288992,0.6124401128387453,0.691436473923969,1.3038765867627145,0.9976565303433418
45.699999999999996,2667.0,59.0,59.0,58.27289134587951,1.0264500523449722,225.9316058964815,252.9348574447818,2530.0,1220.0,1948.0,2057.779902512186,1487599.0,14.48068708404639,29.261749776799064,1.0,0.9946867401766202,-28.0,2695.0,2658.6666666666665,-1.0,60.0,59.0,0.0,59.0,59.0,5.0,2525.0,2524.0,-28354.0,1515953.0,1492396.6666666667,0.002029975751865587,0.9926567644247546,0.9940331133864536,143.64660444111917,36.99604389995364,11.386343712105585,30.076234342203804,41.039424015863105,14,0.3013888888888888,0.9483236552061995,-0.31730465640509153,-0.6018150231520473,-0.7986355100472936,0.6238227384328378,0.6911891494930386,1.3150118879258763,1.0031005187094575
45.9,2761.0,60.0,61.0,59.29093002318132,1.040861040890899,225.768154150775,253.03989804447974,2559.0,1237.0,1971.0100000000093,2062.8435349511046,1554011.0,13.462210804489322,27.294688127912362,1.0,0.9921815225246153,94.0,2667.0,2707.6666666666665,1.0,59.0,59.666666666666664,2.0,59.0,59.666666666666664,29.0,2530.0,2538.0,66412.0,1487599.0,1519187.6666666667,-0.002505217652004843,0.9946867401766202,0.9931750090419967,143.49341010325037,37.065747739340644,11.385403863582372,30.068684535956407,41.03205299246605,14,0.30416666666666664,0.9426414910921784,-0.3338068592337708,-0.6293203910498373,-0.7771459614569711,0.567371993861538,0.7401759667430875,1.3075479606046256,1.0238619636738566
46.099999999999994,2762.0,60.0,60.0,59.30166627134957,1.0072134540879427,225.9822513926621,253.85408192423515,2814.0,1274.0,1902.0,2109.444967414917,1683287.0,14.357584379047086,29.068883707497267,1.0,0.9917756152100028,1.0,2761.0,2730.0,0.0,60.0,59.666666666666664,-1.0,61.0,60.0,255.0,2559.0,2634.3333333333335,129276.0,1554011.0,1574965.6666666667,-0.00040590731461254137,0.9921815225246153,0.9928812926370795,143.3402157653816,37.13545157872763,11.384464015059159,30.06113472970901,41.024681969069,14,0.30694444444444435,0.9366721892483978,-0.35020738125946693,-0.6560590289905064,-0.7547095802227727,0.5046413782487933,0.7658942444160226,1.270535622664816,1.0182149335404191
46.3,2848.0,61.0,62.0,60.21782313738802,1.018469408756435,226.3509057722949,252.78515655126066,2932.0,1316.0,1969.0,2169.26018258427,1907433.0,13.173383737005858,26.504716561397142,1.0,0.9933166721976604,86.0,2762.0,2790.3333333333335,1.0,60.0,60.333333333333336,2.0,60.0,61.0,118.0,2814.0,2768.3333333333335,224146.0,1683287.0,1714910.3333333333,0.0015410569876576075,0.9917756152100028,0.9924246033107594,143.18702142751283,37.205155418114636,11.383524166535945,30.05358492346161,41.017310945671944,14,0.3097222222222222,0.9304175679820247,-0.36650122672429697,-0.681998360062498,-0.7313537016191709,0.48184259177934446,0.7611136701906768,1.2429562619700212,1.002034966080349
46.5,1926.0,50.0,50.0,49.52029243815028,1.05286463390225,226.61959511497415,252.49184484297257,2233.0,1107.0,1629.0100000000093,1924.7196261682243,818010.0,12.465328573095267,25.5,1.0,1.0,-922.0,2848.0,2512.0,-11.0,61.0,57.0,-12.0,62.0,57.333333333333336,-699.0,2932.0,2659.6666666666665,-1089423.0,1907433.0,1469576.6666666667,0.0066833278023396,0.9933166721976604,0.995030762469221,143.03382708964406,37.27485925750163,11.38258431801273,30.046035117214213,41.00993992227489,14,0.3125,0.9238795325112867,-0.3826834323650897,-0.7071067811865475,-0.7071067811865477,0.6099752650877316,0.7154736650333097,1.3254489301210413,1.0204612975771754
46.699999999999996,2859.0,61.0,63.0,60.334002506031624,1.028981900373122,225.81033568632637,252.68759941120064,2667.0,1266.0,2012.0,2113.528506470794,1754078.0,14.07392464317645,28.178005607210743,1.0,0.9907313129746795,933.0,1926.0,2544.3333333333335,11.0,50.0,57.333333333333336,13.0,50.0,58.333333333333336,434.0,2233.0,2610.6666666666665,936068.0,818010.0,1493173.6666666667,-0.009268687025320466,1.0,0.9946826617241132,142.8806327517753,37.34456309688863,11.381644469489517,30.038485310966816,41.00256889887784,14,0.3152777777777777,0.9170600743851243,-0.39874906892524575,-0.7313537016191698,-0.6819983600624993,0.6122418879123621,0.7101188836529135,1.3223607715652757,1.0162398276090947
46.9,2634.0,59.0,58.0,57.91125072757813,1.0190965666189147,225.609742116533,252.94128396440968,2559.0,1235.0,1932.0,2070.9111617312074,1503781.0,12.530685072326769,25.480384612481814,1.0,0.9950644408993065,-225.0,2859.0,2473.0,-2.0,61.0,56.666666666666664,-5.0,63.0,57.0,-108.0,2667.0,2486.3333333333335,-250297.0,1754078.0,1358623.0,0.004333127924626923,0.9907313129746795,0.9952652512913286,142.7274384139065,37.414266936275624,11.380704620966304,30.030935504719416,40.995197875480784,14,0.31805555555555554,0.9099612708765433,-0.4146932426562388,-0.7547095802227717,-0.6560590289905076,0.5109881177119131,0.7546935552473655,1.2656816729592786,1.0101876141033221
47.099999999999994,2241.0,54.0,57.0,53.41656877553537,1.0251351736871626,226.03879886735805,252.58136501285648,2320.0,1160.0,1777.0200000000186,1962.8384649709951,1037221.0,11.409351613785699,23.0,1.0,0.9999498660362642,-393.0,2634.0,2578.0,-5.0,59.0,58.0,-1.0,58.0,59.333333333333336,-239.0,2559.0,2515.3333333333335,-466560.0,1503781.0,1431693.3333333333,0.004885425136957777,0.9950644408993065,0.9952485399700834,142.57424407603773,37.48397077566262,11.37976477244309,30.02338569847202,40.987826852083735,14,0.32083333333333325,0.9025852843498609,-0.4305110968082945,-0.77714596145697,-0.6293203910498385,0.5427969721110212,0.7374913024602855,1.2802882745713067,1.0088897885157961
47.3,2504.0,57.0,56.0,56.4640754818216,1.0281187814303565,226.00693799029497,252.63576911045323,2451.0,1192.0,1887.0,2028.529552715655,1323438.0,14.999940587790997,30.5,1.0,0.997999150696897,263.0,2241.0,2459.6666666666665,3.0,54.0,56.666666666666664,-1.0,57.0,57.0,131.0,2320.0,2443.3333333333335,286217.0,1037221.0,1288146.6666666667,-0.0019507153393671928,0.9999498660362642,0.997671152544156,142.42104973816896,37.553674615049616,11.378824923919876,30.015835892224622,40.98045582868668,14,0.32361111111111107,0.8949343616020252,-0.44619781310980844,-0.7986355100472923,-0.6018150231520489,0.6842946381137222,0.6296535166378174,1.3139481547515395,0.9718008356946785
47.5,2695.0,61.0,59.0,58.577987103188036,1.0416254728417282,225.88321727856803,252.73928649843953,2551.0,1231.0,1959.0100000000093,2067.8337662337663,1530312.0,13.4513159444278,27.28094573140748,1.0,0.9948298124826833,191.0,2504.0,2480.0,4.0,57.0,57.333333333333336,3.0,56.0,57.333333333333336,100.0,2451.0,2440.6666666666665,206874.0,1323438.0,1296990.3333333333,-0.003169338214213724,0.997999150696897,0.9975929430719481,142.2678554003002,37.62337845443662,11.377885075396662,30.008286085977225,40.97308480528962,14,0.3263888888888889,0.8870108331782218,-0.4617486132350338,-0.8191520442889916,-0.5735764363510464,0.7564522311529437,0.5599811482903243,1.316433379443268,0.9382072638667962
47.699999999999996,2223.0,55.0,52.0,53.20161189236908,1.0482260138735773,225.78546699443964,252.70244758383257,2316.0,1148.0,1768.0100000000093,1966.0742240215925,1036083.0,13.194486880987341,26.953663943887108,1.0,1.0,-472.0,2695.0,2474.0,-6.0,61.0,57.666666666666664,-7.0,59.0,55.666666666666664,-235.0,2551.0,2439.3333333333335,-494229.0,1530312.0,1296611.0,0.005170187517316682,0.9948298124826833,0.9976096543931935,142.1146610624314,37.693082293823615,11.376945226873449,30.000736279729825,40.965713781892575,14,0.3291666666666666,0.8788171126619656,-0.4771587602596081,-0.8386705679454236,-0.5446390350150278,0.6768210116569355,0.637524848499693,1.3143458601566285,0.9759353543281608
47.9,2252.0,54.0,54.0,53.54750652218632,1.046031482257341,225.92699011439242,252.64799487263303,2353.0,1150.0,1780.0,1983.5959147424512,1089058.0,15.81548811680124,31.906112267087632,1.0,0.9999834719546618,29.0,2223.0,2390.0,-1.0,55.0,56.666666666666664,2.0,52.0,55.0,37.0,2316.0,2406.6666666666665,52975.0,1036083.0,1218484.3333333333,-1.652804533824881e-05,1.0,0.9982710948124484,141.96146672456263,37.76278613321061,11.376005378350236,29.993186473482428,40.95834275849552,14,0.33194444444444443,0.8703556959398997,-0.492423560103467,-0.8571673007021121,-0.5150380749100544,0.6124772259329851,0.7357428210195973,1.3482200469525825,1.04198143398609
48.099999999999994,2138.0,53.0,52.0,52.17457375622515,1.0262425878155863,226.01513164585418,252.58149625054193,2264.0,1129.0,1731.0,1936.920018709074,934135.0,13.90814992362762,28.151376520518493,1.0,1.0,-114.0,2252.0,2204.3333333333335,-1.0,54.0,54.0,-2.0,54.0,52.666666666666664,-89.0,2353.0,2311.0,-154923.0,1089058.0,1019758.6666666666,1.652804533824881e-05,0.9999834719546618,0.999994490651554,141.80827238669386,37.83248997259761,11.37506552982702,29.98563666723503,40.95097173509847,14,0.33472222222222214,0.8616291604415262,-0.5075383629607035,-0.8746197071393951,-0.4848096202463384,0.5959572915704185,0.7501776114913258,1.3461349030617444,1.048156257276535
48.3,2119.0,52.0,52.0,51.9422236267741,1.0272578146230151,226.1900149444942,252.90656371328777,2262.0,1135.0,1724.0,1933.5691363850874,918733.0,11.930065313663928,24.041630560342615,1.0,1.0,-19.0,2138.0,2169.6666666666665,-1.0,53.0,53.0,0.0,52.0,52.666666666666664,-2.0,2264.0,2293.0,-15402.0,934135.0,980642.0,0.0,1.0,0.999994490651554,141.6550780488251,37.9021938119846,11.374125681303807,29.978086860987634,40.943600711701414,14,0.33749999999999997,0.8526401643540923,-0.5224985647159488,-0.8910065241883678,-0.45399049973954697,0.5887534046920773,0.7261035258632788,1.3148569305553561,1.0204802282093175
48.5,1907.0,51.0,49.0,49.275428073330374,1.0443097276213524,226.57243315527776,252.64587479959513,2106.0,1086.0,1638.0,1854.8793917147352,676755.0,11.096688923712838,22.588713996153036,1.0,1.0,-212.0,2119.0,2054.6666666666665,-1.0,52.0,52.0,-3.0,52.0,51.0,-156.0,2262.0,2210.6666666666665,-241978.0,918733.0,843207.6666666666,0.0,1.0,1.0,141.5018837109563,37.9718976513716,11.373185832780594,29.970537054740234,40.936229688304365,14,0.3402777777777778,0.8433914458128856,-0.537299608346824,-0.90630778703665,-0.42261826174069916,0.5848976418482608,0.7152635323708529,1.3001611742191137,1.0077123532949832
48.699999999999996,2720.0,61.0,58.0,58.84905744087702,1.094327800280847,225.22127116689893,252.69083607370942,2599.0,1241.0,1956.0100000000093,2086.7235294117645,1595888.0,14.77480301020253,30.0,1.0,0.9938354069959797,813.0,1907.0,2248.6666666666665,10.0,51.0,54.666666666666664,9.0,49.0,53.0,493.0,2106.0,2322.3333333333335,919133.0,676755.0,1063792.0,-0.00616459300402028,1.0,0.9979451356653266,141.34868937308752,38.041601490758595,11.37224598425738,29.962987248492837,40.92885866490731,14,0.3430555555555555,0.8338858220671684,-0.5519369853120578,-0.9205048534524399,-0.39073112848927466,0.5894713770826104,0.7220634000143936,1.311534777097004,1.0167990885556988
48.9,2688.0,60.0,59.0,58.50186233145162,1.03374550618227,225.91466748320622,252.89025551898683,2557.0,1226.0,1954.0100000000093,2069.8165922619046,1531667.0,15.65902290742813,31.622776601683793,1.0,0.995288793190687,-32.0,2720.0,2438.3333333333335,-1.0,61.0,57.333333333333336,1.0,58.0,55.333333333333336,-42.0,2599.0,2420.6666666666665,-64221.0,1595888.0,1268103.3333333333,0.0014533861947072513,0.9938354069959797,0.9963747333955556,141.19549503521876,38.1113053301456,11.371306135734166,29.95543744224544,40.921487641510254,14,0.3458333333333333,0.8241261886220158,-0.5664062369248326,-0.9335804264972015,-0.3583679495453007,0.6220157784548612,0.7009932686678493,1.3230090471227105,1.01200115789528
49.099999999999994,2725.0,59.0,62.0,58.90312181373173,1.0150858368877596,225.31270519501834,253.10025654642703,2629.0,1230.0,1932.030000000028,2088.0510091743117,1602439.0,17.610424895637586,35.42950747611375,1.0,0.9923104717246647,37.0,2688.0,2711.0,-1.0,60.0,60.0,3.0,59.0,59.666666666666664,72.0,2557.0,2595.0,70772.0,1531667.0,1576664.6666666667,-0.0029783214660222823,0.995288793190687,0.993811557303777,141.04230069735,38.181009169532594,11.370366287210953,29.947887635998043,40.914116618113205,14,0.34861111111111104,0.8141155183563195,-0.5807029557109394,-0.9455185755993165,-0.3255681544571575,0.6910975820706732,0.6448925722896601,1.3359901543603334,0.9904413633249968
49.3,2303.0,54.0,55.0,54.150444795265344,1.0264412762018444,226.21229257133476,252.77217308599964,2348.0,1168.0,1808.0,1986.6726009552758,1120807.0,12.26278640597807,25.0,1.0,0.999789437432136,-422.0,2725.0,2572.0,-5.0,59.0,57.666666666666664,-7.0,62.0,58.666666666666664,-281.0,2629.0,2511.3333333333335,-481632.0,1602439.0,1418304.3333333333,0.007478965707471308,0.9923104717246647,0.9957962341158293,140.88910635948122,38.25071300891959,11.36942643868774,29.940337829750643,40.90674559471615,14,0.35138888888888886,0.8038568606172174,-0.5948227867513411,-0.9563047559630353,-0.2923717047227371,0.7414271962741578,0.5716921242036497,1.3131193204778073,0.9424057223407285
49.5,2576.0,58.0,58.0,57.27010622687703,1.0736634544056618,225.79766445862873,253.3880702481874,2590.0,1215.0,1861.0100000000093,2050.4662267080744,1418477.0,14.238198284380102,28.991378028648448,1.0,0.9973210704156641,273.0,2303.0,2534.6666666666665,4.0,54.0,57.0,3.0,55.0,58.333333333333336,242.0,2348.0,2522.3333333333335,297670.0,1120807.0,1380574.3333333333,-0.0024683670164719063,0.999789437432136,0.9964736598574883,140.73591202161242,38.320416848306586,11.368486590164526,29.932788023503246,40.8993745713191,14,0.3541666666666667,0.7933533402912352,-0.6087614290087207,-0.9659258262890683,-0.25881904510252063,0.5704032621094696,0.6915124226416186,1.2619156847510882,0.9767140536963534
49.699999999999996,2647.0,58.0,60.0,58.05398414332969,1.0251809179937619,225.3140721070478,252.25922178284526,2621.0,1227.0,1895.0100000000093,2076.46316584813,1525898.0,15.893344679635874,32.17530108639234,1.0,0.9943993635223324,71.0,2576.0,2508.6666666666665,0.0,58.0,56.666666666666664,2.0,58.0,57.666666666666664,31.0,2590.0,2519.6666666666665,107421.0,1418477.0,1355060.6666666667,-0.0029217068933317103,0.9973210704156641,0.9971699571233774,140.58271768374365,38.39012068769358,11.367546741641311,29.92523821725585,40.892003547922045,14,0.3569444444444444,0.7826081568524142,-0.6225146366376191,-0.9743700647852349,-0.22495105434386614,0.49752271654987495,0.7450054671202293,1.2425281836701043,0.9937668253951668
49.9,2230.0,54.0,54.0,53.28530927713015,1.0033073446583594,226.42396305644772,252.62454122515695,2418.0,1175.0,1744.0,2008.6417040358745,1134271.0,12.657770274442756,25.495097567963924,1.0,0.9998889154355529,-417.0,2647.0,2484.3333333333335,-4.0,58.0,56.666666666666664,-6.0,60.0,57.333333333333336,-203.0,2621.0,2543.0,-391627.0,1525898.0,1359548.6666666667,0.005489551913220536,0.9943993635223324,0.9972031164578498,140.42952334587488,38.45982452708058,11.366606893118098,29.917688411008452,40.88463252452499,14,0.3597222222222222,0.7716245833877199,-0.6360782202777641,-0.981627183447664,-0.1908089953765446,0.494672307310805,0.7299378614051283,1.2246101687159332,0.9772740150605308
50.099999999999994,1979.0,51.0,51.0,50.197022412000564,1.0091703879224807,226.5911185770085,252.80658405512142,2223.0,1108.0,1658.0100000000093,1919.9282465891865,831038.0,13.48709711288559,27.28094573140748,1.0,1.0,-251.0,2230.0,2285.3333333333335,-3.0,54.0,54.333333333333336,-3.0,54.0,55.0,-195.0,2418.0,2420.6666666666665,-303233.0,1134271.0,1163735.6666666667,0.0001110845644470837,0.9998889154355529,0.9980960929859618,140.27632900800612,38.529528366467574,11.365667044594884,29.910138604761052,40.87726150112794,14,0.36249999999999993,0.7604059656000313,-0.6494480483301832,-0.9876883405951375,-0.15643446504023192,0.5037834287385212,0.7116548756502838,1.215438304388805,0.9635465900195445
50.3,2069.0,53.0,52.0,51.325750048655415,1.0554069580047087,226.07588618265203,252.64804440806415,2285.0,1127.0,1685.0100000000093,1945.797486708555,922355.0,13.749251497736585,28.0,1.0,1.0,90.0,1979.0,2092.6666666666665,2.0,51.0,52.666666666666664,1.0,51.0,52.333333333333336,62.0,2223.0,2308.6666666666665,91317.0,831038.0,962554.6666666666,0.0,1.0,0.999962971811851,140.12313467013732,38.59923220585458,11.364727196071671,29.902588798513655,40.869890477730884,14,0.36527777777777776,0.7489557207890023,-0.6626200482157373,-0.992546151641322,-0.12186934340514805,0.5079471811510262,0.7322074470780706,1.2401546282290967,0.9861810376535837
50.5,2148.0,53.0,52.0,52.296448656587856,1.0394331867329771,225.9763278168605,252.69206062228238,2310.0,1138.0,1729.0,1960.9241154562383,990065.0,14.034986128499167,28.324018076537094,1.0,1.0,79.0,2069.0,2065.3333333333335,0.0,53.0,52.333333333333336,0.0,52.0,51.666666666666664,25.0,2285.0,2272.6666666666665,67710.0,922355.0,914486.0,0.0,1.0,1.0,139.96994033226855,38.66893604524157,11.363787347548456,29.895038992266258,40.862519454333835,14,0.3680555555555556,0.7372773368101241,-0.6755902076156602,-0.9961946980917455,-0.08715574274765825,0.5377914401517624,0.7260284907449827,1.263819930896745,0.9949242108208638
50.699999999999996,2437.0,56.0,56.0,55.70354360828036,1.0416193081965592,225.95582930725217,253.00509397462588,2416.0,1179.0,1845.0,2001.4493229380387,1222032.0,13.5891191723771,27.577164466275352,1.0,0.999019665606138,289.0,2148.0,2218.0,3.0,53.0,54.0,4.0,52.0,53.333333333333336,106.0,2310.0,2337.0,231967.0,990065.0,1044817.3333333334,-0.0009803343938620257,1.0,0.9996732218687127,139.81674599439978,38.73863988462857,11.362847499025243,29.88748918601886,40.85514843093678,14,0.3708333333333333,0.7253743710122877,-0.6883545756937538,-0.9986295347545738,-0.052335956242944306,0.5445393401029297,0.7052074066401318,1.2497467467430616,0.9774770766915968
50.9,2683.0,58.0,59.0,58.447426791300586,1.02970547898082,225.8783405291744,252.9021687252579,2589.0,1224.0,1959.0100000000093,2075.541930674618,1544179.0,17.2617364155101,34.860436027106715,1.0,0.9943426247863751,246.0,2437.0,2422.6666666666665,2.0,56.0,55.666666666666664,3.0,56.0,55.666666666666664,173.0,2416.0,2438.3333333333335,322147.0,1222032.0,1252092.0,-0.004677040819762834,0.999019665606138,0.9977874301308377,139.663551656531,38.808343724015565,11.36190765050203,29.87993937977146,40.84777740753973,14,0.3736111111111111,0.7132504491541816,-0.7009092642998509,-0.9998476951563913,-0.017452406437283498,0.4868270397096039,0.7282603852896612,1.2150874249992651,0.9716739051444632
51.099999999999994,2459.0,56.0,57.0,55.95441037580295,1.0454114632382552,225.65390464726477,252.73653257486038,2398.0,1181.2999999999302,1869.0100000000093,2002.7116714111428,1236168.0,13.650607725372128,28.0,1.0,0.9973967939632801,-224.0,2683.0,2526.3333333333335,-2.0,58.0,56.666666666666664,-2.0,59.0,57.333333333333336,-191.0,2589.0,2467.6666666666665,-308011.0,1544179.0,1334126.3333333333,0.0030541691769049306,0.9943426247863751,0.9969196947852644,139.51035731866224,38.87804756340256,11.360967801978816,29.872389573524064,40.840406384142675,14,0.37638888888888883,0.7009092642998513,-0.7132504491541811,-0.9998476951563913,0.017452406437282242,0.42758873368430866,0.7816203453429634,1.209209079027272,0.9954147121851178
51.3,2633.0,61.0,58.0,57.900256659946535,1.0307677129716262,225.0528393537489,253.2088415447511,2613.0,1234.0,1891.0,2062.32472464869,1480601.0,13.466656968236586,27.285527299284507,1.0,0.9947872519335054,174.0,2459.0,2591.6666666666665,5.0,56.0,58.333333333333336,1.0,57.0,58.0,215.0,2398.0,2533.3333333333335,244433.0,1236168.0,1420316.0,-0.002609542029774703,0.9973967939632801,0.9955088902277202,139.35716298079345,38.94775140278956,11.360027953455603,29.864839767276667,40.83303536074562,14,0.37916666666666665,0.6883545756937542,-0.7253743710122874,-0.9986295347545739,0.05233595624294306,0.3787482062988934,0.8316534423019326,1.210401648600826,1.0210275454513793
51.5,2471.0,55.0,57.0,56.09077388519958,1.0140986419287648,225.48232229338802,253.1523677361241,2454.0,1204.0,1829.0100000000093,2020.2646701740186,1285574.0,12.950962980276309,26.086394921491163,1.0,0.9967360883154139,-162.0,2633.0,2521.0,-6.0,61.0,57.333333333333336,-1.0,58.0,57.333333333333336,-159.0,2613.0,2488.3333333333335,-195027.0,1480601.0,1334114.3333333333,0.0019488363819085697,0.9947872519335054,0.9963067114040665,139.20396864292468,39.01745524217656,11.359088104932388,29.85728996102927,40.82566433734857,14,0.3819444444444444,0.6755902076156604,-0.737277336810124,-0.9961946980917455,0.08715574274765789,0.41727822342974596,0.827596581840644,1.24487480527039,1.036235693555517
51.699999999999996,2690.0,58.0,59.0,58.52362237026676,1.0550984747721,224.91791022158054,252.37743498889617,2528.0,1212.0,1914.0200000000186,2039.6847583643123,1451752.0,15.532767448476156,31.662280397975127,1.0,0.9914833938579041,219.0,2471.0,2598.0,3.0,55.0,58.0,2.0,57.0,58.0,74.0,2454.0,2531.6666666666665,166178.0,1285574.0,1405975.6666666667,-0.0052526944575098655,0.9967360883154139,0.9943355780356078,139.0507743050559,39.087159081563556,11.358148256409175,29.84974015478187,40.818293313951514,14,0.3847222222222222,0.6626200482157377,-0.748955720789002,-0.9925461516413221,0.12186934340514681,0.43744060409386143,0.8373450895864359,1.2747856936802975,1.0560653916333667
51.9,2624.0,59.0,58.0,57.801215950748535,1.0510159500128178,225.6024735435048,252.99023736109805,2496.0,1206.0,1903.0100000000093,2035.4222560975609,1404948.0,15.424951181122148,31.144823004794873,1.0,0.9961180057909617,-66.0,2690.0,2595.0,1.0,58.0,57.333333333333336,-1.0,59.0,58.0,-32.0,2528.0,2492.6666666666665,-46804.0,1451752.0,1380758.0,0.004634611933057586,0.9914833938579041,0.9947791626547599,138.89757996718714,39.15686292095055,11.357208407885961,29.842190348534473,40.810922290554466,14,0.38749999999999996,0.6494480483301841,-0.7604059656000306,-0.9876883405951379,0.15643446504022981,0.3899160981907355,0.8462823356818275,1.2361984338725631,1.0412403847771954
52.099999999999994,2209.0,54.0,53.0,53.03382085348909,1.0292946579486575,225.98556624828186,252.84328048990741,2343.0,1153.0,1741.0,1975.2516976007244,1049831.0,13.120535431906319,26.725456029785533,1.0,0.9999638036979285,-415.0,2624.0,2507.6666666666665,-5.0,59.0,57.0,-5.0,58.0,56.666666666666664,-153.0,2496.0,2455.6666666666665,-355117.0,1404948.0,1302177.0,0.003845797906966819,0.9961180057909617,0.9958550677822648,138.87573353051746,39.14798586658239,11.344939948043653,29.825425726023123,40.778591621085766,14,0.3902777777777777,0.6360782202777642,-0.7716245833877198,-0.9816271834476641,0.19080899537654425,0.4944249721593391,0.7638146126726169,1.2582395848319559,1.0110270987522862
52.3,2778.0,59.0,60.0,59.47318265633917,1.0183045136595401,225.76718548616878,252.89540499841036,2564.0,1245.0,1975.0,2067.2501799856013,1575828.0,13.522355531639402,27.37243138634199,1.0,0.9920092802006311,569.0,2209.0,2537.0,5.0,54.0,57.333333333333336,7.0,53.0,57.0,221.0,2343.0,2467.6666666666665,525997.0,1049831.0,1343535.6666666667,-0.007954523497297417,0.9999638036979285,0.9960303632298405,138.87265107973337,39.1278829702492,11.331053115155758,29.80734470118835,40.74269528789255,14,0.3930555555555555,0.62251463663762,-0.7826081568524136,-0.9743700647852355,0.22495105434386403,0.5137942281918465,0.7611072378925365,1.2749014660843832,1.0180043519884598
52.5,2745.0,60.0,60.0,59.11888488713248,1.017519070993129,225.74990141515633,252.66072788633466,2572.0,1240.0,1982.0,2079.2353369763205,1590001.0,14.807864460005826,30.153772566629204,1.0,0.9921434011676722,-33.0,2778.0,2577.3333333333335,1.0,59.0,57.666666666666664,0.0,60.0,57.666666666666664,8.0,2564.0,2493.0,14173.0,1575828.0,1405220.0,0.0001341209670411292,0.9920092802006311,0.9947054950220773,138.86956862894928,39.10778007391602,11.317166282267864,29.789263676353574,40.70679895469934,14,0.3958333333333333,0.6087614290087209,-0.793353340291235,-0.9659258262890684,0.2588190451025203,0.4115425439391132,0.8390890810899778,1.250631625029091,1.0448603530595344
52.699999999999996,2730.0,60.0,59.0,58.9571366089551,1.0321699287690722,225.66616570228408,252.96250485538027,2599.0,1243.0,1962.0,2083.7336996336994,1593593.0,14.792926212235582,30.153772566629204,1.0,0.993564228758535,-15.0,2745.0,2751.0,0.0,60.0,59.666666666666664,-1.0,60.0,59.666666666666664,27.0,2572.0,2578.3333333333335,3592.0,1590001.0,1586474.0,0.0014208275908628165,0.9921434011676722,0.9925723033756128,138.8664861781652,39.08767717758283,11.30327944937997,29.771182651518803,40.67090262150612,14,0.398611111111111,0.5948227867513417,-0.8038568606172171,-0.9563047559630358,0.2923717047227359,0.4149514341515068,0.8196705645244581,1.2346219986759648,1.0271462816002115
52.9,2709.0,59.0,59.0,58.72994063241981,1.0254677897495013,225.75663992135887,252.58475818110992,2560.0,1233.0,1940.0200000000186,2064.7796234772977,1529988.0,14.535145891558932,29.516944286290883,1.0,0.9930273962933043,-21.0,2730.0,2728.0,-1.0,60.0,59.666666666666664,0.0,59.0,59.333333333333336,-39.0,2599.0,2577.0,-63605.0,1593593.0,1571194.0,-0.0005368324652307299,0.993564228758535,0.9929116754065038,138.8634037273811,39.06757428124965,11.289392616492076,29.75310162668403,40.6350062883129,14,0.40138888888888885,0.5807029557109399,-0.8141155183563191,-0.945518575599317,0.3255681544571563,0.5455767823366101,0.7097272108895836,1.2553039932261936,0.9825156020578886
53.099999999999994,2591.0,58.0,59.0,57.43660557874923,1.0293853497435255,225.60383137475154,252.43162752730933,2503.0,1208.0,1907.0,2038.0629100733308,1394121.0,14.187049007207959,28.74456470360962,1.0,0.9953303909775407,-118.0,2709.0,2676.6666666666665,-1.0,59.0,59.0,0.0,59.0,59.0,-57.0,2560.0,2554.0,-135867.0,1529988.0,1505900.6666666667,0.002302994684236448,0.9930273962933043,0.9939740053431266,138.860321276597,39.04747138491646,11.275505783604181,29.735020601849257,40.59910995511969,14,0.40416666666666656,0.5664062369248335,-0.8241261886220153,-0.9335804264972023,0.3583679495452987,0.6903416854982798,0.5915329857618737,1.2818746712601536,0.9367038285110136
53.3,2262.0,53.0,55.0,53.66626361310184,1.0120315830065096,225.79007680788368,252.88783826868269,2302.0,1160.0,1782.0200000000186,1957.581786030062,1035050.0,11.379497811463212,23.04886114323222,1.0,0.9993295009902903,-329.0,2591.0,2520.6666666666665,-5.0,58.0,56.666666666666664,-4.0,59.0,57.666666666666664,-201.0,2503.0,2455.0,-359071.0,1394121.0,1319719.6666666667,0.003999110012749552,0.9953303909775407,0.9958957627537117,138.8572388258129,39.02736848858328,11.261618950716288,29.716939577014482,40.56321362192647,14,0.4069444444444444,0.5519369853120587,-0.8338858220671679,-0.9205048534524408,0.39073112848927266,0.6267547895388565,0.681223893656075,1.3079786831949316,0.9946012884255033
53.5,2339.0,55.0,55.0,54.572037667064855,1.0224490173671024,226.26645712124215,252.9389358214601,2339.0,1159.0,1829.0100000000093,1974.7071398033347,1110340.0,13.226421794111486,27.0,1.0,0.9991498099681179,77.0,2262.0,2397.3333333333335,2.0,53.0,55.333333333333336,0.0,55.0,56.333333333333336,37.0,2302.0,2381.3333333333335,75290.0,1035050.0,1179837.0,-0.0001796910221724124,0.9993295009902903,0.9979365673119829,138.85415637502882,39.00726559225009,11.247732117828393,29.698858552179708,40.52731728873326,14,0.4097222222222222,0.5372996083468241,-0.8433914458128855,-0.9063077870366503,0.42261826174069883,0.5414016923329077,0.7519362825953118,1.2933379749282194,1.0226371287617657
53.699999999999996,2238.0,54.0,53.0,53.38080273953638,1.0325755754633577,225.98378951964622,252.72777583151824,2270.0,1138.0,1787.0,1940.033512064343,984795.0,12.906311487524157,26.386549603917523,1.0,0.9995938240953701,-101.0,2339.0,2279.6666666666665,-1.0,55.0,54.0,-2.0,55.0,54.333333333333336,-69.0,2339.0,2303.6666666666665,-125545.0,1110340.0,1043395.0,0.00044401412725225686,0.9991498099681179,0.9993577116845928,138.85107392424473,38.98716269591691,11.2338452849405,29.680777527344937,40.49142095554004,14,0.4124999999999999,0.5224985647159494,-0.852640164354092,-0.8910065241883683,0.4539904997395458,0.47272670759439267,0.7913969479066851,1.2641236555010777,1.0277603017038814
53.9,2776.0,60.0,60.0,59.45177016864016,1.0343693252903712,225.46892164100882,252.6827139901379,2618.0,1248.0,1985.0,2092.829610951009,1645695.0,14.934331592540017,30.5,1.0,0.990755273607807,538.0,2238.0,2451.0,6.0,54.0,56.333333333333336,7.0,53.0,56.0,348.0,2270.0,2409.0,660900.0,984795.0,1246943.3333333333,-0.008838550487563102,0.9995938240953701,0.9964996358904316,138.84799147346064,38.96705979958372,11.219958452052605,29.662696502510162,40.45552462234683,14,0.41527777777777775,0.5075383629607044,-0.8616291604415256,-0.8746197071393961,0.4848096202463365,0.40077364458806797,0.8329214732699124,1.2336951178579803,1.0333082955639463
54.099999999999994,2681.0,59.0,59.0,58.42563837421865,1.0358181115832634,225.59841991680233,252.4219001482894,2546.0,1213.0,1963.0100000000093,2065.6952629615816,1516629.0,17.280772138580687,34.81738071710737,1.0,0.9922485987014622,-95.0,2776.0,2565.0,-1.0,60.0,57.666666666666664,-1.0,60.0,57.333333333333336,-72.0,2618.0,2478.0,-129066.0,1645695.0,1382373.0,0.0014933250936551845,0.990755273607807,0.9941992321348797,138.84490902267655,38.94695690325054,11.206071619164712,29.64461547767539,40.41962828915361,14,0.41805555555555546,0.49242356010346755,-0.8703556959398995,-0.8571673007021128,0.5150380749100534,0.37030867372256804,0.8377813989539311,1.2080900726764991,1.0229357358152151
54.3,2765.0,60.0,61.0,59.33386335974361,1.0112239388864455,225.90981399506046,252.78884107295795,2562.0,1240.0,2015.0,2081.0575045207956,1606624.0,14.771162604287726,30.0,1.0,0.9912200987910053,84.0,2681.0,2740.6666666666665,1.0,59.0,59.666666666666664,2.0,59.0,60.0,16.0,2546.0,2575.3333333333335,89995.0,1516629.0,1589649.3333333333,-0.001028499910456948,0.9922485987014622,0.9914079903667581,138.84182657189245,38.92685400691735,11.192184786276817,29.626534452840616,40.38373195596039,14,0.4208333333333333,0.4771587602596086,-0.8788171126619653,-0.8386705679454243,0.5446390350150266,0.4154143210241833,0.7962569814741135,1.2116713024982968,1.003964141986205
54.5,2720.0,59.0,61.0,58.84905744087702,1.0022402939297947,225.73223723105323,252.8554504175877,2568.0,1226.0,1986.0200000000186,2073.98125,1561229.0,15.950011975981356,32.22188697143605,1.0,0.9916770697956546,-45.0,2765.0,2722.0,-1.0,60.0,59.333333333333336,0.0,61.0,60.333333333333336,6.0,2562.0,2558.6666666666665,-45395.0,1606624.0,1561494.0,0.0004569710046493647,0.9912200987910053,0.9917152557627075,138.83874412110836,38.90675111058417,11.178297953388922,29.60845342800584,40.34783562276718,14,0.4236111111111111,0.4617486132350339,-0.8870108331782217,-0.8191520442889918,0.573576436351046,0.4938066128909032,0.7486856828811277,1.242492295772031,0.9955889893265794
54.699999999999996,2500.0,56.0,57.0,56.41895835477563,1.0168384847621417,225.84104924728342,252.7438764273455,2449.0,1206.0,1882.0200000000186,2024.1548,1310387.0,12.170302304480696,24.520399670478458,1.0,0.9971718278645927,-220.0,2720.0,2661.6666666666665,-3.0,59.0,58.333333333333336,-4.0,61.0,59.666666666666664,-119.0,2568.0,2526.3333333333335,-250842.0,1561229.0,1492746.6666666667,0.005494758068938066,0.9916770697956546,0.9933563321504174,138.83566167032427,38.88664821425098,11.164411120501029,29.59037240317107,40.311939289573964,14,0.4263888888888888,0.4461978131098094,-0.8949343616020248,-0.7986355100472936,0.6018150231520473,0.5738584711198943,0.6839828736397106,1.2578413447596049,0.9709121091996578
54.9,2192.0,53.0,53.0,52.829358145442924,1.041102845095497,225.88525409602977,252.78206100823684,2314.0,1151.0,1749.030000000028,1963.6354927007299,1016289.0,12.128520571814795,24.545875417267155,1.0,0.9998976669038039,-308.0,2500.0,2470.6666666666665,-3.0,56.0,56.0,-4.0,57.0,57.0,-135.0,2449.0,2443.6666666666665,-294098.0,1310387.0,1295968.3333333333,0.0027258390392111975,0.9971718278645927,0.9962488548546836,138.83257921954018,38.8665453179178,11.150524287613134,29.572291378336296,40.27604295638075,14,0.42916666666666664,0.4305110968082955,-0.9025852843498604,-0.7771459614569713,0.6293203910498368,0.5711535045670014,0.7144434616199473,1.2855969661869489,1.000020213903448
55.099999999999994,2015.0,51.0,51.0,50.65153188839754,1.0437517976191633,225.77047568383094,252.25274055630894,2316.0,1134.0,1664.0200000000186,1955.2516129032258,917332.0,12.9634674002941,26.40075756488817,1.0,1.0,-177.0,2192.0,2235.6666666666665,-2.0,53.0,53.333333333333336,-2.0,53.0,53.666666666666664,2.0,2314.0,2359.6666666666665,-98957.0,1016289.0,1081336.0,0.00010233309619611664,0.9998976669038039,0.9990231649227989,138.8294967687561,38.84644242158462,11.136637454725241,29.554210353501524,40.24014662318753,14,0.43194444444444435,0.4146932426562396,-0.909961270876543,-0.7547095802227728,0.6560590289905064,0.5282991907680687,0.785547209441663,1.3138464002097319,1.0496968048256974
55.3,2522.0,57.0,58.0,56.666658025880444,1.0356902484884907,225.91881465933966,252.52266886890345,2478.0,1209.0,1876.0,2037.2664551942903,1354986.0,13.065133219011727,26.575364531836623,1.0,0.9963069729133732,507.0,2015.0,2243.0,6.0,51.0,53.666666666666664,7.0,51.0,54.0,162.0,2316.0,2369.3333333333335,437654.0,917332.0,1096202.3333333333,-0.0036930270866267767,1.0,0.9987348799390591,138.826414317972,38.826339525251434,11.122750621837346,29.53612932866675,40.20425028999431,14,0.4347222222222222,0.39874906892524653,-0.9170600743851239,-0.7313537016191709,0.681998360062498,0.5085933496453185,0.8100794722300213,1.3186728218753399,1.0643761470526805
55.5,2558.0,57.0,58.0,57.06966580796269,1.0527459623180313,225.61408934458896,252.44444621571682,2494.0,1204.0,1901.0,2039.5035183737295,1380050.0,14.058273269523639,28.50438562747845,1.0,0.99583783196261,36.0,2522.0,2365.0,0.0,57.0,55.0,0.0,58.0,55.666666666666664,16.0,2478.0,2429.3333333333335,25064.0,1354986.0,1217456.0,-0.00046914095076322493,0.9963069729133732,0.9973816016253276,138.8233318671879,38.80623662891825,11.108863788949453,29.518048303831975,40.1683539568011,14,0.4375,0.3826834323650899,-0.9238795325112867,-0.7071067811865477,0.7071067811865474,0.5628734234326904,0.752598519045109,1.3154719424777994,1.0340352307614542
55.699999999999996,2512.0,57.0,58.0,56.554201757028885,1.043500034984838,225.86476196919537,252.49324524837897,2447.0,1189.0,1889.0,2017.8001592356688,1300714.0,15.087106508099515,30.5,1.0,0.9973045573431207,-46.0,2558.0,2530.6666666666665,0.0,57.0,57.0,0.0,58.0,58.0,-47.0,2494.0,2473.0,-79336.0,1380050.0,1345250.0,0.001466725380510736,0.99583783196261,0.9964831207397012,138.8202494164038,38.786133732585064,11.09497695606156,29.499967278997204,40.132457623607884,14,0.4402777777777777,0.3665012267242976,-0.9304175679820245,-0.6819983600624989,0.73135370161917,0.7489732046955799,0.5526313439861854,1.3016045486817653,0.9271179463339754
55.9,2673.0,59.0,60.0,58.33840332985717,1.023705817288823,225.94666798309757,252.6411358589811,2538.0,1235.0,1956.0,2064.583239805462,1509131.0,13.396461680698694,27.189152248645048,1.0,0.993519449272462,161.0,2512.0,2581.0,2.0,57.0,57.666666666666664,2.0,58.0,58.666666666666664,91.0,2447.0,2493.0,208417.0,1300714.0,1396631.6666666667,-0.0037851080706586826,0.9973045573431207,0.9955539461927309,138.81716696561972,38.76603083625188,11.081090123173665,29.48188625416243,40.09656129041467,14,0.44305555555555554,0.35020738125946754,-0.9366721892483976,-0.6560590289905074,0.7547095802227719,0.9483867216779591,0.5022765821173183,1.4506633037952774,0.9764699429562979
56.099999999999994,2569.0,58.0,57.0,57.19224064875088,1.0540320713052924,225.6595298889651,252.34141777434087,2468.0,1211.0,1903.0,2033.5694822888283,1370740.0,13.186535938502889,26.63174797117155,1.0,0.9952478223441353,-104.0,2673.0,2584.6666666666665,-1.0,59.0,58.0,-3.0,60.0,58.333333333333336,-70.0,2538.0,2484.3333333333335,-138391.0,1509131.0,1393528.3333333333,0.0017283730716732837,0.993519449272462,0.995357276319906,138.81408451483563,38.745927939918694,11.067203290285772,29.463805229327654,40.060664957221455,14,0.44583333333333325,0.33380685923377157,-0.9426414910921782,-0.6293203910498385,0.77714596145697,0.9097228572202545,0.6806405912266511,1.5903634484469056,1.1355020198367782
56.3,2548.0,58.0,58.0,56.95800523179507,1.0732558660583549,224.87362465897388,252.7026756617898,2507.0,1203.0,1880.0100000000093,2037.0082417582419,1368297.0,15.41117058840612,31.32491021535417,1.0,0.9951618690971331,-21.0,2569.0,2596.6666666666665,0.0,58.0,58.333333333333336,1.0,57.0,58.333333333333336,39.0,2468.0,2504.3333333333335,-2443.0,1370740.0,1416056.0,-8.595324700222395e-05,0.9952478223441353,0.9946430469045767,138.81100206405154,38.72582504358551,11.053316457397877,29.445724204492883,40.02476862402823,14,0.44861111111111107,0.3173046564050926,-0.9483236552061992,-0.601815023152049,0.7986355100472923,0.7471742909704939,0.7554712123816413,1.502645503352135,1.1290583578668882
56.5,2214.0,54.0,53.0,53.09380709690773,1.0640017627573006,225.44791318617956,252.78959771729328,2307.0,1153.0,1760.0,1958.2588075880758,1014585.0,12.21297066247297,24.829418035870273,1.0,0.999934948772158,-334.0,2548.0,2443.6666666666665,-4.0,58.0,56.666666666666664,-5.0,58.0,56.0,-200.0,2507.0,2427.3333333333335,-353712.0,1368297.0,1251207.3333333333,0.004773079675024938,0.9951618690971331,0.9967815467378088,138.80791961326744,38.705722147252324,11.039429624509982,29.42764317965811,39.98887229083502,14,0.4513888888888889,0.30070579950427334,-0.9537169507482268,-0.5735764363510465,0.8191520442889916,0.6797365605478681,0.7525968575854499,1.432333418133318,1.092465137859384
56.699999999999996,2278.0,55.0,54.0,53.855730269923,1.0483753809799312,225.8936997099916,252.57017597026083,2357.0,1163.0,1786.0100000000093,1978.0219490781387,1088934.0,12.460772587031665,25.144581921360317,1.0,0.9999044937526057,64.0,2214.0,2346.6666666666665,1.0,54.0,55.666666666666664,1.0,53.0,55.0,50.0,2307.0,2390.3333333333335,74349.0,1014585.0,1157272.0,-3.045501955234453e-05,0.999934948772158,0.9983337705406322,138.80483716248335,38.68561925091914,11.025542791622089,29.409562154823337,39.952975957641804,14,0.4541666666666666,0.28401534470392303,-0.9588197348681929,-0.5446390350150278,0.8386705679454236,0.6835487097312403,0.7302673778218897,1.4138160875531298,1.0720417326875098
56.9,2633.0,60.0,58.0,57.900256659946535,1.0459957329776173,225.33112674765007,252.81197016285628,2539.0,1220.0,1922.0,2055.083175085454,1461534.0,14.33257441677422,29.34706118165838,1.0,0.9941924033241786,355.0,2278.0,2375.0,5.0,55.0,56.333333333333336,4.0,54.0,55.0,182.0,2357.0,2401.0,372600.0,1088934.0,1188351.0,-0.00571209042842713,0.9999044937526057,0.9980106152829807,138.80175471169926,38.665516354585954,11.011655958734194,29.391481129988563,39.91707962444859,14,0.45694444444444443,0.267238376078257,-0.963630453208623,-0.5150380749100545,0.8571673007021121,0.6425051787878557,0.7364723034180334,1.3789774822058891,1.0577248928119611
57.099999999999994,2586.0,59.0,58.0,57.381159474910675,1.0380370959260363,225.44648510866648,252.675997451033,2579.0,1225.0,1895.0,2076.488785769528,1490800.0,14.466616210034575,29.449108645254444,1.0,0.9950965924335927,-47.0,2633.0,2499.0,-1.0,60.0,58.0,0.0,58.0,56.666666666666664,40.0,2539.0,2491.6666666666665,29266.0,1461534.0,1347089.3333333333,0.0009041891094141441,0.9941924033241786,0.9963978298367923,138.79867226091517,38.64541345825277,10.9977691258463,29.373400105153788,39.881183291255375,14,0.45972222222222214,0.2503800040544422,-0.9681476403781075,-0.48480962024633845,0.8746197071393951,0.5515076936910746,0.7706081524032471,1.3221158460943216,1.0463619992487843
57.3,2679.0,60.0,60.0,58.40384182864601,1.0215854153622914,225.58604203772578,252.75051921248343,2563.0,1241.0,1943.0,2075.4975737215377,1541765.0,13.718578696047253,27.735356496717326,1.0,0.9928821837309837,93.0,2586.0,2632.6666666666665,1.0,59.0,59.666666666666664,2.0,58.0,58.666666666666664,-16.0,2579.0,2560.3333333333335,50965.0,1490800.0,1498033.0,-0.0022144087026090276,0.9950965924335927,0.9940570598295849,138.79558981013108,38.625310561919584,10.983882292958405,29.355319080319017,39.845286958062154,14,0.46249999999999997,0.23344536385590553,-0.9723699203976766,-0.45399049973954697,0.8910065241883678,0.4767252574917396,0.8110505911646936,1.2877758486564332,1.0494132199105635
57.5,2765.0,61.0,60.0,59.33386335974361,1.0719428392187476,225.19109211430543,252.70700741758836,2610.0,1247.0,1986.0100000000093,2086.7974683544303,1622495.0,14.82001474805495,30.153772566629204,1.0,0.9914206207106956,86.0,2679.0,2676.6666666666665,1.0,60.0,60.0,0.0,60.0,59.333333333333336,47.0,2563.0,2584.0,80730.0,1541765.0,1551686.6666666667,-0.0014615630202881036,0.9928821837309837,0.9931331322917574,138.79250735934698,38.6052076655864,10.969995460070512,29.337238055484242,39.80939062486894,14,0.4652777777777778,0.21643961393810274,-0.9762960071199334,-0.4226182617406992,0.90630778703665,0.4513651987902539,0.8270497377019261,1.27841493649218,1.0527323370970532
57.699999999999996,2540.0,58.0,58.0,56.86851891536576,1.0882670576619782,224.5898913720129,252.53182290689327,2508.0,1207.0,1855.0,2028.7133858267716,1342932.0,14.17768813375789,29.0,1.0,0.9954621678536217,-225.0,2765.0,2661.3333333333335,-3.0,61.0,59.666666666666664,-2.0,60.0,59.333333333333336,-102.0,2610.0,2560.3333333333335,-279563.0,1622495.0,1502397.3333333333,0.00404154714292615,0.9914206207106956,0.9932549907651004,138.7894249085629,38.58510476925321,10.956108627182617,29.31915703064947,39.773494291675725,14,0.4680555555555555,0.1993679344171977,-0.9799247046208295,-0.3907311284892747,0.9205048534524399,0.4925980589275968,0.8083867081157382,1.300984767043335,1.0546857375795367
57.9,2605.0,58.0,58.0,57.59157068560553,1.0324718549214404,225.83614547871278,252.76275806725158,2511.0,1208.0,1942.0,2056.811516314779,1450494.0,15.593705240785445,31.51586901863885,1.0,0.9947535115622678,65.0,2540.0,2636.6666666666665,0.0,58.0,59.0,0.0,58.0,58.666666666666664,3.0,2508.0,2543.0,107562.0,1342932.0,1471973.6666666667,-0.0007086562913539707,0.9954621678536217,0.9938787667088617,138.7863424577788,38.56500187292003,10.942221794294724,29.301076005814696,39.73759795848251,14,0.4708333333333333,0.18223552549214772,-0.9832549075639545,-0.35836794954530077,0.9335804264972015,0.5198253213523356,0.7739892234756024,1.293814544827938,1.0339018841517702
58.099999999999994,2131.0,53.0,52.0,52.089091658720946,1.0499193408963325,226.06891182242137,252.58022328983074,2222.0,1118.0,1745.0100000000093,1913.4664476771468,881097.0,12.638053572293334,25.347583711273153,1.0,1.0,-474.0,2605.0,2425.3333333333335,-5.0,58.0,56.333333333333336,-6.0,58.0,56.0,-289.0,2511.0,2413.6666666666665,-569397.0,1450494.0,1224841.0,0.005246488437732233,0.9947535115622678,0.9967385598052965,138.7832600069947,38.54489897658684,10.92833496140683,29.28299498097992,39.701701625289296,14,0.47361111111111104,0.1650476058606781,-0.9862856015372313,-0.32556815445715753,0.9455185755993165,0.5042063867049713,0.7635841673032218,1.267790554008193,1.0156873606557073
58.3,2411.0,56.0,56.0,55.40560027972332,1.0305516138552442,225.93515543953404,252.90367587915708,2412.0,1191.0,1845.0200000000186,2012.5615927001245,1236261.0,12.862750859585386,25.947061490658243,1.0,0.9984032497991929,280.0,2131.0,2382.3333333333335,3.0,53.0,55.666666666666664,4.0,52.0,55.333333333333336,190.0,2222.0,2381.6666666666665,355164.0,881097.0,1189284.0,-0.0015967502008070733,1.0,0.9977189204538202,138.78017755621062,38.52479608025366,10.914448128518936,29.26491395614515,39.665805292096074,14,0.47638888888888886,0.14780941112961082,-0.9890158633619168,-0.29237170472273716,0.9563047559630353,0.5008658362328297,0.7639808837606424,1.264846719993472,1.0144138018770572
58.5,2625.0,60.0,58.0,57.81222885281108,1.04929600083546,225.94742878731765,252.93572831560195,2533.0,1213.0,1943.0,2062.647238095238,1476949.0,17.000527518846955,34.48187929913333,1.0,0.9958888221597361,214.0,2411.0,2389.0,4.0,56.0,56.333333333333336,2.0,56.0,55.333333333333336,121.0,2412.0,2389.0,240688.0,1236261.0,1198102.3333333333,-0.002514427639456862,0.9984032497991929,0.9980973573196429,138.68178986271613,38.48992198320568,10.901827626728695,29.242593011316362,39.634837786991696,14,0.4791666666666667,0.13052619222005157,-0.9914448613738104,-0.2588190451025207,0.9659258262890683,0.4929690348309421,0.7782352311972941,1.271204266028236,1.024719748612765
58.699999999999996,2234.0,56.0,53.0,53.333077381099564,1.077036797318405,225.8664553481614,252.78629529451212,2447.0,1170.0,1746.0,2000.6154879140554,1118375.0,13.590203992500179,27.577164466275352,1.0,1.0,-391.0,2625.0,2423.3333333333335,-4.0,60.0,57.333333333333336,-5.0,58.0,55.666666666666664,-86.0,2533.0,2464.0,-358574.0,1476949.0,1277195.0,0.004111177840263935,0.9958888221597361,0.9980973573196429,138.5631859056164,38.4519146011576,10.889475740625834,29.21937268951915,39.604915790875864,14,0.4819444444444444,0.11320321376790733,-0.9935718556765875,-0.2249510543438662,0.9743700647852349,0.45845738887599985,0.7981173440050775,1.2565747328810772,1.0273460384430773
58.9,2333.0,55.0,55.0,54.50199865938069,1.0331127731225809,225.67214140820005,252.7709154984453,2409.0,1173.0,1816.0,2011.564937848264,1193481.0,14.708033580050621,29.732137494637012,1.0,0.9991487086933097,99.0,2234.0,2397.3333333333335,-1.0,56.0,57.0,2.0,53.0,55.333333333333336,-38.0,2447.0,2463.0,75106.0,1118375.0,1262935.0,-0.0008512913066902605,1.0,0.9983458436176819,138.44458194851666,38.41390721910951,10.877123854522972,29.19615236772194,39.574993794760026,14,0.4847222222222222,0.09584575252022391,-0.9953961983671789,-0.19080899537654467,0.981627183447664,0.4655216087769853,0.7853329902159352,1.2508545989929205,1.018093794604428
59.099999999999994,2653.0,58.0,59.0,58.11974287780691,1.013556768512671,225.88498565796002,252.67763833286324,2514.0,1221.0,1977.0,2059.9295137580098,1485493.0,14.386874821176042,29.090376415577712,1.0,0.993173983317323,320.0,2333.0,2406.6666666666665,3.0,55.0,56.333333333333336,4.0,55.0,55.666666666666664,105.0,2409.0,2456.6666666666665,292012.0,1193481.0,1265783.0,-0.005974725375986756,0.9991487086933097,0.9974408973368775,138.32597799141692,38.375899837061425,10.864771968420113,29.17293204592473,39.54507179864419,14,0.48749999999999993,0.07845909572784551,-0.996917333733128,-0.15643446504023198,0.9876883405951375,0.5640880769589859,0.7423365639458258,1.3064246409048117,1.0243806024253188
59.3,2566.0,59.0,58.0,57.15883721517109,1.0240208983690837,225.8838834826825,252.6170026280225,2470.0,1214.0,1928.0100000000093,2046.4516757599376,1402195.0,13.152005629765789,26.63174797117155,1.0,0.9954842229504456,-87.0,2653.0,2517.3333333333335,1.0,58.0,57.333333333333336,-1.0,59.0,57.333333333333336,-44.0,2514.0,2464.3333333333335,-83298.0,1485493.0,1360389.6666666667,0.0023102396331226016,0.993173983317323,0.9959356383203594,138.20737403431718,38.33789245501334,10.852420082317252,29.149711724127513,39.51514980252835,14,0.49027777777777776,0.06104853953485719,-0.9981347984218669,-0.12186934340514811,0.992546151641322,0.6004231004918473,0.7296628378494779,1.3300859383413253,1.0298743880954015
59.5,2481.0,57.0,57.0,56.2041574128457,1.0196901064621577,226.10228711222487,252.7766397600956,2395.0,1207.0,1892.0,2000.5352680370818,1241828.0,10.674290693126894,21.360009363293827,1.0,0.9972508270066386,-85.0,2566.0,2566.6666666666665,-2.0,59.0,58.0,-1.0,58.0,58.0,-75.0,2470.0,2459.6666666666665,-160367.0,1402195.0,1376505.3333333333,0.0017666040561929996,0.9954842229504456,0.9953030110914689,138.08877007721745,38.29988507296525,10.840068196214391,29.126491402330302,39.48522780641252,14,0.4930555555555556,0.04361938736533607,-0.9990482215818578,-0.08715574274765832,0.9961946980917455,0.6089249447444774,0.7150703839639257,1.3239953287084032,1.0195328563361645
59.699999999999996,2243.0,53.0,54.0,53.44039950113556,1.0171762661899315,226.29437628438797,252.6870820485333,2302.0,1131.0,1791.0,1950.8167632634863,1011182.0,15.634352805070463,31.531730050855124,1.0,0.999790344369263,-238.0,2481.0,2430.0,-4.0,57.0,56.333333333333336,-3.0,57.0,56.333333333333336,-93.0,2395.0,2389.0,-230646.0,1241828.0,1218401.6666666667,0.002539517362624366,0.9972508270066386,0.997508464775449,137.97016612011774,38.26187769091717,10.827716310111532,29.103271080533087,39.45530581029668,14,0.4958333333333333,0.026176948307873423,-0.9996573249755573,-0.05233595624294437,0.9986295347545738,0.6841103561949592,0.6926900987844654,1.3768004549794246,1.034745276881945
59.9,2453.0,56.0,57.0,55.88610384733717,1.0244781152448659,225.92214141202598,252.7716833674695,2452.0,1171.0,1868.0100000000093,2021.679168365267,1279679.0,18.46409218298423,37.963798545456434,1.0,0.9979744920405821,210.0,2243.0,2392.3333333333335,3.0,53.0,55.333333333333336,3.0,54.0,56.0,150.0,2302.0,2383.0,268497.0,1011182.0,1177563.0,-0.001815852328680867,0.999790344369263,0.9983385544721611,137.851562163018,38.22387030886909,10.81536442400867,29.080050758735876,39.42538381418084,14,0.4986111111111111,0.008726535498373959,-0.9999619230641713,-0.01745240643728356,0.9998476951563913,0.7170880364135647,0.6983239071391303,1.4154119435526948,1.0568679253459126
60.099999999999994,2764.0,60.0,63.0,59.323132938576244,1.0068030274335416,225.65733553555802,252.52820210021775,2585.0,1254.0,2010.0100000000093,2083.324529667149,1612309.0,12.839403167086434,25.71478174124758,1.0,0.9904881756536743,311.0,2453.0,2486.6666666666665,4.0,56.0,56.333333333333336,6.0,57.0,58.0,133.0,2452.0,2446.3333333333335,332630.0,1279679.0,1301056.6666666667,-0.0074863163869077765,0.9979744920405821,0.9960843373545064,137.73295820591827,38.185862926821,10.80301253790581,29.056830436938665,39.39546181806501,14,0.5013888888888888,-0.008726535498373269,-0.9999619230641713,0.017452406437282183,0.9998476951563913,0.5553891185763365,0.7661176209170132,1.3215067394933497,1.0438121802051814
60.3,2578.0,58.0,57.0,57.292334097392555,1.0390385860229123,225.75197428563428,253.0162596254728,2499.0,1222.0,1928.0,2040.1586501163692,1392529.0,12.277064483287282,24.596747752497688,1.0,0.9966018661011727,-186.0,2764.0,2598.3333333333335,-2.0,60.0,58.0,-6.0,63.0,59.0,-86.0,2585.0,2512.0,-219780.0,1612309.0,1428172.3333333333,0.006113690447498432,0.9904881756536743,0.995021511265143,137.61435424881853,38.147855544772916,10.79066065180295,29.03361011514145,39.36553982194917,14,0.5041666666666667,-0.026176948307872733,-0.9996573249755573,0.052335956242942995,0.9986295347545739,0.4744783739520459,0.82876737413815,1.303245748090196,1.0660065611141731
60.5,2497.0,56.0,57.0,56.38509681825244,1.0141007008090217,225.90018276034175,252.7207781627081,2480.0,1202.0,1875.0,2045.6307569082899,1362448.0,15.262207988112188,31.32491021535417,1.0,0.9978509271546511,-81.0,2578.0,2613.0,-2.0,58.0,58.0,0.0,57.0,59.0,-19.0,2499.0,2521.3333333333335,-30081.0,1392529.0,1455762.0,0.0012490610534783286,0.9966018661011727,0.9949803229698326,137.4957502917188,38.10984816272483,10.778308765700089,29.01038979334424,39.33561782583333,14,0.5069444444444444,-0.04361938736533583,-0.9990482215818578,0.08715574274765783,0.9961946980917455,0.3870883539179336,0.8658197200367261,1.2529080739546596,1.0593638969956929
60.699999999999996,2289.0,55.0,55.0,53.98560287612603,1.0182197007870146,226.00905420911553,252.7979373684724,2322.0,1153.0,1812.0,1970.2031454783748,1076295.0,14.342826465005189,29.0,1.0,0.9995075699506176,-208.0,2497.0,2454.6666666666665,-1.0,56.0,56.333333333333336,-2.0,57.0,56.333333333333336,-158.0,2480.0,2433.6666666666665,-286153.0,1362448.0,1277090.6666666667,0.0016566427959665564,0.9978509271546511,0.9979867877354804,137.37714633461906,38.071840780676744,10.765956879597228,28.987169471547027,39.30569582971749,14,0.5097222222222222,-0.0610485395348565,-0.998134798421867,0.12186934340514674,0.9925461516413221,0.3412839387310793,0.870996161590487,1.2122801003215664,1.0416381309560268
60.9,2721.0,60.0,59.0,58.859874288214186,1.04206408918924,225.55148905884556,252.9631379793718,2584.0,1234.0,1969.0,2077.30907754502,1570858.0,14.750285661353924,29.966648127543394,1.0,0.9921838893139927,432.0,2289.0,2502.3333333333335,5.0,55.0,57.0,4.0,55.0,57.0,262.0,2322.0,2462.0,494563.0,1076295.0,1336533.6666666667,-0.0073236806366249185,0.9995075699506176,0.9965141288064204,137.25854237751932,38.03383339862866,10.753604993494367,28.963949149749812,39.275773833601654,14,0.5125,-0.07845909572784437,-0.9969173337331281,0.15643446504022973,0.9876883405951379,0.36636977331598314,0.8335778337689813,1.1999476070849646,1.016762720426973
61.099999999999994,2642.0,58.0,59.0,57.99912824508917,1.020236160496829,225.64914457805008,252.50352899096796,2529.0,1225.0,1934.0100000000093,2054.5071915215744,1465008.0,13.427210784617834,27.064737205448715,1.0,0.9936327992748163,-79.0,2721.0,2550.6666666666665,-2.0,60.0,57.666666666666664,0.0,59.0,57.666666666666664,-55.0,2584.0,2478.3333333333335,-105850.0,1570858.0,1370720.3333333333,0.0014489099608235856,0.9921838893139927,0.9951080861798088,137.13993842041958,37.99582601658057,10.741253107391508,28.9407288279526,39.24585183748582,14,0.5152777777777777,-0.09584575252022366,-0.9953961983671789,0.19080899537654417,0.9816271834476641,0.44281458231930304,0.7893174522679881,1.232132034587291,1.0107247434276396
61.3,2647.0,59.0,58.0,58.05398414332969,1.0668664385180966,224.47728331835694,252.85871437821405,2623.0,1221.0,1898.0,2053.698904420098,1465644.0,15.825519319616333,32.5,1.0,0.9947258679461043,5.0,2642.0,2670.0,1.0,58.0,59.0,-1.0,59.0,58.666666666666664,94.0,2529.0,2578.6666666666665,636.0,1465008.0,1500503.3333333333,0.001093068671288,0.9936327992748163,0.9935141855116377,137.02133446331985,37.95781863453249,10.728901221288647,28.917508506155386,39.215929841369984,14,0.5180555555555555,-0.11320321376790621,-0.9935718556765876,0.22495105434386398,0.9743700647852355,0.5342576725155315,0.7585738401825425,1.292831512698074,1.0257026764403083
61.5,2125.0,53.0,53.0,52.01570947860099,1.0450791461132456,225.51454712936712,253.1741752009632,2403.0,1151.0,1697.0100000000093,1985.836705882353,1032403.0,14.481796913658902,29.025850547399983,1.0,0.9999845021759913,-522.0,2647.0,2471.3333333333335,-6.0,59.0,56.666666666666664,-5.0,58.0,56.666666666666664,-220.0,2623.0,2518.3333333333335,-433241.0,1465644.0,1321018.3333333333,0.005258634229887038,0.9947258679461043,0.9961143897989707,136.90273050622014,37.9198112524844,10.716549335185785,28.894288184358174,39.186007845254146,14,0.5208333333333334,-0.13052619222005177,-0.9914448613738104,0.2588190451025211,0.9659258262890682,0.5575491415527605,0.7214015413762144,1.278950682928975,1.0001761121525947
61.699999999999996,1815.0,49.0,47.0,48.07213094605148,1.0538945547010088,226.29372409890968,252.8325050081813,2122.0,1073.0,1585.0,1860.2920110192838,653940.0,12.82334801809782,26.0,1.0,1.0,-310.0,2125.0,2195.6666666666665,-4.0,53.0,53.666666666666664,-6.0,53.0,52.666666666666664,-281.0,2403.0,2382.6666666666665,-378463.0,1032403.0,1050662.3333333333,1.5497824008670058e-05,0.9999845021759913,0.9982367900406984,136.7841265491204,37.88180387043632,10.704197449082926,28.871067862560963,39.156085849138314,14,0.523611111111111,-0.14780941112961016,-0.9890158633619169,0.2923717047227358,0.9563047559630358,0.5445668494231131,0.6929214140643303,1.2374882634874433,0.9652048387758868
61.9,2595.0,58.0,59.0,57.480923953845306,1.026480159181889,225.62367485439054,253.0224466221403,2454.0,1207.0,1915.0,2023.0820809248555,1357398.0,12.947599016970155,26.248809496813376,1.0,0.994745829889244,780.0,1815.0,2178.3333333333335,9.0,49.0,53.333333333333336,12.0,47.0,53.0,332.0,2122.0,2326.3333333333335,703458.0,653940.0,1014580.3333333334,-0.005254170110756018,1.0,0.9982434440217451,136.66552259202066,37.843796488388236,10.691845562980065,28.84784754076375,39.126163853022476,14,0.5263888888888889,-0.16504760586067743,-0.9862856015372314,0.32556815445715626,0.945518575599317,0.4951304132541923,0.7325082469572839,1.2276386602114762,0.98007345358438
62.1,2822.0,61.0,60.0,59.942322237652995,1.0316177956664978,225.49996352281573,252.89395328870455,2623.0,1268.0,2002.0100000000093,2087.7289156626507,1659066.0,12.23133897768888,24.70323865407125,1.0,0.9890468492513258,227.0,2595.0,2410.6666666666665,3.0,58.0,56.0,1.0,59.0,55.333333333333336,169.0,2454.0,2399.6666666666665,301668.0,1357398.0,1223468.0,-0.005698980637918183,0.994745829889244,0.9945975597135233,136.54691863492093,37.80578910634015,10.679493676877204,28.824627218966537,39.09624185690664,14,0.5291666666666667,-0.18223552549214747,-0.9832549075639546,0.3583679495453003,0.9335804264972017,0.4478686479590988,0.7798017290520094,1.2276703770111081,1.0037360530315587
62.3,2550.0,58.0,57.0,56.98035485213009,1.0196613973721933,225.68294604261456,252.57315020470435,2470.0,1203.0,1897.030000000028,2035.1572549019609,1364651.0,15.199497984719416,30.84234102658227,1.0,0.9956956027585074,-272.0,2822.0,2655.6666666666665,-3.0,61.0,59.0,-3.0,60.0,58.666666666666664,-153.0,2623.0,2515.6666666666665,-294415.0,1659066.0,1460371.6666666667,0.006648753507181637,0.9890468492513258,0.9931627606330257,136.4283146778212,37.767781724292064,10.667141790774345,28.801406897169326,39.0663198607908,14,0.5319444444444444,-0.199367934417197,-0.9799247046208297,0.39073112848927344,0.9205048534524405,0.45052332502152354,0.7921725702415786,1.2426958952631022,1.0174342327523405
62.5,2737.0,59.0,60.0,59.032674290939426,1.0286852442412686,225.57302569074415,252.705098227791,2544.0,1235.0,1955.0100000000093,2063.7727438801608,1543046.0,14.498740093842551,29.546573405388315,1.0,0.9925173974074655,187.0,2550.0,2703.0,1.0,58.0,59.333333333333336,3.0,57.0,59.0,74.0,2470.0,2545.6666666666665,178395.0,1364651.0,1522254.3333333333,-0.0031782053510419628,0.9956956027585074,0.9924199498057661,136.30971072072145,37.72977434224398,10.654789904671484,28.77818657537211,39.03639786467496,14,0.5347222222222222,-0.21643961393810252,-0.9762960071199335,0.4226182617406988,0.9063077870366503,0.5734740365287645,0.7831249382197119,1.3565989747484763,1.069861956484094
62.699999999999996,2627.0,58.0,59.0,57.834248365646395,1.0248972360584232,225.72329866132443,252.93953517480574,2551.0,1240.0,1908.0100000000093,2065.6722497145033,1486021.0,12.58014235886841,25.30316185775999,1.0,0.9954146004666152,-110.0,2737.0,2638.0,-1.0,59.0,58.333333333333336,-1.0,60.0,58.666666666666664,7.0,2544.0,2521.6666666666665,-57025.0,1543046.0,1464572.6666666667,0.0028972030591497555,0.9925173974074655,0.994542533544196,136.19110676362172,37.69176696019589,10.642438018568622,28.7549662535749,39.00647586855913,14,0.5375,-0.23344536385590528,-0.9723699203976767,0.4539904997395466,0.891006524188368,0.6193950635590104,0.796921583327911,1.4163166468869215,1.1066191151074163
62.9,2165.0,53.0,52.0,52.50298671839181,1.0367384983907433,226.03253986492524,252.72590656265825,2271.0,1137.0,1741.0100000000093,1934.1450346420324,939924.0,11.983183103023856,24.253865671269807,1.0,1.0,-462.0,2627.0,2509.6666666666665,-5.0,58.0,56.666666666666664,-7.0,59.0,57.0,-280.0,2551.0,2455.3333333333335,-546097.0,1486021.0,1322997.0,0.004585399533384771,0.9954146004666152,0.9959773326246935,136.07250280652198,37.653759578147806,10.630086132465761,28.731745931777684,38.97655387244329,14,0.5402777777777777,-0.2503800040544411,-0.9681476403781079,0.48480962024633645,0.8746197071393961,0.5250228035047828,0.7788342087224802,1.303857012227263,1.0413456104748717
63.1,2670.0,59.0,60.0,58.30565653899186,1.0331003936149612,225.7692701531025,252.61490774148098,2523.0,1226.0,1946.0,2060.34531835206,1496122.0,14.482044282670042,29.60152023123137,1.0,0.9947771638943883,505.0,2165.0,2487.3333333333335,6.0,53.0,56.666666666666664,8.0,52.0,57.0,252.0,2271.0,2448.3333333333335,556198.0,939924.0,1307355.6666666667,-0.0052228361056116945,1.0,0.9967305881203344,135.95389884942225,37.61575219609972,10.617734246362902,28.708525609980473,38.94663187632745,14,0.5430555555555556,-0.26723837607825723,-0.963630453208623,0.5150380749100548,0.8571673007021119,0.5664379919549514,0.7227412540416676,1.289179245996619,1.0059602500191431
63.3,2760.0,60.0,60.0,59.28019183056891,1.0553895118081646,225.36086945276608,253.1591652173474,2580.0,1247.0,1967.0100000000093,2074.3576086956523,1585227.0,13.77610387045047,27.735356496717326,1.0,0.9916579770594369,90.0,2670.0,2531.6666666666665,1.0,59.0,57.333333333333336,0.0,60.0,57.333333333333336,57.0,2523.0,2458.0,89105.0,1496122.0,1340424.3333333333,-0.003119186834951382,0.9947771638943883,0.9954783803179416,135.83529489232254,37.577744814051634,10.605382360260041,28.68530528818326,38.91670988021162,14,0.5458333333333333,-0.28401534470392237,-0.9588197348681932,0.5446390350150266,0.8386705679454244,0.5615024370285042,0.7262419799100189,1.287744416938523,1.006993198424271
63.5,2582.0,58.0,59.0,57.336763987045785,1.0680876912524047,225.01332891013587,253.0669550532834,2519.0,1207.0,1887.0100000000093,2028.864446165763,1365528.0,14.077291951149132,28.78367592924851,1.0,0.9955035707799474,-178.0,2760.0,2670.6666666666665,-2.0,60.0,59.0,-1.0,60.0,59.666666666666664,-61.0,2580.0,2540.6666666666665,-219699.0,1585227.0,1482292.3333333333,0.0038455937205105206,0.9916579770594369,0.9939795705779241,135.7166909352228,37.53973743200355,10.59303047415718,28.662084966386047,38.88678788409578,14,0.5486111111111112,-0.30070579950427306,-0.9537169507482269,0.573576436351046,0.8191520442889918,0.5030228357662044,0.7533827364666972,1.2564055722329015,1.0048941543497993
63.699999999999996,2659.0,60.0,59.0,58.18542729456232,1.0315988838388217,225.72991753098432,252.74646892894629,2524.0,1230.0,1939.0100000000093,2055.030838661151,1475827.0,13.43065715097838,27.064737205448715,1.0,0.9944573449327055,77.0,2582.0,2667.0,2.0,58.0,59.333333333333336,0.0,59.0,59.333333333333336,5.0,2519.0,2541.0,110299.0,1365528.0,1475527.3333333333,-0.0010462258472418995,0.9955035707799474,0.9938729642573633,135.59808697812306,37.50173004995547,10.58067858805432,28.638864644588836,38.85686588797994,14,0.5513888888888888,-0.3173046564050915,-0.9483236552061995,0.6018150231520472,0.7986355100472937,0.5111755684554471,0.761781512375625,1.272957080831072,1.0173692966033485
63.9,2660.0,58.0,60.0,58.196367489694175,1.0424560052677752,225.4729763031177,252.73722118407977,2568.0,1233.0,1926.0100000000093,2070.5518796992483,1517668.0,14.670501815660694,29.75315109362368,1.0,0.9937799307885519,1.0,2659.0,2633.6666666666665,-2.0,60.0,58.666666666666664,1.0,59.0,59.333333333333336,44.0,2524.0,2537.0,41841.0,1475827.0,1453007.6666666667,-0.0006774141441536763,0.9944573449327055,0.9945802821670683,135.47948302102333,37.46372266790738,10.56832670195146,28.615644322791624,38.826943891864104,14,0.5541666666666667,-0.33380685923377096,-0.9426414910921784,0.6293203910498375,0.7771459614569709,0.588093703515639,0.7672141630903524,1.3553078666059915,1.061261014848172
64.1,2605.0,58.0,62.0,57.59157068560553,1.0318325157436716,225.76113304780807,252.61857028448065,2506.0,1210.0,1924.0,2051.2284069097886,1435950.0,15.360899109814476,31.34086788842964,1.0,0.9953215641213135,-55.0,2660.0,2641.3333333333335,0.0,58.0,58.666666666666664,2.0,60.0,60.333333333333336,-62.0,2568.0,2532.6666666666665,-81718.0,1517668.0,1476481.6666666667,0.0015416333327615828,0.9937799307885519,0.9945196132808568,135.3608790639236,37.4257152858593,10.555974815848598,28.59242400099441,38.79702189574827,14,0.5569444444444444,-0.3502073812594669,-0.9366721892483978,0.6560590289905064,0.7547095802227728,0.6321874816543355,0.7473856920197673,1.3795731736741028,1.063479432846935
64.3,2241.0,55.0,53.0,53.41656877553537,1.0439019994087235,225.46958686712048,252.40862841196778,2383.0,1148.0,1757.0,1989.4738955823293,1096911.0,15.937585585860909,32.31098884280702,1.0,0.9997429144205865,-364.0,2605.0,2502.0,-3.0,58.0,57.0,-9.0,62.0,58.333333333333336,-123.0,2506.0,2485.6666666666665,-339039.0,1435950.0,1350176.3333333333,0.004421350299273041,0.9953215641213135,0.9962814697768172,135.24227510682385,37.38770790381121,10.54362292974574,28.569203679197198,38.767099899632434,14,0.5597222222222222,-0.36650122672429736,-0.9304175679820245,0.6819983600624986,0.7313537016191703,0.5601594347955697,0.7106397907763546,1.2707992255719243,0.9907195081741395
64.5,2585.0,57.0,58.0,57.370063823743436,1.0145641429138825,225.30346054951102,252.46797349569397,2532.0,1214.0,1873.0,2051.2479690522246,1424977.0,14.301690373434493,29.090376415577712,1.0,0.9949683398398711,344.0,2241.0,2477.0,2.0,55.0,56.666666666666664,5.0,53.0,57.666666666666664,149.0,2383.0,2473.6666666666665,328066.0,1096911.0,1319279.3333333333,-0.004774574580715396,0.9997429144205865,0.9966776061272569,135.12367114972412,37.349700521763125,10.531271043642878,28.545983357399987,38.737177903516596,14,0.5625,-0.38268343236508967,-0.9238795325112868,0.7071067811865474,0.7071067811865477,0.5287293563185802,0.7028784143702825,1.2316077706888626,0.9672430925295725
64.69999999999999,2631.0,60.0,59.0,57.87826225966199,1.055508487120978,224.96198571222652,252.77022091759136,2567.0,1231.0,1906.0100000000093,2064.28202204485,1484626.0,13.653982352019172,27.536339626028727,1.0,0.9936010820233513,46.0,2585.0,2485.6666666666665,3.0,57.0,57.333333333333336,1.0,58.0,56.666666666666664,35.0,2532.0,2494.0,59649.0,1424977.0,1335504.6666666667,-0.0013672578165198068,0.9949683398398711,0.9961041120946028,135.00506719262438,37.31169313971504,10.518919157540017,28.522763035602775,38.707255907400764,14,0.5652777777777777,-0.3987490689252455,-0.9170600743851244,0.7313537016191695,0.6819983600624997,0.5280789532460594,0.7046905927781618,1.2327695460242212,0.9687300694011916
64.9,2438.0,56.0,56.0,55.71497114837561,1.0160696668182647,226.01362721939623,252.43621810302355,2414.0,1199.0,1849.0,2010.336751435603,1244201.0,12.073224072685589,24.150569351466643,1.0,0.9971773049531386,-193.0,2631.0,2551.3333333333335,-4.0,60.0,57.666666666666664,-3.0,59.0,57.666666666666664,-153.0,2567.0,2504.3333333333335,-240425.0,1484626.0,1384601.3333333333,0.0035762229297873205,0.9936010820233513,0.9952489089387869,134.8957075465436,37.23715392571489,10.518863002631937,28.518809192156958,38.704003470327336,14,0.5680555555555556,-0.41469324265623936,-0.9099612708765431,0.7547095802227725,0.6560590289905067,0.5397723898105115,0.7014305625198032,1.2412029523303145,0.9713167574250589
65.1,2314.0,55.0,55.0,54.27961225466857,1.0407587940364027,225.90570071512815,252.52334588756776,2361.0,1166.0,1814.0100000000093,1985.1322385479689,1122596.0,13.247437853579008,27.115493725912497,1.0,0.9995065010030323,-124.0,2438.0,2461.0,-1.0,56.0,57.0,-1.0,56.0,56.666666666666664,-53.0,2414.0,2447.3333333333335,-121605.0,1244201.0,1283807.6666666667,0.002329196049893678,0.9971773049531386,0.9967616293265072,134.78903173269416,37.15200869598673,10.522376576135244,28.520448842426067,38.70849380845978,14,0.5708333333333333,-0.43051109680829486,-0.9025852843498607,0.7771459614569706,0.629320391049838,0.5389176604480249,0.6976379862753399,1.236555646723365,0.9670968164993524
65.3,2694.0,59.0,60.0,58.567118193714535,1.0141968062536637,225.39185208128214,252.86926200979934,2578.0,1243.0,1950.0100000000093,2076.4517446176687,1552968.0,13.495160504049865,27.313000567495326,1.0,0.9916714317358761,380.0,2314.0,2482.0,4.0,55.0,56.666666666666664,5.0,55.0,57.0,217.0,2361.0,2451.0,430372.0,1122596.0,1306588.3333333333,-0.007835069267156158,0.9995065010030323,0.9961184125640156,134.68235591884468,37.06686346625856,10.525890149638553,28.522088492695172,38.71298414659222,14,0.5736111111111111,-0.4461978131098084,-0.8949343616020253,0.7986355100472923,0.601815023152049,0.5525050253470147,0.6991678191146677,1.2516728444616825,0.9754203317881751
65.5,2628.0,58.0,59.0,57.84525497881402,1.0521758539646349,225.54832318443633,252.7991609574117,2521.0,1217.0,1920.030000000028,2054.4661339421614,1457137.0,15.56197952075483,31.58025461274471,1.0,0.9950999803038424,-66.0,2694.0,2545.3333333333335,-1.0,59.0,57.333333333333336,-1.0,60.0,58.0,-57.0,2578.0,2486.6666666666665,-95831.0,1552968.0,1377567.0,0.003428548567966261,0.9916714317358761,0.9954259710142502,134.5756801049952,36.98171823653039,10.52940372314186,28.52372814296428,38.71747448472466,14,0.5763888888888888,-0.46174861323503374,-0.8870108331782218,0.8191520442889916,0.5735764363510465,0.6343788775672141,0.7066128321761772,1.3409917097433912,1.0238022709597843
65.69999999999999,2695.0,59.0,59.0,58.577987103188036,1.0335340560480097,225.87307876115744,252.60852976089538,2554.0,1236.0,1966.0,2077.665306122449,1556808.0,14.684162407604285,29.966648127543394,1.0,0.9943718172054614,67.0,2628.0,2672.3333333333335,1.0,58.0,58.666666666666664,0.0,59.0,59.333333333333336,33.0,2521.0,2551.0,99671.0,1457137.0,1522304.3333333333,-0.0007281630983809739,0.9950999803038424,0.9937144097483932,134.46900429114575,36.89657300680223,10.532917296645167,28.52536779323339,38.7219648228571,14,0.5791666666666665,-0.47715876025960724,-0.878817112661966,0.8386705679454226,0.5446390350150293,0.7343291261651242,0.7181323417488436,1.4524614679139678,1.0852969048314056
65.9,2571.0,58.0,58.0,57.21449877010287,1.037012029990922,225.67450989379628,252.79549717499154,2494.0,1195.0,1915.0100000000093,2043.0879035394787,1396279.0,16.867616997369648,34.077118422777474,1.0,0.9959134241795515,-124.0,2695.0,2631.3333333333335,-1.0,59.0,58.333333333333336,-1.0,59.0,58.666666666666664,-60.0,2554.0,2523.0,-160529.0,1556808.0,1470074.6666666667,0.001541606974090115,0.9943718172054614,0.9951284072296184,134.36232847729627,36.81142777707405,10.536430870148475,28.527007443502498,38.726455160989545,14,0.5819444444444445,-0.49242356010346733,-0.8703556959398996,0.8571673007021126,0.5150380749100538,0.6099558815854685,0.7122787831589334,1.322234664744402,1.0172567239516677
66.1,2537.0,58.0,57.0,56.834925222024424,1.0393692886359505,225.70355193720715,252.58273629382208,2509.0,1217.0,1884.0,2046.3716988569176,1386145.0,13.157272778201353,26.68332812825267,1.0,0.99600474697813,-34.0,2571.0,2601.0,0.0,58.0,58.333333333333336,-1.0,58.0,58.0,15.0,2494.0,2519.0,-10134.0,1396279.0,1446410.6666666667,9.132279857848591e-05,0.9959134241795515,0.9954299961210475,134.2556526634468,36.72628254734589,10.539944443651782,28.528647093771603,38.73094549912199,14,0.5847222222222221,-0.5075383629607034,-0.8616291604415262,0.874619707139395,0.4848096202463385,0.5539209481673302,0.7095517425044688,1.263472690671799,0.9865122165881339
66.3,2565.0,57.0,58.0,57.147698398498015,1.0190683862973586,225.34235660847006,252.47401947318835,2500.0,1223.0,1908.0100000000093,2054.929044834308,1423393.0,13.309897567979698,26.953663943887108,1.0,0.99395247833873,28.0,2537.0,2557.6666666666665,-1.0,58.0,57.666666666666664,1.0,57.0,57.666666666666664,-9.0,2509.0,2501.0,37248.0,1386145.0,1401939.0,-0.002052268639400001,0.99600474697813,0.9952902164988037,134.14897684959735,36.64113731761772,10.543458017155091,28.530286744040712,38.73543583725443,14,0.5874999999999999,-0.5224985647159484,-0.8526401643540925,0.8910065241883673,0.45399049973954786,0.5317443028983412,0.7687102685326405,1.3004545714309816,1.034582419981811
66.5,2690.0,60.0,59.0,58.52362237026676,1.0384888038122024,225.62329039207265,252.7047540990995,2575.0,1232.0,1954.0100000000093,2077.400371747212,1553207.0,14.555434426948556,29.618406439239774,1.0,0.9939801971018672,125.0,2565.0,2597.3333333333335,3.0,57.0,58.333333333333336,1.0,58.0,58.0,75.0,2500.0,2528.0,129814.0,1423393.0,1454248.3333333333,2.7718763137229985e-05,0.99395247833873,0.9946458074729091,134.04230103574787,36.55599208788955,10.546971590658398,28.53192639430982,38.73992617538687,14,0.5902777777777778,-0.5372996083468239,-0.8433914458128856,0.90630778703665,0.4226182617406993,0.4816615116953733,0.8053827819587202,1.2870442936540933,1.0462135378064068
66.69999999999999,2554.0,57.0,58.0,57.02502781457985,1.0441770759682365,225.18847827523246,252.44455364221704,2487.0,1202.0,1856.0,2021.5097885669538,1331936.0,14.091925687527905,28.991378028648448,1.0,0.9964097374048002,-136.0,2690.0,2603.0,-3.0,60.0,58.0,-1.0,59.0,58.333333333333336,-88.0,2575.0,2520.6666666666665,-221271.0,1553207.0,1436178.6666666667,0.0024295403029329643,0.9939801971018672,0.994780804281799,133.9356252218984,36.47084685816139,10.550485164161707,28.53356604457893,38.74441651351931,14,0.5930555555555554,-0.5519369853120574,-0.8338858220671688,0.9205048534524396,0.39073112848927555,0.4556842822747649,0.7806529789675603,1.2363372612423251,1.0084951201049428
66.9,2443.0,56.0,58.0,55.77207372680348,1.041429811592776,225.40149522073995,252.36555408676125,2607.0,1202.0,1780.0200000000186,2036.6258698321735,1310977.0,15.483073276244104,31.78049716414141,1.0,0.997499574744637,-111.0,2554.0,2562.3333333333335,-1.0,57.0,57.666666666666664,0.0,58.0,58.333333333333336,120.0,2487.0,2556.3333333333335,-20959.0,1331936.0,1398706.6666666667,0.0010898373398368078,0.9964097374048002,0.9959631697504348,133.8289494080489,36.38570162843322,10.553998737665014,28.535205694848035,38.74890685165175,14,0.5958333333333334,-0.5664062369248333,-0.8241261886220154,0.9335804264972022,0.35836794954529916,0.4741268326164881,0.7451890578675707,1.2193158904840589,0.9822524741758147
67.1,1956.0,51.0,50.0,49.904474243317885,1.043040899734166,225.97887265174415,252.83414660719916,2284.0,1117.2499999999418,1633.0100000000093,1941.087934560327,862768.0,13.759053804615986,28.040149785619906,1.0,1.0,-487.0,2443.0,2317.6666666666665,-5.0,56.0,54.666666666666664,-8.0,58.0,55.333333333333336,-323.0,2607.0,2459.3333333333335,-448209.0,1310977.0,1168560.3333333333,0.0025004252553629813,0.997499574744637,0.997969770716479,133.72227359419946,36.300556398705055,10.557512311168322,28.536845345117143,38.753397189784195,14,0.598611111111111,-0.580702955710939,-0.8141155183563198,0.9455185755993162,0.3255681544571584,0.49179324065079105,0.7224506860093125,1.2142439266601035,0.968347306334708
67.3,2551.0,58.0,59.0,56.991526375588506,1.0307301145777032,225.23401728060213,252.81096447222865,2489.0,1208.0,1881.0,2033.314386515092,1360485.0,13.988562012469792,28.5,1.0,0.995391349408483,595.0,1956.0,2316.6666666666665,7.0,51.0,55.0,9.0,50.0,55.666666666666664,205.0,2284.0,2460.0,497717.0,862768.0,1178076.6666666667,-0.0046086505915170495,1.0,0.9976303080510399,133.61559778035,36.215411168976885,10.56102588467163,28.538484995386252,38.75788752791664,14,0.6013888888888889,-0.5948227867513411,-0.8038568606172175,0.9563047559630353,0.2923717047227372,0.4984344400616926,0.7070410553974855,1.2054754954591782,0.9562582754283319
67.5,1882.0,49.0,49.0,48.95137202562944,1.0145283604403283,226.17061211316212,253.33435676325803,2158.0,1094.0,1619.0100000000093,1885.2353878852284,725013.0,11.209346184026876,22.727461078544895,1.0,1.0,-669.0,2551.0,2129.6666666666665,-9.0,58.0,52.666666666666664,-10.0,59.0,52.666666666666664,-331.0,2489.0,2310.3333333333335,-635472.0,1360485.0,982755.3333333334,0.0046086505915170495,0.995391349408483,0.9984637831361609,133.50892196650054,36.130265939248716,10.564539458174938,28.54012464565536,38.76237786604908,14,0.6041666666666666,-0.6087614290087203,-0.7933533402912354,0.9659258262890681,0.2588190451025216,0.5025528950055212,0.694596096768692,1.1971489917742133,0.9458725442714526
67.69999999999999,2731.0,60.0,60.0,58.96793363067532,1.0256396267794607,225.19825769838675,253.09880587108088,2627.0,1246.0,1921.0,2075.928963749542,1572875.0,13.762099567264114,27.857225205959,1.0,0.9903552411984423,849.0,1882.0,2388.0,11.0,49.0,55.666666666666664,11.0,49.0,56.0,469.0,2158.0,2424.6666666666665,847862.0,725013.0,1219457.6666666667,-0.009644758801557685,1.0,0.9952488635356417,133.40224615265106,36.04512070952055,10.568053031678245,28.54176429592447,38.76686820418152,14,0.6069444444444443,-0.6225146366376187,-0.7826081568524146,0.9743700647852347,0.2249510543438671,0.5405570212728318,0.6939803346178286,1.2345373558906605,0.9642588452542445
67.9,2637.0,58.0,59.0,57.94422041469386,1.0110605150577825,225.5315690114256,252.8545110663417,2501.0,1216.0,1899.0,2038.3466059916573,1419620.0,14.250338039116189,28.853076092507017,1.0,0.9934278187120497,-94.0,2731.0,2416.6666666666665,-2.0,60.0,55.666666666666664,-1.0,60.0,56.0,-126.0,2627.0,2428.6666666666665,-153255.0,1572875.0,1239169.3333333333,0.003072577513607344,0.9903552411984423,0.9945943533034973,133.29557033880158,35.95997547979238,10.571566605181554,28.543403946193575,38.77135854231396,14,0.6097222222222223,-0.636078220277764,-0.7716245833877199,0.981627183447664,0.19080899537654472,0.5909906066256864,0.6742149623202172,1.2652055689459036,0.9697102656330604
68.1,2676.0,59.0,58.0,58.37113174944697,1.0579629936776822,225.15171605037975,252.5126230973398,2549.0,1228.0,1906.0100000000093,2050.646113602392,1473529.0,14.431190893905551,29.261749776799064,1.0,0.9932597186753704,39.0,2637.0,2681.3333333333335,1.0,58.0,59.0,-1.0,59.0,59.0,48.0,2501.0,2559.0,53909.0,1419620.0,1488674.6666666667,-0.00016810003667921958,0.9934278187120497,0.9923475928619542,133.18889452495213,35.874830250064214,10.57508017868486,28.545043596462683,38.7758488804464,14,0.6124999999999999,-0.6494480483301832,-0.7604059656000314,0.9876883405951375,0.15643446504023203,0.6238936178283541,0.6542146220035197,1.2781082398318737,0.9661614309176967
68.3,2572.0,57.0,58.0,57.22562458426154,1.032031672719407,224.64872441868886,252.33823042037008,2559.0,1212.0,1884.0100000000093,2031.4412908242614,1366867.0,13.228189636214118,26.953663943887108,1.0,0.9942262122064546,-104.0,2676.0,2628.3333333333335,-2.0,59.0,58.0,0.0,58.0,58.333333333333336,10.0,2549.0,2536.3333333333335,-106662.0,1473529.0,1420005.3333333333,0.0009664935310841338,0.9932597186753704,0.9936379165312915,133.08221871110266,35.789685020336044,10.578593752188167,28.546683246731792,38.78033921857884,14,0.6152777777777777,-0.6626200482157368,-0.7489557207890026,0.9925461516413219,0.12186934340514906,0.5776448347525242,0.7039326344177141,1.2815774691702382,0.9927550517939762
68.5,2283.0,54.0,54.0,53.91480205500505,1.0109184242470135,225.80798667854367,253.382481179843,2478.0,1178.0,1749.0100000000093,2023.1992991677616,1195044.0,14.841212761858356,30.374124853481828,1.0,0.999703776597347,-289.0,2572.0,2510.3333333333335,-3.0,57.0,56.666666666666664,-4.0,58.0,56.666666666666664,-81.0,2559.0,2528.6666666666665,-171823.0,1366867.0,1345146.6666666667,0.00547756439089242,0.9942262122064546,0.9957299024930574,132.97554289725318,35.70453979060788,10.582107325691476,28.5483228970009,38.78482955671128,14,0.6180555555555556,-0.6755902076156601,-0.7372773368101241,0.9961946980917455,0.08715574274765837,0.5609381318104596,0.7182314167620133,1.279169548572473,0.9987004826672432
68.7,2689.0,58.0,59.0,58.512743362389465,1.0588353784943567,225.38284478287204,252.6768352700325,2615.0,1229.0,1920.0,2081.4693194496094,1563571.0,15.787424488302571,32.035136959282696,1.0,0.9942273168279534,406.0,2283.0,2514.6666666666665,4.0,54.0,56.333333333333336,5.0,54.0,57.0,137.0,2478.0,2550.6666666666665,368527.0,1195044.0,1375160.6666666667,-0.0054764597693935935,0.999703776597347,0.996052435210585,132.86886708340373,35.61939456087971,10.585620899194783,28.549962547270006,38.78931989484372,14,0.6208333333333333,-0.6883545756937541,-0.7253743710122875,0.9986295347545739,0.05233595624294354,0.6066803240234144,0.6756783905769195,1.282358714600334,0.9790185525886267
68.9,2764.0,60.0,61.0,59.323132938576244,1.039075807805199,225.0706688466262,252.8254537230306,2611.0,1254.0,1932.0100000000093,2072.685962373372,1582904.0,12.174099577593001,24.5,1.0,0.9919540287977034,75.0,2689.0,2578.6666666666665,2.0,58.0,57.333333333333336,2.0,59.0,58.0,-4.0,2615.0,2568.0,19333.0,1563571.0,1447173.0,-0.0022732880302499536,0.9942273168279534,0.9952950407410013,132.76219126955425,35.53424933115154,10.589134472698092,28.551602197539115,38.79381023297616,14,0.6236111111111112,-0.7009092642998511,-0.7132504491541813,0.9998476951563913,0.017452406437282734,0.5582204049105379,0.6853724765846269,1.2435928814951647,0.9644826790398957
69.1,2551.0,57.0,57.0,56.991526375588506,1.034347180242704,225.63508893710602,253.0182621731311,2491.0,1200.0,1870.0200000000186,2034.2285378283027,1362817.0,15.181111239704178,30.84234102658227,1.0,0.996605560394389,-213.0,2764.0,2668.0,-3.0,60.0,58.333333333333336,-4.0,61.0,59.0,-120.0,2611.0,2572.3333333333335,-220087.0,1582904.0,1503097.3333333333,0.004651531596685521,0.9919540287977034,0.9942623020066819,132.65551545570477,35.44910410142338,10.592648046201399,28.553241847808223,38.798300571108605,14,0.6263888888888888,-0.7132504491541811,-0.7009092642998513,0.9998476951563913,-0.01745240643728212,0.48419657436986907,0.7370827711913353,1.2212793455612043,0.9791810583762698
69.3,2542.0,58.0,58.0,56.89090369045638,1.0998518445104157,224.4524942380156,254.13420711681135,2563.0,1208.0,1857.0100000000093,2030.1439811172306,1347626.0,14.19218002965511,28.991378028648448,1.0,0.9933512710499798,-9.0,2551.0,2619.0,1.0,57.0,58.333333333333336,1.0,57.0,58.666666666666664,72.0,2491.0,2555.0,-15191.0,1362817.0,1431115.6666666667,-0.003254289344409189,0.996605560394389,0.9939702867473574,132.54883964185532,35.36395887169521,10.596161619704707,28.554881498077332,38.80279090924105,14,0.6291666666666667,-0.7253743710122873,-0.6883545756937544,0.9986295347545739,-0.05233595624294293,0.5298766208648157,0.7233733613265028,1.2532499821913186,0.9883116717589107
69.5,2613.0,59.0,59.0,57.67993524955607,1.0308666297805575,225.2807169284496,252.7666678877325,2538.0,1219.0,1916.0100000000093,2064.1492537313434,1474124.0,15.657587869422924,32.0,1.0,0.9943641104818862,71.0,2542.0,2568.6666666666665,1.0,58.0,58.0,1.0,58.0,58.0,-25.0,2563.0,2530.6666666666665,126498.0,1347626.0,1394855.6666666667,0.0010128394319064427,0.9933512710499798,0.9947736473087515,132.44216382800585,35.27881364196704,10.599675193208014,28.556521148346437,38.80728124737349,14,0.6319444444444444,-0.7372773368101239,-0.6755902076156604,0.9961946980917455,-0.08715574274765776,0.6120372738598358,0.6991684583246249,1.3112057321844606,1.0051870952545428
69.7,2523.0,58.0,58.0,56.677891380738714,1.0246895224601689,225.46045983687785,252.73236334990864,2490.0,1200.0,1882.0,2036.3531510107016,1353219.0,15.335137630672058,31.0,1.0,0.9952542788713431,-90.0,2613.0,2559.3333333333335,-1.0,59.0,58.333333333333336,-1.0,59.0,58.333333333333336,-48.0,2538.0,2530.3333333333335,-120905.0,1474124.0,1391656.3333333333,0.0008901683894568801,0.9943641104818862,0.9943232201344031,132.33548801415637,35.19366841223887,10.603188766711323,28.558160798615546,38.81177158550593,14,0.6347222222222223,-0.7489557207890025,-0.6626200482157372,0.9925461516413219,-0.12186934340514845,0.6341585103093946,0.6947670267771108,1.3289255370865054,1.0118462819318081
69.9,2604.0,59.0,58.0,57.58051558027562,1.0618192711070442,225.2566517867965,252.84592442780607,2531.0,1227.0,1920.0,2054.4489247311826,1443785.0,13.327026266189755,27.0,1.0,0.9947859272675641,81.0,2523.0,2580.0,1.0,58.0,58.666666666666664,0.0,58.0,58.333333333333336,41.0,2490.0,2519.6666666666665,90566.0,1353219.0,1423709.3333333333,-0.00046835160377900475,0.9952542788713431,0.9948014388735977,132.22881220030692,35.1085231825107,10.60670234021463,28.559800448884655,38.81626192363837,14,0.6375000000000001,-0.7604059656000312,-0.6494480483301834,0.9876883405951377,-0.15643446504023145,0.550614758648987,0.7143665973121733,1.2649813559611605,0.9896739766366669
70.1,2440.0,57.0,57.0,55.73781919983771,1.0646312871836023,225.585612838048,252.52022194446792,2401.0,1183.0,1839.0,1999.386475409836,1218503.0,13.762912842791048,27.97320146139873,1.0,0.9987853948656671,-164.0,2604.0,2522.3333333333335,-2.0,59.0,58.0,-1.0,58.0,57.666666666666664,-130.0,2531.0,2474.0,-225282.0,1443785.0,1338502.3333333333,0.00399946759810299,0.9947859272675641,0.9962752003348582,132.12213638645744,35.02337795278254,10.610215913717939,28.561440099153764,38.820752261770814,14,0.6402777777777777,-0.7716245833877194,-0.6360782202777646,0.9816271834476643,-0.19080899537654325,0.5494156524319059,0.7308428111803782,1.2802584636122842,1.0055506373963312
70.3,2750.0,60.0,60.0,59.172702727031975,1.0135592991889995,225.33027337421095,252.7338476107702,2613.0,1254.0,1932.0,2079.0530909090908,1592396.0,13.774000311353769,28.0,1.0,0.9909067844933044,310.0,2440.0,2598.0,3.0,57.0,58.666666666666664,3.0,57.0,58.333333333333336,212.0,2401.0,2515.0,373893.0,1218503.0,1418228.0,-0.007878610372362704,0.9987853948656671,0.9948260355421784,132.01546057260796,34.93823272305437,10.613729487221246,28.56307974942287,38.825242599903255,14,0.6430555555555555,-0.7826081568524133,-0.6225146366376203,0.9743700647852357,-0.22495105434386306,0.5575390009718888,0.7121432150501018,1.2696822160219907,0.9909127155360462
70.5,2594.0,58.0,58.0,57.46984756411846,1.0577885968211906,224.9503564228458,252.76504272526708,2572.0,1218.0,1876.0200000000186,2059.508866615266,1451368.0,15.558655010549252,31.81980515339464,1.0,0.9941958207704731,-156.0,2750.0,2594.6666666666665,-2.0,60.0,58.333333333333336,-2.0,60.0,58.333333333333336,-41.0,2613.0,2528.6666666666665,-141028.0,1592396.0,1420755.6666666667,0.0032890362771687,0.9909067844933044,0.9946293333764814,131.90878475875851,34.85308749332621,10.617243060724554,28.564719399691977,38.8297329380357,14,0.6458333333333334,-0.7933533402912349,-0.6087614290087209,0.9659258262890684,-0.2588190451025202,0.6458392545434214,0.6032428524598964,1.2490821070033178,0.926162479731607
70.7,2174.0,54.0,52.0,52.612002150215154,1.0631717037721315,225.34923869896326,252.95213555569052,2321.0,1141.0,1734.0100000000093,1962.005059797608,1004399.0,14.086384957856131,28.844410203711913,1.0,1.0,-420.0,2594.0,2506.0,-4.0,58.0,57.333333333333336,-6.0,58.0,56.666666666666664,-251.0,2572.0,2502.0,-446969.0,1451368.0,1349387.6666666667,0.005804179229526918,0.9941958207704731,0.9950342017545925,131.80210894490904,34.76794226359804,10.620756634227861,28.566359049961086,38.83422327616814,14,0.6486111111111111,-0.8038568606172175,-0.5948227867513409,0.9563047559630352,-0.29237170472273744,0.8615294326596882,0.3802273475359468,1.2417567801956348,0.8109920638657908
70.9,2676.0,60.0,59.0,58.37113174944697,1.0366564217186485,225.080728098167,253.10274320227592,2644.0,1244.0,1931.0,2076.5168161434976,1542759.0,12.755835262949276,25.71478174124758,1.0,0.9939510967040218,502.0,2174.0,2481.3333333333335,6.0,54.0,57.333333333333336,7.0,52.0,56.333333333333336,323.0,2321.0,2512.3333333333335,538360.0,1004399.0,1332842.0,-0.006048903295978181,1.0,0.9960489724914982,131.69543313105956,34.68279703386987,10.624270207731168,28.567998700230195,38.83871361430058,14,0.651388888888889,-0.8141155183563198,-0.5807029557109389,0.9455185755993161,-0.3255681544571587,0.8094915650034368,0.4276165486447446,1.2371081136481814,0.832362331146463
71.1,2505.0,57.0,57.0,56.475349131825496,1.0476434992809258,225.6791771762007,252.6665053257421,2462.0,1202.0,1892.0100000000093,2035.267864271457,1340846.0,13.992352046048822,28.429737951659,1.0,0.9964335949094825,-171.0,2676.0,2451.6666666666665,-3.0,60.0,57.0,-2.0,59.0,56.0,-182.0,2644.0,2475.6666666666665,-201913.0,1542759.0,1296001.3333333333,0.002482498205460648,0.9939510967040218,0.9967948972045014,131.5887573172101,34.597651804141705,10.627783781234477,28.569638350499304,38.84320395243302,14,0.6541666666666666,-0.8241261886220151,-0.5664062369248336,0.9335804264972024,-0.3583679495452986,0.593149716304409,0.6460774309714971,1.2392271472759062,0.9426522891237017
71.3,2631.0,58.0,58.0,57.87826225966199,1.0355783956927054,225.56003286966595,252.829388141977,2504.0,1220.0,1936.0100000000093,2048.5655644241733,1443276.0,14.227735971495298,29.090376415577712,1.0,0.9937240001219448,126.0,2505.0,2604.0,1.0,57.0,58.333333333333336,1.0,57.0,58.0,42.0,2462.0,2536.6666666666665,102430.0,1340846.0,1442293.6666666667,-0.002709594787537628,0.9964335949094825,0.9947028972451498,131.38249104324507,34.71144550564816,10.619035325639102,28.588820266958088,38.829754682284474,14,0.6569444444444444,-0.8338858220671681,-0.5519369853120584,0.9205048534524405,-0.3907311284892734,0.553291913340547,0.692508860081549,1.245800773422096,0.9691548167518225
71.5,2668.0,58.0,59.0,58.28381512352648,1.0200447118512375,225.6051753715858,252.9771332316533,2551.0,1225.0,1946.0100000000093,2067.182908545727,1513244.0,15.774511922950268,32.0,1.0,0.9929383496646939,37.0,2631.0,2601.3333333333335,0.0,58.0,57.666666666666664,1.0,58.0,58.0,47.0,2504.0,2505.6666666666665,69968.0,1443276.0,1432455.3333333333,-0.0007856504572509859,0.9937240001219448,0.9943653148987072,131.13844907751206,34.90069880176085,10.60563575555802,28.614656146454344,38.80950073313279,14,0.6597222222222222,-0.8433914458128855,-0.5372996083468242,0.9063077870366503,-0.4226182617406987,0.5833890257924884,0.6680318886440828,1.2514209144365713,0.9597264015403271
71.7,2607.0,58.0,58.0,57.61367453239352,1.0421581231251824,225.3356046810004,252.7049491135742,2507.0,1212.0,1895.0100000000093,2043.2270809359418,1416193.0,14.316786802475335,29.090376415577712,1.0,0.9954412993144296,-61.0,2668.0,2635.3333333333335,0.0,58.0,58.0,-1.0,59.0,58.333333333333336,-44.0,2551.0,2520.6666666666665,-97051.0,1513244.0,1457571.0,0.0025029496497357417,0.9929383496646939,0.9940345497003561,130.8944071117791,35.08995209787355,10.592236185476935,28.640492025950596,38.78924678398112,14,0.6625000000000001,-0.8526401643540924,-0.5224985647159486,0.8910065241883676,-0.4539904997395473,0.5845742730288307,0.6872551108932853,1.271829383922116,0.9795422474077007
71.9,2549.0,58.0,57.0,56.96918113796204,1.049103754568162,225.42593899741235,252.8346727432243,2494.0,1197.0,1881.0,2030.7803060023539,1352959.0,15.26218902406674,31.38470965295043,1.0,0.9961506594065305,-58.0,2607.0,2608.0,0.0,58.0,58.0,-1.0,58.0,58.0,-13.0,2507.0,2517.3333333333335,-63234.0,1416193.0,1427465.3333333333,0.0007093600921008747,0.9954412993144296,0.9948434361285513,130.65036514604608,35.279205393986246,10.578836615395852,28.66632790544685,38.76899283482944,14,0.6652777777777779,-0.8616291604415258,-0.5075383629607041,0.8746197071393957,-0.48480962024633717,0.5525108551354881,0.7269835025160786,1.2794943576515667,1.0032389300838227
72.1,2352.0,56.0,55.0,54.72348133312703,1.0491038744567038,225.34032562075004,252.5511261036607,2380.0,1170.0,1818.0,1994.450680272109,1162948.0,13.567794488972437,27.518175811634027,1.0,0.9986534221650495,-197.0,2549.0,2502.6666666666665,-2.0,58.0,57.333333333333336,-2.0,57.0,56.666666666666664,-114.0,2494.0,2460.3333333333335,-190011.0,1352959.0,1310700.0,0.002502762758519017,0.9961506594065305,0.9967484602953366,130.40632318031308,35.468458690098934,10.56543704531477,28.692163784943098,38.74873888567776,14,0.6680555555555555,-0.8703556959398996,-0.4924235601034672,0.8571673007021124,-0.515038074910054,0.5602599035027442,0.7162558036186243,1.2765157071213686,0.9963857553699964
72.3,2628.0,58.0,59.0,57.84525497881402,1.0389708951113064,225.61870796905075,252.77936855008934,2512.0,1221.0,1937.0100000000093,2052.5323439878234,1452055.0,14.392190211977013,29.427877939124322,1.0,0.9941889253506238,276.0,2352.0,2509.6666666666665,2.0,56.0,57.333333333333336,4.0,55.0,57.0,132.0,2380.0,2462.0,289107.0,1162948.0,1322654.0,-0.0044644968144257335,0.9986534221650495,0.9963310023074013,130.16228121458008,35.65771198621163,10.552037475233686,28.71799966443935,38.72848493652608,14,0.6708333333333333,-0.8788171126619653,-0.4771587602596087,0.8386705679454244,-0.5446390350150265,0.6355373711204498,0.7000605975896461,1.3355979687100958,1.017829283149871
72.5,2386.0,55.0,55.0,55.117597496063794,1.0320324471991136,226.04226497443844,252.65913086429103,2360.0,1179.0,1848.0100000000093,1987.0481978206203,1162097.0,12.572166132447213,25.5,1.0,0.9987952812889114,-242.0,2628.0,2455.3333333333335,-3.0,58.0,56.333333333333336,-4.0,59.0,56.333333333333336,-152.0,2512.0,2417.3333333333335,-289958.0,1452055.0,1259033.3333333333,0.004606355938287621,0.9941889253506238,0.9972125429348616,129.91823924884707,35.84696528232433,10.538637905152603,28.743835543935603,38.7082309873744,14,0.6736111111111112,-0.8870108331782218,-0.4617486132350336,0.8191520442889914,-0.5735764363510467,0.7190583669867806,0.7434295130678916,1.4624878800546723,1.102958696561282
72.7,2670.0,59.0,60.0,58.30565653899186,1.0098936025413077,225.747100086989,252.80882002799476,2528.0,1233.0,1960.0,2058.424344569288,1490993.0,13.486390216273373,27.212129648375555,1.0,0.9924010374294179,284.0,2386.0,2561.3333333333335,4.0,55.0,57.333333333333336,5.0,55.0,58.0,168.0,2360.0,2466.6666666666665,328896.0,1162097.0,1368381.6666666667,-0.006394243859493498,0.9987952812889114,0.995128414689651,129.6741972831141,36.03621857843702,10.52523833507152,28.76967142343186,38.687977038222726,14,0.6763888888888889,-0.8949343616020251,-0.44619781310980866,0.7986355100472926,-0.6018150231520486,0.6772318261137295,0.7798936549073819,1.4571254810211114,1.1185095679642467
72.9,2546.0,57.0,58.0,56.93564683830091,1.0040000790772348,225.91152006294834,252.9049112214995,2463.0,1205.0,1913.0,2034.1103692065985,1359845.0,13.97300291174397,28.429737951659,1.0,0.996086318661318,-124.0,2670.0,2534.0,-2.0,59.0,57.0,-2.0,60.0,57.666666666666664,-65.0,2528.0,2450.3333333333335,-131148.0,1490993.0,1337645.0,0.0036852812319001504,0.9924010374294179,0.9957608791265491,129.4301553173811,36.22547187454972,10.511838764990436,28.79550730292811,38.667723089071046,14,0.6791666666666667,-0.9025852843498606,-0.43051109680829514,0.7771459614569709,-0.6293203910498374,0.6469394699153161,0.7214956643648872,1.3684351342802032,1.0449653993225452
73.1,2679.0,60.0,59.0,58.40384182864601,1.0541259753077896,225.61354252298966,252.70885139835121,2545.0,1230.0,1933.0100000000093,2060.7708100037325,1502305.0,14.646864782245407,29.75315109362368,1.0,0.9949757206426125,133.0,2546.0,2631.6666666666665,3.0,57.0,58.666666666666664,1.0,58.0,59.0,82.0,2463.0,2512.0,142460.0,1359845.0,1451047.6666666667,-0.0011105980187054998,0.996086318661318,0.9944876922444496,129.1861133516481,36.41472517066241,10.498439194909354,28.82134318242436,38.647469139919366,14,0.6819444444444444,-0.9099612708765428,-0.4146932426562401,0.7547095802227735,-0.6560590289905056,0.657908216185739,0.7039587042795776,1.3618669204653167,1.0329128123724471
73.3,2623.0,60.0,58.0,57.790200949990925,1.0550941019783284,225.52914319403484,252.77260266715209,2525.0,1205.0,1944.0,2061.2969881814715,1472282.0,19.136028963006915,38.939054944875075,1.0,0.995370452128057,-56.0,2679.0,2616.0,0.0,60.0,59.0,-1.0,59.0,58.333333333333336,-20.0,2545.0,2511.0,-30023.0,1502305.0,1444810.6666666667,0.0003947314854444439,0.9949757206426125,0.9954774971439958,128.94207138591509,36.603978466775104,10.485039624828271,28.847179061920613,38.627215190767686,14,0.6847222222222222,-0.9170600743851239,-0.3987490689252466,0.731353701619171,-0.6819983600624979,0.6277639314739321,0.7310401805783476,1.3588041120522798,1.0449221463153138
73.5,2637.0,59.0,60.0,57.94422041469386,1.0407961378033588,225.63185953713287,252.7203945243289,2524.0,1224.0,1933.0,2051.7701934015927,1455018.0,13.409609492855207,27.33587386567329,1.0,0.9947464567448651,14.0,2623.0,2646.3333333333335,-1.0,60.0,59.666666666666664,2.0,58.0,59.0,-1.0,2525.0,2531.3333333333335,-17264.0,1472282.0,1476535.0,-0.000623995383191911,0.995370452128057,0.9950308765051782,128.6980294201821,36.7932317628878,10.471640054747189,28.873014941416866,38.606961241616006,14,0.6875,-0.9238795325112865,-0.38268343236509034,0.7071067811865485,-0.7071067811865467,0.6576315857100188,0.7211182563049909,1.3787498420150097,1.0499340491600004
73.7,2677.0,60.0,58.0,58.38203714547849,1.0364804486829942,225.60197260079454,252.9696503738317,2554.0,1232.0,1955.0,2068.2252521479268,1521139.0,14.522538145834154,29.5,1.0,0.9933234240920784,40.0,2637.0,2645.6666666666665,1.0,59.0,59.666666666666664,-2.0,60.0,58.666666666666664,30.0,2524.0,2534.3333333333335,66121.0,1455018.0,1482813.0,-0.0014230326527866488,0.9947464567448651,0.9944801109883334,128.4539874544491,36.982485059000496,10.458240484666105,28.898850820913122,38.58670729246433,14,0.6902777777777778,-0.9304175679820246,-0.3665012267242972,0.6819983600624984,-0.7313537016191706,0.7322537570284083,0.7151570929621823,1.4474108499905907,1.0812839714763864
73.9,2581.0,57.0,59.0,57.325659742923634,1.0118624480852179,225.86708823947802,252.61321605536506,2501.0,1224.0,1917.0100000000093,2052.900813638125,1427037.0,13.363444038731643,27.064737205448715,1.0,0.9954310925364934,-96.0,2677.0,2631.6666666666665,-3.0,60.0,58.666666666666664,1.0,58.0,59.0,-53.0,2554.0,2526.3333333333335,-94102.0,1521139.0,1467731.3333333333,0.0021076684444150118,0.9933234240920784,0.9945003244578122,128.2099454887161,37.17173835511319,10.444840914585022,28.924686700409374,38.56645334331265,14,0.6930555555555556,-0.9366721892483979,-0.35020738125946677,0.6560590289905062,-0.754709580222773,0.6868976197564047,0.730420913007465,1.4173185327638698,1.0738697228856675
74.1,2685.0,59.0,60.0,58.469207088979,1.0192533102801524,225.66756268263669,252.998601668762,2563.0,1229.0,1968.0100000000093,2072.643202979516,1537547.0,15.787659307278064,32.07023542164915,1.0,0.9928145285965242,104.0,2581.0,2647.6666666666665,2.0,57.0,58.666666666666664,1.0,59.0,59.0,62.0,2501.0,2539.3333333333335,110510.0,1427037.0,1495241.0,-0.0026165639399692298,0.9954310925364934,0.9938563484083653,127.96590352298311,37.36099165122588,10.43144134450394,28.950522579905623,38.54619939416097,14,0.6958333333333333,-0.9426414910921783,-0.33380685923377124,0.629320391049838,-0.7771459614569705,0.5646561856637267,0.7268158460573586,1.2914720317210853,1.0091439388892218
74.3,2532.0,57.0,58.0,56.77889156429026,1.038837868010337,225.5479589344643,253.62464483136563,2495.0,1192.0,1870.0,2030.4202211690363,1343024.0,16.864669637441796,34.20526275297414,1.0,0.9945064272864819,-153.0,2685.0,2599.3333333333335,-2.0,59.0,57.666666666666664,-2.0,60.0,59.0,-68.0,2563.0,2519.6666666666665,-194523.0,1537547.0,1435869.3333333333,0.0016918986899576716,0.9928145285965242,0.9942506828064999,127.72186155725011,37.55024494733858,10.418041774422855,28.976358459401876,38.52594544500929,14,0.6986111111111111,-0.9483236552061992,-0.31730465640509264,0.6018150231520492,-0.7986355100472923,0.6145166129461954,0.7197526873268594,1.3342693002730548,1.0270109937999572
74.5,2130.0,53.0,52.0,52.07686847618525,1.0506629164864276,226.0620936677728,252.64952234770735,2216.0,1120.0,1742.0100000000093,1915.3727699530516,884744.0,12.543956486373375,25.700194551792794,1.0,1.0,-402.0,2532.0,2449.0,-4.0,57.0,56.333333333333336,-6.0,58.0,56.666666666666664,-279.0,2495.0,2424.6666666666665,-458280.0,1343024.0,1255105.0,0.005493572713518136,0.9945064272864819,0.995773651961002,127.4778195915171,37.73949824345127,10.404642204341773,29.00219433889813,38.50569149585761,14,0.7013888888888888,-0.9537169507482267,-0.3007057995042738,0.5735764363510473,-0.819152044288991,0.7926785878925562,0.7036431885440734,1.4963217764366294,1.0999824824903515
74.7,2671.0,60.0,59.0,58.316574179109836,1.0487545013531094,225.6279229368783,252.78716778359563,2545.0,1228.0,1970.0100000000093,2064.081242980157,1506661.0,14.477906794054562,29.436372059070052,1.0,0.9935260818458831,541.0,2130.0,2444.3333333333335,7.0,53.0,56.666666666666664,7.0,52.0,56.333333333333336,329.0,2216.0,2418.6666666666665,621917.0,884744.0,1244809.6666666667,-0.006473918154116909,1.0,0.996010836377455,127.2337776257841,37.92875153956397,10.39124263426069,29.02803021839438,38.48543754670593,14,0.7041666666666667,-0.958819734868193,-0.28401534470392265,0.5446390350150271,-0.838670567945424,0.7361607136407351,0.6822135100861244,1.4183742237268595,1.0502938669064918
74.9,2596.0,58.0,59.0,57.49199820959855,1.044586769385658,225.80177182011082,252.94718959854725,2552.0,1215.0,1885.0100000000093,2064.0435285053927,1464257.0,15.617378471504688,31.78049716414141,1.0,0.9960703619651469,-75.0,2671.0,2465.6666666666665,-2.0,60.0,57.0,0.0,59.0,56.666666666666664,7.0,2545.0,2437.6666666666665,-42404.0,1506661.0,1285220.6666666667,0.0025442801192637754,0.9935260818458831,0.99653214793701,126.98973566005111,38.118004835676665,10.377843064179606,29.053866097890637,38.46518359755426,14,0.7069444444444445,-0.963630453208623,-0.26723837607825707,0.5150380749100546,-0.857167300702112,0.6003421440163903,0.6884745713203608,1.2888167153367511,0.988645643328556
75.1,2462.0,57.0,56.0,55.98853238957037,1.0503773432312344,225.59981448897955,252.7632111420384,2421.0,1199.0,1860.0,2014.091389114541,1265693.0,12.786241764921243,26.0,1.0,0.997623436330927,-134.0,2596.0,2576.3333333333335,-1.0,58.0,58.333333333333336,-3.0,59.0,58.0,-131.0,2552.0,2506.0,-198564.0,1464257.0,1412203.6666666667,0.001553074365780116,0.9960703619651469,0.9957399600473189,126.74569369431812,38.307258131789354,10.364443494098524,29.079701977386886,38.44492964840258,14,0.7097222222222221,-0.9681476403781076,-0.25038000405444183,0.4848096202463378,-0.8746197071393954,0.5041828942970445,0.7389993673921073,1.243182261689152,0.9910908145406296
75.3,2650.0,59.0,59.0,58.08687281605183,1.0616268908125943,225.73035937909253,252.97509278889186,2556.0,1229.0,1906.0,2066.207169811321,1500449.0,14.472235246649017,29.546573405388315,1.0,0.9958025897581324,188.0,2462.0,2569.3333333333335,2.0,57.0,58.0,3.0,56.0,58.0,135.0,2421.0,2509.6666666666665,234756.0,1265693.0,1410133.0,-0.0018208465727945766,0.997623436330927,0.9964987960180687,126.50165172858512,38.49651142790205,10.351043924017441,29.10553785688314,38.4246756992509,14,0.7124999999999999,-0.9723699203976764,-0.233445363855906,0.4539904997395479,-0.8910065241883673,0.4947447838008051,0.773325728926616,1.2680705127274212,1.0206981208270185
75.5,2628.0,59.0,59.0,57.84525497881402,1.065689724303739,225.14744906300632,253.03901152375587,2520.0,1216.0,1905.0100000000093,2042.2918569254186,1425143.0,14.463509177094043,29.5,1.0,0.9945465121745678,-22.0,2650.0,2580.0,0.0,59.0,58.333333333333336,0.0,59.0,58.0,-36.0,2556.0,2499.0,-75306.0,1500449.0,1397095.0,-0.0012560775835646076,0.9958025897581324,0.9959908460878757,126.25760976285211,38.685764724014746,10.337644353936358,29.13137373637939,38.40442175009922,14,0.7152777777777778,-0.9762960071199334,-0.21643961393810282,0.42261826174069933,-0.90630778703665,0.6406597377922171,0.7422752604401056,1.3829349982323227,1.0626051293362142
75.7,2644.0,59.0,58.0,58.021076827992175,1.0438973378273804,225.38497538791628,252.7086626027979,2552.0,1217.0,1922.0100000000093,2060.2053706505294,1481183.0,15.741339172265274,32.00390601161052,1.0,0.9949553836359181,16.0,2628.0,2640.6666666666665,0.0,59.0,59.0,-1.0,59.0,58.666666666666664,32.0,2520.0,2542.6666666666665,56040.0,1425143.0,1468925.0,0.00040887146135026864,0.9945465121745678,0.9951014951895395,126.01356779711912,38.87501802012744,10.324244783855274,29.157209615875644,38.38416780094754,14,0.7180555555555556,-0.9799247046208296,-0.1993679344171973,0.390731128489274,-0.9205048534524403,0.705411102730321,0.7224755702300875,1.4278866729604085,1.075181121595248
75.9,2476.0,57.0,57.0,56.14749426968458,1.0115439347686939,225.86214555529511,252.73131025896222,2459.0,1207.0,1867.0,2025.5068659127626,1301155.0,12.099037116883773,24.413111231467404,1.0,0.9967536534847885,-168.0,2644.0,2582.6666666666665,-2.0,59.0,58.333333333333336,-1.0,58.0,58.0,-93.0,2552.0,2510.3333333333335,-180028.0,1481183.0,1402493.6666666667,0.0017982698488704374,0.9949553836359181,0.9954185164317582,125.76952583138612,39.064271316240145,10.310845213774192,29.1830454953719,38.363913851795864,14,0.7208333333333334,-0.9832549075639547,-0.18223552549214692,0.3583679495452992,-0.9335804264972022,0.5678240119858438,0.7144692281996475,1.2822932401854912,0.9983812341925693
76.1,2185.0,53.0,54.0,52.744937247534295,1.0239178027505726,225.7847598612772,252.681948899046,2403.0,1164.0,1722.0100000000093,1991.4398169336384,1073796.0,13.516182045585731,27.5,1.0,0.9998845218272372,-291.0,2476.0,2435.0,-4.0,57.0,56.333333333333336,-3.0,57.0,56.333333333333336,-56.0,2459.0,2471.3333333333335,-227359.0,1301155.0,1285378.0,0.0031308683424486894,0.9967536534847885,0.997197852982648,125.52548386565313,39.25352461235283,10.29744564369311,29.20888137486815,38.343659902644184,14,0.723611111111111,-0.9862856015372312,-0.16504760586067904,0.3255681544571593,-0.9455185755993158,0.4836963804767657,0.708274948969299,1.1919713294460648,0.9501231392076819
76.3,2708.0,59.0,60.0,58.7190998495619,1.0283895177813827,225.67876648258547,252.6897605844567,2562.0,1243.0,1977.0,2081.888478581979,1575754.0,13.592208864434054,27.5,1.0,0.9912537109218825,523.0,2185.0,2456.3333333333335,6.0,53.0,56.333333333333336,6.0,54.0,57.0,159.0,2403.0,2474.6666666666665,501958.0,1073796.0,1316901.6666666667,-0.008630810905354669,0.9998845218272372,0.9959639620779694,125.28144189992013,39.44277790846552,10.284046073612025,29.2347172543644,38.323405953492504,14,0.7263888888888889,-0.9890158633619167,-0.14780941112961132,0.2923717047227381,-0.9563047559630351,0.48324193456984854,0.7061005931936677,1.1893425277635163,0.947721560478592
76.5,2450.0,56.0,57.0,55.85191925620058,1.0387700463849217,225.17297773783702,252.64613714973257,2570.0,1221.0,1813.0,2046.8416326530612,1339762.0,12.304038439744174,24.9098374141623,1.0,0.996574018370427,-258.0,2708.0,2447.6666666666665,-3.0,59.0,56.0,-3.0,60.0,57.0,8.0,2562.0,2511.6666666666665,-235992.0,1575754.0,1329770.6666666667,0.0053203074485445034,0.9912537109218825,0.9959040837065155,125.03739993418714,39.63203120457822,10.270646503530942,29.260553133860654,38.303152004340824,14,0.7291666666666666,-0.9914448613738104,-0.13052619222005163,0.2588190451025208,-0.9659258262890683,0.532575038482391,0.6723059837276587,1.2048810222100497,0.9385935029688541
76.7,2246.0,54.0,54.0,53.4761256774944,1.0312260665781636,226.2109366095642,252.70059828240304,2373.0,1160.0,1767.0,1992.207479964381,1105498.0,13.487839885574973,27.5,1.0,0.9998896424959611,-204.0,2450.0,2468.0,-2.0,56.0,56.333333333333336,-3.0,57.0,57.0,-197.0,2570.0,2501.6666666666665,-234264.0,1339762.0,1340338.0,0.0033156241255341,0.996574018370427,0.9959057905960903,124.79335796845413,39.821284500690915,10.25724693344986,29.286389013356906,38.28289805518914,14,0.7319444444444445,-0.9935718556765876,-0.11320321376790607,0.22495105434386373,-0.9743700647852356,0.5692982286085307,0.6535450591132346,1.2228432877217652,0.9381941734174999
76.9,2683.0,59.0,59.0,58.447426791300586,1.05174292270162,225.62390859178313,252.68532937668132,2545.0,1222.0,1966.0,2061.6839358926572,1506998.0,15.706793503707233,31.64253466459348,1.0,0.9934903695957128,437.0,2246.0,2459.6666666666665,5.0,54.0,56.333333333333336,5.0,54.0,56.666666666666664,172.0,2373.0,2496.0,401500.0,1105498.0,1317419.3333333333,-0.006399272900248332,0.9998896424959611,0.996651343487367,124.54931600272113,40.01053779680362,10.243847363368776,29.312224892853163,38.26264410603747,14,0.7347222222222223,-0.9953961983671789,-0.09584575252022354,0.19080899537654392,-0.9816271834476641,0.5185460840359246,0.7023348579018962,1.2208809419378208,0.9616078999198585
77.1,2453.0,57.0,58.0,55.88610384733717,1.0340142743357916,225.895812975508,252.67190051594213,2392.0,1180.0,1872.0100000000093,1994.7827150428047,1213702.0,13.58201503279085,27.608875384557045,1.0,0.9977177264270801,-230.0,2683.0,2460.6666666666665,-2.0,59.0,56.666666666666664,-1.0,59.0,57.0,-153.0,2545.0,2436.6666666666665,-293296.0,1506998.0,1275399.3333333333,0.004227356831367324,0.9934903695957128,0.9970325795062513,124.30527403698814,40.1997910929163,10.230447793287693,29.33806077234941,38.24239015688579,14,0.7374999999999999,-0.996917333733128,-0.07845909572784557,0.1564344650402321,-0.9876883405951375,0.4837262128546894,0.7370311569302345,1.2207573697849239,0.9788942633575792
77.3,2132.0,53.0,52.0,52.10131197364772,1.0387733089785318,225.98728880550607,252.94492237317792,2270.0,1130.0,1731.0,1945.014071294559,948770.0,13.84814960378167,28.151376520518493,1.0,1.0,-321.0,2453.0,2422.6666666666665,-4.0,57.0,56.333333333333336,-6.0,58.0,56.333333333333336,-122.0,2392.0,2402.3333333333335,-264932.0,1213702.0,1223156.6666666667,0.0022822735729198795,0.9977177264270801,0.9970693653409309,124.06123207125513,40.389044389028996,10.21704822320661,29.363896651845664,38.22213620773411,14,0.7402777777777777,-0.9981347984218669,-0.06104853953485769,0.12186934340514911,-0.9925461516413219,0.46768480732240647,0.7539215290280389,1.2216063363504452,0.987763932689242
77.5,2637.0,58.0,58.0,57.94422041469386,1.02669154082692,225.694775122207,252.87927944385243,2525.0,1229.0,1939.0,2060.494880546075,1478025.0,13.435807118185272,27.060118255469618,1.0,0.9938323100082881,505.0,2132.0,2407.3333333333335,5.0,53.0,56.0,6.0,52.0,56.0,255.0,2270.0,2395.6666666666665,529255.0,948770.0,1213499.0,-0.006167689991711911,1.0,0.9971833454784561,123.81719010552214,40.57829768514169,10.203648653125528,29.389732531341917,38.20188225858243,14,0.7430555555555556,-0.9990482215818578,-0.04361938736533613,0.08715574274765844,-0.9961946980917455,0.48228148915847824,0.7584410096274008,1.240722498785879,0.9995817542066399
77.7,2462.0,56.0,57.0,55.98853238957037,1.028392628367416,226.1186079074633,252.69461048798746,2401.0,1185.0,1881.0100000000093,2002.4199837530464,1236958.0,13.645345745858535,27.518175811634027,1.0,0.9973984565361153,-175.0,2637.0,2410.3333333333335,-2.0,58.0,55.666666666666664,-1.0,58.0,55.666666666666664,-124.0,2525.0,2398.6666666666665,-241067.0,1478025.0,1221251.0,0.003566146527827163,0.9938323100082881,0.9970769221814678,123.91422351934303,40.657542103990224,10.207476152871608,29.421335519644025,38.21663020721246,14,0.7458333333333333,-0.9996573249755573,-0.026176948307873482,0.052335956242944494,-0.9986295347545738,0.5168967054366888,0.7429711235709162,1.2598678290076049,1.0014194762892605
77.9,2790.0,60.0,60.0,59.60149603668606,1.0348777465054366,225.86223720686482,252.9418603058975,2575.0,1237.0,2022.0,2075.8716845878134,1606682.0,15.853113922998377,32.449961479175904,1.0,0.9901449073307599,328.0,2462.0,2629.6666666666665,4.0,56.0,58.0,3.0,57.0,58.333333333333336,174.0,2401.0,2500.3333333333335,369724.0,1236958.0,1440555.0,-0.00725354920535537,0.9973984565361153,0.9937918912917211,124.17547841220835,40.6838192856375,10.219598167719656,29.455715264037842,38.2482309214411,14,0.7486111111111112,-0.9999619230641713,-0.008726535498373576,0.017452406437282793,-0.9998476951563913,0.5481564961479267,0.6759434362241459,1.2240999323720725,0.9500216842981092
78.1,2473.0,56.0,57.0,56.11346891905772,1.0198700479564204,225.83910043526046,252.5280126015244,2420.0,1186.0,1867.0100000000093,2009.5693489688638,1260165.0,13.812554735053997,28.040149785619906,1.0,0.9973130502751624,-317.0,2790.0,2575.0,-4.0,60.0,57.333333333333336,-3.0,60.0,58.0,-155.0,2575.0,2465.3333333333335,-346517.0,1606682.0,1367935.0,0.007168142944402489,0.9901449073307599,0.9949521380473457,124.43673330507366,40.710096467284764,10.231720182567702,29.490095008431656,38.27983163566972,14,0.7513888888888888,-0.9999619230641713,0.008726535498373208,-0.017452406437282058,-0.9998476951563913,0.5642289697338518,0.6229656700754502,1.187194639809302,0.9050801549423761
78.3,2498.0,57.0,57.0,56.396386256110745,1.026306643166453,225.96810451724465,252.64659506644637,2426.0,1188.0,1910.0100000000093,2020.4147317854283,1299996.0,15.1861838585956,30.5,1.0,0.9970615294200905,25.0,2473.0,2587.0,1.0,56.0,57.666666666666664,0.0,57.0,58.0,6.0,2420.0,2473.6666666666665,39831.0,1260165.0,1388947.6666666667,-0.00025152085507185173,0.9973130502751624,0.994839829008671,124.69798819793898,40.73637364893204,10.24384219741575,29.524474752825473,38.31143234989836,14,0.7541666666666667,-0.9996573249755573,0.026176948307873114,-0.05233595624294376,-0.9986295347545738,0.5043248621041126,0.678604236915124,1.1829290990192365,0.9307666679671802
78.5,2716.0,60.0,60.0,58.80577015481306,1.0332464164924533,226.01159676804673,253.15482478240074,2580.0,1235.0,1976.0100000000093,2075.8041237113403,1563884.0,14.67640622212317,29.75315109362368,1.0,0.9938729470983781,218.0,2498.0,2562.3333333333335,3.0,57.0,57.666666666666664,3.0,57.0,58.0,154.0,2426.0,2475.3333333333335,263888.0,1299996.0,1374681.6666666667,-0.0031885823217123743,0.9970615294200905,0.9960825089312104,124.95924309080432,40.762650830579304,10.255964212263798,29.55885449721929,38.34303306412699,14,0.7569444444444444,-0.9990482215818578,0.043619387365335764,-0.08715574274765771,-0.9961946980917455,0.48271601634888833,0.7228547201102259,1.2055707364591142,0.96421272828467
78.7,2687.0,59.0,59.0,58.49097927632416,1.0213833410914341,225.97969742628956,252.91747440094207,2514.0,1232.0,1960.0,2054.011537030145,1488629.0,13.54781658635119,27.225906780123964,1.0,0.9936572510679289,-29.0,2716.0,2633.6666666666665,-1.0,60.0,58.666666666666664,-1.0,60.0,58.666666666666664,-66.0,2580.0,2506.6666666666665,-75255.0,1563884.0,1450836.3333333333,-0.00021569603044924168,0.9938729470983781,0.994863909195466,125.22049798366965,40.78892801222658,10.268086227111846,29.593234241613107,38.37463377835562,14,0.7597222222222223,-0.9981347984218669,0.061048539534857324,-0.12186934340514839,-0.9925461516413219,0.4798825101278511,0.7294443758204547,1.2093268859483057,0.9693856308843802
78.9,2488.0,58.0,57.0,56.28338997698242,1.033475537492294,225.8906697038153,252.7056667487094,2410.0,1194.0,1887.0100000000093,2012.7644694533763,1275758.0,12.813788036532795,26.086394921491163,1.0,0.9967501673514882,-199.0,2687.0,2630.3333333333335,-1.0,59.0,59.0,-2.0,59.0,58.666666666666664,-104.0,2514.0,2501.3333333333335,-212871.0,1488629.0,1442757.0,0.0030929162835593438,0.9936572510679289,0.9947601218392651,125.48175287653497,40.815205193873844,10.280208241959894,29.62761398600692,38.406234492584254,14,0.7625000000000001,-0.996917333733128,0.07845909572784521,-0.15643446504023137,-0.9876883405951377,0.4773644767809513,0.7146492540795488,1.1920137308605,0.9533314924700245
79.1,2755.0,59.0,60.0,59.226471663820845,1.051537874936912,225.64706587540596,252.33947361604177,2642.0,1240.0,2014.0200000000186,2102.5288566243194,1659969.0,15.901017260605272,32.07023542164915,1.0,0.985953954561802,267.0,2488.0,2643.3333333333335,1.0,58.0,58.666666666666664,3.0,57.0,58.666666666666664,232.0,2410.0,2522.0,384211.0,1275758.0,1474785.3333333333,-0.010796212789686233,0.9967501673514882,0.9921204576604064,125.74300776940028,40.84148237552112,10.292330256807942,29.661993730400738,38.437835206812885,14,0.7652777777777777,-0.9953961983671789,0.09584575252022316,-0.1908089953765432,-0.9816271834476643,0.4436077899601207,0.7052821068837513,1.1488898968438719,0.9270860018638116
79.3,2315.0,55.0,55.0,54.2913395125033,1.005018716339451,226.09481580932976,252.65901067743155,2335.0,1162.0,1810.0100000000093,1977.46090712743,1105322.0,13.235464311857216,27.0,1.0,0.9992418498862775,-440.0,2755.0,2519.3333333333335,-4.0,59.0,57.333333333333336,-5.0,60.0,57.333333333333336,-307.0,2642.0,2462.3333333333335,-554647.0,1659969.0,1347016.3333333333,0.013287895324475496,0.985953954561802,0.993981990599856,126.00426266226562,40.867759557168384,10.30445227165599,29.69637347479455,38.46943592104152,14,0.7680555555555555,-0.9935718556765876,0.1132032137679057,-0.224951054343863,-0.9743700647852357,0.4410545491304195,0.699936865594792,1.1409914147252116,0.9204641401600018
79.5,2730.0,60.0,59.0,58.9571366089551,1.0433406130366512,225.60712554271805,253.0640863974899,2592.0,1235.0,1969.0,2079.5175824175826,1582083.0,15.847401640030677,32.5,1.0,0.9933391610933181,415.0,2315.0,2600.0,5.0,55.0,58.0,4.0,55.0,58.0,257.0,2335.0,2523.0,476761.0,1105322.0,1449124.6666666667,-0.00590268879295941,0.9992418498862775,0.9928449885137992,126.26551755513094,40.89403673881566,10.316574286504038,29.73075321918837,38.501036635270154,14,0.7708333333333334,-0.9914448613738105,0.13052619222005127,-0.25881904510252013,-0.9659258262890684,0.5260376437810247,0.7005717689994573,1.226609412780482,0.9635905908899697
79.7,2403.0,55.0,56.0,55.31360254041131,1.0051462015145067,225.95532363626694,252.84855341751788,2405.0,1184.0,1865.0,2000.7856845609654,1203388.0,12.65459774442794,25.59785147234041,1.0,0.9974073199998671,-327.0,2730.0,2482.6666666666665,-5.0,60.0,56.666666666666664,-3.0,59.0,56.666666666666664,-187.0,2592.0,2444.0,-378695.0,1582083.0,1296931.0,0.004068158906548991,0.9933391610933181,0.9966627769931543,126.52677244799627,40.920313920462924,10.328696301352085,29.765132963582186,38.532637349498785,14,0.7736111111111111,-0.9890158633619168,0.14780941112961096,-0.2923717047227374,-0.9563047559630353,0.6243946510996883,0.7289808599916507,1.353375511091339,1.041178185541495
79.9,1999.0,51.0,50.0,50.45003320044091,1.0265932671740587,226.48330122162602,252.84598258371489,2139.0,1100.0,1682.0,1862.19859929965,724035.0,10.406225201121712,21.0,1.0,1.0,-404.0,2403.0,2377.3333333333335,-4.0,55.0,55.333333333333336,-6.0,56.0,55.0,-266.0,2405.0,2378.6666666666665,-479353.0,1203388.0,1169835.3333333333,0.0025926800001329076,0.9974073199998671,0.9969154936977285,126.7880273408616,40.9465911021102,10.340818316200133,29.799512707976003,38.564238063727416,14,0.776388888888889,-0.9862856015372312,0.16504760586067868,-0.32556815445715864,-0.9455185755993162,0.643505243084763,0.7562392382157564,1.3997444813005195,1.077991859758138
80.1,2385.0,55.0,55.0,55.10604607657279,1.0343234274529491,226.16692677727298,252.68586826887855,2359.0,1161.0,1854.0100000000093,1983.0498951781972,1152074.0,14.494469728274286,29.261749776799064,1.0,0.9986198803201878,386.0,1999.0,2262.3333333333335,4.0,51.0,53.666666666666664,5.0,50.0,53.666666666666664,220.0,2139.0,2301.0,428039.0,724035.0,1026499.0,-0.0013801196798122195,1.0,0.9986757334400184,127.04928223372691,40.972868283757464,10.35294033104818,29.833892452369817,38.59583877795605,14,0.7791666666666666,-0.9832549075639547,0.18223552549214656,-0.35836794954529855,-0.9335804264972024,0.6257761489485678,0.778030639065465,1.4038067880140328,1.090918713539749
80.3,2494.0,57.0,57.0,56.35121493428066,1.017721407286627,226.1312999633946,252.61237340638667,2421.0,1180.0,1907.0,2009.3444266238973,1270305.0,14.904522171109338,30.103986446980738,1.0,0.9967598332683884,109.0,2385.0,2292.6666666666665,2.0,55.0,54.333333333333336,2.0,55.0,54.0,62.0,2359.0,2306.3333333333335,118231.0,1152074.0,1048804.6666666667,-0.0018600470517994294,0.9986198803201878,0.9984599045295255,127.31053712659224,40.99914546540474,10.365062345896227,29.868272196763634,38.62743949218468,14,0.7819444444444444,-0.9799247046208297,0.19936793441719694,-0.3907311284892733,-0.9205048534524405,0.5455812640957166,0.7908610157374552,1.3364422798331717,1.0636516477853135
80.5,2731.0,60.0,59.0,58.96793363067532,1.0223108346066405,225.94951604363834,252.8408926640551,2552.0,1230.0,1991.0,2071.9593555474185,1562021.0,15.776952264448559,32.07023542164915,1.0,0.9918656663386728,237.0,2494.0,2536.6666666666665,3.0,57.0,57.333333333333336,2.0,57.0,57.0,131.0,2421.0,2444.0,291716.0,1270305.0,1328133.3333333333,-0.00489416692971556,0.9967598332683884,0.9957484599757497,127.57179201945756,41.025422647052004,10.377184360744275,29.902651941157448,38.659040206413316,14,0.7847222222222222,-0.9762960071199335,0.21643961393810246,-0.42261826174069866,-0.9063077870366504,0.5351935223208797,0.7649880989769662,1.3001816212978459,1.0325848601374061
80.7,2599.0,57.0,58.0,57.52520818533982,1.021518920283407,225.26403045950585,252.78339282110994,2583.0,1232.0,1895.0100000000093,2081.5756060023086,1511515.0,14.521641614471612,29.5,1.0,0.9951188046430237,-132.0,2731.0,2608.0,-3.0,60.0,58.0,-1.0,59.0,58.0,31.0,2552.0,2518.6666666666665,-50506.0,1562021.0,1447947.0,0.003253138304350922,0.9918656663386728,0.9945814347500282,127.8330469123229,41.05169982869928,10.389306375592323,29.937031685551265,38.69064092064195,14,0.7875000000000001,-0.9723699203976766,0.23344536385590567,-0.45399049973954725,-0.8910065241883677,0.5958772991141192,0.7058844654123477,1.301761764526467,1.0038231149694075
80.9,2598.0,59.0,59.0,57.51414032411467,1.0237706030382923,225.84282660745276,252.60004521991323,2495.0,1213.0,1929.0,2051.5769822940724,1432997.0,14.374240852947539,29.295904150580505,1.0,0.9950160398102718,-1.0,2599.0,2642.6666666666665,2.0,57.0,58.666666666666664,1.0,58.0,58.666666666666664,-88.0,2583.0,2543.3333333333335,-78518.0,1511515.0,1502177.6666666667,-0.00010276483275195591,0.9951188046430237,0.9940001702639893,128.09430180518822,41.077977010346544,10.40142839044037,29.971411429945082,38.72224163487058,14,0.7902777777777779,-0.9681476403781077,0.25038000405444144,-0.4848096202463371,-0.8746197071393957,0.6965511448587944,0.6670207876929622,1.3635719325517568,1.0152963601223595
81.1,2607.0,58.0,59.0,57.61367453239352,1.0450402659053144,225.6340905202219,252.84455350059886,2496.0,1223.0,1924.0100000000093,2042.5232067510549,1414358.0,12.46713932635083,25.10975905897944,1.0,0.9950564142883203,9.0,2598.0,2601.3333333333335,-1.0,59.0,58.0,0.0,59.0,58.666666666666664,1.0,2495.0,2524.6666666666665,-18639.0,1432997.0,1452956.6666666667,4.037447804849936e-05,0.9950160398102718,0.9950637529138721,128.35555669805353,41.10425419199382,10.413550405288419,30.005791174338896,38.75384234909921,14,0.7930555555555555,-0.9636304532086231,0.26723837607825673,-0.5150380749100539,-0.8571673007021124,0.7907145976133825,0.6610004300237929,1.4517150276371753,1.0563577288304842
81.3,2168.0,53.0,52.0,52.53935032892806,1.066529096067105,226.141881020362,252.66508328745374,2262.0,1138.0,1759.0200000000186,1932.3044280442805,937236.0,11.84852961117499,24.052026941611388,1.0,1.0,-439.0,2607.0,2457.6666666666665,-5.0,58.0,56.666666666666664,-7.0,59.0,56.666666666666664,-234.0,2496.0,2417.6666666666665,-477122.0,1414358.0,1261530.3333333333,0.004943585711679743,0.9950564142883203,0.9966908180328641,128.61681159091887,41.130531373641084,10.425672420136467,30.040170918732713,38.78544306332784,14,0.7958333333333333,-0.9588197348681932,0.2840153447039223,-0.5446390350150265,-0.8386705679454244,0.7355616654996929,0.66201186080711,1.397573526306803,1.0297926935569566
81.5,2246.0,55.0,54.0,53.4761256774944,1.03975879683522,226.13870051346598,252.62085565900682,2296.0,1142.0,1797.0100000000093,1954.1967943009795,1020126.0,12.946185951555941,26.348624252510795,1.0,0.9998804069301244,78.0,2168.0,2340.3333333333335,2.0,53.0,55.333333333333336,2.0,52.0,55.0,34.0,2262.0,2351.3333333333335,82890.0,937236.0,1123906.6666666667,-0.00011959306987563423,1.0,0.9983122737394816,128.87806648378418,41.15680855528836,10.437794434984514,30.07455066312653,38.81704377755648,14,0.7986111111111112,-0.9537169507482268,0.30070579950427345,-0.5735764363510467,-0.8191520442889914,0.6341434550737948,0.6903388257403964,1.3244822808141912,1.007410553277294
81.7,2188.0,54.0,54.0,52.78113416629597,1.0406674989605043,226.0649879338396,252.46229584819116,2318.0,1149.0,1745.0,1961.5397623400365,1009849.0,12.137390244494416,24.520399670478458,1.0,0.9999980195058865,-58.0,2246.0,2200.6666666666665,-1.0,55.0,54.0,0.0,54.0,53.333333333333336,22.0,2296.0,2292.0,-10277.0,1020126.0,989070.3333333334,0.00011761257576214934,0.9998804069301244,0.9999594754786703,129.13932137664952,41.183085736935624,10.449916449832562,30.108930407520344,38.84864449178511,14,0.8013888888888889,-0.9483236552061993,0.31730465640509226,-0.6018150231520485,-0.7986355100472926,0.5621323516739788,0.7068325539602649,1.2689649056342438,0.9878987297972543
81.9,2394.0,56.0,56.0,55.20992184468277,1.0231625322988775,226.3368351085019,252.74248711779242,2496.0,1201.0,1814.0,2050.502506265664,1317903.0,14.0286222579255,28.600699292150182,1.0,0.9992427363774117,206.0,2188.0,2276.0,2.0,54.0,55.0,2.0,54.0,54.666666666666664,178.0,2318.0,2370.0,308054.0,1009849.0,1115959.3333333333,-0.0007552831284748374,0.9999980195058865,0.9997070542711408,129.40057626951486,41.2093629185829,10.46203846468061,30.14331015191416,38.88024520601374,14,0.8041666666666667,-0.9426414910921784,0.3338068592337709,-0.6293203910498374,-0.7771459614569709,0.5499552473821635,0.7251856695599845,1.275140916942148,1.0001632932510662
82.1,2566.0,59.0,58.0,57.15883721517109,1.0188721386512474,225.99382621580827,252.7263378768768,2459.0,1202.0,1932.0100000000093,2037.3082618862043,1378733.0,15.298497367148084,31.016124838541646,1.0,0.9955669444337664,172.0,2394.0,2382.6666666666665,3.0,56.0,56.333333333333336,2.0,56.0,56.0,-37.0,2496.0,2424.3333333333335,60830.0,1317903.0,1235495.0,-0.0036757919436453124,0.9992427363774117,0.9982692334390215,129.66183116238017,41.235640100230164,10.474160479528656,30.177689896307974,38.91184592024237,14,0.8069444444444444,-0.936672189248398,0.3502073812594664,-0.6560590289905056,-0.7547095802227735,0.6012473030003838,0.7167742220737383,1.318021525074122,1.0173978735739302
82.3,2229.0,55.0,53.0,53.27336055867583,1.0599313234663175,225.82614038953776,252.7392138803662,2338.0,1147.0,1769.0200000000186,1976.3903095558546,1061874.0,14.488639190649957,29.261749776799064,1.0,0.9999472630462748,-337.0,2566.0,2396.3333333333335,-4.0,59.0,56.666666666666664,-5.0,58.0,55.666666666666664,-121.0,2459.0,2431.0,-316859.0,1378733.0,1252836.6666666667,0.004380318612508427,0.9955669444337664,0.998252314619151,129.92308605524548,41.26191728187744,10.486282494376704,30.21206964070179,38.943446634471,14,0.8097222222222222,-0.9304175679820247,0.36650122672429686,-0.6819983600624978,-0.7313537016191711,0.6122286527700556,0.6918246300622719,1.3040532828323275,0.9979389564472997
82.5,2618.0,59.0,59.0,57.735094423726856,1.0275687208838518,225.9216554650013,252.89891950937948,2510.0,1221.0,1930.0100000000093,2053.88922841864,1450082.0,14.324273832754034,29.090376415577712,1.0,0.9946582331206097,389.0,2229.0,2471.0,4.0,55.0,57.666666666666664,6.0,53.0,56.666666666666664,172.0,2338.0,2435.6666666666665,388208.0,1061874.0,1296896.3333333333,-0.005289029925665045,0.9999472630462748,0.9967241468668836,130.18434094811082,41.288194463524704,10.498404509224752,30.24644938509561,38.97504734869963,14,0.8125,-0.9238795325112866,0.38268343236509,-0.7071067811865479,-0.7071067811865472,0.5520492643047088,0.678461759950999,1.2305110242557078,0.9544863921033534
82.7,2385.0,56.0,55.0,55.10604607657279,1.0305326498094451,226.20300332928144,252.64041754665615,2343.0,1164.0,1852.0,1980.8360587002096,1146794.0,13.364370028950542,27.060118255469618,1.0,0.9988332690962806,-233.0,2618.0,2410.6666666666665,-3.0,59.0,56.666666666666664,-4.0,59.0,55.666666666666664,-167.0,2510.0,2397.0,-303288.0,1450082.0,1219583.3333333333,0.0041750359756708155,0.9946582331206097,0.9978129217543884,130.44559584097615,41.31447164517198,10.510526524072802,30.280829129489426,39.00664806292827,14,0.8152777777777778,-0.917060074385124,0.39874906892524625,-0.7313537016191706,-0.6819983600624985,0.5003608542740827,0.6755670261271436,1.1759278804012263,0.925747453264185
82.9,2601.0,58.0,59.0,57.54733752187114,1.011058501676906,225.95747555429597,252.78986037277917,2520.0,1225.0,1938.030000000028,2053.486735870819,1439619.0,12.380682656665961,24.9899979991996,1.0,0.9951959511509643,216.0,2385.0,2534.6666666666665,2.0,56.0,57.666666666666664,4.0,55.0,57.666666666666664,177.0,2343.0,2457.6666666666665,292825.0,1146794.0,1345498.3333333333,-0.0036373179453162985,0.9988332690962806,0.9962291511226183,130.70685073384146,41.34074882681925,10.52264853892085,30.31520887388324,39.0382487771569,14,0.8180555555555556,-0.9099612708765429,0.4146932426562397,-0.754709580222773,-0.6560590289905062,0.5011658711384381,0.6797155877867181,1.1808814589251564,0.9302985233559373
83.1,2670.0,59.0,60.0,58.30565653899186,1.0096973418260726,226.03601779642423,252.81320738183976,2560.0,1226.0,1960.0200000000186,2068.476779026217,1517868.0,14.480292539322464,29.47032405658275,1.0,0.9926106881494307,69.0,2601.0,2552.0,1.0,58.0,57.666666666666664,1.0,59.0,58.0,40.0,2520.0,2474.3333333333335,78249.0,1439619.0,1368093.6666666667,-0.002585263001533611,0.9951959511509643,0.9955466361322252,130.96810562670677,41.36702600846652,10.534770553768896,30.349588618277057,39.06984949138553,14,0.8208333333333333,-0.9025852843498607,0.4305110968082948,-0.7771459614569705,-0.629320391049838,0.5913283938751586,0.6993786897670288,1.2907070836421874,0.9950428867046082
83.3,2092.0,52.0,52.0,51.61024246780827,1.0394707536998808,226.38416048225193,252.4222691902257,2275.0,1125.0,1712.0,1951.1974187380497,943905.0,13.945720222735998,28.217902119044926,1.0,1.0,-578.0,2670.0,2454.3333333333335,-7.0,59.0,56.333333333333336,-8.0,60.0,57.0,-285.0,2560.0,2451.6666666666665,-573963.0,1517868.0,1300464.0,0.007389311850569347,0.9926106881494307,0.9959355464334649,131.2293605195721,41.393303190113784,10.546892568616943,30.38396836267087,39.101450205614164,14,0.8236111111111111,-0.8949343616020253,0.44619781310980833,-0.7986355100472922,-0.6018150231520492,0.7716162878087246,0.7124172619940661,1.4840335498027906,1.0982254058984284
83.5,2492.0,57.0,58.0,56.32861568936366,1.0309126072848114,225.89038386737613,252.99794742943428,2440.0,1197.0,1892.0100000000093,2025.1215890850722,1308603.0,13.926544742563065,28.111385593741193,1.0,0.9971404620041372,400.0,2092.0,2418.0,5.0,52.0,56.0,6.0,52.0,56.666666666666664,165.0,2275.0,2425.0,364698.0,943905.0,1256792.0,-0.002859537995862804,1.0,0.996583716717856,131.49061541243745,41.41958037176106,10.559014583464991,30.418348107064688,39.133050919842795,14,0.8263888888888888,-0.887010833178222,0.46174861323503325,-0.8191520442889909,-0.5735764363510473,0.5996948762837999,0.6958367707796175,1.2955316470634173,0.9956842089215174
83.7,2643.0,58.0,59.0,58.01010357459324,1.012920625114139,225.9341466928044,252.8600111482022,2655.0,1252.0,1924.0100000000093,2104.1127506621265,1596670.0,13.725520337035446,27.97320146139873,1.0,0.9942142083210682,151.0,2492.0,2409.0,1.0,57.0,55.666666666666664,1.0,58.0,56.333333333333336,215.0,2440.0,2456.6666666666665,288067.0,1308603.0,1283059.3333333333,-0.00292625368306898,0.9971404620041372,0.9971182234417352,131.75187030530276,41.44585755340833,10.57113659831304,30.452727851458505,39.164651634071426,14,0.8291666666666667,-0.8788171126619654,0.47715876025960835,-0.8386705679454239,-0.5446390350150272,0.4546607498106659,0.7195515378135865,1.1742122876242524,0.9468819127189194
83.9,2642.0,58.0,59.0,57.99912824508917,1.0135631688767839,226.44895031816608,252.8132691232461,2567.0,1229.0,1934.0200000000186,2068.6449659348978,1502360.0,14.460313842605016,29.449108645254444,1.0,0.9941026118906254,-1.0,2643.0,2592.3333333333335,0.0,58.0,57.666666666666664,0.0,59.0,58.666666666666664,-88.0,2655.0,2554.0,-94310.0,1596670.0,1469211.0,-0.00011159643044278411,0.9942142083210682,0.995152427405277,132.0131251981681,41.4721347350556,10.583258613161087,30.487107595852322,39.196252348300064,14,0.8319444444444445,-0.8703556959398998,0.4924235601034669,-0.857167300702112,-0.5150380749100546,0.3633935468101652,0.7627125709355715,1.1261061177457368,0.9444093443406542
84.1,2548.0,58.0,58.0,56.95800523179507,1.0077620867508432,225.89168778632148,252.7722220557179,2459.0,1201.0,1932.0200000000186,2036.8912872841445,1367999.0,14.170674500099873,28.991378028648448,1.0,0.9952075988359641,-94.0,2642.0,2611.0,0.0,58.0,58.0,-1.0,59.0,58.666666666666664,-108.0,2567.0,2560.3333333333335,-134361.0,1502360.0,1489009.6666666667,0.0011049869453386707,0.9941026118906254,0.9945081396825527,132.159366224026,41.397888741464435,10.580263267918717,30.46313258583931,39.2007263993225,14,0.8347222222222221,-0.861629160441526,0.5075383629607038,-0.8746197071393954,-0.48480962024633784,0.36883965455540685,0.7588292432735245,1.1276688978289313,0.943249070551228
84.3,2694.0,59.0,59.0,58.567118193714535,1.0140078142740356,225.86623313031353,252.61043087923855,2510.0,1223.0,2011.0,2048.084261321455,1476539.0,13.281393924949484,26.953663943887108,1.0,0.9918051605816033,146.0,2548.0,2628.0,1.0,58.0,58.333333333333336,1.0,58.0,58.666666666666664,51.0,2459.0,2512.0,108540.0,1367999.0,1448966.0,-0.003402438254360818,0.9952075988359641,0.9937051237693977,132.2365989296795,41.2633288427302,10.568197506622095,30.40414472318221,39.18892445242122,14,0.8374999999999999,-0.8526401643540925,0.5224985647159484,-0.8910065241883672,-0.45399049973954797,0.48306205461090046,0.7156467164856456,1.198708771096546,0.9571777437910958
84.5,2617.0,58.0,59.0,57.72406680555278,1.0118300607728634,226.0467381346645,252.8366277522151,2499.0,1225.0,1966.0,2052.6690867405428,1446335.0,12.528607832637993,25.04495957273639,1.0,0.9935699544019885,-77.0,2694.0,2619.6666666666665,-1.0,59.0,58.333333333333336,0.0,59.0,58.666666666666664,-11.0,2510.0,2489.3333333333335,-30204.0,1476539.0,1430291.0,0.001764793820385191,0.9918051605816033,0.9935275712731851,132.31383163533297,41.12876894399597,10.556131745325475,30.345156860525112,39.17712250551995,14,0.8402777777777778,-0.8433914458128857,0.5372996083468239,-0.90630778703665,-0.4226182617406994,0.4815366337816128,0.7033717096569688,1.1849083434385816,0.9441400265477753
84.7,2182.0,53.0,54.0,52.70871547108813,1.012107479478988,226.3551308847288,252.7937286048377,2210.0,1123.0,1771.0,1905.6507791017416,885130.0,11.792637750843241,23.71181140275875,1.0,0.9999819235592512,-435.0,2617.0,2497.6666666666665,-5.0,58.0,56.666666666666664,-5.0,59.0,57.333333333333336,-289.0,2499.0,2406.3333333333335,-561205.0,1446335.0,1269334.6666666667,0.00641196915726272,0.9935699544019885,0.9951190128476143,132.39106434098647,40.99420904526175,10.544065984028855,30.28616899786801,39.16532055861867,14,0.8430555555555556,-0.8338858220671683,0.551936985312058,-0.9205048534524402,-0.39073112848927405,0.4832158284141577,0.6823169216821845,1.1655327500963422,0.9239248358892633
84.9,2318.0,55.0,55.0,54.32650609689627,1.0206289223854423,226.21044557279512,252.95976879811795,2311.0,1152.0,1823.0100000000093,1957.5258843830889,1060545.0,13.219027652621968,26.85609800399157,1.0,0.9992815014921573,136.0,2182.0,2372.3333333333335,2.0,53.0,55.333333333333336,1.0,54.0,56.0,101.0,2210.0,2340.0,175415.0,885130.0,1130670.0,-0.0007004220670938643,0.9999819235592512,0.9976111264844656,132.46829704663995,40.85964914652752,10.532000222732233,30.22718113521091,39.15351861171739,14,0.8458333333333334,-0.8241261886220154,0.5664062369248333,-0.9335804264972021,-0.35836794954529927,0.5063494303262299,0.6713668087890411,1.177716239115271,0.9245415239521559
85.1,2431.0,56.0,56.0,55.63492907563719,1.0297693005821427,226.33538138718768,252.7613131280664,2387.0,1175.0,1878.0100000000093,1999.1143562320033,1213347.0,14.671182908022363,29.769951293208393,1.0,0.9984851818976764,113.0,2318.0,2310.3333333333335,1.0,55.0,54.666666666666664,1.0,55.0,55.0,76.0,2311.0,2302.6666666666665,152802.0,1060545.0,1053007.3333333333,-0.0007963195944808987,0.9992815014921573,0.999249535649695,132.54552975229345,40.7250892477933,10.519934461435614,30.16819327255381,39.14171666481611,14,0.848611111111111,-0.81411551835632,0.5807029557109386,-0.9455185755993158,-0.3255681544571594,0.4938188088173577,0.6933350537474617,1.1871538625648193,0.9402444581561404
85.3,2551.0,58.0,57.0,56.991526375588506,1.0126851724919552,226.12738787210984,252.88065258888363,2436.0,1214.0,1919.0,2019.764406115249,1325919.0,11.478553843810749,23.119256043393783,1.0,0.9960223814576908,120.0,2431.0,2433.3333333333335,2.0,56.0,56.333333333333336,1.0,56.0,56.0,49.0,2387.0,2378.0,112572.0,1213347.0,1199937.0,-0.0024628004399855907,0.9984851818976764,0.997929688282508,132.62276245794692,40.59052934905907,10.507868700138992,30.10920540989671,39.129914717914836,14,0.8513888888888889,-0.8038568606172177,0.5948227867513407,-0.956304755963035,-0.29237170472273816,0.5207194231069366,0.7020575063175396,1.2227769294244764,0.962417217871008
85.5,2718.0,60.0,59.0,58.82741777938389,1.0631956888807401,225.32688113056366,253.33258880643524,2612.0,1232.0,1959.0,2062.027961736571,1527592.0,14.365988600583298,29.546573405388315,1.0,0.9914702355079105,167.0,2551.0,2566.6666666666665,2.0,58.0,58.0,2.0,57.0,57.333333333333336,176.0,2436.0,2478.3333333333335,201673.0,1325919.0,1355619.3333333333,-0.004552145949780373,0.9960223814576908,0.995325932954426,132.69999516360042,40.455969450324844,10.495802938842372,30.05021754723961,39.11811277101356,14,0.8541666666666666,-0.7933533402912352,0.6087614290087207,-0.9659258262890682,-0.2588190451025209,0.510677263388297,0.7001465130240337,1.2108237764123309,0.9554851447181822
85.7,2506.0,57.0,57.0,56.48662053182433,1.0350607793850986,226.20428698191768,252.69139437648587,2482.0,1218.0,1895.0200000000186,2049.53950518755,1377146.0,12.274495180571025,24.596747752497688,1.0,0.9978622455425932,-212.0,2718.0,2591.6666666666665,-3.0,60.0,58.333333333333336,-2.0,59.0,57.666666666666664,-130.0,2612.0,2510.0,-150446.0,1527592.0,1410219.0,0.006392010034682705,0.9914702355079105,0.9951182875027315,132.7772278692539,40.32140955159061,10.483737177545752,29.991229684582507,39.10631082411228,14,0.8569444444444445,-0.7826081568524136,0.6225146366376201,-0.9743700647852355,-0.22495105434386378,0.49737803601024344,0.6893309134781658,1.1867089494884093,0.9380199314832876
85.9,2185.0,53.0,53.0,52.744937247534295,1.0094087527791868,226.2675941642329,252.72075911949406,2230.0,1124.0,1769.0,1913.0764302059497,902572.0,12.685488776068471,25.347583711273153,1.0,0.9999490345368569,-321.0,2506.0,2469.6666666666665,-4.0,57.0,56.666666666666664,-4.0,57.0,56.333333333333336,-252.0,2482.0,2441.3333333333335,-474574.0,1377146.0,1269103.3333333333,0.002086788994263733,0.9978622455425932,0.9964271718624534,132.8544605749074,40.18684965285639,10.47167141624913,29.932241821925405,39.094508877211,14,0.8597222222222223,-0.7716245833877197,0.6360782202777643,-0.9816271834476641,-0.19080899537654397,0.5589085378966121,0.6661293449237577,1.2250378828203699,0.9455836138720638
86.1,2614.0,58.0,58.0,57.690971303469276,1.0185009821433917,225.84565280167942,252.93224527884468,2509.0,1208.0,1952.0100000000093,2055.076128538638,1450969.0,15.591190322257583,31.627519474879584,1.0,0.9945470923224411,429.0,2185.0,2435.0,5.0,53.0,56.0,5.0,53.0,56.0,279.0,2230.0,2407.0,548397.0,902572.0,1243562.3333333333,-0.005401942214415811,0.9999490345368569,0.9974527908006303,132.93169328056086,40.052289754122164,10.45960565495251,29.87325395926831,39.082706930309726,14,0.8624999999999999,-0.7604059656000314,0.6494480483301832,-0.9876883405951375,-0.15643446504023217,0.5230698649574083,0.6886530532974613,1.2117229182548694,0.9501879857761654
86.3,2723.0,60.0,62.0,58.88150202155044,1.0226461499976605,225.73275336311207,252.95048796821868,2548.0,1233.0,1992.0100000000093,2064.8218876239443,1538011.0,14.475309776648384,29.546573405388315,1.0,0.9914278896574862,109.0,2614.0,2507.3333333333335,2.0,58.0,57.0,4.0,58.0,57.666666666666664,39.0,2509.0,2429.0,87042.0,1450969.0,1297184.0,-0.003119202664954912,0.9945470923224411,0.9953080055055947,133.00892598621436,39.91772985538794,10.44753989365589,29.81426609661121,39.07090498340845,14,0.8652777777777777,-0.7489557207890026,0.6626200482157368,-0.9925461516413219,-0.12186934340514917,0.4874683006859825,0.7212708576230246,1.208739158309007,0.9650050079660157
86.5,2685.0,59.0,59.0,58.469207088979,1.0206123460934196,226.09413464127297,253.19128809906448,2564.0,1238.0,1952.0,2079.6048417132215,1556239.0,14.705544281472672,29.90401310861136,1.0,0.9938325668486653,-38.0,2723.0,2674.0,-1.0,60.0,59.0,-3.0,62.0,59.666666666666664,16.0,2548.0,2540.3333333333335,18228.0,1538011.0,1515073.0,0.0024046771911790943,0.9914278896574862,0.9932691829428641,133.08615869186784,39.78316995665371,10.43547413235927,29.755278233954108,39.05910303650717,14,0.8680555555555556,-0.7372773368101242,0.6755902076156601,-0.9961946980917455,-0.0871557427476585,0.5002819922465633,0.7182989626752602,1.2185809549218236,0.9684399587985419
86.7,2372.0,56.0,55.0,54.95565667073596,1.0346529802534004,225.98623352506104,252.8657445307987,2355.0,1162.0,1851.0,1975.8364249578415,1128684.0,13.216713781877464,27.313000567495326,1.0,0.9986231753085895,-313.0,2685.0,2593.3333333333335,-3.0,59.0,58.333333333333336,-4.0,59.0,58.666666666666664,-209.0,2564.0,2489.0,-427555.0,1556239.0,1407644.6666666667,0.004790608459924184,0.9938325668486653,0.9946278772715803,133.16339139752134,39.648610057919484,10.423408371062648,29.696290371297007,39.04730108960589,14,0.8708333333333333,-0.7253743710122879,0.6883545756937537,-0.9986295347545738,-0.052335956242944556,0.5384970236872834,0.6750795741233737,1.213576597810657,0.9443280859670153
86.9,2376.0,56.0,55.0,55.00197413085049,1.025010521033798,226.16459134392454,252.92784939256236,2340.0,1148.0,1855.0,1971.983164983165,1121432.0,15.85903877482409,32.42298567374695,1.0,0.9989477739176339,4.0,2372.0,2477.6666666666665,0.0,56.0,57.0,0.0,55.0,56.333333333333336,-15.0,2355.0,2419.6666666666665,-7252.0,1128684.0,1268785.0,0.00032459860904443527,0.9986231753085895,0.9971345053582962,133.2406241031748,39.51405015918525,10.411342609766027,29.637302508639905,39.035499142704616,14,0.8736111111111112,-0.7132504491541813,0.7009092642998511,-0.9998476951563913,-0.017452406437282856,0.5828926331477339,0.6156465302805865,1.1985391634283202,0.9070928468544533
87.1,2651.0,59.0,59.0,58.097831569628454,1.0191697880551789,226.03714624460937,252.61983505643835,2492.0,1215.0,1964.0100000000093,2050.1007167106754,1458317.0,14.279650084279282,29.09467305195231,1.0,0.9940109043507002,275.0,2376.0,2466.3333333333335,3.0,56.0,57.0,4.0,55.0,56.333333333333336,152.0,2340.0,2395.6666666666665,336885.0,1121432.0,1236144.3333333333,-0.004936869566933733,0.9989477739176339,0.9971939511923078,133.3178568088283,39.379490260451036,10.399276848469407,29.578314645982807,39.02369719580334,14,0.8763888888888888,-0.7009092642998515,0.7132504491541811,-0.9998476951563913,0.017452406437282,0.5491711551027211,0.6214225925097348,1.1705937476124557,0.8960081700610952
87.3,2318.0,55.0,56.0,54.32650609689627,1.0138529535886003,226.1665179920099,252.77841297452986,2363.0,1150.0,1825.0,1984.0970664365832,1122139.0,15.913656873707549,32.20636583037583,1.0,0.9994207491228805,-333.0,2651.0,2448.3333333333335,-4.0,59.0,56.666666666666664,-3.0,59.0,56.666666666666664,-129.0,2492.0,2398.3333333333335,-336178.0,1458317.0,1233962.6666666667,0.005409844772180317,0.9940109043507002,0.9974598091304049,133.39508951448178,39.244930361716804,10.387211087172787,29.519326783325706,39.01189524890206,14,0.8791666666666667,-0.688354575693754,0.7253743710122876,-0.9986295347545738,0.052335956242943696,0.5414087161746587,0.652348338671525,1.1937570548461836,0.9230526967588543
87.5,2593.0,58.0,59.0,57.45876903918389,1.009660623037005,226.13360082419942,252.96099750283477,2482.0,1217.0,1952.0100000000093,2043.153490165831,1408397.0,13.1981093968295,26.61766330841233,1.0,0.9952513389335536,275.0,2318.0,2520.6666666666665,3.0,55.0,57.333333333333336,3.0,56.0,58.0,119.0,2363.0,2445.6666666666665,286258.0,1122139.0,1329617.6666666667,-0.0041694101893269275,0.9994207491228805,0.9962276641357114,133.47232222013528,39.11037046298258,10.375145325876167,29.460338920668608,39.000093302000785,14,0.8819444444444444,-0.6755902076156605,0.7372773368101239,-0.9961946980917455,0.08715574274765764,0.556885868508532,0.6796245872557808,1.2365104557643127,0.9580675215100467
87.7,2523.0,57.0,57.0,56.677891380738714,1.0115723924038398,226.02275249556303,252.6288811340677,2454.0,1195.0,1904.0,2029.2786365437971,1335370.0,15.199967426800606,30.80990100600779,1.0,0.9964279562967567,-70.0,2593.0,2478.0,-1.0,58.0,56.666666666666664,-2.0,59.0,57.333333333333336,-28.0,2482.0,2433.0,-73027.0,1408397.0,1288635.3333333333,0.0011766173632031807,0.9952513389335536,0.9970333481177303,133.54955492578875,38.97581056424835,10.363079564579545,29.401351058011507,38.988291355099506,14,0.8847222222222223,-0.6626200482157372,0.7489557207890024,-0.992546151641322,0.12186934340514832,0.5523247837082542,0.6820125437002048,1.234337327408459,0.9581749355543319
87.9,2311.0,55.0,55.0,54.24441526906674,1.048275060866272,225.86667722536137,252.76982387165597,2331.0,1154.0,1816.0,1964.4591086109908,1073365.0,13.234754924003026,26.85609800399157,1.0,0.9989789121128414,-212.0,2523.0,2475.6666666666665,-2.0,57.0,56.666666666666664,-2.0,57.0,57.0,-123.0,2454.0,2422.3333333333335,-262005.0,1335370.0,1272377.3333333333,0.0025509558160846657,0.9964279562967567,0.9968860691143839,133.62678763144226,38.841250665514124,10.351013803282925,29.342363195354405,38.976489408198226,14,0.8875000000000001,-0.6494480483301834,0.760405965600031,-0.9876883405951377,0.1564344650402313,0.6907549187418944,0.5609790786747493,1.2517339974166437,0.9063565380456965
88.1,2330.0,55.0,54.0,54.46694538188211,1.0294607176504766,226.1547211836767,252.8786483471556,2321.0,1161.0,1824.0100000000093,1963.993991416309,1081106.0,13.365231763170625,27.294688127912362,1.0,0.9993266155215123,19.0,2311.0,2388.0,0.0,55.0,55.666666666666664,-1.0,55.0,55.333333333333336,-10.0,2331.0,2368.6666666666665,7741.0,1073365.0,1163280.3333333333,0.0003477034086708519,0.9989789121128414,0.9982444946437035,133.70402033709573,38.7066907667799,10.338948041986304,29.283375332697307,38.96468746129695,14,0.8902777777777777,-0.6360782202777646,0.7716245833877194,-0.9816271834476643,0.19080899537654314,0.6895028207651835,0.5911259511410881,1.2806287719062717,0.93587736152368
88.3,2258.0,55.0,54.0,53.618792340111476,1.0347135781370038,226.10607558272068,252.7437978769945,2304.0,1140.0,1798.0100000000093,1956.5531443755535,1030897.0,15.439774602188123,31.04834939252005,1.0,0.9998370351257206,-72.0,2330.0,2299.6666666666665,0.0,55.0,55.0,0.0,54.0,54.333333333333336,-17.0,2321.0,2318.6666666666665,-50209.0,1081106.0,1061789.3333333333,0.0005104196042083897,0.9993266155215123,0.9993808542533582,133.78125304274923,38.572130868045676,10.326882280689684,29.224387470040206,38.952885514395675,14,0.8930555555555555,-0.6225146366376204,0.7826081568524133,-0.9743700647852357,0.22495105434386295,0.6189288265944142,0.6994500681627467,1.3183788947571609,1.0089144814599538
88.5,2438.0,57.0,57.0,55.71497114837561,1.0351626133213119,225.80916512925938,252.88979395914092,2404.0,1186.0,1858.0,2007.5771123872025,1237473.0,13.68497846463289,28.0,1.0,0.9980363207924536,180.0,2258.0,2342.0,2.0,55.0,55.666666666666664,3.0,54.0,55.0,100.0,2304.0,2343.0,206576.0,1030897.0,1116492.0,-0.0018007143332670061,0.9998370351257206,0.9990666571465622,133.8584857484027,38.437570969311444,10.314816519393062,29.165399607383105,38.941083567494395,14,0.8958333333333334,-0.6087614290087209,0.7933533402912349,-0.9659258262890685,0.2588190451025201,0.6528834622078867,0.7286506688105899,1.3815341310184766,1.0550923999145332
88.7,2568.0,58.0,59.0,57.181108339030104,1.0103790872415197,225.54748697811695,252.78278050823334,2500.0,1218.0,1900.030000000028,2045.8251557632398,1401679.0,13.17741992707833,26.832815729997478,1.0,0.9952656778049753,130.0,2438.0,2421.3333333333335,1.0,57.0,56.666666666666664,2.0,57.0,56.666666666666664,96.0,2404.0,2402.6666666666665,164206.0,1237473.0,1223349.6666666667,-0.002770642987478311,0.9980363207924536,0.9977130112410499,133.9357184540562,38.30301107057722,10.302750758096442,29.106411744726003,38.929281620593116,14,0.8986111111111111,-0.594822786751341,0.8038568606172175,-0.9563047559630353,0.2923717047227373,0.6291240572895854,0.7370096685817777,1.366133725871363,1.0515716972265703
88.9,2253.0,54.0,54.0,53.559394080668255,1.032591707761535,225.96052425799414,252.7466203973894,2312.0,1149.0,1793.0,1965.4434087882823,1048644.0,14.23844543673633,29.0,1.0,0.9997825763557509,-315.0,2568.0,2419.6666666666665,-4.0,58.0,56.333333333333336,-5.0,59.0,56.666666666666664,-188.0,2500.0,2405.3333333333335,-353035.0,1401679.0,1229265.3333333333,0.004516898550775528,0.9952656778049753,0.9976948583177266,134.01295115970967,38.16845117184299,10.290684996799822,29.0474238820689,38.91747967369184,14,0.901388888888889,-0.5807029557109389,0.8141155183563198,-0.9455185755993162,0.3255681544571586,0.6235388985773206,0.732044353895708,1.3555832524730287,1.0438138031843684
89.1,2052.0,51.0,52.0,51.114455350678966,1.0227399309485377,226.0711373171615,252.6512005623895,2216.0,1115.0,1701.0,1913.1632553606237,847811.0,12.463003193356386,25.283393759541063,1.0,1.0,-201.0,2253.0,2291.0,-3.0,54.0,54.333333333333336,-2.0,54.0,55.0,-96.0,2312.0,2342.6666666666665,-200833.0,1048644.0,1099378.0,0.0002174236442491484,0.9997825763557509,0.9983494180535754,134.09018386536317,38.03389127310877,10.278619235503202,28.988436019411807,38.905677726790564,14,0.9041666666666666,-0.5664062369248336,0.8241261886220151,-0.9335804264972024,0.3583679495452985,0.7081071520101282,0.6960333868101578,1.4041405388202859,1.0500869628152218
89.3,2225.0,54.0,54.0,53.225538860924054,1.02992406603479,225.94560468341987,252.59288756614015,2299.0,1159.0,1768.0,1958.168988764045,1019426.0,11.443141716515036,23.04886114323222,1.0,0.9995958509985031,173.0,2052.0,2176.6666666666665,3.0,51.0,53.0,2.0,52.0,53.333333333333336,83.0,2216.0,2275.6666666666665,171615.0,847811.0,971960.3333333334,-0.0004041490014968785,1.0,0.9997928091180847,134.16741657101664,37.89933137437454,10.266553474206582,28.929448156754706,38.893875779889285,14,0.9069444444444444,-0.5519369853120584,0.833885822067168,-0.9205048534524405,0.39073112848927327,0.7310293576695909,0.5991953920714795,1.3302247497410704,0.964710070906275
89.5,2340.0,55.0,55.0,54.58370209760676,1.0313698448074893,225.97995497281786,252.64858609600992,2343.0,1164.0,1828.0,1974.1675213675214,1109552.0,13.324361484166912,27.189152248645048,1.0,0.9986426954302277,115.0,2225.0,2205.6666666666665,1.0,54.0,53.333333333333336,1.0,54.0,53.666666666666664,44.0,2299.0,2286.0,90126.0,1019426.0,992263.0,-0.0009531555682754655,0.9995958509985031,0.9994128488095769,134.24464927667015,37.764771475640316,10.25448771290996,28.870460294097605,38.882073832988006,14,0.9097222222222222,-0.5372996083468242,0.8433914458128855,-0.9063077870366504,0.4226182617406986,0.6392876278846022,0.5838976961496738,1.223185324034276,0.9035415100919749
89.7,2308.0,57.0,54.0,54.20919543074547,1.01486510207681,226.15810394411523,252.90830966625413,2318.0,1156.0,1806.0100000000093,1959.6607452339688,1060897.0,13.171315020905336,26.800186566514792,1.0,0.9997832023278415,-32.0,2340.0,2291.0,2.0,55.0,55.333333333333336,-1.0,55.0,54.333333333333336,-25.0,2343.0,2320.0,-48655.0,1109552.0,1063291.6666666667,0.0011405068976138022,0.9986426954302277,0.9993405829188574,134.32188198232362,37.630211576906085,10.24242195161334,28.811472431440503,38.87027188608673,14,0.9125000000000001,-0.5224985647159487,0.8526401643540923,-0.8910065241883677,0.4539904997395472,0.6180137398356043,0.6028369370637942,1.2208506768993983,0.9118438069815962
89.9,2678.0,60.0,59.0,58.39294050483128,1.0285314854756349,225.84065274713987,252.88969349780976,2532.0,1215.0,1981.0,2059.798730395818,1499141.0,15.606626950688765,31.81980515339464,1.0,0.9934309047647953,370.0,2308.0,2442.0,3.0,57.0,57.333333333333336,5.0,54.0,56.0,214.0,2318.0,2397.6666666666665,438244.0,1060897.0,1223196.6666666667,-0.0063522975630461165,0.9997832023278415,0.9972856008409549,134.39911468797712,37.49565167817186,10.23035619031672,28.7524845687834,38.858469939185454,14,0.9152777777777779,-0.5075383629607042,0.8616291604415257,-0.8746197071393957,0.48480962024633706,0.6310635430975193,0.6059608289350049,1.2370243720325242,0.9214926004837646
90.1,2137.0,53.0,52.0,52.162370604670976,1.0293012666647843,226.2279982157419,252.8542263452214,2215.0,1115.0,1736.0100000000093,1902.8366869443144,860862.0,12.463486665128373,25.5,1.0,1.0,-541.0,2678.0,2374.3333333333335,-7.0,60.0,56.666666666666664,-7.0,59.0,55.0,-317.0,2532.0,2355.0,-638279.0,1499141.0,1140300.0,0.006569095235204658,0.9934309047647953,0.9977380356975455,134.4763473936306,37.361091779437636,10.218290429020099,28.693496706126304,38.846667992284175,14,0.9180555555555555,-0.4924235601034673,0.8703556959398996,-0.8571673007021124,0.5150380749100539,0.6265879552051844,0.6319917705810965,1.258579725786281,0.9452857481836887
90.3,2072.0,52.0,52.0,51.36294711843604,1.0404288150073577,226.3281791887875,252.57360748522638,2174.0,1111.0,1712.0,1890.6278957528957,809381.0,11.379126691573262,23.30772404161333,1.0,1.0,-65.0,2137.0,2295.6666666666665,-1.0,53.0,55.0,0.0,52.0,54.333333333333336,-41.0,2215.0,2307.0,-51481.0,860862.0,1056461.3333333333,0.0,1.0,0.997810301588265,134.5535800992841,37.22653188070341,10.206224667723477,28.634508843469206,38.834866045382896,14,0.9208333333333333,-0.47715876025960874,0.8788171126619652,-0.8386705679454244,0.5446390350150264,0.594842521423865,0.6845188403917406,1.2793613618156057,0.9819401011036731
90.5,2269.0,54.0,54.0,53.74923745509404,1.017725787329408,226.23890796036014,252.8575046768497,2320.0,1146.0,1805.0100000000093,1962.6936976641693,1049852.0,14.161702735042496,28.692333470807146,1.0,0.9998666478703665,197.0,2072.0,2159.3333333333335,2.0,52.0,53.0,2.0,52.0,52.666666666666664,146.0,2174.0,2236.3333333333335,240471.0,809381.0,906698.3333333334,-0.00013335212963350163,1.0,0.9999555492901222,133.66064021278328,36.777796431151366,10.139699581254131,28.394353679020412,38.572311752649874,14,0.9236111111111112,-0.46174861323503363,0.8870108331782218,-0.8191520442889915,0.5735764363510466,0.6489334986145783,0.6844449845540964,1.3333784831686746,1.0089117338613856
90.7,2414.0,56.0,56.0,55.440060073837245,1.0100545922163264,226.2010304683758,252.81600266572255,2382.0,1174.0,1862.0100000000093,1997.2763048881525,1200425.0,14.670561804321146,29.60152023123137,1.0,0.9985671741258304,145.0,2269.0,2251.6666666666665,2.0,54.0,54.0,2.0,54.0,54.0,62.0,2320.0,2292.0,150573.0,1049852.0,1019886.0,-0.0012994737445360949,0.9998666478703665,0.999477940665399,132.05061623642922,36.09684427012525,10.032921950091897,28.020292248029914,38.12441876951945,14,0.9263888888888889,-0.4461978131098087,0.8949343616020251,-0.7986355100472927,0.6018150231520485,0.68612814025146,0.6615511953919753,1.3476793356434353,1.0046152655177054
90.9,2725.0,61.0,61.0,58.90312181373173,1.0188520284082618,226.04564283323558,252.76388965340956,2571.0,1221.0,2002.0100000000093,2080.0040366972476,1580511.0,17.338091241063736,35.19232870953555,1.0,0.9935147556707925,311.0,2414.0,2469.3333333333335,5.0,56.0,57.0,5.0,56.0,57.0,189.0,2382.0,2424.3333333333335,380086.0,1200425.0,1276929.3333333333,-0.005052418455037899,0.9985671741258304,0.9973161925556632,130.44059226007516,35.41589210909914,9.92614431892966,27.646230817039417,37.67652578638902,14,0.9291666666666667,-0.43051109680829525,0.9025852843498606,-0.777145961456971,0.6293203910498373,0.57574504828717,0.6307668469069831,1.2065118951941531,0.9186393710505681
91.1,2618.0,58.0,59.0,57.735094423726856,1.0248389031544105,225.82767601857546,252.88279989979358,2508.0,1218.0,1952.0100000000093,2053.479373567609,1449009.0,14.246016718376218,29.0,1.0,0.9950697338663873,-107.0,2725.0,2585.6666666666665,-3.0,61.0,58.333333333333336,-2.0,61.0,58.666666666666664,-63.0,2571.0,2487.0,-131502.0,1580511.0,1409981.6666666667,0.0015549781955948028,0.9935147556707925,0.9957172212210034,128.83056828372122,34.73493994807308,9.819366687767433,27.272169386048944,37.228632803258634,14,0.9319444444444444,-0.4146932426562401,0.9099612708765428,-0.7547095802227736,0.6560590289905055,0.5742689044637912,0.5786206085113025,1.1528895129750936,0.8657550607431981
91.3,2669.0,58.0,59.0,58.29473685418049,1.027221164840514,225.62725377501746,252.97762739962158,2543.0,1232.0,1949.0,2067.7373548145374,1515291.0,14.612241657032651,29.516944286290883,1.0,0.9934415237733214,51.0,2618.0,2670.6666666666665,0.0,58.0,59.0,0.0,59.0,59.666666666666664,35.0,2508.0,2540.6666666666665,66282.0,1449009.0,1514937.0,-0.0016282100930659071,0.9950697338663873,0.9940086711035004,127.22054430736716,34.053987787046964,9.712589056605196,26.898107955058446,36.780739820128204,14,0.9347222222222222,-0.39874906892524664,0.9170600743851238,-0.7313537016191711,0.6819983600624978,0.6657162654664621,0.5455456470332551,1.2112619124997173,0.8784037797664862
91.5,2573.0,59.0,59.0,57.236748235758235,1.0433534871773993,225.68128931449036,252.80687663601216,2479.0,1211.0,1904.0,2032.2833268558104,1369565.0,13.213819983686868,26.65520587052368,1.0,0.9963258406866414,-96.0,2669.0,2620.0,1.0,58.0,58.333333333333336,0.0,59.0,59.0,-64.0,2543.0,2510.0,-145726.0,1515291.0,1444621.6666666667,0.0028843169133200286,0.9934415237733214,0.9949456994421167,125.6105203310131,33.373035626020844,9.60581142544296,26.52404652406795,36.33284683699778,14,0.9375,-0.3826834323650904,0.9238795325112865,-0.7071067811865485,0.7071067811865466,0.6778193577344693,0.654095677092667,1.3319150348271362,0.9930053559599017
91.7,2436.0,57.0,56.0,55.692113723352755,1.0419832417014472,225.89092851014374,252.73420006728685,2395.0,1182.0,1869.0,2010.0336617405583,1242442.0,13.739572336332843,28.0,1.0,0.9977689099370434,-137.0,2573.0,2559.3333333333335,-2.0,59.0,58.0,-3.0,59.0,58.0,-84.0,2479.0,2472.3333333333335,-127123.0,1369565.0,1375766.0,0.0014430692504019405,0.9963258406866414,0.9958454247990022,124.00049635465905,32.69208346499473,9.499033794280725,26.14998509307745,35.88495385386736,14,0.9402777777777778,-0.36650122672429725,0.9304175679820246,-0.6819983600624985,0.7313537016191705,0.6705791371885902,0.7024106565993544,1.3729897937879445,1.0377002251936496
91.9,2335.0,55.0,55.0,54.525354991568875,1.0241976581236574,226.01571421185196,252.90724275595144,2324.0,1172.0,1830.0,1963.852676659529,1083096.0,10.809828493194367,21.93171219946131,1.0,0.9986852504302481,-101.0,2436.0,2448.0,-2.0,57.0,57.0,-1.0,56.0,56.666666666666664,-71.0,2395.0,2399.3333333333335,-159346.0,1242442.0,1231701.0,0.0009163404932047703,0.9977689099370434,0.9975933336846444,122.39047237830498,32.01113130396862,9.392256163118489,25.775923662086953,35.43706087073693,14,0.9430555555555556,-0.3502073812594668,0.9366721892483979,-0.6560590289905063,0.7547095802227729,0.5976326110189224,0.7049090255261395,1.302541636545062,1.0037253310356007
92.1,2333.0,55.0,55.0,54.50199865938069,1.04547342896258,225.9131953590791,252.9190533251382,2408.0,1172.0,1793.0,1997.927989712816,1161666.0,14.725245065932384,30.0,1.0,0.9995868003367577,-2.0,2335.0,2368.0,0.0,55.0,55.666666666666664,0.0,55.0,55.333333333333336,84.0,2324.0,2375.6666666666665,78570.0,1083096.0,1162401.3333333333,0.0009015499065095911,0.9986852504302481,0.9986803202346831,120.78044840195103,31.330179142942555,9.285478531956262,25.401862231096484,34.989167887606534,14,0.9458333333333333,-0.3338068592337713,0.9426414910921783,-0.6293203910498381,0.7771459614569703,0.538879902505755,0.6936333844158323,1.2325132869215873,0.9630733356687098
92.3,2645.0,59.0,59.0,58.03204800646368,1.0347677547990266,225.69255737079823,252.6631758153823,2539.0,1230.0,1948.0,2063.178827977316,1489608.0,13.431669325155084,27.28094573140748,1.0,0.9942347248403607,312.0,2333.0,2437.6666666666665,4.0,55.0,56.333333333333336,4.0,55.0,56.333333333333336,131.0,2408.0,2423.6666666666665,327942.0,1161666.0,1244790.0,-0.005352075496397046,0.9995868003367577,0.9975022585357888,119.17042442559698,30.649226981916442,9.178700900794025,25.027800800105986,34.54127490447611,14,0.9486111111111111,-0.3173046564050927,0.9483236552061991,-0.6018150231520493,0.7986355100472922,0.49040956879119124,0.7203684351383033,1.2107780039294944,0.9655732195338989
92.5,2733.0,60.0,60.0,58.98952174548629,1.0299901132801068,225.5455333022764,252.90767540095823,2584.0,1242.0,1971.0,2082.0076838638856,1590627.0,14.82819858114834,30.18691769624716,1.0,0.9922810313165814,88.0,2645.0,2570.3333333333335,1.0,59.0,58.0,1.0,59.0,58.0,45.0,2539.0,2510.3333333333335,101019.0,1489608.0,1413967.0,-0.0019536935237792763,0.9942347248403607,0.9953675188312333,117.56040044924292,29.96827482089033,9.071923269631789,24.65373936911549,34.09338192134569,14,0.9513888888888888,-0.30070579950427384,0.9537169507482267,-0.5735764363510474,0.8191520442889909,0.456648257442954,0.7576223310139998,1.2142705884569538,0.9859464597354768
92.7,2548.0,57.0,57.0,56.95800523179507,1.0354747037510657,225.70671158093415,252.6347977802099,2483.0,1214.0,1904.0100000000093,2038.965070643642,1373283.0,13.231019498568337,26.800186566514792,1.0,0.9955843041820222,-185.0,2733.0,2642.0,-3.0,60.0,58.666666666666664,-3.0,60.0,58.666666666666664,-101.0,2584.0,2535.3333333333335,-217344.0,1590627.0,1484506.0,0.003303272865440743,0.9922810313165814,0.9940333534463214,115.95037647288886,29.287322659864213,8.965145638469554,24.27967793812499,33.64548893821526,14,0.9541666666666667,-0.2840153447039227,0.958819734868193,-0.5446390350150272,0.8386705679454239,0.5308821619411003,0.7279834561161939,1.2588656180572941,0.993424537086744
92.9,2706.0,60.0,59.0,58.69741227731722,1.0710648584715874,225.14513580827432,252.7222434653652,2583.0,1225.0,1947.0100000000093,2072.140428677014,1548212.0,15.883499465660593,32.450924214722306,1.0,0.992643126393543,158.0,2548.0,2662.3333333333335,3.0,57.0,59.0,2.0,57.0,58.666666666666664,100.0,2483.0,2550.0,174929.0,1373283.0,1504040.6666666667,-0.0029411777884791324,0.9955843041820222,0.9935028206307156,114.3403524965348,28.6063704988381,8.858368007307318,23.905616507134493,33.197595955084836,14,0.9569444444444445,-0.2672383760782571,0.963630453208623,-0.5150380749100547,0.857167300702112,0.6121775226428453,0.6552045441959932,1.2673820668388385,0.9612933055174158
93.1,2544.0,58.0,57.0,56.913279661307996,1.053319195806545,225.5621079319245,252.97200194534622,2512.0,1210.0,1872.0,2042.3360849056603,1379703.0,14.150120652459568,28.635642126552707,1.0,0.9973950915523123,-162.0,2706.0,2599.3333333333335,-2.0,60.0,58.333333333333336,-2.0,59.0,57.666666666666664,-71.0,2583.0,2526.0,-168509.0,1548212.0,1433732.6666666667,0.0047519651587693,0.992643126393543,0.9952075073759591,112.73032852018086,27.925418337812037,8.75159037614509,23.53155507614402,32.74970297195444,14,0.9597222222222221,-0.2503800040544419,0.9681476403781076,-0.4848096202463379,0.8746197071393953,0.5955638884694728,0.6350897696728657,1.2306536581423386,0.9328717139076022
93.3,2540.0,58.0,57.0,56.86851891536576,1.0517181388460555,225.41952195373923,252.8038656934138,2500.0,1202.0,1887.0,2045.7251968503938,1386142.0,15.4948384129452,31.38470965295043,1.0,0.9967781078706222,-4.0,2544.0,2596.6666666666665,0.0,58.0,58.666666666666664,0.0,57.0,57.666666666666664,-12.0,2512.0,2531.6666666666665,6439.0,1379703.0,1438019.0,-0.0006169836816901642,0.9973950915523123,0.9956054419388258,111.12030454382679,27.244466176785924,8.644812744982854,23.157493645153522,32.30180998882402,14,0.9624999999999999,-0.23344536385590609,0.9723699203976764,-0.453990499739548,0.8910065241883672,0.5489133233481751,0.6459210549664816,1.1948343783146567,0.9203777166405691
93.5,2365.0,55.0,55.0,54.87450704378728,1.039861206639144,225.48858361555386,252.45700067968173,2402.0,1175.0,1819.0,2003.2824524312896,1190263.0,13.637918587967242,27.879203718901298,1.0,0.9983516248089708,-175.0,2540.0,2483.0,-3.0,58.0,57.0,-2.0,57.0,56.333333333333336,-98.0,2500.0,2471.3333333333335,-195879.0,1386142.0,1318702.6666666667,0.001573516938348618,0.9967781078706222,0.9975082747439684,109.51028056747273,26.563514015759807,8.538035113820618,22.783432214163025,31.853917005693592,14,0.9652777777777778,-0.21643961393810288,0.9762960071199334,-0.42261826174069944,0.9063077870366499,0.5376056926209982,0.6644760569426298,1.202081749563628,0.9332789032531289
93.7,2679.0,59.0,60.0,58.40384182864601,1.0182004839208099,226.168105491654,253.03583297986478,2638.0,1251.0,1926.0,2098.4173198954836,1603160.0,13.889700853058137,27.95084971874737,1.0,0.9948788642431199,314.0,2365.0,2528.0,4.0,55.0,57.333333333333336,5.0,55.0,57.333333333333336,236.0,2402.0,2513.3333333333335,412897.0,1190263.0,1393188.3333333333,-0.0034727605658508853,0.9983516248089708,0.9966695323075708,107.90025659111868,25.882561854733694,8.431257482658383,22.409370783172527,31.406024022563166,14,0.9680555555555556,-0.19936793441719736,0.9799247046208296,-0.3907311284892741,0.9205048534524402,0.6226518126031563,0.6866249829071123,1.3092767955102687,0.9979508892086905
93.9,2585.0,59.0,59.0,57.370063823743436,1.0283687232728664,225.90132655180813,252.9675167685466,2564.0,1226.0,1911.0,2082.916441005803,1506839.0,14.516207999261079,29.449108645254444,1.0,0.9959969180516299,-94.0,2679.0,2543.0,0.0,59.0,57.666666666666664,-1.0,60.0,58.0,-74.0,2638.0,2534.6666666666665,-96321.0,1603160.0,1433420.6666666667,0.0011180538085100444,0.9948788642431199,0.9964091357012402,106.29023261476462,25.20160969370758,8.324479851496147,22.03530935218203,30.95813103943274,14,0.9708333333333334,-0.18223552549214697,0.9832549075639547,-0.3583679495452993,0.9335804264972021,0.7331080721521405,0.695972600820354,1.4290806729724943,1.0625266368964241
94.1,2502.0,57.0,58.0,56.44152142640538,1.0391338112999864,225.69643086698622,252.632111637559,2445.0,1196.0,1869.0100000000093,2022.3309352517986,1306872.0,13.789535029700067,28.0,1.0,0.9972009500547873,-83.0,2585.0,2588.6666666666665,-2.0,59.0,58.333333333333336,-1.0,59.0,59.0,-119.0,2564.0,2549.0,-199967.0,1506839.0,1472290.3333333333,0.0012040320031573293,0.9959969180516299,0.9960255774498457,104.68020863841068,24.52065753268152,8.21770222033392,21.66124792119156,30.51023805630235,14,0.973611111111111,-0.1650476058606791,0.9862856015372312,-0.3255681544571595,0.9455185755993158,0.767362467935745,0.68001018911869,1.4473726570544352,1.0636914230865626
94.3,2335.0,55.0,55.0,54.525354991568875,1.048045935694274,225.6753097361489,252.66904504364953,2368.0,1168.0,1810.0100000000093,1986.5991434689508,1136209.0,13.348918911667841,27.212129648375555,1.0,0.9989385755613623,-167.0,2502.0,2474.0,-2.0,57.0,57.0,-3.0,58.0,57.333333333333336,-77.0,2445.0,2459.0,-170663.0,1306872.0,1316640.0,0.00173762550657508,0.9972009500547873,0.9973788145559265,103.07018466205662,23.839705371655402,8.110924589171683,21.287186490201062,30.062345073171922,14,0.9763888888888889,-0.14780941112961138,0.9890158633619167,-0.2923717047227382,0.956304755963035,0.6426819591058737,0.6726540312571343,1.315335990363008,0.9939950108100711
94.5,2668.0,60.0,60.0,58.28381512352648,1.0467381150217194,225.38305480409264,252.72263536416997,2574.0,1226.0,1953.0,2076.0877061469264,1537002.0,15.75246698213403,32.03903868720159,1.0,0.9938959090489147,333.0,2335.0,2501.6666666666665,5.0,55.0,57.333333333333336,5.0,55.0,57.666666666666664,206.0,2368.0,2462.3333333333335,400793.0,1136209.0,1326694.3333333333,-0.005042666512447669,0.9989385755613623,0.9966784782216881,101.46016068570255,23.15875321062929,8.004146958009448,20.913125059210564,29.614452090041496,14,0.9791666666666666,-0.13052619222005168,0.9914448613738104,-0.25881904510252096,0.9659258262890682,0.5392654158411055,0.7003916830439519,1.2396570988850575,0.9700243909645048
94.7,2568.0,58.0,58.0,57.181108339030104,1.043923003473019,225.56247464842787,252.74222266563453,2473.0,1213.0,1898.0,2034.7309190031153,1373200.0,13.16886650537794,26.800186566514792,1.0,0.9962496358869793,-100.0,2668.0,2523.6666666666665,-2.0,60.0,57.666666666666664,-2.0,60.0,57.666666666666664,-101.0,2574.0,2471.6666666666665,-163802.0,1537002.0,1348803.6666666667,0.0023537268380646736,0.9938959090489147,0.9963613734990856,99.85013670934849,22.477801049603176,7.897369326847212,20.539063628220067,29.166559106911073,14,0.9819444444444445,-0.11320321376790612,0.9935718556765876,-0.22495105434386384,0.9743700647852355,0.5506732441017269,0.9049823092572503,1.4556555533589772,1.1803189313081137
94.9,2597.0,58.0,58.0,57.50307033261109,1.0255622337727472,225.28683560191604,252.82934537886337,2505.0,1201.0,1902.0,2043.0130920292645,1410205.0,17.004811085315076,33.8710791088799,1.0,0.9943625217610206,29.0,2568.0,2611.0,0.0,58.0,58.666666666666664,0.0,58.0,58.666666666666664,32.0,2473.0,2517.3333333333335,37005.0,1373200.0,1440135.6666666667,-0.0018871141259587665,0.9962496358869793,0.9948360222323048,98.24011273299443,21.796848888577063,7.790591695684976,20.16500219722957,28.718666123780647,14,0.9847222222222223,-0.09584575252022359,0.9953961983671789,-0.19080899537654403,0.9816271834476641,0.41046089294942856,1.056889683314386,1.4673505762638144,1.2621201297891003
95.1,2598.0,57.0,60.0,57.51414032411467,1.003134660461447,225.31581647027227,253.14367722602444,2532.0,1220.0,1893.0100000000093,2056.0535026943803,1444627.0,14.271802972351544,29.090376415577712,1.0,0.9936177296977006,1.0,2597.0,2587.6666666666665,-1.0,58.0,57.666666666666664,2.0,58.0,58.666666666666664,27.0,2505.0,2503.3333333333335,34422.0,1410205.0,1409344.0,-0.00074479206332001,0.9943625217610206,0.9947432957819001,96.63008875664049,21.115896727550997,7.683814064522748,19.790940766239096,28.270773140650252,14,0.9874999999999999,-0.07845909572784562,0.996917333733128,-0.15643446504023223,0.9876883405951375,0.49233677672094756,0.7960305843513722,1.2883673610723196,1.042198972711846
95.3,2164.0,52.0,54.0,52.49085991681687,1.0148849099233321,226.15544388344284,252.50678715106042,2333.0,1153.0,1718.0100000000093,1966.590573012939,1009708.0,12.197110298415936,24.748737341529164,1.0,0.9999940576879652,-434.0,2598.0,2453.0,-5.0,57.0,55.666666666666664,-6.0,60.0,57.333333333333336,-199.0,2532.0,2456.6666666666665,-434919.0,1444627.0,1288180.0,0.006376327990264663,0.9936177296977006,0.9959914363822288,95.02006478028643,20.434944566524884,7.5770364333605125,19.4168793352486,27.822880157519826,14,0.9902777777777777,-0.061048539534857754,0.9981347984218669,-0.12186934340514924,0.9925461516413219,0.5329924842279012,0.6679566066147332,1.2009490908426346,0.9344528487286838
95.5,2119.0,52.0,52.0,51.9422236267741,1.0477108659515184,225.86520940049937,252.97442096321655,2312.0,1137.0,1720.0200000000186,1958.341198678622,971225.0,14.053709674118611,28.324018076537094,1.0,1.0,-45.0,2164.0,2293.6666666666665,0.0,52.0,53.666666666666664,-2.0,54.0,55.333333333333336,-21.0,2333.0,2392.3333333333335,-38483.0,1009708.0,1141853.3333333333,5.942312034767916e-06,0.9999940576879652,0.9978705957952219,93.41004080393238,19.75399240549877,7.470258802198276,19.042817904258104,27.374987174389403,14,0.9930555555555556,-0.043619387365336194,0.9990482215818578,-0.08715574274765855,0.9961946980917455,0.5864211057138474,0.6990919973738314,1.285513103087679,0.9923025502307552
95.7,2296.0,54.0,55.0,54.06808665665851,1.0226079812147184,226.0968013377687,252.92442590406696,2382.0,1177.0,1779.0,1987.0557491289198,1118280.0,11.669015507131261,23.53720459187964,1.0,0.999649461673284,177.0,2119.0,2193.0,2.0,52.0,52.666666666666664,3.0,52.0,53.666666666666664,70.0,2312.0,2342.3333333333335,147055.0,971225.0,1033071.0,-0.00035053832671605445,1.0,0.9998811731204165,91.80001682757832,19.073040244472658,7.363481171036041,18.668756473267607,26.927094191258977,14,0.9958333333333333,-0.026176948307873545,0.9996573249755573,-0.05233595624294462,0.9986295347545738,0.5626105083286158,0.6993686855703841,1.261979193899,0.980673939734692
95.9,2192.0,53.0,53.0,52.829358145442924,1.036332683898794,225.7888571549397,252.7188709040256,2269.0,1141.0,1754.0,1942.2988138686133,969519.0,12.957040757995363,26.5,1.0,0.9999711196995623,-104.0,2296.0,2202.3333333333335,-1.0,54.0,53.0,-2.0,55.0,53.333333333333336,-113.0,2382.0,2321.0,-148761.0,1118280.0,1019674.6666666666,0.0003216580262783708,0.999649461673284,0.999873527124282,90.18999285122425,18.392088083446545,7.256703539873805,18.29469504227711,26.47920120812855,14,0.9986111111111112,-0.008726535498373636,0.9999619230641713,-0.017452406437282915,0.9998476951563913,0.49222405406559805,0.6904092420179659,1.182633296083564,0.9365212690507649
