x_mm,hot_area_px,bbox_width_px,bbox_height_px,equivalent_diameter_px,elongation,centroid_row_px,centroid_col_px,max_temperature,p95_temperature,p99_temperature,hot_mean_temperature,thermal_mass,gradient_mean,gradient_p95,right_left_asymmetry,rear_front_asymmetry,delta_hot_area_px,lag1_hot_area_px,roll3_hot_area_px,delta_bbox_width_px,lag1_bbox_width_px,roll3_bbox_width_px,delta_bbox_height_px,lag1_bbox_height_px,roll3_bbox_height_px,delta_max_temperature,lag1_max_temperature,roll3_max_temperature,delta_thermal_mass,lag1_thermal_mass,roll3_thermal_mass,delta_rear_front_asymmetry,lag1_rear_front_asymmetry,roll3_rear_front_asymmetry,sem_mean,sem_std,sem_gradient_mean,sem_gradient_p95,sem_laplacian_std,track_id,x_scaled,x_sin_1,x_cos_1,x_sin_2,x_cos_2,width_mm,left_mm,right_mm,center_mm
28.299999999999997,885.0,35.0,34.0,33.568094927931476,1.0225661498113234,230.62805066419523,252.67243975903614,2072.0,1026.0,1287.0,1734.0881355932204,207168.0,12.664485748834176,26.086394921491163,1.0,1.0,315.0,570.0,754.0,7.0,28.0,32.0,7.0,27.0,31.333333333333332,120.0,1952.0,2007.6666666666667,113944.0,93224.0,154140.33333333334,0.0,1.0,1.0,148.06453600982823,42.960933039799784,11.695784121415326,30.097532998804205,42.35773974503348,21,0.059722222222222184,0.366501226724297,0.9304175679820247,0.6819983600624981,0.7313537016191709,0.33750461064962706,0.39835153538844065,0.7358561460380677,0.5671038407132541
28.5,1029.0,36.0,39.0,36.19618062078487,1.016972351606569,230.4710746196221,252.59994494887852,2153.0,1056.0,1311.0100000000093,1768.3255587949466,276107.0,13.134229990289596,27.018512172212592,1.0,1.0,144.0,885.0,828.0,1.0,35.0,33.0,5.0,34.0,33.333333333333336,81.0,2072.0,2059.0,68939.0,207168.0,192166.33333333334,0.0,1.0,1.0,147.81576496901215,43.04136068547167,11.673993091318776,30.075537676443226,42.295338794493226,21,0.0625,0.3826834323650898,0.9238795325112867,0.7071067811865475,0.7071067811865476,0.5251829199390239,0.6161624678963707,1.1413453878353947,0.8787539278658827
28.700000000000003,990.0,36.0,39.0,35.50362163621919,1.0105028638974163,230.61813755783075,252.52151637632988,2122.0,1063.0,1311.0,1741.911111111111,239810.0,10.989177669131205,22.14158982548453,1.0,1.0,-39.0,1029.0,968.0,0.0,36.0,35.666666666666664,0.0,39.0,37.333333333333336,-31.0,2153.0,2115.6666666666665,-36297.0,276107.0,241028.33333333334,0.0,1.0,1.0,147.56699392819607,43.12178833114356,11.652202061222228,30.053542354082246,42.23293784395298,21,0.06527777777777782,0.3987490689252465,0.9170600743851239,0.7313537016191709,0.681998360062498,0.5950225143629003,0.7551375289450435,1.350160043307944,1.0526487861264937
28.89999999999999,948.0,35.0,35.0,34.74235294865525,1.0420593600372956,230.3155334590941,252.1277259504033,2095.0,1047.0,1302.0,1745.4820675105486,234630.0,11.637649647309802,23.648467180770936,1.0,1.0,-42.0,990.0,989.0,-1.0,36.0,35.666666666666664,-4.0,39.0,37.666666666666664,-27.0,2122.0,2123.3333333333335,-5180.0,239810.0,250182.33333333334,0.0,1.0,1.0,147.31822288738002,43.202215976815445,11.63041103112568,30.031547031721267,42.17053689341274,21,0.06805555555555544,0.41469324265623836,0.9099612708765435,0.754709580222771,0.6560590289905084,0.5640042372599067,0.8251632390751912,1.3891674763350979,1.1071653577051446
29.099999999999994,872.0,34.0,34.0,33.32063749403756,1.0295667081323536,230.82943112130428,252.13480081766963,2071.0,1026.0,1285.0,1730.0114678899083,200570.0,12.565739015405216,25.709920264364882,1.0,1.0,-76.0,948.0,936.6666666666666,-1.0,35.0,35.0,-1.0,35.0,36.0,-24.0,2095.0,2096.0,-34060.0,234630.0,225003.33333333334,0.0,1.0,1.0,147.06945184656394,43.28264362248734,11.608620001029132,30.009551709360288,42.10813594287249,21,0.07083333333333325,0.43051109680829464,0.9025852843498609,0.7771459614569701,0.6293203910498383,0.5095864107762721,0.8453893639994843,1.3549757747757565,1.1001825693876204
29.299999999999997,606.0,29.0,27.0,27.777385840094972,1.0198972613367419,230.48879579302633,252.90478386280242,1929.0,980.0,1201.0200000000186,1668.194719471947,101926.0,10.54865848836005,21.587033144922902,1.0,1.0,-266.0,872.0,808.6666666666666,-5.0,34.0,32.666666666666664,-7.0,34.0,32.0,-142.0,2071.0,2031.6666666666667,-98644.0,200570.0,179042.0,0.0,1.0,1.0,146.82068080574786,43.36307126815923,11.586828970932583,29.98755638699931,42.04573499233224,21,0.07361111111111107,0.44619781310980855,0.8949343616020252,0.7986355100472925,0.6018150231520487,0.4839512486795088,0.8221372562537029,1.3060885049332116,1.0641128805934572
29.5,925.0,34.0,36.0,34.318312587888485,1.0477736997055869,230.917398624092,252.34168382252943,2108.0,1049.3999999999069,1299.0,1730.5308108108109,215270.0,10.634325929778264,21.639085008382402,1.0,1.0,319.0,606.0,801.0,5.0,29.0,32.333333333333336,9.0,27.0,32.333333333333336,179.0,1929.0,2036.0,113344.0,101926.0,172588.66666666666,0.0,1.0,1.0,146.57190976493177,43.44349891383112,11.565037940836035,29.96556106463833,41.98333404179199,21,0.0763888888888889,0.4617486132350339,0.8870108331782217,0.8191520442889918,0.573576436351046,0.5133892049798974,0.76892443999198,1.2823136449718775,1.0256190424819287
29.700000000000003,552.0,28.0,26.0,26.510907730475957,1.0420047378149728,231.2041809179251,252.50847666909505,1909.0,994.0,1205.0,1646.715579710145,80987.0,8.24902838932526,16.77050983124842,1.0,1.0,-373.0,925.0,694.3333333333334,-6.0,34.0,30.333333333333332,-10.0,36.0,29.666666666666668,-199.0,2108.0,1982.0,-134283.0,215270.0,132727.66666666666,0.0,1.0,1.0,146.3231387241157,43.52392655950301,11.543246910739487,29.94356574227735,41.92093309125175,21,0.0791666666666667,0.4771587602596086,0.8788171126619653,0.8386705679454243,0.5446390350150266,0.6511630874043317,0.7125626180547383,1.36372570545907,1.038144161756904
29.89999999999999,816.0,33.0,32.0,32.23295624828558,1.049924911443591,231.84649132725752,253.0605508944119,2086.0,1037.0,1284.0,1716.7598039215686,176961.0,10.632457666619029,21.587033144922902,1.0,1.0,264.0,552.0,764.3333333333334,5.0,28.0,31.666666666666668,6.0,26.0,31.333333333333332,177.0,1909.0,2034.3333333333333,95974.0,80987.0,157739.33333333334,0.0,1.0,1.0,146.07436768329964,43.6043542051749,11.52145588064294,29.921570419916375,41.8585321407115,21,0.08194444444444432,0.4924235601034664,0.8703556959399001,0.8571673007021114,0.5150380749100557,0.8413997715973034,0.7835517333865111,1.6249515049838146,1.2042516191851629
30.099999999999994,855.0,34.0,32.0,32.99423905394037,1.045938313348695,230.67196124876907,252.60904905118036,2056.0,1031.0,1265.0,1719.7251461988303,187865.0,11.297666705817482,23.04886114323222,1.0,1.0,39.0,816.0,741.0,1.0,33.0,31.666666666666668,0.0,32.0,30.0,-30.0,2086.0,2017.0,10904.0,176961.0,148604.33333333334,0.0,1.0,1.0,145.82559664248356,43.68478185084679,11.499664850546392,29.899575097555395,41.79613119017125,21,0.08472222222222214,0.5075383629607038,0.861629160441526,0.8746197071393953,0.4848096202463379,0.8516547762492659,0.8543159999961284,1.7059707762453942,1.2801433881207613
30.299999999999997,527.0,27.0,26.0,25.903614421069328,1.0189744907340759,231.31531986084926,252.97024457604164,1900.0,975.0,1192.0,1642.910815939279,75314.0,9.575676247356316,19.557607215607945,1.0,1.0,-328.0,855.0,732.6666666666666,-7.0,34.0,31.333333333333332,-6.0,32.0,30.0,-156.0,2056.0,2014.0,-112551.0,187865.0,146713.33333333334,0.0,1.0,1.0,145.57682560166748,43.76520949651868,11.477873820449842,29.877579775194416,41.73373023963101,21,0.08749999999999997,0.5224985647159487,0.8526401643540923,0.8910065241883677,0.45399049973954725,0.8549101100161082,0.7809311779439565,1.6358412879600648,1.2083862329520105
30.5,861.0,34.0,36.0,33.109805919349256,1.0400745806047758,231.2778317358656,252.6925147490579,2074.0,1028.0,1267.0,1709.2694541231126,180181.0,11.555017929161918,23.648467180770936,1.0,1.0,334.0,527.0,747.6666666666666,7.0,27.0,31.666666666666668,10.0,26.0,31.333333333333332,174.0,1900.0,2010.0,104867.0,75314.0,147786.66666666666,0.0,1.0,1.0,145.3280545608514,43.84563714219057,11.456082790353294,29.855584452833437,41.67132928909076,21,0.09027777777777778,0.5372996083468239,0.8433914458128857,0.9063077870366499,0.42261826174069944,0.8118083792655141,0.7101660062241795,1.5219743854896937,1.1160701958569366
30.700000000000003,969.0,35.0,37.0,35.1250497344612,1.0499347817296896,231.10018044412539,252.59408802956955,2146.0,1060.0,1310.0,1712.7533539731683,206158.0,9.847186577874742,20.130822139197395,1.0,1.0,108.0,861.0,785.6666666666666,1.0,34.0,32.0,1.0,36.0,33.0,72.0,2074.0,2040.0,25977.0,180181.0,153884.33333333334,0.0,1.0,1.0,145.07928352003532,43.92606478786246,11.434291760256745,29.833589130472458,41.60892833855051,21,0.0930555555555556,0.5519369853120584,0.8338858220671681,0.9205048534524405,0.39073112848927327,0.7318843587211968,0.693518119313892,1.4254024780350887,1.0594602986744903
30.89999999999999,650.0,30.0,28.0,28.76813695875796,1.0201149296070162,231.79799165128904,252.69503018793557,1962.0,986.0,1225.0,1671.7446153846154,111634.0,11.638257381011705,24.026027553467927,1.0,1.0,-319.0,969.0,826.6666666666666,-5.0,35.0,33.0,-9.0,37.0,33.666666666666664,-184.0,2146.0,2060.6666666666665,-94524.0,206158.0,165991.0,0.0,1.0,1.0,144.83051247921924,44.00649243353435,11.412500730160199,29.81159380811148,41.54652738801027,21,0.09583333333333321,0.5664062369248323,0.824126188622016,0.9335804264972012,0.35836794954530166,0.6500608875574893,0.6841318048520137,1.3341926924095031,1.0091622486307585
31.099999999999994,824.0,33.0,33.0,32.390575556198044,1.0438127525821639,230.51158592826062,252.6919925533179,2030.0,1026.0,1275.0,1714.4696601941748,177958.0,11.375243107225128,22.80350850198276,1.0,1.0,174.0,650.0,814.3333333333334,3.0,30.0,32.666666666666664,5.0,28.0,32.666666666666664,68.0,1962.0,2046.0,66324.0,111634.0,165250.0,0.0,1.0,1.0,144.58174143840318,44.08692007920624,11.390709700063649,29.789598485750503,41.48412643747002,21,0.09861111111111104,0.5807029557109393,0.8141155183563195,0.9455185755993165,0.3255681544571576,0.6468594066074193,0.6727433674526367,1.319602774060056,0.9961730707563463
31.299999999999997,547.0,28.0,26.0,26.390567083147985,1.029779582684091,230.94456357436636,252.21492600274195,1903.0,980.0,1205.0,1656.0164533820841,85341.0,9.616801008090308,19.6468827043885,1.0,1.0,-277.0,824.0,673.6666666666666,-5.0,33.0,30.333333333333332,-7.0,33.0,29.0,-127.0,2030.0,1965.0,-92617.0,177958.0,124977.66666666667,0.0,1.0,1.0,144.3329703975871,44.16734772487813,11.368918669967101,29.767603163389524,41.42172548692977,21,0.10138888888888885,0.5948227867513411,0.8038568606172175,0.9563047559630353,0.29237170472273716,0.5714528400980644,0.6276634015066984,1.199116241604763,0.9133898215557307
31.5,690.0,30.0,30.0,29.640095915284455,1.030324951840489,230.67679810397388,252.47966023501317,1975.0,994.0,1258.0,1660.213043478261,110547.0,10.925255259084096,22.192341021172147,1.0,1.0,143.0,547.0,687.0,2.0,28.0,30.333333333333332,4.0,26.0,29.666666666666668,72.0,1903.0,1969.3333333333333,25206.0,85341.0,124615.33333333333,0.0,1.0,1.0,144.08419935677102,44.247775370550016,11.347127639870553,29.745607841028544,41.35932453638952,21,0.10416666666666667,0.6087614290087207,0.7933533402912352,0.9659258262890683,0.25881904510252074,0.3369178694827443,0.5841592558802073,0.9210771253629516,0.7526181906215794
31.700000000000003,473.0,26.0,24.0,24.54062559633988,1.0346438494308068,230.70109843683989,252.1493149858169,1867.0,949.0,1168.0,1640.1183932346723,66276.0,11.09453468694225,23.04886114323222,1.0,1.0,-217.0,690.0,570.0,-4.0,30.0,28.0,-6.0,30.0,26.666666666666668,-108.0,1975.0,1915.0,-44271.0,110547.0,87388.0,0.0,1.0,1.0,143.83542831595494,44.328203016221906,11.325336609774004,29.723612518667565,41.29692358584928,21,0.10694444444444448,0.6225146366376197,0.7826081568524138,0.9743700647852354,0.2249510543438645,0.3231114582265692,0.5315627500472703,0.8546742082738394,0.6931184791605549
31.89999999999999,780.0,32.0,33.0,31.513915099419602,1.017354977281978,230.33512703624598,253.00905352417993,2014.0,1002.0,1258.0,1701.0833333333333,157585.0,12.22783089708385,25.22399651125888,1.0,1.0,307.0,473.0,647.6666666666666,6.0,26.0,29.333333333333332,9.0,24.0,29.0,147.0,1867.0,1952.0,91309.0,66276.0,111469.33333333333,0.0,1.0,1.0,143.58665727513886,44.408630661893795,11.303545579677458,29.701617196306586,41.234522635309034,21,0.10972222222222211,0.6360782202777634,0.7716245833877204,0.9816271834476636,0.19080899537654622,0.36225476084796976,0.5445472192860099,0.9068019801339797,0.7256745997099948
32.099999999999994,802.0,33.0,32.0,31.955251757380985,1.02713176174529,230.22167099771636,252.82858129349978,1984.0,1015.0,1256.0,1705.8441396508729,165087.0,11.172147766469221,22.80350850198276,1.0,1.0,22.0,780.0,685.0,1.0,32.0,30.333333333333332,-1.0,33.0,29.666666666666668,-30.0,2014.0,1955.0,7502.0,157585.0,129649.33333333333,0.0,1.0,1.0,143.33788623432278,44.489058307565685,11.281754549580908,29.679621873945607,41.17212168476879,21,0.11249999999999992,0.6494480483301832,0.7604059656000314,0.9876883405951375,0.156434465040232,0.4597581299400439,0.6923710061582087,1.1521291360982526,0.9222500711282307
32.3,858.0,33.0,33.0,33.05207299675423,1.015921632049237,231.20275167855533,253.12387790801202,2092.0,1039.0,1300.0,1722.5384615384614,191105.0,11.554606832982497,23.648467180770936,1.0,1.0,56.0,802.0,813.3333333333334,0.0,33.0,32.666666666666664,1.0,32.0,32.666666666666664,108.0,1984.0,2030.0,26018.0,165087.0,171259.0,0.0,1.0,1.0,143.08911519350673,44.569485953237574,11.25996351948436,29.657626551584627,41.10972073422854,21,0.11527777777777774,0.6626200482157373,0.7489557207890023,0.992546151641322,0.12186934340514793,0.4245538746024972,0.8191892433911803,1.2437431179936775,1.031466180692429
32.5,549.0,27.0,28.0,26.438769072322643,1.0085526347685767,230.50866305912723,252.9956560591769,1912.0,971.0,1186.0,1646.7613843351548,80572.0,10.23205645198875,21.02379604162864,1.0,1.0,-309.0,858.0,736.3333333333334,-6.0,33.0,31.0,-5.0,33.0,31.0,-180.0,2092.0,1996.0,-110533.0,191105.0,145588.0,0.0,1.0,1.0,142.84034415269065,44.649913598909464,11.23817248938781,29.635631229223648,41.047319783688295,21,0.11805555555555555,0.6755902076156601,0.7372773368101241,0.9961946980917455,0.08715574274765836,0.4680256148371181,0.8303881580451282,1.2984137728822462,1.0644009654636872
32.7,404.0,24.0,23.0,22.680140565547774,1.0405263186983604,230.34597961494904,252.7764115838861,1810.0,949.0,1159.0,1622.3960396039604,49448.0,9.087630312655499,18.580904176062045,1.0,1.0,-145.0,549.0,603.6666666666666,-3.0,27.0,28.0,-5.0,28.0,28.0,-102.0,1912.0,1938.0,-31124.0,80572.0,107041.66666666667,0.0,1.0,1.0,142.59884597909908,44.72437018317318,11.217890044624287,29.61634966175593,40.98885999133987,21,0.12083333333333338,0.6883545756937541,0.7253743710122874,0.9986295347545739,0.0523359562429433,0.6875764507371384,0.7494643479256567,1.437040798662795,1.093252573294226
32.89999999999999,983.0,37.0,35.0,35.37788111906457,1.0325386232902862,230.58058138444667,252.66975798068574,2155.0,1057.0,1319.0,1749.5534079348931,245311.0,11.932966726826898,24.13503677229434,1.0,1.0,579.0,404.0,645.3333333333334,13.0,24.0,29.333333333333332,12.0,23.0,28.666666666666668,345.0,1810.0,1959.0,195863.0,49448.0,125110.33333333333,0.0,1.0,1.0,142.64098962726368,44.56595537251856,11.256442427848574,29.702904535125082,41.084105368472386,21,0.12361111111111099,0.7009092642998503,0.7132504491541821,0.9998476951563912,0.017452406437285153,0.636295842946454,0.8441914070947474,1.4804872500412014,1.1623393285679744
33.099999999999994,972.0,36.0,37.0,35.17938085701024,1.0533189835480699,230.47488274682163,252.56573131007514,2114.0,1051.0,1310.0,1744.1430041152264,238071.0,11.715036595019363,23.769728648009426,1.0,1.0,-11.0,983.0,786.3333333333334,-1.0,37.0,32.333333333333336,2.0,35.0,31.666666666666668,-41.0,2155.0,2026.3333333333333,-7240.0,245311.0,177610.0,0.0,1.0,1.0,142.6831332754283,44.40754056186393,11.294994811072863,29.789459408494245,41.179350745604914,21,0.1263888888888888,0.7132504491541812,0.7009092642998513,0.9998476951563913,-0.017452406437282367,0.6409276226720954,0.9358427602227393,1.5767703828948347,1.2563065715587869
33.3,885.0,34.0,35.0,33.568094927931476,1.0199366578168696,230.93969936217542,252.27239130766765,2108.0,1035.0,1306.0,1721.9762711864407,196449.0,11.331046123027885,23.16246964380094,1.0,1.0,-87.0,972.0,946.6666666666666,-2.0,36.0,35.666666666666664,-2.0,37.0,35.666666666666664,-6.0,2114.0,2125.6666666666665,-41622.0,238071.0,226610.33333333334,0.0,1.0,1.0,142.7252769235929,44.2491257512093,11.333547194297152,29.87601428186341,41.27459612273744,21,0.12916666666666662,0.7253743710122874,0.6883545756937542,0.9986295347545739,-0.052335956242943175,0.601113813515072,1.008920482522791,1.610034296037863,1.309477389280327
33.5,947.0,35.0,38.0,34.72402408800281,1.0365768692911959,230.54749955145644,252.68428351832725,2086.0,1040.0,1293.0200000000186,1717.7645195353748,206224.0,11.606974901281164,23.648467180770936,1.0,1.0,62.0,885.0,934.6666666666666,1.0,34.0,35.0,3.0,35.0,36.666666666666664,-22.0,2108.0,2102.6666666666665,9775.0,196449.0,213581.33333333334,0.0,1.0,1.0,142.76742057175753,44.090710940554665,11.37209957752144,29.96256915523257,41.36984149986996,21,0.13194444444444445,0.7372773368101241,0.6755902076156602,0.9961946980917455,-0.08715574274765824,0.4599334637080872,0.9947809071488924,1.4547143708569796,1.2247476390029362
33.7,613.0,29.0,28.0,27.937355653723827,1.0365092660072173,230.51284855660688,252.55651659124433,1946.0,988.0,1206.0,1662.57911908646,101447.0,9.738423998923816,20.0124960961895,1.0,1.0,-334.0,947.0,815.0,-6.0,35.0,32.666666666666664,-10.0,38.0,33.666666666666664,-140.0,2086.0,2046.6666666666667,-104777.0,206224.0,168040.0,0.0,1.0,1.0,142.80956421992212,43.93229612990003,11.410651960745732,30.04912402860173,41.46508687700249,21,0.13472222222222227,0.7489557207890023,0.6626200482157373,0.992546151641322,-0.12186934340514803,0.5979768724766432,0.7640610075440953,1.3620378800207384,1.063049443782417
33.89999999999999,724.0,32.0,30.0,30.361578193306386,1.068840822018479,230.91425315667288,251.87506369967724,1970.0,1012.0,1237.0,1695.1491712707182,141288.0,10.18818300298948,20.615528128088304,1.0,1.0,111.0,613.0,761.3333333333334,3.0,29.0,32.0,2.0,28.0,32.0,24.0,1946.0,2000.6666666666667,39841.0,101447.0,149653.0,0.0,1.0,1.0,142.85170786808672,43.77388131924541,11.449204343970017,30.135678901970888,41.560332254135005,21,0.13749999999999987,0.7604059656000304,0.6494480483301843,0.987688340595138,-0.15643446504022926,0.7798609281143986,0.5671745403525779,1.3470354684669765,0.9571050044097772
34.099999999999994,843.0,34.0,33.0,32.7618823667344,1.0430913492110936,230.61156523034975,251.77695784878105,2053.0,1017.0,1268.0,1714.9240806642943,181181.0,12.471739232473986,25.709920264364882,1.0,1.0,119.0,724.0,726.6666666666666,2.0,32.0,31.666666666666668,3.0,30.0,30.333333333333332,83.0,1970.0,1989.6666666666667,39893.0,141288.0,141305.33333333334,0.0,1.0,1.0,142.89385151625135,43.61546650859078,11.487756727194308,30.222233775340047,41.65557763126753,21,0.1402777777777777,0.7716245833877196,0.6360782202777644,0.9816271834476642,-0.1908089953765437,0.7503678317893757,0.5768365948123719,1.3272044266017478,0.9520205107070598
34.3,1006.0,36.0,39.0,35.78936967876878,1.0161301075845315,230.63623813224046,252.54615163121295,2124.0,1069.0,1322.0,1752.010934393638,253527.0,10.171105982979567,20.554804791094465,1.0,1.0,163.0,843.0,857.6666666666666,2.0,34.0,34.0,6.0,33.0,34.0,71.0,2053.0,2049.0,72346.0,181181.0,191998.66666666666,0.0,1.0,1.0,142.93599516441594,43.45705169793615,11.526309110418596,30.30878864870921,41.750823008400054,21,0.14305555555555552,0.7826081568524137,0.6225146366376197,0.9743700647852354,-0.22495105434386437,0.7093943241297073,0.7410602869261858,1.4504546110558931,1.0957574489910393
34.5,822.0,32.0,32.0,32.35124272377035,1.0687814382624286,230.34973496914193,252.5879392295441,2034.0,1028.0,1284.0,1695.5425790754257,160736.0,10.463927426317259,21.224985276791124,1.0,1.0,-184.0,1006.0,890.3333333333334,-4.0,36.0,34.0,-7.0,39.0,34.666666666666664,-90.0,2124.0,2070.3333333333335,-92791.0,253527.0,198481.33333333334,0.0,1.0,1.0,142.97813881258054,43.29863688728152,11.564861493642885,30.39534352207837,41.84606838553258,21,0.14583333333333334,0.7933533402912352,0.6087614290087207,0.9659258262890683,-0.25881904510252085,0.555408625553774,1.0503173764339475,1.6057260019877215,1.3280216892108345
34.7,930.0,35.0,35.0,34.41093978088511,1.0193791008720963,230.5465104978921,252.53508012827928,2096.0,1042.0,1311.0100000000093,1732.3559139784945,221825.0,11.523856310745728,23.648467180770936,1.0,1.0,108.0,822.0,919.3333333333334,3.0,32.0,34.333333333333336,3.0,32.0,35.333333333333336,62.0,2034.0,2084.6666666666665,61089.0,160736.0,212029.33333333334,0.0,1.0,1.0,143.02028246074516,43.140222076626884,11.603413876867174,30.481898395447534,41.941313762665104,21,0.14861111111111114,0.8038568606172174,0.5948227867513411,0.9563047559630354,-0.29237170472273705,0.5520002846127499,0.8870125375832641,1.439012822196014,1.163012679889639
34.89999999999999,944.0,35.0,37.0,34.668979365276876,1.0261655559558869,231.1287250647993,253.16148510928767,2067.0,1046.0,1315.0,1721.9205508474577,214215.0,11.438813063645126,23.53720459187964,1.0,1.0,14.0,930.0,898.6666666666666,0.0,35.0,34.0,2.0,35.0,34.666666666666664,-29.0,2096.0,2065.6666666666665,-7610.0,221825.0,198925.33333333334,0.0,1.0,1.0,143.06242610890976,42.981807265972265,11.641966260091461,30.56845326881669,42.036559139797625,21,0.15138888888888877,0.8141155183563188,0.5807029557109404,0.9455185755993173,-0.32556815445715515,0.4726852682290259,0.6800499025728135,1.1527351708018394,0.9163925366873265
35.099999999999994,1019.0,37.0,38.0,36.01987085047822,1.0016055630421705,231.04237607938023,252.82638534336687,2190.0,1064.0,1342.0,1765.2541707556427,272159.0,10.814717336199626,21.70829334609241,1.0,1.0,75.0,944.0,964.3333333333334,2.0,35.0,35.666666666666664,1.0,37.0,36.666666666666664,123.0,2067.0,2117.6666666666665,57944.0,214215.0,236066.33333333334,0.0,1.0,1.0,143.1045697570744,42.82339245531763,11.68051864331575,30.65500814218585,42.13180451693015,21,0.1541666666666666,0.8241261886220154,0.5664062369248333,0.9335804264972022,-0.3583679495452992,0.27200154473610527,0.595029833090068,0.8670313778261732,0.7310306054581206
35.3,881.0,34.0,34.0,33.49214891450948,1.0194193058479901,230.30107244356265,252.85080165156307,2076.0,1022.0,1307.0100000000093,1711.6799091940977,197441.0,12.362791824525445,25.59785147234041,1.0,1.0,-138.0,1019.0,948.0,-3.0,37.0,35.333333333333336,-4.0,38.0,36.333333333333336,-114.0,2190.0,2111.0,-74718.0,272159.0,227938.33333333334,0.0,1.0,1.0,143.14671340523898,42.664977644663004,11.719071026540039,30.741563015555013,42.227049894062674,21,0.15694444444444441,0.8338858220671681,0.5519369853120584,0.9205048534524405,-0.3907311284892734,0.2673685601680622,0.5473908954007274,0.8147594555687896,0.6810751754847585
35.5,610.0,30.0,27.0,27.868909599918855,1.056072323498724,230.84220494885187,252.05268586323615,1919.0,992.0,1251.0,1674.8377049180328,108393.0,8.950761950672975,18.069310999592652,1.0,1.0,-271.0,881.0,836.6666666666666,-4.0,34.0,33.666666666666664,-7.0,34.0,33.0,-157.0,2076.0,2061.6666666666665,-89048.0,197441.0,192664.33333333334,0.0,1.0,1.0,143.18885705340358,42.50656283400837,11.75762340976433,30.828117888924176,42.3222952711952,21,0.1597222222222222,0.8433914458128856,0.5372996083468239,0.90630778703665,-0.42261826174069933,0.2994700393183903,0.5074648330027698,0.8069348723211601,0.6571998526619649
35.7,470.0,25.0,25.0,24.462677409178383,1.1339100736123773,229.6305467789382,252.58799358744884,1856.0,959.0,1221.0,1636.7,66603.0,10.229291867907193,20.591260281974,1.0,1.0,-140.0,610.0,653.6666666666666,-5.0,30.0,29.666666666666668,-2.0,27.0,28.666666666666668,-63.0,1919.0,1950.3333333333333,-41790.0,108393.0,124145.66666666667,0.0,1.0,1.0,143.2310007015682,42.34814802335374,11.796175792988619,30.914672762293335,42.41754064832772,21,0.16250000000000003,0.8526401643540923,0.5224985647159487,0.8910065241883677,-0.45399049973954714,0.3465186595430057,0.5205795747360794,0.8670982342790852,0.6938389045075823
35.89999999999999,1162.0,38.0,43.0,38.46432569254606,1.018731089997139,230.37813927223374,252.6022779434444,2270.0,1082.0,1379.0,1760.5998278829604,302839.0,12.504508890928744,25.347583711273153,1.0,1.0,692.0,470.0,747.3333333333334,13.0,25.0,31.0,18.0,25.0,31.666666666666668,414.0,1856.0,2015.0,236236.0,66603.0,159278.33333333334,0.0,1.0,1.0,143.2731443497328,42.18973321269912,11.834728176212906,31.00122763566249,42.512786025460244,21,0.16527777777777766,0.8616291604415254,0.5075383629607048,0.8746197071393965,-0.48480962024633584,0.3857525536945222,0.5712903598929429,0.9570429135874651,0.764166636740204
36.099999999999994,668.0,31.0,30.0,29.163744887841286,1.0472517567752337,230.82319408489664,252.01819213447286,1985.0,992.0,1235.0,1668.8562874251497,112796.0,10.66529629575956,22.051077071199945,1.0,1.0,-494.0,1162.0,766.6666666666666,-7.0,38.0,31.333333333333332,-13.0,43.0,32.666666666666664,-285.0,2270.0,2037.0,-190043.0,302839.0,160746.0,0.0,1.0,1.0,143.3152879978974,42.031318402044484,11.873280559437195,31.087782509031655,42.608031402592765,21,0.16805555555555549,0.8703556959398995,0.4924235601034675,0.8571673007021128,-0.5150380749100535,0.3912844579778506,0.5339556171082962,0.9252400750861468,0.7295978460972214
36.3,860.0,33.0,33.0,33.090572803628525,1.0191186655732443,230.36423610270808,252.70100917209166,2083.0,1041.0,1277.0,1740.2383720930231,206605.0,9.74147641582586,19.6468827043885,1.0,1.0,192.0,668.0,896.6666666666666,2.0,31.0,34.0,3.0,30.0,35.333333333333336,98.0,1985.0,2112.6666666666665,93809.0,112796.0,207413.33333333334,0.0,1.0,1.0,143.35743164606203,41.87290359138985,11.911832942661484,31.174337382400815,42.70327677972529,21,0.17083333333333328,0.8788171126619652,0.4771587602596088,0.8386705679454245,-0.5446390350150264,0.3461380725969004,0.47588105359251326,0.8220191261894136,0.6489500898909635
36.5,834.0,33.0,33.0,32.586527589007176,1.0225951974048748,230.43197548011275,252.37244560089547,2062.0,1028.0,1296.0,1704.6007194244605,170807.0,10.313865342886942,21.10094784600919,1.0,1.0,-26.0,860.0,787.3333333333334,0.0,33.0,32.333333333333336,0.0,33.0,32.0,-21.0,2083.0,2043.3333333333333,-35798.0,206605.0,163402.66666666666,0.0,1.0,1.0,143.39957529422662,41.71448878073522,11.950385325885772,31.260892255769978,42.798522156857814,21,0.1736111111111111,0.8870108331782216,0.4617486132350341,0.819152044288992,-0.5735764363510458,0.34633065289723475,0.521323431843916,0.8676540847411508,0.6944887582925334
36.699999999999996,1893.0,49.0,52.0,49.09422021158563,1.1439993775077717,229.34183108872384,251.8941866749876,2953.0,1226.0,1626.0200000000186,1974.0279978869519,897335.0,16.75670908632265,33.95585369269929,1.0,1.0,1059.0,834.0,1195.6666666666667,16.0,33.0,38.333333333333336,19.0,33.0,39.333333333333336,891.0,2062.0,2366.0,726528.0,170807.0,424915.6666666667,0.0,1.0,1.0,143.44171894239122,41.5560739700806,11.988937709110061,31.347447129139137,42.893767533990335,21,0.17638888888888882,0.8949343616020248,0.4461978131098093,0.7986355100472935,-0.6018150231520474,0.4470728812300626,0.5803143005126041,1.0273871817426667,0.8038507411276354
36.9,796.0,33.0,32.0,31.83549399034338,1.0172000273596622,230.77191854111646,253.19986795373828,2035.0,1027.0,1260.0,1720.7236180904522,176196.0,9.632612080593386,19.45507645834372,1.0,1.0,-1097.0,1893.0,1174.3333333333333,-16.0,49.0,38.333333333333336,-20.0,52.0,39.0,-918.0,2953.0,2350.0,-721139.0,897335.0,414779.3333333333,0.0,1.0,1.0,143.48386259055584,41.39765915942596,12.02749009233435,31.434002002508297,42.98901291112286,21,0.17916666666666664,0.9025852843498605,0.43051109680829525,0.777145961456971,-0.6293203910498373,0.5114137545307431,0.6173915788378687,1.1288053333686119,0.8730984561032402
37.099999999999994,427.0,24.0,23.0,23.31680264534386,1.0386509838549416,230.40650336677203,252.49130823141405,1838.0,924.0,1157.0100000000093,1636.3372365339578,58216.0,12.088002843861368,25.04570800271356,1.0,1.0,-369.0,796.0,1038.6666666666667,-9.0,33.0,35.333333333333336,-9.0,32.0,35.666666666666664,-197.0,2035.0,2275.3333333333335,-117980.0,176196.0,377249.0,0.0,1.0,1.0,143.52600623872044,41.23924434877134,12.066042475558639,31.520556875877457,43.084258288255384,21,0.18194444444444435,0.909961270876543,0.4146932426562395,0.7547095802227727,-0.6560590289905065,0.5723056821769293,0.679923683676349,1.2522293658532784,0.9660765247648138
37.3,1168.0,39.0,38.0,38.563503319209346,1.0111787097614178,230.1571986546915,252.568381166848,2217.0,1090.0,1358.0,1793.5111301369864,342821.0,10.432771510899373,21.02379604162864,1.0,1.0,741.0,427.0,797.0,15.0,24.0,32.0,15.0,23.0,31.0,379.0,1838.0,2030.0,284605.0,58216.0,192411.0,0.0,1.0,1.0,143.56814988688507,41.0808295381167,12.104594858782928,31.607111749246616,43.17950366538791,21,0.18472222222222218,0.9170600743851239,0.3987490689252465,0.7313537016191709,-0.6819983600624981,0.5132540104767047,0.6243634706733486,1.1376174811500535,0.8809904759117011
37.5,910.0,34.0,36.0,34.03891869182977,1.0499764833315872,230.56538962545278,251.73613961206973,2083.0,1044.0,1301.0,1746.3340659340658,224534.0,10.670401222695265,21.70829334609241,1.0,1.0,-258.0,1168.0,835.0,-5.0,39.0,32.333333333333336,-2.0,38.0,32.333333333333336,-134.0,2217.0,2046.0,-118287.0,342821.0,208523.66666666666,0.0,1.0,1.0,143.61029353504966,40.922414727462076,12.143147242007217,31.69366662261578,43.27474904252043,21,0.1875,0.9238795325112867,0.38268343236508984,0.7071067811865476,-0.7071067811865475,0.3287148729928547,0.5507737651214354,0.8794886381142901,0.7151312016178628
37.699999999999996,961.0,36.0,40.0,34.97975417996089,1.0172284150975666,230.26348632014748,252.5829195375752,2115.0,1051.0,1316.0,1743.299687825182,233811.0,10.711419660975324,21.587033144922902,1.0,1.0,51.0,910.0,1013.0,2.0,34.0,36.333333333333336,4.0,36.0,38.0,32.0,2083.0,2138.3333333333335,9277.0,224534.0,267055.3333333333,0.0,1.0,1.0,143.65243718321426,40.76399991680745,12.181699625231504,31.78022149598494,43.369994419652954,21,0.1902777777777777,0.9304175679820244,0.3665012267242977,0.6819983600624991,-0.7313537016191698,0.550468878671043,0.5762033696288682,1.1266722482999112,0.8514378089643897
37.9,714.0,31.0,29.0,30.15116971098976,1.0712656587885814,230.7267781497065,253.32660755628507,1998.0,1002.0,1253.0,1695.3963585434174,139513.0,10.029054288797875,20.26079958935481,1.0,1.0,-247.0,961.0,861.6666666666666,-5.0,36.0,33.666666666666664,-11.0,40.0,35.0,-117.0,2115.0,2065.3333333333335,-94298.0,233811.0,199286.0,0.0,1.0,1.0,143.6945808313789,40.605585106152816,12.220252008455795,31.8667763693541,43.46523979678548,21,0.19305555555555554,0.9366721892483976,0.35020738125946765,0.6560590289905076,-0.7547095802227717,0.7218045925232999,0.534401437060771,1.256206029584071,0.895303733322421
38.099999999999994,865.0,34.0,35.0,33.186626918021,1.085910948382153,229.30410748482873,252.16448634964908,2056.0,1028.0,1282.0,1728.7942196531792,197917.0,10.410576282938187,21.10094784600919,1.0,1.0,151.0,714.0,846.6666666666666,3.0,31.0,33.666666666666664,6.0,29.0,34.666666666666664,58.0,1998.0,2056.3333333333335,58404.0,139513.0,190413.66666666666,0.0,1.0,1.0,143.73672447954348,40.44717029549819,12.258804391680082,31.95333124272326,43.560485173918,21,0.19583333333333325,0.9426414910921782,0.3338068592337715,0.6293203910498385,-0.7771459614569701,0.5601636093454245,0.5433344949487117,1.103498104294136,0.8234162996214238
38.3,769.0,32.0,31.0,31.29091257699814,1.0159535787919365,230.37065313732083,252.70913536477275,1984.0,999.0,1248.0,1712.7373211963588,163595.0,10.879371563628267,22.147234590350102,1.0,1.0,-96.0,865.0,782.6666666666666,-2.0,34.0,32.333333333333336,-4.0,35.0,31.666666666666668,-72.0,2056.0,2012.6666666666667,-34322.0,197917.0,167008.33333333334,0.0,1.0,1.0,143.77886812770808,40.288755484843556,12.29735677490437,32.03988611609242,43.655730551050524,21,0.19861111111111107,0.9483236552061992,0.31730465640509253,0.6018150231520489,-0.7986355100472924,0.41028179474271326,0.7518823211030853,1.1621641158457985,0.9570232184744418
38.5,778.0,33.0,31.0,31.473486711896992,1.053344133837847,230.37257828574147,252.33701223790777,1989.0,1013.0,1273.0,1716.1516709511568,168166.0,10.02674140682649,20.615528128088304,1.0,1.0,9.0,769.0,804.0,1.0,32.0,33.0,0.0,31.0,32.333333333333336,5.0,1984.0,2009.6666666666667,4571.0,163595.0,176559.33333333334,0.0,1.0,1.0,143.8210117758727,40.13034067418892,12.335909158128661,32.126440989461585,43.75097592818305,21,0.2013888888888889,0.9537169507482269,0.30070579950427306,0.5735764363510459,-0.8191520442889919,0.4286481550119572,0.8181069942188042,1.2467551492307614,1.0324310717247829
38.699999999999996,855.0,34.0,33.0,32.99423905394037,1.0537767421992905,230.3558623091081,252.11839029000646,2040.0,1032.0,1275.0,1735.122807017544,201030.0,9.458600441298344,19.092537596161932,1.0,1.0,77.0,778.0,800.6666666666666,1.0,33.0,33.0,2.0,31.0,31.666666666666668,51.0,1989.0,2004.3333333333333,32864.0,168166.0,177597.0,0.0,1.0,1.0,143.8631554240373,39.971925863534295,12.374461541352948,32.21299586283074,43.846221305315574,21,0.2041666666666666,0.9588197348681929,0.2840153447039229,0.5446390350150276,-0.8386705679454236,0.5054021695741907,0.7356574010047389,1.2410595705789296,0.9883584857918342
38.9,1073.0,37.0,39.0,36.961953837707625,1.0409241196940808,230.53482136824775,251.90561515676282,2163.0,1064.0,1334.0,1762.0885368126746,281221.0,11.798267136278183,24.13503677229434,1.0,1.0,218.0,855.0,902.0,3.0,34.0,34.666666666666664,6.0,33.0,34.333333333333336,123.0,2040.0,2064.0,80191.0,201030.0,216805.66666666666,0.0,1.0,1.0,143.90529907220193,39.81351105287967,12.413013924577237,32.299550736199905,43.9414666824481,21,0.20694444444444443,0.963630453208623,0.26723837607825696,0.5150380749100544,-0.8571673007021122,0.44277311637788247,0.7513467506192996,1.194119866997182,0.9727333088082408
39.099999999999994,1025.0,37.0,38.0,36.12575996921783,1.0133887882388524,230.0505689508612,252.8200736224968,2130.0,1046.0,1325.0,1767.4156097560976,274112.0,13.042346594314457,26.68332812825267,1.0,1.0,-48.0,1073.0,984.3333333333334,0.0,37.0,36.0,-1.0,39.0,36.666666666666664,-33.0,2163.0,2111.0,-7109.0,281221.0,252121.0,0.0,1.0,1.0,143.94744272036652,39.65509624222504,12.451566307801526,32.386105609569064,44.03671205958062,21,0.20972222222222214,0.9681476403781076,0.25038000405444194,0.48480962024633795,-0.8746197071393953,0.44846465362244964,0.7591068795731406,1.2075715331955903,0.9833392063843654
39.3,1088.0,38.0,39.0,37.219411933450225,1.0950488589478482,230.5242324905779,251.34233995498326,2177.0,1073.0,1343.0,1780.9411764705883,305664.0,11.134022706961996,22.321514285549714,1.0,1.0,63.0,1025.0,1062.0,1.0,37.0,37.333333333333336,1.0,38.0,38.666666666666664,47.0,2130.0,2156.6666666666665,31552.0,274112.0,286999.0,0.0,1.0,1.0,143.69198908301797,39.6649260082941,12.43942660483777,32.36076424470821,44.00358270471764,21,0.21249999999999997,0.9723699203976766,0.23344536385590567,0.4539904997395473,-0.8910065241883676,0.49792827948064916,0.7629531869978192,1.2608814664784684,1.0119173267381438
39.5,1152.0,40.0,44.0,38.298458918537534,1.0197371511952804,229.6874330285592,252.44321890311846,2190.0,1078.0,1380.0100000000093,1784.3446180555557,328526.0,11.117693955110605,22.677080940897135,1.0,1.0,64.0,1088.0,1088.3333333333333,2.0,38.0,38.333333333333336,5.0,39.0,40.333333333333336,13.0,2177.0,2165.6666666666665,22862.0,305664.0,302767.3333333333,0.0,1.0,1.0,143.42890474604084,39.67906973786891,12.42598710479227,32.332553745533765,43.96716169005989,21,0.2152777777777778,0.9762960071199334,0.2164396139381029,0.4226182617406995,-0.9063077870366499,0.4311752860847421,0.8577230431064247,1.2888983291911666,1.0733106861487958
39.699999999999996,645.0,30.0,27.0,28.65727667372076,1.0542066200818883,230.50136312254804,252.83208657490525,1908.0,998.0,1230.0,1686.5302325581395,120312.0,8.360374995153094,16.98528775146303,1.0,1.0,-507.0,1152.0,961.6666666666666,-10.0,40.0,36.0,-17.0,44.0,36.666666666666664,-282.0,2190.0,2091.6666666666665,-208214.0,328526.0,251500.66666666666,0.0,1.0,1.0,143.16582040906374,39.69321346744371,12.41254760474677,32.304343246359316,43.93074067540215,21,0.2180555555555555,0.9799247046208295,0.19936793441719763,0.3907311284892746,-0.9205048534524399,0.4261726499200034,0.8661713545972196,1.292344004517223,1.0792576795572213
39.9,1085.0,40.0,37.0,37.1680629847407,1.0496398490514283,230.12017432322264,252.21617958378485,2148.0,1057.0,1347.0,1774.716129032258,298067.0,11.896201442998418,24.253865671269807,1.0,1.0,440.0,645.0,960.6666666666666,10.0,30.0,36.666666666666664,10.0,27.0,36.0,240.0,1908.0,2082.0,177755.0,120312.0,248968.33333333334,0.0,1.0,1.0,142.90273607208664,39.70735719701851,12.39910810470127,32.276132747184874,43.8943196607444,21,0.22083333333333333,0.9832549075639545,0.18223552549214767,0.35836794954530066,-0.9335804264972016,0.553252581655791,0.6607968406537281,1.2140494223095193,0.9374231314816237
40.099999999999994,957.0,35.0,37.0,34.906879612929465,1.039170092505967,230.23312644071711,252.85084621601501,2080.0,1040.0,1310.0,1762.4629049111809,251824.0,10.530248489032703,21.2602916254693,1.0,1.0,-128.0,1085.0,895.6666666666666,-5.0,40.0,35.0,0.0,37.0,33.666666666666664,-68.0,2148.0,2045.3333333333333,-46243.0,298067.0,223401.0,0.0,1.0,1.0,142.63965173510954,39.721500926593315,12.38566860465577,32.247922248010426,43.85789864608666,21,0.22361111111111104,0.9862856015372313,0.16504760586067826,0.32556815445715787,-0.9455185755993164,0.43560241122929433,0.5012665670220521,0.9368689782513464,0.7190677726366992
40.3,1038.0,37.0,38.0,36.3541283410165,1.0548965358354314,230.27394766133133,252.45679517223968,2106.0,1053.0,1340.0,1770.912331406551,285126.0,10.714819844537045,21.587033144922902,1.0,1.0,81.0,957.0,1026.6666666666667,2.0,35.0,37.333333333333336,1.0,37.0,37.333333333333336,26.0,2080.0,2111.3333333333335,33302.0,251824.0,278339.0,0.0,1.0,1.0,142.37656739813244,39.73564465616812,12.372229104610268,32.219711748835984,43.82147763142891,21,0.22638888888888886,0.9890158633619168,0.14780941112961077,0.29237170472273705,-0.9563047559630354,0.46732851005703707,0.5167541834201114,0.9840826934771485,0.7504184384486299
40.5,964.0,41.0,35.0,35.03431062722223,1.120785664647472,230.6151867275925,253.35556649503158,2071.0,1037.0,1320.0,1761.2977178423237,254328.0,11.471285178821928,23.16246964380094,1.0,1.0,-74.0,1038.0,986.3333333333334,4.0,37.0,37.666666666666664,-3.0,38.0,36.666666666666664,-35.0,2106.0,2085.6666666666665,-30798.0,285126.0,263759.3333333333,0.0,1.0,1.0,142.11348306115534,39.749788385742924,12.358789604564768,32.191501249661535,43.78505661677117,21,0.22916666666666666,0.9914448613738104,0.1305261922200517,0.258819045102521,-0.9659258262890682,0.45779536155842154,0.5933103114593583,1.0511056730177797,0.822207992238569
40.699999999999996,1015.0,36.0,39.0,35.949104827605794,1.0557431304452227,230.25330771753232,252.66419894780364,2112.0,1034.0,1328.0,1776.4098522167487,280556.0,12.832793743142355,26.196373794859472,1.0,1.0,51.0,964.0,1005.6666666666666,-5.0,41.0,38.0,4.0,35.0,37.333333333333336,41.0,2071.0,2096.3333333333335,26228.0,254328.0,273336.6666666667,0.0,1.0,1.0,141.85039872417823,39.76393211531772,12.345350104519268,32.16329075048709,43.748635602113424,21,0.2319444444444444,0.9935718556765875,0.11320321376790704,0.22495105434386564,-0.9743700647852351,0.3661191157621824,0.49869288082479113,0.8648119965869735,0.6817524387058823
40.9,2102.0,61.0,52.0,51.733446850498105,1.266423251542453,229.01493867727322,254.7764132975614,3097.0,1265.0,1701.0,2042.7835394862036,1140931.0,16.214623722492775,32.44225639501667,1.0,1.0,1087.0,1015.0,1360.3333333333333,25.0,36.0,46.0,13.0,39.0,42.0,985.0,2112.0,2426.6666666666665,860375.0,280556.0,558605.0,0.0,1.0,1.0,141.58731438720113,39.77807584489253,12.331910604473768,32.13508025131265,43.712214587455684,21,0.2347222222222222,0.9953961983671787,0.09584575252022429,0.19080899537654541,-0.9816271834476639,0.32077437263687486,0.39340079134239686,0.7141751639792717,0.5537879776608343
41.099999999999994,2110.0,55.0,52.0,51.831799499835945,1.151556631663118,229.85347412342517,253.11042610426898,3141.0,1286.0,1737.0,2096.5431279620852,1261004.0,16.494471008571516,32.76049450176233,1.0,1.0,8.0,2102.0,1742.3333333333333,-6.0,61.0,50.666666666666664,0.0,52.0,47.666666666666664,44.0,3097.0,2783.3333333333335,120073.0,1140931.0,894163.6666666666,0.0,1.0,1.0,141.32423005022403,39.79221957446733,12.318471104428268,32.1068697521382,43.675793572797936,21,0.23749999999999993,0.996917333733128,0.07845909572784544,0.15643446504023187,-0.9876883405951375,0.3624212208473737,0.49606951554289136,0.8584907363902651,0.6772801259665782
41.3,1065.0,37.0,44.0,36.823906842470535,1.1218570308040796,229.68002151486732,252.4488642632537,2109.0,1051.0,1337.0200000000186,1772.330516431925,290032.0,10.858794115920167,21.70829334609241,1.0,1.0,-1045.0,2110.0,1759.0,-18.0,55.0,51.0,-8.0,52.0,49.333333333333336,-1032.0,3141.0,2782.3333333333335,-970972.0,1261004.0,897322.3333333334,0.0,1.0,1.0,141.06114571324693,39.80636330404213,12.305031604382766,32.07865925296376,43.639372558140195,21,0.24027777777777773,0.9981347984218669,0.06104853953485713,0.12186934340514799,-0.992546151641322,0.3637080337971547,0.8568529078262306,1.2205609416233854,1.038706924724808
41.5,1190.0,40.0,41.0,38.92499271977894,1.0412313424690662,230.08349036835997,253.34872894281455,2188.0,1062.0,1376.0,1794.7655462184873,350865.0,13.366877194727028,27.285527299284507,1.0,1.0,125.0,1065.0,1455.0,3.0,37.0,44.0,-3.0,44.0,45.666666666666664,79.0,2109.0,2479.3333333333335,60833.0,290032.0,633967.0,0.0,1.0,1.0,140.79806137626983,39.820507033616934,12.291592104337266,32.05044875378931,43.60295154348245,21,0.24305555555555555,0.9990482215818578,0.04361938736533601,0.0871557427476582,-0.9961946980917455,0.4148901533815556,0.8445811431376319,1.2594712965191874,1.0520262198284096
41.699999999999996,962.0,35.0,43.0,34.997949111844065,1.1347153929374159,228.9433317324126,253.11559945828304,2071.0,1017.0,1311.0,1740.2463617463618,233187.0,12.588523230994394,25.347583711273153,1.0,1.0,-228.0,1190.0,1072.3333333333333,-5.0,40.0,37.333333333333336,2.0,41.0,42.666666666666664,-117.0,2188.0,2122.6666666666665,-117678.0,350865.0,291361.3333333333,0.0,1.0,1.0,140.53497703929273,39.83465076319174,12.278152604291765,32.02223825461487,43.56653052882471,21,0.24583333333333326,0.9996573249755573,0.026176948307873583,0.052335956242944695,-0.9986295347545738,0.6035076846886045,0.6384057955381426,1.241913480226747,0.9401596378824448
41.9,992.0,36.0,37.0,35.539465786323824,1.023516212126074,230.01599799040946,252.9483017835116,2103.0,1038.0,1334.0,1768.8719758064517,266749.0,11.439105367387418,23.286262044390035,1.0,1.0,30.0,962.0,1048.0,1.0,35.0,37.0,-6.0,43.0,40.333333333333336,32.0,2071.0,2120.6666666666665,33562.0,233187.0,283600.3333333333,0.0,1.0,1.0,140.2718927023156,39.84879449276654,12.264713104246265,31.994027755440424,43.53010951416696,21,0.2486111111111111,0.9999619230641713,0.008726535498374119,0.017452406437283883,-0.9998476951563913,0.49860950304964374,0.6665859875520586,1.1651954906017024,0.9158907390768805
42.099999999999994,1374.0,41.0,45.0,41.82620153045354,1.1553803419365638,228.8238188193534,252.55478164832394,2272.0,1104.0,1413.0100000000093,1820.2671033478894,440047.0,11.686433391227359,23.264780248263683,1.0,1.0,382.0,992.0,1109.3333333333333,5.0,36.0,37.333333333333336,8.0,37.0,41.666666666666664,169.0,2103.0,2148.6666666666665,173298.0,266749.0,313327.6666666667,0.0,1.0,1.0,140.00880836533852,39.86293822234134,12.251273604200765,31.96581725626598,43.49368849950922,21,0.25138888888888883,0.9999619230641713,-0.008726535498373553,-0.01745240643728275,-0.9998476951563913,0.4653556848317014,0.9017701738992627,1.3671258587309643,1.1344480163151136
42.3,1042.0,37.0,36.0,36.424107478619696,1.038293211728939,231.34996711492983,253.27864149676046,2122.0,1052.0,1352.0200000000186,1774.3224568138196,285979.0,11.769687371499142,23.769728648009426,1.0,1.0,-332.0,1374.0,1136.0,-4.0,41.0,38.0,-9.0,45.0,39.333333333333336,-150.0,2272.0,2165.6666666666665,-154068.0,440047.0,330925.0,0.0,1.0,1.0,139.7457240283614,39.877081951916146,12.237834104155265,31.937606757091533,43.45726748485147,21,0.25416666666666665,0.9996573249755573,-0.026176948307873017,-0.052335956242943564,-0.9986295347545738,0.5092084741117104,0.9648161668867177,1.4740246409984281,1.219420403942573
42.5,668.0,30.0,29.0,29.163744887841286,1.0372656780905494,229.7419785324754,252.71393225033904,1933.0,974.0,1219.0100000000093,1707.5269461077844,138721.0,10.718623881492706,21.587033144922902,1.0,1.0,-374.0,1042.0,1028.0,-7.0,37.0,36.0,-7.0,36.0,36.666666666666664,-189.0,2122.0,2109.0,-147258.0,285979.0,288249.0,0.0,1.0,1.0,139.4826396913843,39.891225681490944,12.224394604109763,31.909396257917088,43.42084647019373,21,0.2569444444444444,0.9990482215818578,-0.04361938736533589,-0.08715574274765794,-0.9961946980917455,0.5178240728580423,0.8871394192739672,1.4049634921320096,1.1460514557029884
42.699999999999996,1055.0,37.0,39.0,36.6506169074355,1.0157226007506444,229.67293900109448,252.1717595393641,2128.0,1058.0,1332.0100000000093,1778.8644549763033,294202.0,10.889297748354206,22.073740054644116,1.0,1.0,387.0,668.0,921.6666666666666,7.0,30.0,34.666666666666664,10.0,29.0,34.666666666666664,195.0,1933.0,2061.0,155481.0,138721.0,239634.0,0.0,1.0,1.0,139.2195553544072,39.90536941106575,12.210955104064263,31.881185758742646,43.38442545553598,21,0.2597222222222222,0.998134798421867,-0.06104853953485656,-0.12186934340514687,-0.9925461516413221,0.5999979016706343,0.6813999724769763,1.2813978741476106,0.9813989233122935
42.9,1183.0,39.0,40.0,38.810338589372,1.0396855397799512,229.8156950796187,252.82410050140504,2211.0,1090.0,1361.0,1806.830092983939,362980.0,10.473125106754386,21.02379604162864,1.0,1.0,128.0,1055.0,968.6666666666666,2.0,37.0,35.333333333333336,1.0,39.0,36.0,83.0,2128.0,2090.6666666666665,68778.0,294202.0,265301.0,0.0,1.0,1.0,138.9564710174301,39.919513140640554,12.197515604018763,31.8529752595682,43.34800444087824,21,0.26249999999999996,0.996917333733128,-0.07845909572784467,-0.1564344650402303,-0.9876883405951378,0.7568663483040029,0.5084079505252371,1.26527429882924,0.8868411246772385
43.099999999999994,1502.0,46.0,46.0,43.73106214342632,1.0880572895371314,229.50587399799377,253.18890003462081,2391.0,1130.0,1461.0,1874.9966711051932,563245.0,13.458585749391446,26.911893281595777,1.0,1.0,319.0,1183.0,1246.6666666666667,7.0,39.0,40.666666666666664,6.0,40.0,41.666666666666664,180.0,2211.0,2243.3333333333335,200265.0,362980.0,406809.0,0.0,1.0,1.0,138.693386680453,39.93365687021535,12.184076103973263,31.824764760393755,43.311583426220494,21,0.2652777777777777,0.9953961983671789,-0.09584575252022351,-0.19080899537654386,-0.9816271834476641,0.8062075172194507,0.5627948312513377,1.3690023484707883,0.965898589861063
43.3,1344.0,42.0,43.0,41.367063566611286,1.0428655729780116,229.59934228911982,252.14439960052079,2404.0,1106.0,1418.0,1843.453125,461601.0,14.094066053638619,28.74456470360962,1.0,1.0,-158.0,1502.0,1343.0,-4.0,46.0,42.333333333333336,-3.0,46.0,43.0,13.0,2391.0,2335.3333333333335,-101644.0,563245.0,462608.6666666667,0.0,1.0,1.0,138.4303023434759,39.947800599790156,12.170636603927763,31.79655426121931,43.275162411562754,21,0.2680555555555555,0.9935718556765876,-0.11320321376790626,-0.2249510543438641,-0.9743700647852355,0.6004862909757909,0.716943640734865,1.317429931710656,1.0171867862227604
43.5,1101.0,39.0,38.0,37.441110276718746,1.0102052616848531,229.8525090210147,252.7273430015132,2216.0,1075.0,1342.0,1804.3151680290646,335051.0,11.114374599782943,22.677080940897135,1.0,1.0,-243.0,1344.0,1315.6666666666667,-3.0,42.0,42.333333333333336,-5.0,43.0,42.333333333333336,-188.0,2404.0,2337.0,-126550.0,461601.0,453299.0,0.0,1.0,1.0,138.16721800649879,39.96194432936496,12.157197103882261,31.768343762044864,43.238741396905006,21,0.2708333333333333,0.9914448613738105,-0.13052619222005138,-0.25881904510252035,-0.9659258262890684,0.5459355433720601,0.6809250490144118,1.226860592386472,0.9538928207004418
43.699999999999996,1211.0,39.0,42.0,39.26694651579471,1.029834924279859,229.4904390373261,252.85044340508063,2235.0,1101.0,1370.0,1817.6193228736581,384637.0,10.67645404790217,21.242645786248,1.0,1.0,110.0,1101.0,1218.6666666666667,0.0,39.0,40.0,4.0,38.0,41.0,19.0,2216.0,2285.0,49586.0,335051.0,393763.0,0.0,1.0,1.0,137.90413366952168,39.976088058939766,12.143757603836761,31.74013326287042,43.202320382247265,21,0.273611111111111,0.9890158633619169,-0.14780941112961,-0.2923717047227355,-0.9563047559630359,0.5400893777624978,0.6148541157025597,1.1549434934650573,0.8848988045838084
43.9,621.0,29.0,28.0,28.11906394744562,1.0448817360516691,229.3866458126477,251.7960845993656,1865.0,977.0,1226.0,1683.2640901771338,118311.0,8.995030850094594,18.069310999592652,1.0,1.0,-590.0,1211.0,977.6666666666666,-10.0,39.0,35.666666666666664,-14.0,42.0,36.0,-370.0,2235.0,2105.3333333333335,-266326.0,384637.0,279333.0,0.0,1.0,1.0,137.64104933254458,39.99023178851456,12.13031810379126,31.711922763695974,43.16589936758952,21,0.27638888888888885,0.9862856015372314,-0.16504760586067727,-0.3255681544571559,-0.9455185755993171,0.5238008151959291,0.47202958661631533,0.9958304018122445,0.7339299942142798
44.099999999999994,1124.0,38.0,37.0,37.83016320718592,1.022052368715898,229.58099777988832,252.3750809100643,2216.0,1056.0,1347.0100000000093,1794.1405693950178,330614.0,13.334181738505762,27.285527299284507,1.0,1.0,503.0,621.0,985.3333333333334,9.0,29.0,35.333333333333336,9.0,28.0,35.666666666666664,351.0,1865.0,2105.3333333333335,212303.0,118311.0,277854.0,0.0,1.0,1.0,137.37796499556748,40.00437551808937,12.11687860374576,31.68371226452153,43.12947835293178,21,0.27916666666666656,0.9832549075639547,-0.18223552549214667,-0.35836794954529877,-0.9335804264972023,0.4763978659943569,0.49558012487022934,0.9719779908645862,0.7337790578674078
44.3,1119.0,39.0,38.0,37.7459276023076,1.0565625042866107,229.52477289085144,252.88478547020185,2207.0,1075.0,1374.0,1775.6407506702412,314461.0,10.447548954026846,21.0,1.0,1.0,-5.0,1124.0,954.6666666666666,1.0,38.0,35.333333333333336,1.0,37.0,34.333333333333336,-9.0,2216.0,2096.0,-16153.0,330614.0,254462.0,0.0,1.0,1.0,137.11488065859038,40.01851924766417,12.10343910370026,31.655501765347086,43.09305733827403,21,0.2819444444444444,0.9799247046208297,-0.19936793441719686,-0.3907311284892731,-0.9205048534524406,0.5745520398720644,0.6428396548392091,1.2173916947112735,0.9301156747752413
44.5,1052.0,37.0,42.0,36.59846992787254,1.0778407386600415,229.01339648221614,252.6638931715501,2099.0,1073.0,1342.0,1765.7328897338402,285636.0,8.893385687862121,17.902513789968157,1.0,1.0,-67.0,1119.0,1098.3333333333333,-2.0,39.0,38.0,4.0,38.0,39.0,-108.0,2207.0,2174.0,-28825.0,314461.0,310237.0,0.0,1.0,1.0,136.85179632161325,40.03266297723897,12.089999603654759,31.62729126617264,43.05663632361629,21,0.2847222222222222,0.9762960071199334,-0.2164396139381028,-0.4226182617406993,-0.90630778703665,0.7230316372801313,0.5885979886183962,1.3116296258985274,0.9501138072584618
44.699999999999996,1041.0,37.0,40.0,36.40662530459675,1.0796131437721885,229.48651646215706,252.75565307061146,2094.0,1058.0,1326.0,1758.9702209414024,269595.0,10.086696275822206,20.12461179749811,1.0,1.0,-11.0,1052.0,1070.6666666666667,0.0,37.0,37.666666666666664,-2.0,42.0,40.0,-5.0,2099.0,2133.3333333333335,-16041.0,285636.0,289897.3333333333,0.0,1.0,1.0,136.58871198463615,40.046806706813776,12.076560103609259,31.599080766998195,43.02021530895854,21,0.2874999999999999,0.9723699203976767,-0.23344536385590492,-0.45399049973954586,-0.8910065241883683,0.7589695173921678,0.5610106733135539,1.3199801907057216,0.9404954320096377
44.9,1213.0,42.0,44.0,39.299358363257696,1.0429048784831074,229.43319123271147,252.65416363960358,2342.0,1099.0,1384.0,1800.7131079967023,364791.0,10.558614812674952,21.400934559032695,1.0,1.0,172.0,1041.0,1102.0,5.0,37.0,38.666666666666664,4.0,40.0,42.0,248.0,2094.0,2178.3333333333335,95196.0,269595.0,306674.0,0.0,1.0,1.0,136.32562764765905,40.06095043638858,12.063120603563759,31.57087026782375,42.9837942943008,21,0.29027777777777775,0.9681476403781079,-0.25038000405444116,-0.48480962024633656,-0.8746197071393961,0.7148108185781381,0.6131681235016367,1.327978942079775,0.9705735327907059
45.099999999999994,1032.0,39.0,36.0,36.24890633062862,1.0855428235829696,229.50707084899364,252.28375074642594,2161.0,1061.0,1321.0,1775.8624031007753,284690.0,10.223908272936939,20.426698215815495,1.0,1.0,-181.0,1213.0,1095.3333333333333,-3.0,42.0,39.333333333333336,-8.0,44.0,40.0,-181.0,2342.0,2199.0,-80101.0,364791.0,306358.6666666667,0.0,1.0,1.0,136.06254331068195,40.07509416596338,12.049681103518258,31.542659768649305,42.94737327964305,21,0.29305555555555546,0.9636304532086232,-0.26723837607825623,-0.515038074910053,-0.857167300702113,0.6325095270708434,0.7032425561892263,1.3357520832600698,1.019497319724648
45.3,1033.0,38.0,36.0,36.266464532835606,1.0895492755321585,229.21018218100633,253.40345185064623,2132.0,1026.0,1318.0,1773.6021297192642,282631.0,14.200976035854765,29.231831964486933,1.0,1.0,1.0,1032.0,1092.6666666666667,-1.0,39.0,39.666666666666664,0.0,36.0,38.666666666666664,-29.0,2161.0,2211.6666666666665,-2059.0,284690.0,310704.0,0.0,1.0,1.0,135.79945897370484,40.08923789553818,12.036241603472758,31.51444926947486,42.91095226498531,21,0.2958333333333333,0.9588197348681932,-0.2840153447039222,-0.5446390350150263,-0.8386705679454245,0.5124161901741469,0.8025194882697018,1.3149356784438486,1.058727583356775
45.5,1234.0,45.0,40.0,39.63808267566925,1.0728211100736431,229.62900850096793,253.3125499747496,2232.0,1091.0,1381.0,1808.0972447325769,380192.0,11.47311049788096,23.03258561256204,1.0,1.0,201.0,1033.0,1099.6666666666667,7.0,38.0,40.666666666666664,4.0,36.0,37.333333333333336,100.0,2132.0,2175.0,97561.0,282631.0,315837.6666666667,0.0,1.0,1.0,135.53637463672774,40.10338162511299,12.022802103427258,31.486238770300414,42.874531250327564,21,0.2986111111111111,0.9537169507482269,-0.30070579950427295,-0.5735764363510458,-0.819152044288992,0.4171860152458794,0.8516178464304814,1.2688038616763608,1.0602108540534212
45.699999999999996,1303.0,45.0,41.0,40.73120581065477,1.0373200370715974,230.1984040561737,252.82512155551913,2293.0,1087.0,1408.0,1813.6308518802764,408666.0,12.523671257222404,25.22399651125888,1.0,1.0,69.0,1234.0,1190.0,0.0,45.0,42.666666666666664,1.0,40.0,39.0,61.0,2232.0,2219.0,28474.0,380192.0,357163.0,0.0,1.0,1.0,135.61728618333714,40.033493727167254,12.015621987367552,31.492790194412443,42.87164199123533,21,0.3013888888888888,0.9483236552061995,-0.31730465640509153,-0.6018150231520473,-0.7986355100472936,0.3611493187487417,0.890594772009755,1.2517440907584967,1.0711694313841258
45.9,1087.0,37.0,42.0,37.202303492218356,1.032381062657828,230.23381117793446,252.40969125881378,2183.0,1056.0,1351.0,1783.9080036798528,308618.0,13.123514093115187,26.68332812825267,1.0,1.0,-216.0,1303.0,1208.0,-8.0,45.0,42.333333333333336,1.0,41.0,41.0,-110.0,2293.0,2236.0,-100048.0,408666.0,365825.3333333333,0.0,1.0,1.0,135.72608928807517,39.95679245401715,12.008949388928318,31.502160152844993,42.87147152313489,21,0.30416666666666664,0.9426414910921784,-0.3338068592337708,-0.6293203910498373,-0.7771459614569711,0.4763942598572145,0.8004851838956771,1.2768794437528916,1.0386823138242844
46.099999999999994,1116.0,39.0,39.0,37.69529588588531,1.015855464714422,229.66853639104284,252.55655721677616,2228.0,1071.0,1351.0,1807.0367383512544,342741.0,12.144965295942653,24.62214450449026,1.0,1.0,29.0,1087.0,1168.6666666666667,2.0,37.0,40.333333333333336,-3.0,42.0,40.666666666666664,45.0,2183.0,2234.6666666666665,34123.0,308618.0,353341.6666666667,0.0,1.0,1.0,135.8348923928132,39.88009118086704,12.002276790489084,31.511530111277548,42.87130105503446,21,0.30694444444444435,0.9366721892483978,-0.35020738125946693,-0.6560590289905064,-0.7547095802227727,0.6087155064503378,0.6974272072249682,1.3061427136753059,1.001784960450137
46.3,1039.0,37.0,39.0,36.371635747926355,1.0406197419482432,229.98071735777523,252.64449411940564,2186.0,1055.0,1330.0200000000186,1783.3089509143408,294443.0,11.922633911290543,24.253865671269807,1.0,1.0,-77.0,1116.0,1080.6666666666667,-2.0,39.0,37.666666666666664,0.0,39.0,40.0,-42.0,2228.0,2199.0,-48298.0,342741.0,315267.3333333333,0.0,1.0,1.0,135.94369549755126,39.80338990771694,11.995604192049848,31.5209000697101,42.87113058693402,21,0.3097222222222222,0.9304175679820247,-0.36650122672429697,-0.681998360062498,-0.7313537016191709,0.4369453206893593,0.5899434084648989,1.026888729154258,0.8084160688095785
46.5,471.0,25.0,26.0,24.488687706168772,1.1295044777363161,228.3789441747573,252.87073863636363,1822.0,946.0,1168.0,1653.9532908704882,72512.0,8.999257422421108,18.5,1.0,1.0,-568.0,1039.0,875.3333333333334,-12.0,37.0,33.666666666666664,-13.0,39.0,34.666666666666664,-364.0,2186.0,2078.6666666666665,-221931.0,294443.0,236565.33333333334,0.0,1.0,1.0,136.0524986022893,39.726688634566834,11.988931593610614,31.530270028142652,42.87096011883359,21,0.3125,0.9238795325112867,-0.3826834323650897,-0.7071067811865475,-0.7071067811865477,0.31332310822965265,0.48382731003283835,0.797150418262491,0.6404888641476647
46.699999999999996,1243.0,40.0,43.0,39.7823673768393,1.0373958754266173,229.8509561304837,252.53097689711862,2290.0,1089.0,1379.0,1816.1206757843927,392938.0,13.846309309456188,28.257742301889582,1.0,1.0,772.0,471.0,917.6666666666666,15.0,25.0,34.0,17.0,26.0,36.0,468.0,1822.0,2099.3333333333335,320426.0,72512.0,253297.66666666666,0.0,1.0,1.0,136.16130170702732,39.64998736141673,11.98225899517138,31.539639986575203,42.87078965073315,21,0.3152777777777777,0.9170600743851243,-0.39874906892524575,-0.7313537016191698,-0.6819983600624993,0.4149155950620377,0.48966937391203164,0.9045849689740694,0.6971271714430505
46.9,1175.0,42.0,40.0,38.678889139475245,1.078404662366697,229.45728913720538,252.17354680138067,2268.0,1080.0,1353.0,1787.743829787234,338099.0,12.279683944725182,25.10975905897944,1.0,1.0,-68.0,1243.0,963.0,2.0,40.0,35.666666666666664,-3.0,43.0,36.333333333333336,-22.0,2290.0,2126.6666666666665,-54839.0,392938.0,267849.6666666667,0.0,1.0,1.0,136.27010481176535,39.57328608826662,11.975586396732146,31.549009945007757,42.870619182632716,21,0.31805555555555554,0.9099612708765433,-0.4146932426562388,-0.7547095802227717,-0.6560590289905076,0.4768870809794478,0.47857664374176057,0.9554637247212084,0.7170201842314845
47.099999999999994,880.0,35.0,36.0,33.47313548753602,1.0268860348583448,229.52584644314558,252.8571054697723,2059.0,1020.0,1281.0,1734.4704545454545,206334.0,11.194353911504045,22.677080940897135,1.0,1.0,-295.0,1175.0,1099.3333333333333,-7.0,42.0,39.0,-4.0,40.0,39.666666666666664,-209.0,2268.0,2205.6666666666665,-131765.0,338099.0,312457.0,0.0,1.0,1.0,136.3789079165034,39.49658481511652,11.96891379829291,31.558379903440308,42.87044871453228,21,0.32083333333333325,0.9025852843498609,-0.4305110968082945,-0.77714596145697,-0.6293203910498385,0.38751067271019474,0.4128117822342511,0.8003224549444459,0.6065671185893484
47.5,1107.0,39.0,38.0,37.542991037233904,1.0870424787822301,229.35547614241378,252.32173361762256,2206.0,1069.0,1351.0,1786.4028906955737,317048.0,12.16760223992352,24.73863375370596,1.0,1.0,100.0,1007.0,998.0,2.0,37.0,37.0,-2.0,40.0,38.0,62.0,2144.0,2136.3333333333335,57349.0,259699.0,261027.0,0.0,1.0,1.0,136.59651412597947,39.34318226881631,11.955568601414441,31.577119820305413,42.87010777833141,21,0.3263888888888889,0.8870108331782218,-0.4617486132350338,-0.8191520442889916,-0.5735764363510464,0.4738875666549153,0.4363812023279129,0.9102687689828282,0.6733249856553705
47.699999999999996,1009.0,38.0,35.0,35.84269382507095,1.0786004602107604,229.30415953847688,253.11880231068423,2130.0,1060.0,1312.0,1758.376610505451,260702.0,10.808435581593022,22.073740054644116,1.0,1.0,-98.0,1107.0,1041.0,-1.0,39.0,38.0,-3.0,38.0,37.666666666666664,-76.0,2206.0,2160.0,-56346.0,317048.0,279149.6666666667,0.0,1.0,1.0,136.7053172307175,39.26648099566621,11.948896002975207,31.586489778737967,42.869937310230966,21,0.3291666666666666,0.8788171126619656,-0.4771587602596081,-0.8386705679454236,-0.5446390350150278,0.5133591985830117,0.3907247879225482,0.9040839865055599,0.647404387214054
47.9,1098.0,37.0,42.0,37.390065794529015,1.0482912201402004,229.5868412527355,252.33026452367886,2215.0,1076.0,1354.0100000000093,1775.5063752276867,302506.0,11.15695813632568,22.321514285549714,1.0,1.0,89.0,1009.0,1071.3333333333333,-1.0,38.0,38.0,7.0,35.0,38.333333333333336,85.0,2130.0,2183.6666666666665,41804.0,260702.0,293418.6666666667,0.0,1.0,1.0,136.81412033545556,39.1897797225161,11.942223404535971,31.595859737170517,42.86976684213053,21,0.33194444444444443,0.8703556959398997,-0.492423560103467,-0.8571673007021121,-0.5150380749100544,0.8517491947043063,0.4467719594472465,1.298521154151553,0.8726465567993997
48.099999999999994,1035.0,36.0,36.0,36.301555459799424,1.1076700917078741,229.6120006565369,251.46395507611288,2166.0,1064.0,1320.0,1776.6676328502415,286351.0,10.87853539677561,22.147234590350102,1.0,1.0,-63.0,1098.0,1047.3333333333333,-1.0,37.0,37.0,-6.0,42.0,37.666666666666664,-49.0,2215.0,2170.3333333333335,-16155.0,302506.0,283186.3333333333,0.0,1.0,1.0,136.92292344019359,39.11307844936599,11.935550806096737,31.60522969560307,42.869596374030095,21,0.33472222222222214,0.8616291604415262,-0.5075383629607035,-0.8746197071393951,-0.4848096202463384,0.7667574382949184,0.5325603060510846,1.299317744346003,0.9159390251985438
48.3,1037.0,37.0,36.0,36.33661249883324,1.0262166429168091,229.47830987136555,253.15631558604346,2117.0,1055.0,1318.0,1766.953712632594,276831.0,10.806705066490238,21.70829334609241,1.0,1.0,2.0,1035.0,1056.6666666666667,1.0,36.0,36.666666666666664,0.0,36.0,38.0,-49.0,2166.0,2166.0,-9520.0,286351.0,288562.6666666667,0.0,1.0,1.0,137.03172654493162,39.03637717621589,11.928878207657503,31.614599654035622,42.86942590592966,21,0.33749999999999997,0.8526401643540923,-0.5224985647159488,-0.8910065241883678,-0.45399049973954697,0.6511811508616733,0.5626428105474895,1.2138239614091628,0.8882333859783262
48.5,1082.0,37.0,38.0,37.116642997494345,1.0558738635573144,231.05540011015816,253.37198835470926,2170.0,1061.0,1349.0,1793.6460258780037,318001.0,11.91727994412743,23.926972228010797,1.0,1.0,45.0,1037.0,1051.3333333333333,0.0,37.0,36.666666666666664,2.0,36.0,36.666666666666664,53.0,2117.0,2151.0,41170.0,276831.0,293727.6666666667,0.0,1.0,1.0,137.14052964966965,38.959675903065786,11.922205609218267,31.623969612468176,42.869255437829224,21,0.3402777777777778,0.8433914458128856,-0.537299608346824,-0.90630778703665,-0.42261826174069916,0.6803524508091128,0.6040293554817915,1.2843818062909043,0.9442055808863479
48.699999999999996,1183.0,40.0,41.0,38.810338589372,1.0443877250635538,230.4093899521531,252.76982383645063,2190.0,1071.0,1368.0,1810.938292476754,367840.0,12.26899036687915,24.86463351831271,1.0,1.0,101.0,1082.0,1100.6666666666667,3.0,37.0,38.0,3.0,38.0,38.333333333333336,20.0,2170.0,2159.0,49839.0,318001.0,320890.6666666667,0.0,1.0,1.0,137.2493327544077,38.88297462991568,11.915533010779033,31.633339570900727,42.86908496972879,21,0.3430555555555555,0.8338858220671684,-0.5519369853120578,-0.9205048534524399,-0.39073112848927466,0.5638230794215648,0.8037355092707188,1.3675585886922836,1.0856470489815013
48.9,854.0,35.0,33.0,32.97493853222215,1.2876087091990638,234.17521605592557,253.45158030181275,2031.0,1027.0,1317.0,1737.5187353629976,203561.0,10.46831660015726,21.10094784600919,1.0,1.0,-329.0,1183.0,1039.6666666666667,-5.0,40.0,37.333333333333336,-8.0,41.0,37.333333333333336,-159.0,2190.0,2130.3333333333335,-164279.0,367840.0,296467.3333333333,0.0,1.0,1.0,137.35813585914573,38.80627335676557,11.908860412339799,31.64270952933328,42.86891450162835,21,0.3458333333333333,0.8241261886220158,-0.5664062369248326,-0.9335804264972015,-0.3583679495453007,0.4589803165281466,0.9065945134660588,1.3655748299942054,1.136084671730132
49.099999999999994,2122.0,54.0,53.0,51.97897953911769,1.0677016866199176,229.9772644361499,250.89863112026887,3349.0,1304.0,1724.0,2058.049010367578,1184198.0,16.88474797013881,33.59315406448165,1.0,1.0,1268.0,854.0,1386.3333333333333,19.0,35.0,43.0,20.0,33.0,42.333333333333336,1318.0,2031.0,2523.3333333333335,980637.0,203561.0,585199.6666666666,0.0,1.0,1.0,137.46693896388376,38.72957208361547,11.902187813900564,31.652079487765832,42.86874403352792,21,0.34861111111111104,0.8141155183563195,-0.5807029557109394,-0.9455185755993165,-0.3255681544571575,0.5087027216205228,0.81913165126921,1.3278343728897326,1.0734830120794712
49.3,988.0,38.0,40.0,35.467741261579384,1.1494745759043228,230.70457778352514,253.52179353572544,2127.0,1030.0,1338.0100000000093,1766.1153846153845,265291.0,12.83234470605394,26.196373794859472,1.0,1.0,-1134.0,2122.0,1321.3333333333333,-16.0,54.0,42.333333333333336,-13.0,53.0,42.0,-1222.0,3349.0,2502.3333333333335,-918907.0,1184198.0,551016.6666666666,0.0,1.0,1.0,137.5757420686218,38.652870810465366,11.895515215461328,31.661449446198386,42.86857356542748,21,0.35138888888888886,0.8038568606172174,-0.5948227867513411,-0.9563047559630353,-0.2923717047227371,0.5532750452768112,0.6786016404502674,1.2318766857270786,0.955239163088673
49.5,963.0,36.0,35.0,35.01613458935697,1.119084805087606,230.67708093426623,253.0673499209797,2053.0,1048.0,1315.0,1761.509865005192,251834.0,9.896388925135845,19.90602923739438,1.0,1.0,-25.0,988.0,1357.6666666666667,-2.0,38.0,42.666666666666664,-5.0,40.0,42.666666666666664,-74.0,2127.0,2509.6666666666665,-13457.0,265291.0,567107.6666666666,0.0,1.0,1.0,137.68454517335985,38.57616953731526,11.888842617022094,31.670819404630937,42.86840309732705,21,0.3541666666666667,0.7933533402912352,-0.6087614290087207,-0.9659258262890683,-0.25881904510252063,0.4290136859303868,0.6883176360992131,1.1173313220296,0.9028244790644065
49.699999999999996,836.0,33.0,35.0,32.625576767294035,1.0467340529689548,229.90486851457,252.5763021626561,2004.0,1006.0,1272.0,1735.622009569378,196980.0,12.145433037375284,24.70323865407125,1.0,1.0,-127.0,963.0,929.0,-3.0,36.0,35.666666666666664,0.0,35.0,36.666666666666664,-49.0,2053.0,2061.3333333333335,-54854.0,251834.0,238035.0,0.0,1.0,1.0,137.79334827809788,38.49946826416516,11.88217001858286,31.68018936306349,42.86823262922661,21,0.3569444444444444,0.7826081568524142,-0.6225146366376191,-0.9743700647852349,-0.22495105434386614,0.35416801779249313,0.7185136005960362,1.0726816183885293,0.8955976094922827
49.9,1103.0,39.0,38.0,37.47510130530516,1.025679483173861,229.32707208558287,252.3944148670266,2182.0,1076.0,1343.0,1790.1758839528559,320064.0,11.05001084619306,22.588713996153036,1.0,1.0,267.0,836.0,967.3333333333334,6.0,33.0,36.0,3.0,35.0,36.0,178.0,2004.0,2079.6666666666665,123084.0,196980.0,256292.66666666666,0.0,1.0,1.0,137.9021513828359,38.42276699101505,11.875497420143624,31.68955932149604,42.86806216112617,21,0.3597222222222222,0.7716245833877199,-0.6360782202777641,-0.981627183447664,-0.1908089953765446,0.392217404447225,0.7180361664244677,1.1102535708716927,0.9141448686480802
50.099999999999994,981.0,36.0,39.0,35.34187308823903,1.0761884644377733,229.45349363905441,252.26251298351386,2108.0,1048.0,1310.0,1761.0540265035677,256094.0,10.69401300947907,21.587033144922902,1.0,1.0,-122.0,1103.0,973.3333333333334,-3.0,39.0,36.0,1.0,38.0,37.333333333333336,-74.0,2182.0,2098.0,-63970.0,320064.0,257712.66666666666,0.0,1.0,1.0,138.01095448757394,38.34606571786495,11.86882482170439,31.698929279928596,42.86789169302573,21,0.36249999999999993,0.7604059656000313,-0.6494480483301832,-0.9876883405951375,-0.15643446504023192,0.42740010917287496,0.6768141900899979,1.1042142992628727,0.8905142446764354
50.3,1153.0,38.0,42.0,38.31507790778511,1.0632284424455778,229.95097050977884,252.02642626215442,2222.0,1066.0,1363.0,1782.2168256721595,325396.0,12.188152579253039,24.73863375370596,1.0,1.0,172.0,981.0,1079.0,2.0,36.0,37.666666666666664,3.0,39.0,39.666666666666664,114.0,2108.0,2170.6666666666665,69302.0,256094.0,300518.0,0.0,1.0,1.0,138.119757592312,38.269364444714846,11.862152223265156,31.708299238361146,42.8677212249253,21,0.36527777777777776,0.7489557207890023,-0.6626200482157373,-0.992546151641322,-0.12186934340514805,0.497142830741763,0.59462108379982,1.091763914541583,0.8431924991707015
50.5,707.0,31.0,30.0,30.003005818213616,1.1185100966052999,228.7494798865207,251.6520913653888,1955.0,989.0,1272.0,1694.4413012729844,138463.0,10.685245185600634,21.691011963483863,1.0,1.0,-446.0,1153.0,947.0,-7.0,38.0,35.0,-12.0,42.0,37.0,-267.0,2222.0,2095.0,-186933.0,325396.0,239984.33333333334,0.0,1.0,1.0,138.22856069705003,38.19266317156474,11.855479624825922,31.7176691967937,42.86755075682486,21,0.3680555555555556,0.7372773368101241,-0.6755902076156602,-0.9961946980917455,-0.08715574274765825,0.645286939622963,0.5643097064079516,1.2095966460309147,0.8869531762194331
50.699999999999996,803.0,32.0,34.0,31.975167777860612,1.1015672902236286,229.0894417364113,252.27071645360067,1988.0,1014.0,1272.0,1716.6475716064758,173968.0,10.223032398322603,20.74246851269154,1.0,1.0,96.0,707.0,887.6666666666666,1.0,31.0,33.666666666666664,4.0,30.0,35.333333333333336,33.0,1955.0,2055.0,35505.0,138463.0,212609.0,0.0,1.0,1.0,138.33736380178806,38.11596189841463,11.848807026386686,31.72703915522625,42.867380288724426,21,0.3708333333333333,0.7253743710122877,-0.6883545756937538,-0.9986295347545738,-0.052335956242944306,0.6586666221308006,0.605550055770221,1.2642166779010215,0.9348833668356213
50.9,1423.0,49.0,42.0,42.56547746893175,1.106405937272005,229.78163725317074,251.52427418433382,2471.0,1133.0,1436.0,1838.2677442023894,481355.0,12.207225874434386,24.45914961727002,1.0,1.0,620.0,803.0,977.6666666666666,17.0,32.0,37.333333333333336,8.0,34.0,35.333333333333336,483.0,1988.0,2138.0,307387.0,173968.0,264595.3333333333,0.0,1.0,1.0,138.4461669065261,38.03926062526453,11.842134427947451,31.736409113658805,42.86720982062399,21,0.3736111111111111,0.7132504491541816,-0.7009092642998509,-0.9998476951563913,-0.017452406437283498,0.50367971034898,0.6678554586535792,1.1715351690025593,0.9196953138280692
51.099999999999994,679.0,32.0,28.0,29.40288507740653,1.2662663193713537,230.79693027022483,249.91765667616568,1906.0,990.0,1223.0,1692.7702503681885,130891.0,9.859389238431918,20.12461179749811,1.0,1.0,-744.0,1423.0,968.3333333333334,-17.0,49.0,37.666666666666664,-14.0,42.0,34.666666666666664,-565.0,2471.0,2121.6666666666665,-350464.0,481355.0,262071.33333333334,0.0,1.0,1.0,138.55497001126415,37.962559352114425,11.835461829508217,31.745779072091356,42.867039352523555,21,0.37638888888888883,0.7009092642998513,-0.7132504491541811,-0.9998476951563913,0.017452406437282242,0.45916357410044584,0.7382434743678928,1.1974070484683388,0.9678252614181158
51.3,1061.0,38.0,38.0,36.754688911266925,1.0845944862481973,230.07591054053506,251.2552729759559,2118.0,1061.0,1325.0200000000186,1778.392082940622,295374.0,11.849424749440686,24.253865671269807,1.0,1.0,382.0,679.0,1054.3333333333333,6.0,32.0,39.666666666666664,10.0,28.0,36.0,212.0,1906.0,2165.0,164483.0,130891.0,302540.0,0.0,1.0,1.0,138.66377311600218,37.88585807896432,11.828789231068983,31.75514903052391,42.86686888442312,21,0.37916666666666665,0.6883545756937542,-0.7253743710122874,-0.9986295347545739,0.05233595624294306,0.5600133450525487,0.871059355456196,1.4310727005087447,1.1510660279824703
51.5,1020.0,36.0,37.0,36.03754064347158,1.1066284746815342,230.08499047479484,251.18364961899178,2123.0,1068.0,1321.0,1767.6078431372548,272972.0,10.331508702044388,20.796634343085422,1.0,1.0,-41.0,1061.0,920.0,-2.0,38.0,35.333333333333336,-1.0,38.0,34.333333333333336,5.0,2118.0,2049.0,-22402.0,295374.0,233079.0,0.0,1.0,1.0,138.7725762207402,37.80915680581421,11.822116632629747,31.76451898895646,42.866698416322684,21,0.3819444444444444,0.6755902076156604,-0.737277336810124,-0.9961946980917455,0.08715574274765789,0.5988779623613241,0.9370617566727896,1.5359397190341135,1.2365007378534516
51.699999999999996,1149.0,39.0,43.0,38.24855862513909,1.1496905355724543,229.69852584190318,251.0586006216937,2268.0,1075.0,1353.0,1776.064403829417,317198.0,12.213858918490526,24.86463351831271,1.0,1.0,129.0,1020.0,1076.6666666666667,3.0,36.0,37.666666666666664,6.0,37.0,39.333333333333336,145.0,2123.0,2169.6666666666665,44226.0,272972.0,295181.3333333333,0.0,1.0,1.0,138.88137932547824,37.73245553266411,11.815444034190513,31.773888947389015,42.86652794822225,21,0.3847222222222222,0.6626200482157377,-0.748955720789002,-0.9925461516413221,0.12186934340514681,0.5025291093260863,0.9291041444995123,1.4316332538255985,1.1803686991625555
51.9,1192.0,39.0,40.0,38.95768906550174,1.107382060840364,229.52239896030613,251.73697744552993,2250.0,1093.0,1362.0,1802.1023489932886,360106.0,11.403964918587258,23.16246964380094,1.0,1.0,43.0,1149.0,1120.3333333333333,0.0,39.0,38.0,-3.0,43.0,40.0,-18.0,2268.0,2213.6666666666665,42908.0,317198.0,316758.6666666667,0.0,1.0,1.0,138.9901824302163,37.655754259514005,11.808771435751279,31.783258905821565,42.86635748012181,21,0.38749999999999996,0.6494480483301841,-0.7604059656000306,-0.9876883405951379,0.15643446504022981,0.5017557204535599,0.8024869807246493,1.3042427011782092,1.0533648409514291
52.099999999999994,1205.0,40.0,40.0,39.16955005365611,1.1903898637228423,229.4650946972569,250.85738850895416,2235.0,1079.0,1385.0,1773.6390041493776,329735.0,12.154400526720002,24.73863375370596,1.0,1.0,13.0,1192.0,1182.0,1.0,39.0,39.333333333333336,0.0,40.0,41.0,-15.0,2250.0,2251.0,-30371.0,360106.0,335679.6666666667,0.0,1.0,1.0,138.66566236733897,37.5481524654029,11.796910247254203,31.7498112435311,42.83324071931648,21,0.3902777777777777,0.6360782202777642,-0.7716245833877198,-0.9816271834476641,0.19080899537654425,0.5858588297950043,0.6361792265951436,1.2220380563901478,0.9291086414926457
52.3,1006.0,38.0,36.0,35.78936967876878,1.071912494869509,229.32915046754636,252.4203147808241,2138.0,1054.0,1323.0200000000186,1775.113320079523,276774.0,11.783287585595811,24.08318915758459,1.0,1.0,-199.0,1205.0,1134.3333333333333,-2.0,40.0,39.0,-4.0,40.0,38.666666666666664,-97.0,2235.0,2207.6666666666665,-52961.0,329735.0,322205.0,0.0,1.0,1.0,138.27923899480228,37.436136311154506,11.784307831606007,31.710246778280197,42.79541734526759,21,0.3930555555555555,0.62251463663762,-0.7826081568524136,-0.9743700647852355,0.22495105434386403,0.710541020240316,0.5566927706704657,1.2672337909107816,0.9119632807906237
52.5,1067.0,38.0,37.0,36.85846706297507,1.1011643023463282,229.4066335622287,251.64814343394633,2151.0,1068.0,1351.0,1790.8444236176194,315484.0,11.152351842516044,22.321514285549714,1.0,1.0,61.0,1006.0,1092.6666666666667,0.0,38.0,38.666666666666664,1.0,36.0,37.666666666666664,13.0,2138.0,2174.6666666666665,38710.0,276774.0,307331.0,0.0,1.0,1.0,137.8928156222656,37.324120156906105,11.771705415957811,31.670682313029292,42.757593971218704,21,0.3958333333333333,0.6087614290087209,-0.793353340291235,-0.9659258262890684,0.2588190451025203,0.53311537648566,0.5306742555836754,1.0637896320693354,0.7972319438265054
52.699999999999996,1373.0,49.0,44.0,41.81097816269524,1.0798578150512468,229.58973857727344,252.73927412473867,2344.0,1090.0,1412.0,1816.6882738528768,434813.0,13.922514074605413,28.257742301889582,1.0,1.0,306.0,1067.0,1148.6666666666667,11.0,38.0,41.666666666666664,7.0,37.0,39.0,193.0,2151.0,2211.0,119329.0,315484.0,342357.0,0.0,1.0,1.0,137.50639224972895,37.21210400265771,11.759103000309617,31.631117847778395,42.71977059716981,21,0.398611111111111,0.5948227867513417,-0.8038568606172171,-0.9563047559630358,0.2923717047227359,0.31760434513449315,0.5289661006534017,0.8465704457878948,0.6877682732206483
52.9,1016.0,37.0,38.0,35.96680938658481,1.118580471358202,229.90984118436748,251.00103209594005,2181.0,1051.0,1348.0,1763.2057086614172,269933.0,11.78778123241528,23.769728648009426,1.0,1.0,-357.0,1373.0,1152.0,-12.0,49.0,41.333333333333336,-6.0,44.0,39.666666666666664,-163.0,2344.0,2225.3333333333335,-164880.0,434813.0,340076.6666666667,0.0,1.0,1.0,137.1199688771923,37.100087848409316,11.74650058466142,31.591553382527493,42.68194722312093,21,0.40138888888888885,0.5807029557109399,-0.8141155183563191,-0.945518575599317,0.3255681544571563,0.3520090389519878,0.5500420767496339,0.9020511157016217,0.7260465962256277
53.099999999999994,1098.0,42.0,40.0,37.390065794529015,1.1138435652842045,229.50508273329996,251.4429722298689,2169.0,1058.0,1339.0,1774.6001821493626,301511.0,12.018601315102604,24.13503677229434,1.0,1.0,82.0,1016.0,1162.3333333333333,5.0,37.0,42.666666666666664,2.0,38.0,40.666666666666664,-12.0,2181.0,2231.3333333333335,31578.0,269933.0,335419.0,0.0,1.0,1.0,136.73354550465564,36.98807169416092,11.733898169013225,31.551988917276592,42.64412384907204,21,0.40416666666666656,0.5664062369248335,-0.8241261886220153,-0.9335804264972023,0.3583679495452987,0.4688009852326575,0.7245068518826625,1.19330783711532,0.9589073444989913
53.3,1139.0,42.0,38.0,38.08175207961617,1.101732441684545,230.15370207732153,251.63268689620563,2215.0,1068.0,1350.0,1793.9051799824408,334764.0,12.2074908576321,24.62214450449026,1.0,1.0,41.0,1098.0,1084.3333333333333,0.0,42.0,40.333333333333336,-2.0,40.0,38.666666666666664,46.0,2169.0,2188.3333333333335,33253.0,301511.0,302069.3333333333,0.0,1.0,1.0,136.34712213211895,36.87605553991253,11.72129575336503,31.51242445202569,42.606300475023154,21,0.4069444444444444,0.5519369853120587,-0.8338858220671679,-0.9205048534524408,0.39073112848927266,0.43799479639959726,0.9012747201457827,1.33926951654538,1.1202721183455813
53.5,1357.0,42.0,47.0,41.56664603026825,1.1153486262675825,229.80359939812567,251.5286281293319,2422.0,1108.0,1417.0,1810.991156963891,422015.0,11.820418564411789,23.769728648009426,1.0,1.0,218.0,1139.0,1198.0,0.0,42.0,42.0,9.0,38.0,41.666666666666664,207.0,2215.0,2268.6666666666665,87251.0,334764.0,352763.3333333333,0.0,1.0,1.0,135.96069875958227,36.764039385664134,11.708693337716834,31.47285998677479,42.56847710097426,21,0.4097222222222222,0.5372996083468241,-0.8433914458128855,-0.9063077870366503,0.42261826174069883,0.49471617020995745,0.8809304225053205,1.375646592715278,1.128288507610299
53.699999999999996,1294.0,40.0,46.0,40.59029404780533,1.0854552105861808,229.7264497507216,252.33062975596957,2241.0,1088.0,1385.0,1794.51313755796,381100.0,11.327550953565675,22.677080940897135,1.0,1.0,-63.0,1357.0,1263.3333333333333,-2.0,42.0,41.333333333333336,-1.0,47.0,43.666666666666664,-181.0,2422.0,2292.6666666666665,-40915.0,422015.0,379293.0,0.0,1.0,1.0,135.57427538704562,36.65202323141574,11.696090922068638,31.43329552152389,42.53065372692538,21,0.4124999999999999,0.5224985647159494,-0.852640164354092,-0.8910065241883683,0.4539904997395458,0.450509952030235,0.8274958226006641,1.278005774630899,1.0527507986157816
53.9,1042.0,36.0,39.0,36.424107478619696,1.1730268632927388,229.3323117873458,251.569202546671,2170.0,1040.0,1364.0,1766.8042226487523,278149.0,12.905453731211594,26.196373794859472,1.0,1.0,-252.0,1294.0,1231.0,-4.0,40.0,39.333333333333336,-7.0,46.0,44.0,-71.0,2241.0,2277.6666666666665,-102951.0,381100.0,360421.3333333333,0.0,1.0,1.0,135.18785201450896,36.540007077167346,11.683488506420442,31.393731056272987,42.49283035287649,21,0.41527777777777775,0.5075383629607044,-0.8616291604415256,-0.8746197071393961,0.4848096202463365,0.6730021188878215,0.6678215383942023,1.3408236572820238,1.004322597838113
54.099999999999994,983.0,37.0,38.0,35.37788111906457,1.090401847292992,230.14480204859896,251.4493948158656,2152.0,1040.0,1332.0,1776.0986775178026,271601.0,11.563724164237135,23.648467180770936,1.0,1.0,-59.0,1042.0,1106.3333333333333,1.0,36.0,37.666666666666664,-1.0,39.0,41.0,-18.0,2170.0,2187.6666666666665,-6548.0,278149.0,310283.3333333333,0.0,1.0,1.0,134.80142864197228,36.42799092291895,11.670886090772248,31.354166591022086,42.455006978827605,21,0.41805555555555546,0.49242356010346755,-0.8703556959398995,-0.8571673007021128,0.5150380749100534,0.7624647760590589,0.6177764485189776,1.3802412245780364,0.999008836548507
54.3,641.0,30.0,27.0,28.568278705151968,1.1635567375283682,230.76147258573403,251.92189397932756,1883.0,971.0,1208.0200000000186,1704.210608424337,130899.0,10.422811820571692,21.10094784600919,1.0,1.0,-342.0,983.0,888.6666666666666,-7.0,37.0,34.333333333333336,-11.0,38.0,34.666666666666664,-269.0,2152.0,2068.3333333333335,-140702.0,271601.0,226883.0,0.0,1.0,1.0,134.41500526943562,36.31597476867055,11.658283675124052,31.314602125771184,42.417183604778714,21,0.4208333333333333,0.4771587602596086,-0.8788171126619653,-0.8386705679454243,0.5446390350150266,0.3888640579316449,0.5909817429581778,0.9798458008898228,0.7854137719240003
54.5,1298.0,41.0,45.0,40.65298179797198,1.0928268070975895,229.1899699282249,252.65704937255904,2303.0,1090.0,1402.0,1825.8767334360555,422991.0,12.61087721963299,25.347583711273153,1.0,1.0,657.0,641.0,974.0,11.0,30.0,36.0,18.0,27.0,36.666666666666664,420.0,1883.0,2112.6666666666665,292092.0,130899.0,275163.6666666667,0.0,1.0,1.0,134.02858189689894,36.203958614422156,11.645681259475856,31.275037660520283,42.37936023072982,21,0.4236111111111111,0.4617486132350339,-0.8870108331782217,-0.8191520442889918,0.573576436351046,0.421830933691637,0.5568320868289225,0.9786630205205595,0.767747553674741
54.699999999999996,2029.0,61.0,50.0,50.82718796340838,1.3898909312190602,228.53830005975277,254.23626499988973,2868.0,1205.0,1655.0100000000093,1969.3233119763431,952257.0,16.493224998042365,32.86715685908959,1.0,1.0,731.0,1298.0,1322.6666666666667,20.0,41.0,44.0,5.0,45.0,40.666666666666664,565.0,2303.0,2351.3333333333335,529266.0,422991.0,502049.0,0.0,1.0,1.0,133.6421585243623,36.09194246017376,11.633078843827661,31.235473195269385,42.34153685668094,21,0.4263888888888888,0.4461978131098094,-0.8949343616020248,-0.7986355100472936,0.6018150231520473,0.6016548893151842,0.5641313820066709,1.1657862713218552,0.864958826664263
54.9,941.0,36.0,37.0,34.61384710770804,1.1328446263983636,229.9240837167591,250.89864228900137,2102.0,1054.0,1346.0100000000093,1763.0701381509034,272964.0,10.078552438644865,20.155644370746373,1.0,1.0,-1088.0,2029.0,1422.6666666666667,-25.0,61.0,46.0,-13.0,50.0,44.0,-766.0,2868.0,2424.3333333333335,-679293.0,952257.0,549404.0,0.0,1.0,1.0,133.2557351518256,35.97992630592537,11.620476428179465,31.19590873001848,42.30371348263205,21,0.42916666666666664,0.4305110968082955,-0.9025852843498604,-0.7771459614569713,0.6293203910498368,0.6017313577749785,0.6363449570929233,1.238076314867902,0.9372106359804127
55.099999999999994,918.0,34.0,34.0,34.18821291127805,1.0975919464482446,229.0262192909996,251.9910621020013,2062.0,1029.0,1300.0200000000186,1749.2385620915034,228801.0,11.509329169439825,23.286262044390035,1.0,1.0,-23.0,941.0,1296.0,-2.0,36.0,43.666666666666664,-3.0,37.0,40.333333333333336,-40.0,2102.0,2344.0,-44163.0,272964.0,484674.0,0.0,1.0,1.0,132.86931177928895,35.86791015167697,11.60787401253127,31.156344264767583,42.265890108583164,21,0.43194444444444435,0.4146932426562396,-0.909961270876543,-0.7547095802227728,0.6560590289905064,0.5160194104031312,0.7117459103413475,1.2277653207444787,0.9697556155429131
55.3,1200.0,39.0,44.0,39.08820095223359,1.1087757025983882,229.03558588632293,252.05778271909804,2265.0,1075.0,1365.0,1798.3158333333333,357979.0,13.750866825889878,28.146935890075138,1.0,1.0,282.0,918.0,1019.6666666666666,5.0,34.0,36.333333333333336,10.0,34.0,38.333333333333336,203.0,2062.0,2143.0,129178.0,228801.0,286581.3333333333,0.0,1.0,1.0,132.4828884067523,35.75589399742858,11.595271596883075,31.11677979951668,42.22806673453427,21,0.4347222222222222,0.39874906892524653,-0.9170600743851239,-0.7313537016191709,0.681998360062498,0.4373789873248456,0.7457440947043463,1.1831230820291918,0.9644335883667691
55.5,1111.0,39.0,41.0,37.61075822422045,1.0918120523350128,229.47084346732348,251.9186942373007,2216.0,1084.0,1345.0,1791.2520252025201,323586.0,10.40492436077825,20.796634343085422,1.0,1.0,-89.0,1200.0,1076.3333333333333,0.0,39.0,37.333333333333336,-3.0,44.0,39.666666666666664,-49.0,2265.0,2181.0,-34393.0,357979.0,303455.3333333333,0.0,1.0,1.0,132.0964650342156,35.643877843180185,11.582669181234879,31.07721533426578,42.19024336048539,21,0.4375,0.3826834323650899,-0.9238795325112867,-0.7071067811865477,0.7071067811865474,0.3627376759488661,0.6266846445660053,0.9894223205148713,0.8080534825404383
55.699999999999996,744.0,31.0,32.0,30.77808020788433,1.1664115464050264,229.21323595941317,251.11211788276353,1987.0,1007.0,1238.0,1707.970430107527,154730.0,10.126215750995087,20.506096654409877,1.0,1.0,-367.0,1111.0,1018.3333333333334,-8.0,39.0,36.333333333333336,-9.0,41.0,39.0,-229.0,2216.0,2156.0,-168856.0,323586.0,278765.0,0.0,1.0,1.0,131.71004166167896,35.53186168893179,11.570066765586683,31.03765086901488,42.1524199864365,21,0.4402777777777777,0.3665012267242976,-0.9304175679820245,-0.6819983600624989,0.73135370161917,0.27420171712402613,0.527044676217807,0.8012463933418332,0.6641455347798202
55.9,1143.0,39.0,40.0,38.14856222234714,1.062829829880894,229.72457199177447,253.09863049535792,2207.0,1080.0,1339.0,1787.6045494313212,328732.0,11.097699734343669,22.677080940897135,1.0,1.0,399.0,744.0,999.3333333333334,8.0,31.0,36.333333333333336,8.0,32.0,37.666666666666664,220.0,1987.0,2136.6666666666665,174002.0,154730.0,269016.0,0.0,1.0,1.0,131.32361828914227,35.41984553468339,11.557464349938487,30.998086403763978,42.11459661238761,21,0.44305555555555554,0.35020738125946754,-0.9366721892483976,-0.6560590289905074,0.7547095802227719,0.5214217900377229,0.5369537171411872,1.0583755071789103,0.7976646121600488
56.099999999999994,1191.0,39.0,41.0,38.94134432424719,1.09224941908455,228.99828421245925,252.813768190791,2326.0,1107.0,1363.0,1792.6347607052896,348528.0,10.769579327775753,21.70829334609241,1.0,1.0,48.0,1143.0,1026.0,0.0,39.0,36.333333333333336,1.0,40.0,37.666666666666664,119.0,2207.0,2173.3333333333335,19796.0,328732.0,277330.0,0.0,1.0,1.0,130.93719491660562,35.307829380435,11.544861934290292,30.958521938513076,42.076773238338724,21,0.44583333333333325,0.33380685923377157,-0.9426414910921782,-0.6293203910498385,0.77714596145697,0.7162255600242713,0.6064251040113394,1.3226506640356106,0.9645378840234751
56.3,843.0,34.0,33.0,32.7618823667344,1.0923393394320036,229.27213247787387,251.5337052722339,2055.0,1034.0,1289.0,1733.884934756821,197165.0,9.670214854099386,19.241881404893856,1.0,1.0,-348.0,1191.0,1059.0,-5.0,39.0,37.333333333333336,-8.0,41.0,38.0,-271.0,2326.0,2196.0,-151363.0,348528.0,291475.0,0.0,1.0,1.0,130.55077154406897,35.1958132261866,11.532259518642096,30.918957473262175,42.03894986428983,21,0.44861111111111107,0.3173046564050926,-0.9483236552061992,-0.601815023152049,0.7986355100472923,0.5756899207788629,0.538484080004154,1.114174000783017,0.8263290403935855
56.5,1203.0,40.0,41.0,39.137030703879425,1.1015803357205605,228.95229311693726,252.22420636053704,2321.0,1093.0,1375.0,1791.1238570241064,350222.0,11.387528886234747,23.16246964380094,1.0,1.0,360.0,843.0,1079.0,6.0,34.0,37.666666666666664,8.0,33.0,38.333333333333336,266.0,2055.0,2234.0,153057.0,197165.0,298638.3333333333,0.0,1.0,1.0,130.16434817153228,35.08379707193821,11.5196571029939,30.879393008011274,42.00112649024095,21,0.4513888888888889,0.30070579950427334,-0.9537169507482268,-0.5735764363510465,0.8191520442889916,0.3364700261585665,0.5004538380368267,0.8369238641953933,0.66868885111611
56.699999999999996,1260.0,42.0,42.0,40.05348706874727,1.0597474663513324,229.23216244643652,252.35342743605642,2332.0,1088.0,1381.0100000000093,1816.1579365079365,398359.0,13.789449892494936,28.257742301889582,1.0,1.0,57.0,1203.0,1102.0,2.0,40.0,38.666666666666664,1.0,41.0,38.666666666666664,11.0,2321.0,2236.0,48137.0,350222.0,315248.6666666667,0.0,1.0,1.0,129.77792479899563,34.97178091768981,11.507054687345706,30.839828542760372,41.96330311619206,21,0.4541666666666666,0.28401534470392303,-0.9588197348681929,-0.5446390350150278,0.8386705679454236,0.2803321057543158,0.5088049089999449,0.7891370147542607,0.6489709618771028
56.9,1193.0,39.0,43.0,38.97402695217738,1.0447364007469606,229.55581154995394,253.57891323468007,2167.0,1097.0,1374.0,1783.0519698239732,337694.0,9.355113268797078,18.741664813991314,1.0,1.0,-67.0,1260.0,1218.6666666666667,-3.0,42.0,40.333333333333336,1.0,42.0,42.0,-165.0,2332.0,2273.3333333333335,-60665.0,398359.0,362091.6666666667,0.0,1.0,1.0,129.39150142645894,34.85976476344142,11.49445227169751,30.80026407750947,41.925479742143175,21,0.45694444444444443,0.267238376078257,-0.963630453208623,-0.5150380749100545,0.8571673007021121,0.28724932864771063,0.3794879503214144,0.666737278969125,0.5231126146452697
57.099999999999994,2184.0,59.0,53.0,52.732866086546025,1.0590954988641603,229.7907774222335,253.27344831062538,3276.0,1299.0,1757.0,2113.143315018315,1339115.0,18.578749185607712,37.23237838226293,1.0,1.0,991.0,1193.0,1545.6666666666667,20.0,39.0,46.666666666666664,10.0,43.0,46.0,1109.0,2167.0,2591.6666666666665,1001421.0,337694.0,691722.6666666666,0.0,1.0,1.0,129.0050780539223,34.747748609193025,11.481849856049314,30.760699612258573,41.887656368094284,21,0.45972222222222214,0.2503800040544422,-0.9681476403781075,-0.48480962024633845,0.8746197071393951,0.34065474340812485,0.2645078274746776,0.6051625708828025,0.43483519917874003
57.3,1152.0,43.0,45.0,38.298458918537534,1.0333640208730395,229.06369619633324,253.7617706846729,2090.0,1062.0,1364.0,1769.4539930555557,310411.0,10.948796574081097,21.70829334609241,1.0,1.0,-1032.0,2184.0,1509.6666666666667,-16.0,59.0,47.0,-8.0,53.0,47.0,-1186.0,3276.0,2511.0,-1028704.0,1339115.0,662406.6666666666,0.0,1.0,1.0,128.6186546813856,34.63573245494463,11.469247440401118,30.721135147007672,41.8498329940454,21,0.46249999999999997,0.23344536385590553,-0.9723699203976766,-0.45399049973954697,0.8910065241883678,0.4576753275381336,0.3400824609566678,0.7977577884948014,0.5689201247257346
57.5,1220.0,41.0,44.0,39.41258992475499,1.0472309732170064,229.82357465396416,253.82385335852393,2318.0,1073.0,1373.0,1805.8647540983607,373155.0,13.418908318624602,27.65863337187866,1.0,1.0,68.0,1152.0,1518.6666666666667,-2.0,43.0,47.666666666666664,-1.0,45.0,47.333333333333336,228.0,2090.0,2561.3333333333335,62744.0,310411.0,674227.0,0.0,1.0,1.0,128.23223130884895,34.52371630069623,11.456645024752923,30.681570681756767,41.81200961999651,21,0.4652777777777778,0.21643961393810274,-0.9762960071199334,-0.4226182617406992,0.90630778703665,0.48385687493799306,0.648268517104382,1.132125392042375,0.8901969545733786
57.699999999999996,1082.0,38.0,40.0,37.116642997494345,1.1035905950626315,229.3122237297037,252.67633325141313,2173.0,1065.0,1352.0,1774.5258780036968,298688.0,10.986384769050753,22.192341021172147,1.0,1.0,-138.0,1220.0,1151.3333333333333,-3.0,41.0,40.666666666666664,-4.0,44.0,43.0,-145.0,2318.0,2193.6666666666665,-74467.0,373155.0,327418.0,0.0,1.0,1.0,127.84580793631228,34.41170014644784,11.444042609104727,30.64200621650587,41.774186245947625,21,0.4680555555555555,0.1993679344171977,-0.9799247046208295,-0.3907311284892747,0.9205048534524399,0.38455090289424254,0.8069079493477296,1.1914588522419722,0.9991834007948509
57.9,1133.0,39.0,41.0,37.98131651463571,1.0898949050925548,229.44706738207105,253.55413342990659,2198.0,1063.0,1350.0,1777.8349514563106,314787.0,12.054671813724141,24.38237068047322,1.0,1.0,51.0,1082.0,1145.0,1.0,38.0,39.333333333333336,1.0,40.0,41.666666666666664,25.0,2173.0,2229.6666666666665,16099.0,298688.0,328876.6666666667,0.0,1.0,1.0,127.45938456377561,34.29968399219944,11.431440193456531,30.60244175125497,41.736362871898734,21,0.4708333333333333,0.18223552549214772,-0.9832549075639545,-0.35836794954530077,0.9335804264972015,0.5272314137728883,0.7938275306337815,1.3210589444066698,1.0574432375202256
58.099999999999994,1154.0,38.0,43.0,38.33168969174693,1.1421188066001458,229.72499781852028,251.36925503275452,2207.0,1083.0,1377.0100000000093,1768.130849220104,312396.0,10.411475037180375,20.796634343085422,1.0,1.0,21.0,1133.0,1123.0,-1.0,39.0,38.333333333333336,2.0,41.0,41.333333333333336,9.0,2198.0,2192.6666666666665,-2391.0,314787.0,308623.6666666667,0.0,1.0,1.0,127.07296119123896,34.187667837951054,11.418837777808337,30.562877286004067,41.69853949784985,21,0.47361111111111104,0.1650476058606781,-0.9862856015372313,-0.32556815445715753,0.9455185755993165,0.5991109721219902,0.7789690634515621,1.3780800355735523,1.0785245495125573
58.3,1068.0,37.0,38.0,36.875735026940866,1.0485412953249,230.04337889062316,252.2207834367335,2158.0,1065.0,1344.0,1785.5468164794008,304964.0,11.07173192016744,22.5,1.0,1.0,-86.0,1154.0,1118.3333333333333,-1.0,38.0,38.0,-5.0,43.0,40.666666666666664,-49.0,2207.0,2187.6666666666665,-7432.0,312396.0,310715.6666666667,0.0,1.0,1.0,126.68653781870228,34.07565168370265,11.40623536216014,30.523312820753166,41.66071612380096,21,0.47638888888888886,0.14780941112961082,-0.9890158633619168,-0.29237170472273716,0.9563047559630353,0.5913545157796495,0.7354387055640392,1.3267932213436888,1.031115963453864
58.5,935.0,35.0,35.0,34.503318308930474,1.1099385884774706,229.19442754337746,252.09555839959717,2072.0,1028.0,1308.0,1754.8823529411766,239758.0,11.471926774275149,23.16246964380094,1.0,1.0,-133.0,1068.0,1052.3333333333333,-2.0,37.0,36.666666666666664,-3.0,38.0,38.666666666666664,-86.0,2158.0,2145.6666666666665,-65206.0,304964.0,285706.0,0.0,1.0,1.0,126.88034615425045,34.19409422336179,11.427862552503775,30.56992067627685,41.75152471766819,21,0.4791666666666667,0.13052619222005157,-0.9914448613738104,-0.2588190451025207,0.9659258262890683,0.4022195583355271,0.5349333619610058,0.937152920296533,0.7360431411287693
58.699999999999996,1586.0,52.0,46.0,44.937266471715525,1.2490227027723637,230.62901903964922,252.25685026246083,2563.0,1133.0,1492.0,1864.673392181589,578372.0,14.606036167023557,29.71952220342716,1.0,1.0,651.0,935.0,1196.3333333333333,17.0,35.0,41.333333333333336,11.0,35.0,39.666666666666664,491.0,2072.0,2264.3333333333335,338614.0,239758.0,374364.6666666667,0.0,1.0,1.0,127.1972339430287,34.36142194051645,11.456750568360828,30.63480750893454,41.86961888048733,21,0.4819444444444444,0.11320321376790733,-0.9935718556765875,-0.2249510543438662,0.9743700647852349,0.4354708943441042,0.46203589116045174,0.8975067855045559,0.6797713383325038
58.9,819.0,33.0,32.0,32.29215364663835,1.0577428548534957,233.00559027831898,252.89195592200628,1982.0,998.0,1297.0,1735.014652014652,192843.0,12.151373489376754,24.62214450449026,1.0,1.0,-767.0,1586.0,1113.3333333333333,-19.0,52.0,40.0,-14.0,46.0,37.666666666666664,-581.0,2563.0,2205.6666666666665,-385529.0,578372.0,336991.0,0.0,1.0,1.0,127.514121731807,34.52874965767112,11.485638584217883,30.69969434159223,41.98771304330647,21,0.4847222222222222,0.09584575252022391,-0.9953961983671789,-0.19080899537654467,0.981627183447664,0.8580955706394563,0.559830624498449,1.4179261951379054,0.9888784098181772
59.099999999999994,863.0,34.0,33.0,33.14823867276277,1.0804842531814551,233.10217536188105,252.5867819315986,2000.0,1019.0,1280.0100000000093,1741.6720741599072,208563.0,10.39389829790493,21.10094784600919,1.0,1.0,44.0,819.0,1089.3333333333333,1.0,33.0,39.666666666666664,1.0,32.0,37.0,18.0,1982.0,2181.6666666666665,15720.0,192843.0,326592.6666666667,0.0,1.0,1.0,127.83100952058527,34.69607737482579,11.514526600074936,30.764581174249923,42.105807206125604,21,0.48749999999999993,0.07845909572784551,-0.996917333733128,-0.15643446504023198,0.9876883405951375,0.6385526760032187,0.6268953162368246,1.2654479922400435,0.946171654238434
59.3,967.0,36.0,35.0,35.088782249586586,1.0358571039804785,231.66481992397078,252.02755593284706,2070.0,1038.0,1306.0,1777.746639089969,269938.0,11.552529495697803,23.16246964380094,1.0,1.0,104.0,863.0,883.0,2.0,34.0,34.333333333333336,2.0,33.0,33.333333333333336,70.0,2000.0,2017.3333333333333,61375.0,208563.0,223781.33333333334,0.0,1.0,1.0,128.14789730936354,34.86340509198046,11.54341461593199,30.829468006907614,42.22390136894475,21,0.49027777777777776,0.06104853953485719,-0.9981347984218669,-0.12186934340514811,0.992546151641322,0.3881209014213687,0.6599299772464555,1.0480508786678242,0.8539904279571399
59.5,709.0,30.0,31.0,30.045412914740087,1.0641843228028423,230.088867194167,251.90821767239908,1930.0,979.0,1245.0,1706.5966149506346,146477.0,10.685087530063727,21.587033144922902,1.0,1.0,-258.0,967.0,846.3333333333334,-6.0,36.0,33.333333333333336,-4.0,35.0,33.0,-140.0,2070.0,2000.0,-123461.0,269938.0,208326.0,0.0,1.0,1.0,128.46478509814185,35.03073280913514,11.572302631789045,30.894354839565306,42.34199553176389,21,0.4930555555555556,0.04361938736533607,-0.9990482215818578,-0.08715574274765832,0.9961946980917455,0.4770180149995438,0.5667275081006353,1.043745523100179,0.8052365156004072
59.699999999999996,1144.0,44.0,47.0,38.16524648390242,1.1145724669600048,229.44148894944553,251.92006522756796,2146.0,1070.0,1365.0,1781.9606643356644,322563.0,11.10574683248162,22.360679774997898,1.0,1.0,435.0,709.0,940.0,14.0,30.0,36.666666666666664,16.0,31.0,37.666666666666664,216.0,1930.0,2048.6666666666665,176086.0,146477.0,246326.0,0.0,1.0,1.0,128.78167288692012,35.1980605262898,11.601190647646098,30.959241672222994,42.460089694583026,21,0.4958333333333333,0.026176948307873423,-0.9996573249755573,-0.05233595624294437,0.9986295347545738,0.39645567866704184,0.42196051893073644,0.8184161975977783,0.6201883582642573
59.9,1198.0,39.0,40.0,39.05561386782603,1.0660044990993547,229.71885681808956,253.46204955412117,2305.0,1083.0,1377.0,1808.4265442404007,369571.0,11.426616707059575,23.03258561256204,1.0,1.0,54.0,1144.0,1017.0,-5.0,44.0,37.666666666666664,-7.0,47.0,39.333333333333336,159.0,2146.0,2127.0,47008.0,322563.0,279537.0,0.0,1.0,1.0,129.0985606756984,35.36538824344448,11.630078663503152,31.024128504880686,42.578183857402166,21,0.4986111111111111,0.008726535498373959,-0.9999619230641713,-0.01745240643728356,0.9998476951563913,0.2918573545827711,0.4466513421728429,0.738508696755614,0.5925800194642284
60.099999999999994,1107.0,38.0,38.0,37.542991037233904,1.0805639692615685,229.14862894744022,252.21471892437464,2291.0,1088.0,1345.0,1798.0388437217705,329933.0,9.755107387821468,19.525624189766635,1.0,1.0,-91.0,1198.0,1149.6666666666667,-1.0,39.0,40.333333333333336,-2.0,40.0,41.666666666666664,-14.0,2305.0,2247.3333333333335,-39638.0,369571.0,340689.0,0.0,1.0,1.0,129.41544846447667,35.53271596059914,11.658966679360205,31.089015337538374,42.69627802022131,21,0.5013888888888888,-0.008726535498373269,-0.9999619230641713,0.017452406437282183,0.9998476951563913,0.3630133892143714,0.5218560385285349,0.8848694277429062,0.7033627331357206
60.3,1050.0,38.0,37.0,36.56366395715726,1.118480808209214,229.69256477328508,250.75310165354279,2173.0,1045.0,1342.0200000000186,1783.2590476190476,299591.0,13.104462740835027,26.68332812825267,1.0,1.0,-57.0,1107.0,1118.3333333333333,0.0,38.0,38.333333333333336,-1.0,38.0,38.333333333333336,-118.0,2291.0,2256.3333333333335,-30342.0,329933.0,333031.6666666667,0.0,1.0,1.0,129.73233625325494,35.70004367775381,11.687854695217258,31.153902170196066,42.81437218304045,21,0.5041666666666667,-0.026176948307872733,-0.9996573249755573,0.052335956242942995,0.9986295347545739,0.49563673085091214,0.5695402151001597,1.0651769459510718,0.8173585805256158
60.5,1363.0,42.0,46.0,41.658438514591815,1.0718665154614446,230.46807747416136,251.3951993412699,2429.0,1117.0,1416.0,1859.971386647102,490641.0,12.958298678480718,26.196373794859472,1.0,1.0,313.0,1050.0,1173.3333333333333,4.0,38.0,39.333333333333336,9.0,37.0,40.333333333333336,256.0,2173.0,2297.6666666666665,191050.0,299591.0,373388.3333333333,0.0,1.0,1.0,130.04922404203325,35.86737139490849,11.716742711074312,31.218789002853757,42.93246634585959,21,0.5069444444444444,-0.04361938736533583,-0.9990482215818578,0.08715574274765783,0.9961946980917455,0.5263295387920092,0.5727371635594681,1.0990667023514773,0.8359019329554727
60.699999999999996,966.0,35.0,36.0,35.070634442709576,1.0770925797253714,229.49472109261106,252.20381339676206,2096.0,1053.0,1325.0,1769.8343685300208,266066.0,10.010863574966429,20.12461179749811,1.0,1.0,-397.0,1363.0,1126.3333333333333,-7.0,42.0,38.333333333333336,-10.0,46.0,39.666666666666664,-333.0,2429.0,2232.6666666666665,-224575.0,490641.0,352099.3333333333,0.0,1.0,1.0,130.36611183081152,36.03469911206315,11.745630726931365,31.283675835511445,43.05056050867872,21,0.5097222222222222,-0.0610485395348565,-0.998134798421867,0.12186934340514674,0.9925461516413221,0.623436856780647,0.5453018627516151,1.168738719532262,0.8570202911419386
60.9,1025.0,37.0,40.0,36.12575996921783,1.018952083826625,229.69759961505005,253.18822201247386,2135.0,1036.0,1325.0,1763.5756097560975,270165.0,12.952932522571002,26.419689627245813,1.0,1.0,59.0,966.0,1118.0,2.0,35.0,38.0,4.0,36.0,40.666666666666664,39.0,2096.0,2220.0,4099.0,266066.0,342290.6666666667,0.0,1.0,1.0,130.6829996195898,36.20202682921783,11.77451874278842,31.348562668169137,43.16865467149786,21,0.5125,-0.07845909572784437,-0.9969173337331281,0.15643446504022973,0.9876883405951379,0.6500537774060504,0.5504896189083982,1.2005433963144487,0.8755165076114235
61.099999999999994,1132.0,39.0,38.0,37.96455142155909,1.0272063606818558,230.13676848960975,252.81524419000317,2200.0,1075.0,1355.0100000000093,1795.9593639575971,335026.0,11.134480796343196,22.588713996153036,1.0,1.0,107.0,1025.0,1041.0,2.0,37.0,37.0,-2.0,40.0,38.0,65.0,2135.0,2143.6666666666665,64861.0,270165.0,290419.0,0.0,1.0,1.0,130.99988740836807,36.36935454637249,11.803406758645473,31.41344950082683,43.286748834317,21,0.5152777777777777,-0.09584575252022366,-0.9953961983671789,0.19080899537654417,0.9816271834476641,0.6263791936195628,0.5541624523317226,1.1805416459512854,0.867352049141504
61.3,952.0,36.0,35.0,34.815571898044055,1.1036364911127496,229.6636378393903,251.18454340740988,2076.0,1045.0,1306.0,1752.360294117647,240548.0,10.70668629502797,21.691011963483863,1.0,1.0,-180.0,1132.0,1036.3333333333333,-3.0,39.0,37.333333333333336,-3.0,38.0,37.666666666666664,-124.0,2200.0,2137.0,-94478.0,335026.0,281913.0,0.0,1.0,1.0,131.31677519714634,36.53668226352717,11.832294774502527,31.478336333484517,43.40484299713614,21,0.5180555555555555,-0.11320321376790621,-0.9935718556765876,0.22495105434386398,0.9743700647852355,0.46344597571025764,0.47016509440921767,0.9336110701194753,0.7018880822643465
61.5,1652.0,48.0,51.0,45.86274880447626,1.0615131360917454,229.041153692572,252.07730756108643,2596.0,1171.0,1516.0200000000186,1895.655569007264,653623.0,14.183703572280999,28.74456470360962,1.0,1.0,700.0,952.0,1245.3333333333333,12.0,36.0,41.0,16.0,35.0,41.333333333333336,520.0,2076.0,2290.6666666666665,413075.0,240548.0,409732.3333333333,0.0,1.0,1.0,131.63366298592464,36.70400998068184,11.861182790359582,31.54322316614221,43.52293715995528,21,0.5208333333333334,-0.13052619222005177,-0.9914448613738104,0.2588190451025211,0.9659258262890682,0.38542247352112985,0.40417812820072535,0.7896006017218552,0.5968893649612903
61.699999999999996,1006.0,37.0,39.0,35.78936967876878,1.0628952352035708,229.03600718896715,251.97349251760562,2150.0,1058.0,1330.0,1771.0139165009941,273224.0,10.848097481363514,21.783020910791965,1.0,1.0,-646.0,1652.0,1203.3333333333333,-11.0,48.0,40.333333333333336,-12.0,51.0,41.666666666666664,-446.0,2596.0,2274.0,-380399.0,653623.0,389131.6666666667,0.0,1.0,1.0,131.95055077470292,36.8713376978365,11.890070806216634,31.6081099987999,43.641031322774424,21,0.523611111111111,-0.14780941112961016,-0.9890158633619169,0.2923717047227358,0.9563047559630358,0.47320137956979613,0.5376725613682715,1.0108739409380676,0.7742732511531696
61.9,879.0,34.0,35.0,33.454111254406506,1.0586336811985655,229.39175440956078,251.90624159397456,2019.0,1017.0,1276.0100000000093,1736.8418657565414,208184.0,11.268927858582593,22.80350850198276,1.0,1.0,-127.0,1006.0,1179.0,-3.0,37.0,39.666666666666664,-4.0,39.0,41.666666666666664,-131.0,2150.0,2255.0,-65040.0,273224.0,378343.6666666667,0.0,1.0,1.0,132.2674385634812,37.03866541499118,11.918958822073689,31.672996831457592,43.759125485593565,21,0.5263888888888889,-0.16504760586067743,-0.9862856015372314,0.32556815445715626,0.945518575599317,0.46491630136393736,0.6699055407722908,1.1348218421362282,0.9023636914542594
62.1,1161.0,39.0,39.0,38.44777121547521,1.070511633948477,229.6047668810772,252.60057776736755,2189.0,1080.0,1358.0,1786.826873385013,333006.0,11.161118147517575,22.360679774997898,1.0,1.0,282.0,879.0,1015.3333333333334,5.0,34.0,36.666666666666664,4.0,35.0,37.666666666666664,170.0,2019.0,2119.3333333333335,124822.0,208184.0,271471.3333333333,0.0,1.0,1.0,132.58432635225947,37.20599313214585,11.947846837930742,31.737883664115284,43.877219648412705,21,0.5291666666666667,-0.18223552549214747,-0.9832549075639546,0.3583679495453003,0.9335804264972017,0.4483606739849733,0.6763315014361045,1.124692175421078,0.9005118384285913
62.3,904.0,35.0,40.0,33.92651689225682,1.084672977917332,229.175316428602,253.00156965710127,2049.0,1021.0,1305.0,1732.5630530973451,210237.0,11.300845395913926,22.825424421026653,1.0,1.0,-257.0,1161.0,981.3333333333334,-4.0,39.0,36.0,1.0,39.0,38.0,-140.0,2189.0,2085.6666666666665,-122769.0,333006.0,250475.66666666666,0.0,1.0,1.0,132.90121414103774,37.37332084930052,11.976734853787796,31.802770496772972,43.99531381123184,21,0.5319444444444444,-0.199367934417197,-0.9799247046208297,0.39073112848927344,0.9205048534524405,0.49624675139507646,0.7316519457429986,1.2278986971380752,0.9797753214405369
62.5,993.0,35.0,38.0,35.55737431141417,1.1392917912036933,229.04099791514992,252.22580084717717,2129.0,1048.0,1325.0,1743.448136958711,241762.0,10.78413988195856,21.70829334609241,1.0,1.0,89.0,904.0,1019.3333333333334,0.0,35.0,36.333333333333336,-2.0,40.0,39.0,80.0,2049.0,2122.3333333333335,31525.0,210237.0,261668.33333333334,0.0,1.0,1.0,133.21810192981604,37.54064856645519,12.00562286964485,31.867657329430664,44.11340797405098,21,0.5347222222222222,-0.21643961393810252,-0.9762960071199335,0.4226182617406988,0.9063077870366503,0.5848131043214511,0.7144300496814979,1.299243154002949,1.0068366018422235
62.699999999999996,1004.0,36.0,36.0,35.75377606511099,1.081315661622615,229.1758423529234,251.62035771203276,2127.0,1042.0,1318.0,1763.7390438247012,264794.0,12.808022617406598,26.575364531836623,1.0,1.0,11.0,993.0,967.0,1.0,35.0,35.333333333333336,-2.0,38.0,38.0,-2.0,2129.0,2101.6666666666665,23032.0,241762.0,238931.0,0.0,1.0,1.0,133.53498971859432,37.70797628360985,12.034510885501904,31.93254416208835,44.23150213687012,21,0.5375,-0.23344536385590528,-0.9723699203976767,0.4539904997395466,0.891006524188368,0.6691264082827801,0.6275755550252247,1.2967019633080048,0.9621387591666147
62.9,954.0,36.0,34.0,34.8521236896311,1.1359166393880267,230.08590889203347,251.39795978699166,2073.0,1040.0,1313.0,1765.9318658280922,254231.0,10.681959514826984,21.242645786248,1.0,1.0,-50.0,1004.0,983.6666666666666,0.0,36.0,35.666666666666664,-2.0,36.0,36.0,-54.0,2127.0,2109.6666666666665,-10563.0,264794.0,253595.66666666666,0.0,1.0,1.0,133.8518775073726,37.87530400076453,12.063398901358957,31.997430994746043,44.34959629968926,21,0.5402777777777777,-0.2503800040544411,-0.9681476403781079,0.48480962024633645,0.8746197071393961,0.6690515617356942,0.7285584440261234,1.3976100057618177,1.0630842248939705
63.1,1172.0,44.0,45.0,38.62948027646257,1.0941638749515465,229.93999610420116,252.64869061055188,2170.0,1075.0,1384.0,1797.8617747440273,350200.0,11.108405076187855,22.321514285549714,1.0,1.0,218.0,954.0,1043.3333333333333,8.0,36.0,38.666666666666664,11.0,34.0,38.333333333333336,97.0,2073.0,2123.3333333333335,95969.0,254231.0,289741.6666666667,0.0,1.0,1.0,134.16876529615087,38.0426317179192,12.092286917216011,32.06231782740374,44.4676904625084,21,0.5430555555555556,-0.26723837607825723,-0.963630453208623,0.5150380749100548,0.8571673007021119,0.5821537490600178,0.8086519252795165,1.3908056743395343,1.0997287998095253
63.3,1059.0,43.0,36.0,36.72003101679705,1.1232493161934816,230.72369262027624,252.84586946722553,2091.0,1041.0,1351.0100000000093,1780.7119924457036,302640.0,12.959745275062405,26.196373794859472,1.0,1.0,-113.0,1172.0,1061.6666666666667,-1.0,44.0,41.0,-9.0,45.0,38.333333333333336,-79.0,2170.0,2111.3333333333335,-47560.0,350200.0,302357.0,0.0,1.0,1.0,134.48565308492914,38.20995943507387,12.121174933073064,32.12720466006142,44.58578462532754,21,0.5458333333333333,-0.28401534470392237,-0.9588197348681932,0.5446390350150266,0.8386705679454244,0.5018803061919529,0.8763788348612658,1.3782591410532186,1.127318987957242
63.5,1303.0,45.0,47.0,40.73120581065477,1.0636676134181087,229.550000793034,252.25510317372203,2243.0,1090.0,1404.0,1790.325402916347,378294.0,11.487776774396746,22.983689869122408,1.0,1.0,244.0,1059.0,1178.0,2.0,43.0,44.0,11.0,36.0,42.666666666666664,152.0,2091.0,2168.0,75654.0,302640.0,343711.3333333333,0.0,1.0,1.0,134.80254087370744,38.37728715222854,12.150062948930119,32.192091492719115,44.70387878814668,21,0.5486111111111112,-0.30070579950427306,-0.9537169507482269,0.573576436351046,0.8191520442889918,0.4721053856427423,0.8260189685220062,1.2981243541647485,1.0620716613433774
63.699999999999996,1112.0,39.0,42.0,37.62768095093692,1.067047769460152,230.37782835228856,253.44420178208784,2150.0,1058.0,1360.0,1793.5890287769785,326471.0,11.956741556390492,24.20872711173435,1.0,1.0,-191.0,1303.0,1158.0,-6.0,45.0,42.333333333333336,-5.0,47.0,41.666666666666664,-93.0,2243.0,2161.3333333333335,-51823.0,378294.0,335801.6666666667,0.0,1.0,1.0,135.11942866248572,38.54461486938321,12.178950964787171,32.25697832537681,44.821972950965815,21,0.5513888888888888,-0.3173046564050915,-0.9483236552061995,0.6018150231520472,0.7986355100472937,0.4316645112429173,0.669876497341914,1.1015410085848314,0.8857087529633727
63.9,1286.0,46.0,40.0,40.464627201166934,1.1110745921476415,230.73365955603128,254.09470397838774,2322.0,1085.0,1399.0,1805.1088646967341,392382.0,12.349725854168446,25.10975905897944,1.0,1.0,174.0,1112.0,1233.6666666666667,7.0,39.0,43.333333333333336,-2.0,42.0,43.0,172.0,2150.0,2238.3333333333335,65911.0,326471.0,365715.6666666667,0.0,1.0,1.0,135.436316451264,38.71194258653788,12.207838980644226,32.3218651580345,44.940067113784956,21,0.5541666666666667,-0.33380685923377096,-0.9426414910921784,0.6293203910498375,0.7771459614569709,0.43736068847808807,0.6883267560053417,1.1256874444834297,0.9070071002443857
64.1,2271.0,56.0,55.0,53.77292075100212,1.1423205597492179,229.99837813160457,255.24819464249921,3310.0,1308.0,1770.0100000000093,2077.7485689123732,1312093.0,16.979452140036738,33.84154251803543,1.0,1.0,985.0,1286.0,1556.3333333333333,10.0,46.0,47.0,15.0,40.0,45.666666666666664,988.0,2322.0,2594.0,919711.0,392382.0,676982.0,0.0,1.0,1.0,135.75320424004227,38.87927030369254,12.236726996501279,32.38675199069218,45.058161276604096,21,0.5569444444444444,-0.3502073812594669,-0.9366721892483978,0.6560590289905064,0.7547095802227728,0.49305269650016653,0.6931351330301432,1.1861878295303097,0.9396614812802264
64.3,972.0,35.0,37.0,35.17938085701024,1.0584257452027386,229.33950777352473,252.64760408240673,2151.0,1046.0,1322.0,1765.8199588477366,266672.0,10.621402542921775,21.470910553583888,1.0,1.0,-1299.0,2271.0,1509.6666666666667,-21.0,56.0,45.666666666666664,-18.0,55.0,44.0,-1159.0,3310.0,2594.3333333333335,-1045421.0,1312093.0,657049.0,0.0,1.0,1.0,136.07009202882054,39.04659802084722,12.265615012358333,32.451638823349874,45.17625543942324,21,0.5597222222222222,-0.36650122672429736,-0.9304175679820245,0.6819983600624986,0.7313537016191703,0.5741991431546163,0.5768120335394963,1.1510111766941127,0.8639116051168045
64.5,1075.0,39.0,36.0,36.99638510165959,1.044360679555683,229.25305156426663,252.40796521727665,2153.0,1061.0,1328.0200000000186,1782.2037209302325,303369.0,10.91342297607211,22.0,1.0,1.0,103.0,972.0,1439.3333333333333,4.0,35.0,43.333333333333336,-1.0,37.0,42.666666666666664,2.0,2151.0,2538.0,36697.0,266672.0,627378.0,0.0,1.0,1.0,136.38697981759884,39.21392573800189,12.294503028215388,32.516525656007566,45.29434960224238,21,0.5625,-0.38268343236508967,-0.9238795325112868,0.7071067811865474,0.7071067811865477,0.4121867157186772,0.42865020128868836,0.8408369170073656,0.634743559148027
64.69999999999999,1400.0,43.0,45.0,42.22008245644752,1.0837039787745761,228.6278384670684,252.89722490310353,2399.0,1113.0,1424.0,1824.905,454867.0,11.910419886964016,23.769728648009426,1.0,1.0,325.0,1075.0,1149.0,4.0,39.0,39.0,9.0,36.0,39.333333333333336,246.0,2153.0,2234.3333333333335,151498.0,303369.0,341636.0,0.0,1.0,1.0,136.7038676063771,39.38125345515655,12.323391044072439,32.58141248866526,45.41244376506151,21,0.5652777777777777,-0.3987490689252455,-0.9170600743851244,0.7313537016191695,0.6819983600624997,0.3356513323057313,0.3342848079198634,0.6699361402255948,0.5021104740727291
64.9,1704.0,48.0,53.0,46.57896718722644,1.0615248931214802,228.971849416699,252.82068204984864,2723.0,1191.0,1544.0,1922.005281690141,719097.0,12.336993081414175,24.758836806279895,1.0,1.0,304.0,1400.0,1393.0,5.0,43.0,43.333333333333336,8.0,45.0,44.666666666666664,324.0,2399.0,2425.0,264230.0,454867.0,492444.3333333333,0.0,1.0,1.0,136.59368154309846,39.382405024630515,12.300633216857765,32.5156961598888,45.33281028080277,21,0.5680555555555556,-0.41469324265623936,-0.9099612708765431,0.7547095802227725,0.6560590289905067,0.3775253574080205,0.3408728829163667,0.7183982403243873,0.529635561620377
65.1,977.0,35.0,36.0,35.269746741453275,1.0941183415528266,229.3709721397383,252.10171479369063,2146.0,1038.0,1316.0,1774.0317297850563,267729.0,11.541383085852384,23.648467180770936,1.0,1.0,-727.0,1704.0,1360.3333333333333,-13.0,48.0,42.0,-17.0,53.0,44.666666666666664,-577.0,2723.0,2422.6666666666665,-451368.0,719097.0,480564.3333333333,0.0,1.0,1.0,136.35950629696455,39.335311906068135,12.262881435202909,32.41206278424436,45.19577199577948,21,0.5708333333333333,-0.43051109680829486,-0.9025852843498607,0.7771459614569706,0.629320391049838,0.3452040086453475,0.3948803203170737,0.7400843289624212,0.5674823246397475
65.3,1297.0,44.0,44.0,40.63731892634535,1.0284520548034775,229.38239775595494,253.25852151875236,2286.0,1107.0,1400.0,1799.0524286815728,387871.0,10.050193761738658,20.155644370746373,1.0,1.0,320.0,977.0,1326.0,9.0,35.0,42.333333333333336,8.0,36.0,44.333333333333336,140.0,2146.0,2385.0,120142.0,267729.0,458232.3333333333,0.0,1.0,1.0,136.12533105083062,39.28821878750574,12.225129653548052,32.30842940859992,45.05873371075619,21,0.5736111111111111,-0.4461978131098084,-0.8949343616020253,0.7986355100472923,0.601815023152049,0.2768222650273077,0.38710310566210016,0.6639253706894078,0.525514238175754
65.5,1087.0,38.0,39.0,37.202303492218356,1.1156331452799306,229.14656747709486,253.51107015160295,2196.0,1060.0,1343.0,1790.4866605335787,315765.0,11.933043588120583,24.186773244895647,1.0,1.0,-210.0,1297.0,1120.3333333333333,-6.0,44.0,39.0,-5.0,44.0,39.666666666666664,-90.0,2286.0,2209.3333333333335,-72106.0,387871.0,323788.3333333333,0.0,1.0,1.0,135.8911558046967,39.241125668943354,12.187377871893194,32.20479603295548,44.92169542573289,21,0.5763888888888888,-0.46174861323503374,-0.8870108331782218,0.8191520442889916,0.5735764363510465,0.3341936101262998,0.2589517773580677,0.5931453874843675,0.42604858242121757
65.69999999999999,1068.0,41.0,37.0,36.875735026940866,1.0546457387983101,228.82508373775818,253.7025581129973,2145.0,1055.0,1337.0100000000093,1778.9831460674156,297954.0,11.845801389180735,23.769728648009426,1.0,1.0,-19.0,1087.0,1150.6666666666667,3.0,38.0,41.0,-2.0,39.0,40.0,-51.0,2196.0,2209.0,-17811.0,315765.0,333863.3333333333,0.0,1.0,1.0,135.6569805585628,39.194032550380975,12.149626090238339,32.10116265731104,44.784657140709605,21,0.5791666666666665,-0.47715876025960724,-0.878817112661966,0.8386705679454226,0.5446390350150293,0.38316573472026677,0.24769698001960785,0.6308627147398747,0.43927984737974124
65.9,1145.0,38.0,43.0,38.18192345497751,1.0962158630063379,228.81266342085883,252.12443091527606,2268.0,1066.0,1355.0,1792.9318777292576,335407.0,12.129481791608761,24.73863375370596,1.0,1.0,77.0,1068.0,1100.0,-3.0,41.0,39.0,6.0,37.0,39.666666666666664,123.0,2145.0,2203.0,37453.0,297954.0,316375.3333333333,0.0,1.0,1.0,135.42280531242886,39.14693943181858,12.111874308583479,31.99752928166659,44.6476188556863,21,0.5819444444444445,-0.49242356010346733,-0.8703556959398996,0.8571673007021126,0.5150380749100538,0.3406960172075071,0.41418541688183536,0.7548814340893424,0.5845334254855888
66.1,1170.0,40.0,38.0,38.59650589548412,1.0339070430300326,230.14279433860287,251.9710620162456,2312.0,1090.0,1368.0,1830.5034188034188,386689.0,11.401337978444154,22.901964981197573,1.0,1.0,25.0,1145.0,1127.6666666666667,2.0,38.0,39.666666666666664,-5.0,43.0,39.333333333333336,44.0,2268.0,2241.6666666666665,51282.0,335407.0,340016.6666666667,0.0,1.0,1.0,135.18863006629496,39.099846313256194,12.074122526928624,31.893895906022156,44.51058057066301,21,0.5847222222222221,-0.5075383629607034,-0.8616291604415262,0.874619707139395,0.4848096202463385,0.3147527993993543,0.6321968270541256,0.9469496264534799,0.7895732267538027
66.3,1387.0,43.0,42.0,42.023603469332215,1.0833416945921328,229.65620691136778,252.2152000093745,2443.0,1123.0,1421.0,1869.1607786589761,512026.0,12.005993410491492,23.926972228010797,1.0,1.0,217.0,1170.0,1234.0,3.0,40.0,40.333333333333336,4.0,38.0,41.0,131.0,2312.0,2341.0,125337.0,386689.0,411374.0,0.0,1.0,1.0,134.95445482016103,39.05275319469381,12.036370745273766,31.790262530377714,44.373542285639715,21,0.5874999999999999,-0.5224985647159484,-0.8526401643540925,0.8910065241883673,0.45399049973954786,0.43108607192442333,0.7204583846952068,1.1515444566196302,0.9360014206574185
66.5,1181.0,40.0,39.0,38.77751800118501,1.0183963158804548,230.08797568032816,253.33166161750933,2275.0,1094.0,1365.0,1823.6596104995767,382242.0,10.540193808923975,21.224985276791124,1.0,1.0,-206.0,1387.0,1246.0,-3.0,43.0,41.0,-3.0,42.0,39.666666666666664,-168.0,2443.0,2343.3333333333335,-129784.0,512026.0,426985.6666666667,0.0,1.0,1.0,134.72027957402713,39.00566007613142,11.99861896361891,31.68662915473327,44.236504000616414,21,0.5902777777777778,-0.5372996083468239,-0.8433914458128856,0.90630778703665,0.4226182617406993,0.5754527855469354,0.5750943552896166,1.150547140836552,0.8628207480630843
66.69999999999999,1184.0,40.0,45.0,38.826738479640966,1.0503215692834134,230.16655614531896,253.8687290993696,2206.0,1059.0,1382.0,1796.7609797297298,351876.0,13.16508772367729,26.68332812825267,1.0,1.0,3.0,1181.0,1250.6666666666667,0.0,40.0,41.0,6.0,39.0,42.0,-69.0,2275.0,2308.0,-30366.0,382242.0,415381.3333333333,0.0,1.0,1.0,134.48610432789323,38.95856695756903,11.960867181964055,31.582995779088833,44.099465715593126,21,0.5930555555555554,-0.5519369853120574,-0.8338858220671688,0.9205048534524396,0.39073112848927555,0.5686558817976772,0.5653000864633969,1.1339559682610743,0.8496280273622356
66.9,1049.0,43.0,38.0,36.54624854109086,1.1287981304519301,231.0516454922233,251.42899179077773,2148.0,1044.0,1343.0,1774.401334604385,288453.0,11.575259113407881,23.264780248263683,1.0,1.0,-135.0,1184.0,1138.0,3.0,40.0,41.0,-7.0,45.0,40.666666666666664,-58.0,2206.0,2209.6666666666665,-63423.0,351876.0,340857.0,0.0,1.0,1.0,134.25192908175927,38.911473839006646,11.923115400309195,31.479362403444384,43.962427430569825,21,0.5958333333333334,-0.5664062369248333,-0.8241261886220154,0.9335804264972022,0.35836794954529916,0.5817137133633847,0.623612433387257,1.2053261467506418,0.9144692900689494
67.1,1255.0,46.0,40.0,39.97393686694656,1.053789495293473,229.70486835581306,251.86623661976085,2276.0,1084.0,1392.0,1816.590438247012,397321.0,12.34905359785089,24.73863375370596,1.0,1.0,206.0,1049.0,1162.6666666666667,3.0,43.0,43.0,2.0,38.0,41.0,128.0,2148.0,2210.0,108868.0,288453.0,345883.3333333333,0.0,1.0,1.0,134.01775383562537,38.86438072044426,11.885363618654338,31.37572902779995,43.82538914554654,21,0.598611111111111,-0.580702955710939,-0.8141155183563198,0.9455185755993162,0.3255681544571584,0.6010067182856417,0.6159119948397619,1.2169187131254036,0.9164153539825828
67.3,1113.0,38.0,43.0,37.64459607022283,1.0555355419840113,229.9329781018772,252.90512138944032,2205.0,1072.0,1348.0,1793.731356693621,326923.0,11.088124006595192,22.360679774997898,1.0,1.0,-142.0,1255.0,1139.0,-8.0,46.0,42.333333333333336,3.0,40.0,40.333333333333336,-71.0,2276.0,2209.6666666666665,-70398.0,397321.0,337565.6666666667,0.0,1.0,1.0,133.78357858949147,38.81728760188187,11.847611836999482,31.272095652155507,43.68835086052324,21,0.6013888888888889,-0.5948227867513411,-0.8038568606172175,0.9563047559630353,0.2923717047227372,0.48786751038224757,0.45275936147485774,0.9406268718571054,0.6966931166659815
67.69999999999999,1001.0,37.0,35.0,35.700319106135424,1.0597809230176043,229.99649038296116,254.09407914606965,2132.0,1038.0,1330.0,1761.3056943056943,261567.0,11.771211544563768,23.769728648009426,1.0,1.0,-35.0,1036.0,1050.0,0.0,37.0,37.333333333333336,-3.0,38.0,38.666666666666664,6.0,2126.0,2154.3333333333335,-30298.0,291865.0,293451.6666666667,0.0,1.0,1.0,133.31522809722364,38.7231013647571,11.772108273689769,31.064828900866626,43.414274290476655,21,0.6069444444444443,-0.6225146366376187,-0.7826081568524146,0.9743700647852347,0.2249510543438671,0.25534466004349843,0.420970782813663,0.6763154428571615,0.5486431128354122
67.9,1121.0,39.0,42.0,37.77964438223469,1.0456430387614872,229.68259356833101,253.60405624425073,2150.0,1058.0,1347.0,1785.1079393398752,319606.0,11.873734836397142,24.253865671269807,1.0,1.0,120.0,1001.0,1052.6666666666667,2.0,37.0,37.666666666666664,7.0,35.0,38.333333333333336,18.0,2132.0,2136.0,58039.0,261567.0,291012.6666666667,0.0,1.0,1.0,133.0810528510897,38.676008246194705,11.734356492034909,30.961195525222177,43.27723600545335,21,0.6097222222222223,-0.636078220277764,-0.7716245833877199,0.981627183447664,0.19080899537654472,0.2556539330367739,0.45369791879176563,0.7093518518285395,0.5815248853101526
68.1,1073.0,37.0,37.0,36.961953837707625,1.0631474232511733,229.59965369484215,252.0365472141277,2204.0,1052.0,1339.0,1786.878844361603,311894.0,11.890361950430727,23.942639787625758,1.0,1.0,-48.0,1121.0,1065.0,-2.0,39.0,37.666666666666664,-5.0,42.0,38.0,54.0,2150.0,2162.0,-7712.0,319606.0,297689.0,0.0,1.0,1.0,132.8468776049558,38.628915127632325,11.696604710380054,30.857562149577742,43.14019772043006,21,0.6124999999999999,-0.6494480483301832,-0.7604059656000314,0.9876883405951375,0.15643446504023203,0.4077170185875127,0.5316887791498484,0.9394057977373611,0.7355472884436047
68.3,1097.0,38.0,39.0,37.37303547444967,1.0653278902271284,229.8990178890044,252.62835554590166,2211.0,1069.0,1348.0,1793.7693710118506,323430.0,11.163482803627419,22.321514285549714,1.0,1.0,24.0,1073.0,1097.0,1.0,37.0,38.0,2.0,37.0,39.333333333333336,7.0,2204.0,2188.3333333333335,11536.0,311894.0,318310.0,0.0,1.0,1.0,132.61270235882188,38.58182200906994,11.658852928725196,30.7539287739333,43.003159435406765,21,0.6152777777777777,-0.6626200482157368,-0.7489557207890026,0.9925461516413219,0.12186934340514906,0.5969228166653525,0.6650296038856651,1.2619524205510178,0.9634910122183414
68.5,1086.0,39.0,38.0,37.18518717960671,1.088360735395313,229.55226397229535,253.4055273090442,2198.0,1068.0,1333.0200000000186,1783.9742173112338,308396.0,10.978132174441349,22.192341021172147,1.0,1.0,-11.0,1097.0,1085.3333333333333,1.0,38.0,38.0,-1.0,39.0,38.0,-13.0,2211.0,2204.3333333333335,-15034.0,323430.0,314573.3333333333,0.0,1.0,1.0,132.37852711268795,38.534728890507544,11.62110114707034,30.650295398288854,42.86612115038347,21,0.6180555555555556,-0.6755902076156601,-0.7372773368101241,0.9961946980917455,0.08715574274765837,0.5593288202997824,0.6679709567531708,1.227299777052953,0.9476353669030619
68.7,1033.0,37.0,38.0,36.266464532835606,1.0142947365896697,229.78905197648476,252.95623087820175,2146.0,1045.0,1317.0100000000093,1778.1248789932235,287303.0,13.124201363448327,26.68332812825267,1.0,1.0,-53.0,1086.0,1072.0,-2.0,39.0,38.0,0.0,38.0,38.333333333333336,-52.0,2198.0,2185.0,-21093.0,308396.0,306376.3333333333,0.0,1.0,1.0,132.14435186655405,38.48763577194516,11.583349365415481,30.546662022644412,42.72908286536017,21,0.6208333333333333,-0.6883545756937541,-0.7253743710122875,0.9986295347545739,0.05233595624294354,0.46118196730038974,0.6112158647893656,1.0723978320897554,0.8418068484395604
68.9,1117.0,40.0,39.0,37.71218067772237,1.0881781825985068,229.72243394470857,252.418895063538,2255.0,1073.0,1340.0,1780.956132497762,313828.0,13.482732594350633,27.77138815399763,1.0,1.0,84.0,1033.0,1078.6666666666667,3.0,37.0,38.666666666666664,1.0,38.0,38.333333333333336,109.0,2146.0,2199.6666666666665,26525.0,287303.0,303175.6666666667,0.0,1.0,1.0,131.91017662042012,38.44054265338277,11.545597583760625,30.44302864699997,42.592044580336875,21,0.6236111111111112,-0.7009092642998511,-0.7132504491541813,0.9998476951563913,0.017452406437282734,0.46156845472594754,0.570311824778878,1.0318802795048256,0.8010960521418518
69.1,819.0,34.0,32.0,32.29215364663835,1.0518112762780698,229.32650965942472,252.16754980863672,2059.0,1018.0,1263.0,1714.067155067155,175321.0,11.130704425585998,22.677080940897135,1.0,1.0,-298.0,1117.0,989.6666666666666,-6.0,40.0,37.0,-7.0,39.0,36.333333333333336,-196.0,2255.0,2153.3333333333335,-138507.0,313828.0,258817.33333333334,0.0,1.0,1.0,131.67600137428622,38.39344953482039,11.507845802105768,30.339395271355535,42.45500629531359,21,0.6263888888888888,-0.7132504491541811,-0.7009092642998513,0.9998476951563913,-0.01745240643728212,0.47589005333451495,0.5715174101226722,1.0474074634571873,0.8094624367899297
69.3,721.0,31.0,33.0,30.29860907292697,1.1682246861843997,228.8317668355691,253.80299281439966,1946.0,975.0,1224.0100000000093,1675.4549237170597,126503.0,13.006026065727923,26.85609800399157,1.0,1.0,-98.0,819.0,885.6666666666666,-3.0,34.0,35.0,1.0,32.0,34.666666666666664,-113.0,2059.0,2086.6666666666665,-48818.0,175321.0,205217.33333333334,0.0,1.0,1.0,131.4418261281523,38.346356416258,11.470094020450912,30.235761895711093,42.31796801029029,21,0.6291666666666667,-0.7253743710122873,-0.6883545756937544,0.9986295347545739,-0.05233595624294293,0.4675863143527326,0.578881797269969,1.0464681116227017,0.8126749544463354
69.5,962.0,35.0,37.0,34.997949111844065,1.0645373775120497,229.50923679488685,252.88608020478506,2094.0,1028.0,1293.0200000000186,1756.64553014553,246893.0,14.145705866237881,29.300170647967224,1.0,1.0,241.0,721.0,834.0,4.0,31.0,33.333333333333336,4.0,33.0,34.0,148.0,1946.0,2033.0,120390.0,126503.0,182905.66666666666,0.0,1.0,1.0,131.20765088201838,38.29926329769561,11.432342238796053,30.132128520066647,42.18092972526699,21,0.6319444444444444,-0.7372773368101239,-0.6755902076156604,0.9961946980917455,-0.08715574274765776,0.47556203054860885,0.6198708073687024,1.0954328379173113,0.8576518226430068
69.7,1081.0,39.0,38.0,37.09948716436268,1.0532248551336048,229.6485331947887,252.6888554553753,2181.0,1070.0,1342.0,1756.3987049028676,277167.0,11.876824861256836,24.62214450449026,1.0,1.0,119.0,962.0,921.3333333333334,4.0,35.0,35.0,1.0,37.0,36.0,87.0,2094.0,2073.6666666666665,30274.0,246893.0,216854.33333333334,0.0,1.0,1.0,130.97347563588445,38.25217017913322,11.394590457141197,30.028495144422205,42.0438914402437,21,0.6347222222222223,-0.7489557207890025,-0.6626200482157372,0.9925461516413219,-0.12186934340514845,0.4866139658993106,0.7221837985483659,1.2087977644476764,0.9654907814980211
69.9,831.0,34.0,34.0,32.52786592561707,1.102490490681668,229.084246795444,251.8902476761762,2038.0,1014.0,1277.0,1702.216606498195,168042.0,12.264821618151778,25.401771591761076,1.0,1.0,-250.0,1081.0,958.0,-5.0,39.0,36.0,-4.0,38.0,36.333333333333336,-143.0,2181.0,2104.3333333333335,-109125.0,277167.0,230700.66666666666,0.0,1.0,1.0,130.73930038975055,38.20507706057084,11.356838675486339,29.924861768777763,41.9068531552204,21,0.6375000000000001,-0.7604059656000312,-0.6494480483301834,0.9876883405951377,-0.15643446504023145,0.3932495143882828,0.6424885905885851,1.035738104976868,0.8391133477827265
70.1,1265.0,42.0,42.0,40.13287958881073,1.0575227095519595,229.89682280643598,251.95518525129407,2286.0,1102.0,1383.0,1810.0158102766798,392170.0,12.751240179567128,25.709920264364882,1.0,1.0,434.0,831.0,1059.0,8.0,34.0,38.333333333333336,8.0,34.0,38.0,248.0,2038.0,2168.3333333333335,224128.0,168042.0,279126.3333333333,0.0,1.0,1.0,130.50512514361665,38.15798394200845,11.319086893831484,29.821228393133328,41.769814870197116,21,0.6402777777777777,-0.7716245833877194,-0.6360782202777646,0.9816271834476643,-0.19080899537654325,0.4090577307799212,0.4501038778972258,0.859161608677147,0.6546327432871863
70.3,823.0,32.0,33.0,32.37091511398834,1.1137257477081146,229.56716654571179,252.49214809755264,2016.0,1021.0,1274.0200000000186,1699.2381530984205,163973.0,11.186577075778551,23.04886114323222,1.0,1.0,-442.0,1265.0,973.0,-10.0,42.0,36.0,-9.0,42.0,36.333333333333336,-270.0,2286.0,2113.3333333333335,-228197.0,392170.0,241395.0,0.0,1.0,1.0,130.27094989748272,38.11089082344606,11.281335112176626,29.717595017488883,41.632776585173815,21,0.6430555555555555,-0.7826081568524133,-0.6225146366376203,0.9743700647852357,-0.22495105434386306,0.5861307886114868,0.4378193971384605,1.0239501857499473,0.7308847914442039
70.5,974.0,35.0,37.0,35.21555503711461,1.0967309206991838,229.6580509259887,251.52388766086708,2079.0,1051.0,1297.0,1727.1283367556468,221224.0,10.828217099164194,22.073740054644116,1.0,1.0,151.0,823.0,1020.6666666666666,3.0,32.0,36.333333333333336,4.0,33.0,37.333333333333336,63.0,2016.0,2127.0,57251.0,163973.0,259122.33333333334,0.0,1.0,1.0,130.0367746513488,38.063797704883676,11.24358333052177,29.61396164184444,41.49573830015052,21,0.6458333333333334,-0.7933533402912349,-0.6087614290087209,0.9659258262890684,-0.2588190451025202,0.6562117938574916,0.4451065000280974,1.101318293885589,0.7732123969568432
70.7,938.0,35.0,36.0,34.558626896356614,1.0642903012277054,229.53944967421475,251.72495030586234,2098.0,1043.0,1291.0,1735.4488272921108,220851.0,11.567888990905791,23.648467180770936,1.0,1.0,-36.0,974.0,911.6666666666666,0.0,35.0,34.0,-1.0,37.0,35.333333333333336,19.0,2079.0,2064.3333333333335,-373.0,221224.0,202016.0,0.0,1.0,1.0,129.8025994052149,38.01670458632129,11.205831548866911,29.5103282662,41.358700015127226,21,0.6486111111111111,-0.8038568606172175,-0.5948227867513409,0.9563047559630352,-0.29237170472273744,0.6511311664912525,0.509753025438194,1.1608841919294466,0.8353186086838202
70.9,944.0,34.0,35.0,34.668979365276876,1.0748568392029931,229.49059835143083,251.8839996263362,2093.0,1045.0,1291.0,1738.136652542373,224801.0,11.612295839928858,23.648467180770936,1.0,1.0,6.0,938.0,952.0,-1.0,35.0,34.666666666666664,-1.0,36.0,36.0,-5.0,2098.0,2090.0,3950.0,220851.0,222292.0,0.0,1.0,1.0,129.56842415908096,37.9696114677589,11.168079767212053,29.406694890555556,41.221661730103925,21,0.651388888888889,-0.8141155183563198,-0.5807029557109389,0.9455185755993161,-0.3255681544571587,0.5181025642262231,0.6009730706450958,1.119075634871319,0.8600243527582073
71.1,872.0,34.0,36.0,33.32063749403756,1.0613079387229192,229.83406577509965,251.80542821655,2035.0,1028.0,1266.0,1729.8979357798164,200471.0,11.400766285454532,23.16246964380094,1.0,1.0,-72.0,944.0,918.0,0.0,34.0,34.333333333333336,1.0,35.0,35.666666666666664,-58.0,2093.0,2075.3333333333335,-24330.0,224801.0,215374.33333333334,0.0,1.0,1.0,129.33424891294706,37.922518349196515,11.130327985557198,29.30306151491112,41.08462344508064,21,0.6541666666666666,-0.8241261886220151,-0.5664062369248336,0.9335804264972024,-0.3583679495452986,0.45296464477852155,0.6139565628420109,1.0669212076205326,0.8404388852312717
71.3,1002.0,36.0,37.0,35.71814698195629,1.0663945807919102,229.76684824133594,252.18107416685356,2124.0,1048.0,1304.0,1762.5439121756488,263069.0,12.95339843433331,26.68332812825267,1.0,1.0,130.0,872.0,939.3333333333334,2.0,34.0,34.666666666666664,1.0,36.0,36.0,89.0,2035.0,2084.0,62598.0,200471.0,229447.0,0.0,1.0,1.0,129.61940400191662,38.048756841466485,11.13836291366545,29.336567568017713,41.1095368725732,21,0.6569444444444444,-0.8338858220671681,-0.5519369853120584,0.9205048534524405,-0.3907311284892734,0.38470893334117806,0.6778924336829926,1.0626013670241707,0.8702469003535817
71.5,920.0,34.0,40.0,34.225434710991614,1.1104053510018514,229.19028176726582,252.75109277280893,2061.0,1036.0,1281.0,1726.2891304347827,208186.0,11.485440953832896,23.286262044390035,1.0,1.0,-82.0,1002.0,931.3333333333334,-2.0,36.0,34.666666666666664,3.0,37.0,37.666666666666664,-63.0,2124.0,2073.3333333333335,-54883.0,263069.0,223908.66666666666,0.0,1.0,1.0,130.10154645937376,38.2407418068108,11.163765214442469,29.422092025133324,41.195880259985586,21,0.6597222222222222,-0.8433914458128855,-0.5372996083468242,0.9063077870366503,-0.4226182617406987,0.3380993282577347,0.8439091284454793,1.182008456703214,1.0129587925743466
71.7,1114.0,39.0,45.0,37.66150359232848,1.0526436729385789,229.6546791229253,253.3858294006228,2162.0,1083.0,1340.0200000000186,1779.6140035906642,311490.0,10.32758968000624,20.615528128088304,1.0,1.0,194.0,920.0,1012.0,5.0,34.0,36.333333333333336,5.0,40.0,40.666666666666664,101.0,2061.0,2115.6666666666665,103304.0,208186.0,260915.0,0.0,1.0,1.0,130.5836889168309,38.43272677215513,11.18916751521949,29.507616482248938,41.28222364739797,21,0.6625000000000001,-0.8526401643540924,-0.5224985647159486,0.8910065241883676,-0.4539904997395473,0.38340582366318376,0.8909612237670528,1.2743670474302367,1.0826641355986446
71.9,904.0,35.0,34.0,33.92651689225682,1.0690839035636839,229.42753442743106,253.25412635842116,2084.0,1047.0,1286.0,1735.4413716814158,212839.0,10.716934964688585,21.70829334609241,1.0,1.0,-210.0,1114.0,979.3333333333334,-4.0,39.0,36.0,-11.0,45.0,39.666666666666664,-78.0,2162.0,2102.3333333333335,-98651.0,311490.0,244171.66666666666,0.0,1.0,1.0,131.06583137428802,38.624711737499446,11.214569815996509,29.59314093936455,41.36856703481035,21,0.6652777777777779,-0.8616291604415258,-0.5075383629607041,0.8746197071393957,-0.48480962024633717,0.3908965308826441,0.8532293571646815,1.2441258880473256,1.0486776226060035
72.1,539.0,26.0,28.0,26.196872229566885,1.312742910275768,228.4432396935425,253.8953520612915,1825.0,977.0,1173.0,1627.1335807050093,68525.0,8.730657145687623,17.613914953808536,1.0,1.0,-365.0,904.0,852.3333333333334,-9.0,35.0,33.333333333333336,-6.0,34.0,35.666666666666664,-259.0,2084.0,2023.6666666666667,-144314.0,212839.0,197618.0,0.0,1.0,1.0,131.54797383174514,38.81669670284376,11.239972116773526,29.678665396480156,41.454910422222724,21,0.6680555555555555,-0.8703556959398996,-0.4924235601034672,0.8571673007021124,-0.515038074910054,0.3335998451978799,0.8208862626112187,1.1544861078090987,0.9876861852101586
72.3,345.0,21.0,23.0,20.958712816717327,1.5468764361646679,228.85037878787878,255.33924471992654,1741.0,924.0,1137.0,1601.0086956521739,34848.0,10.688411599630587,22.02271554554524,1.0,1.0,-194.0,539.0,596.0,-5.0,26.0,27.333333333333332,-5.0,28.0,28.333333333333332,-84.0,1825.0,1883.3333333333333,-33677.0,68525.0,105404.0,0.0,1.0,1.0,132.03011628920225,39.008681668188075,11.265374417550547,29.76418985359577,41.54125380963511,21,0.6708333333333333,-0.8788171126619653,-0.4771587602596087,0.8386705679454244,-0.5446390350150265,0.3898493756030234,0.7754601676957208,1.1653095432987441,0.9703848554972325
72.5,659.0,29.0,29.0,28.96661630188228,1.1400484571722946,228.87557956853277,253.33736636394988,1882.0,983.0,1233.0100000000093,1658.4036418816388,104388.0,10.728722074333907,22.073740054644116,1.0,1.0,314.0,345.0,514.3333333333334,8.0,21.0,25.333333333333332,6.0,23.0,26.666666666666668,141.0,1741.0,1816.0,69540.0,34848.0,69253.66666666667,0.0,1.0,1.0,132.5122587466594,39.2006666335324,11.290776718327566,29.84971431071138,41.627597197047486,21,0.6736111111111112,-0.8870108331782218,-0.4617486132350336,0.8191520442889914,-0.5735764363510467,0.5493350434937059,0.751141551645617,1.300476595139323,1.02580907339247
72.7,1180.0,40.0,41.0,38.7610972856483,1.0488950889650337,229.62556908658001,252.89425074690243,2214.0,1101.0,1375.0,1779.4025423728813,329695.0,10.621223520945941,21.224985276791124,1.0,1.0,521.0,659.0,728.0,11.0,29.0,30.0,12.0,29.0,31.0,332.0,1882.0,1945.6666666666667,225307.0,104388.0,156310.33333333334,0.0,1.0,1.0,132.99440120411654,39.39265159887672,11.316179019104585,29.935238767826995,41.71394058445987,21,0.6763888888888889,-0.8949343616020251,-0.44619781310980866,0.7986355100472926,-0.6018150231520486,0.5109842935155785,0.910347103461416,1.4213313969769945,1.1658392502192052
72.9,1019.0,37.0,40.0,36.01987085047822,1.0645932921580814,229.63576350686202,253.2298048526261,2091.0,1059.0,1324.0,1737.2580961727183,241766.0,10.692863450364916,21.70829334609241,1.0,1.0,-161.0,1180.0,952.6666666666666,-3.0,40.0,35.333333333333336,-1.0,41.0,36.666666666666664,-123.0,2214.0,2062.3333333333335,-87929.0,329695.0,225283.0,0.0,1.0,1.0,133.47654366157366,39.584636564221036,11.341581319881605,30.02076322494261,41.800283971872254,21,0.6791666666666667,-0.9025852843498606,-0.43051109680829514,0.7771459614569709,-0.6293203910498374,0.4582907832529306,0.9869905318945703,1.445281315147501,1.2161359235210356
73.1,821.0,33.0,34.0,32.33155836373447,1.0782854241408515,229.28549063847177,253.0441341521673,1985.0,1004.0,1269.0,1711.6236297198539,173743.0,12.252067172329742,25.10975905897944,1.0,1.0,-198.0,1019.0,1006.6666666666666,-4.0,37.0,36.666666666666664,-6.0,40.0,38.333333333333336,-106.0,2091.0,2096.6666666666665,-68023.0,241766.0,248401.33333333334,0.0,1.0,1.0,133.95868611903077,39.77662152956535,11.366983620658623,30.106287682058213,41.88662735928463,21,0.6819444444444444,-0.9099612708765428,-0.4146932426562401,0.7547095802227735,-0.6560590289905056,0.4388827067727796,0.9226669775759354,1.361549684348715,1.1421083309623252
73.3,768.0,32.0,32.0,31.270560761786875,1.0549795601666336,229.48259630712843,253.02748314860608,1987.0,1026.0,1245.0,1707.4661458333333,159334.0,9.37729164840119,19.1637678967368,1.0,1.0,-53.0,821.0,869.3333333333334,-1.0,33.0,34.0,-2.0,34.0,35.333333333333336,2.0,1985.0,2021.0,-14409.0,173743.0,191614.33333333334,0.0,1.0,1.0,134.44082857648792,39.968606494909665,11.392385921435642,30.191812139173827,41.97297074669701,21,0.6847222222222222,-0.9170600743851239,-0.3987490689252466,0.731353701619171,-0.6819983600624979,0.32672569446301425,0.8954214742016664,1.2221471686646805,1.0587843214331736
73.5,1095.0,40.0,36.0,37.338951531678056,1.0992804914606045,230.42128120151597,253.5530136752194,2238.0,1061.0,1325.0,1772.5324200913242,298423.0,13.190970232431399,27.17075633838705,1.0,1.0,327.0,768.0,894.6666666666666,8.0,32.0,35.0,4.0,32.0,34.0,251.0,1987.0,2070.0,139089.0,159334.0,210500.0,0.0,1.0,1.0,134.92297103394503,40.16059146025399,11.41778822221266,30.27733659628944,42.05931413410939,21,0.6875,-0.9238795325112865,-0.38268343236509034,0.7071067811865485,-0.7071067811865467,0.4031307508684465,0.8808138160542961,1.2839445669227425,1.0823791914885192
73.7,574.0,27.0,28.0,27.034043328329254,1.1754009972099795,229.06049617882633,253.18026071190874,1878.0,961.0,1196.0,1651.8222996515678,87146.0,11.536318538542819,23.58495283014151,1.0,1.0,-521.0,1095.0,812.3333333333334,-13.0,40.0,33.0,-8.0,36.0,32.0,-360.0,2238.0,2034.3333333333333,-211277.0,298423.0,181634.33333333334,0.0,1.0,1.0,135.40511349140218,40.35257642559831,11.443190522989681,30.36286105340505,42.14565752152178,21,0.6902777777777778,-0.9304175679820246,-0.3665012267242972,0.6819983600624984,-0.7313537016191706,0.5927780184873573,0.8648658818084954,1.4576439002958528,1.161254891052174
73.9,1010.0,36.0,37.0,35.86045091995518,1.0850377385403787,229.72037953491417,253.35680457144727,2083.0,1067.0,1316.0,1741.880198019802,244299.0,10.161226890351477,20.573040611440984,1.0,1.0,436.0,574.0,893.0,9.0,27.0,34.333333333333336,9.0,28.0,33.666666666666664,205.0,1878.0,2066.3333333333335,157153.0,87146.0,209956.0,0.0,1.0,1.0,135.88725594885932,40.54456139094263,11.4685928237667,30.448385510520666,42.232000908934154,21,0.6930555555555556,-0.9366721892483979,-0.35020738125946677,0.6560590289905062,-0.754709580222773,0.5927120512356766,0.8614424726837115,1.4541545239193883,1.15779849830155
74.1,848.0,34.0,33.0,32.85889733292062,1.1010267684729462,229.19506154522162,253.4737869285596,2018.0,1015.0,1297.0,1706.6474056603774,175239.0,12.414584981820443,25.22399651125888,1.0,1.0,-162.0,1010.0,810.6666666666666,-2.0,36.0,32.333333333333336,-4.0,37.0,32.666666666666664,-65.0,2083.0,1993.0,-69060.0,244299.0,168894.66666666666,0.0,1.0,1.0,136.3693984063164,40.73654635628694,11.493995124543718,30.533909967636273,42.31834429634653,21,0.6958333333333333,-0.9426414910921783,-0.33380685923377124,0.629320391049838,-0.7771459614569705,0.629002888889467,0.8229894100520688,1.451992298941536,1.1374908544968023
74.3,1049.0,37.0,39.0,36.54624854109086,1.0712090939648704,229.82797340930674,253.08735802469135,2139.0,1083.0,1342.0,1750.9532888465205,263250.0,9.505244658226323,19.235384061671343,1.0,1.0,201.0,848.0,969.0,3.0,34.0,35.666666666666664,6.0,33.0,36.333333333333336,121.0,2018.0,2080.0,88011.0,175239.0,227596.0,0.0,1.0,1.0,136.85154086377355,40.92853132163126,11.519397425320738,30.619434424751883,42.404687683758915,21,0.6986111111111111,-0.9483236552061992,-0.31730465640509264,0.6018150231520492,-0.7986355100472923,0.6679141334103136,0.8177937546852586,1.4857078880955723,1.1517508213904155
74.5,836.0,34.0,33.0,32.625576767294035,1.0404598424971003,229.26018304550402,252.96523529443303,2007.0,1025.0,1276.0,1723.0992822966507,186511.0,10.410070513512755,21.10094784600919,1.0,1.0,-213.0,1049.0,911.0,-3.0,37.0,35.0,-6.0,39.0,35.0,-132.0,2139.0,2054.6666666666665,-76739.0,263250.0,208333.33333333334,0.0,1.0,1.0,137.33368332123067,41.12051628697558,11.544799726097757,30.704958881867498,42.4910310711713,21,0.7013888888888888,-0.9537169507482267,-0.3007057995042738,0.5735764363510473,-0.819152044288991,0.5029112427259107,0.834687968329435,1.3375992110553458,1.0861435896923903
74.7,983.0,36.0,36.0,35.37788111906457,1.0835245793238348,229.74963831799514,252.4619121857685,2082.0,1040.0,1299.0200000000186,1735.5615462868768,231603.0,12.92505311298009,26.68332812825267,1.0,1.0,147.0,836.0,956.0,2.0,34.0,35.666666666666664,3.0,33.0,36.0,75.0,2007.0,2076.0,45092.0,186511.0,227121.33333333334,0.0,1.0,1.0,137.8158257786878,41.3125012523199,11.570202026874776,30.79048333898311,42.57737445858368,21,0.7041666666666667,-0.958819734868193,-0.28401534470392265,0.5446390350150271,-0.838670567945424,0.3260460588236299,0.5905290946669345,0.9165751534905644,0.7535521240787495
74.9,608.0,29.0,28.0,27.823185353208192,1.1341946849864997,229.34175247147172,251.7195087369337,1898.0,986.0,1229.0,1668.202302631579,102267.0,9.709123769596763,19.67866865415443,1.0,1.0,-375.0,983.0,809.0,-7.0,36.0,33.0,-8.0,36.0,32.333333333333336,-184.0,2082.0,1995.6666666666667,-129336.0,231603.0,173460.33333333334,0.0,1.0,1.0,138.29796823614495,41.50448621766422,11.595604327651797,30.876007796098722,42.66371784599606,21,0.7069444444444445,-0.963630453208623,-0.26723837607825707,0.5150380749100546,-0.857167300702112,0.3344830053597665,0.3403793999971798,0.6748624053569463,0.5076209026770631
75.1,726.0,30.0,33.0,30.403485153477522,1.2216586835086276,229.3491894828509,251.6121261993976,1922.0,991.0,1242.0,1672.4063360881544,125179.0,11.779516956945882,24.38237068047322,1.0,1.0,118.0,608.0,772.3333333333334,1.0,29.0,31.666666666666668,5.0,28.0,32.333333333333336,24.0,1898.0,1967.3333333333333,22912.0,102267.0,153016.33333333334,0.0,1.0,1.0,138.78011069360204,41.696471183008526,11.621006628428814,30.96153225321433,42.75006123340844,21,0.7097222222222221,-0.9681476403781076,-0.25038000405444183,0.4848096202463378,-0.8746197071393954,0.4126841074956605,0.3309042719003469,0.7435883793960074,0.5372463256481772
75.3,642.0,30.0,28.0,28.590554169515052,1.1235321270790823,230.36641733022333,250.93329579881498,1920.0,994.0,1230.0,1674.2943925233644,111897.0,9.874710420695664,20.130822139197395,1.0,1.0,-84.0,726.0,658.6666666666666,0.0,30.0,29.666666666666668,-5.0,33.0,29.666666666666668,-2.0,1922.0,1913.3333333333333,-13282.0,125179.0,113114.33333333333,0.0,1.0,1.0,139.26225315105918,41.88845614835285,11.646408929205833,31.047056710329944,42.83640462082082,21,0.7124999999999999,-0.9723699203976764,-0.233445363855906,0.4539904997395479,-0.8910065241883673,0.48251086894985107,0.43346241640418504,0.9159732853540361,0.6747178508791105
75.5,448.0,25.0,25.0,23.883285285767386,1.315311240929277,228.93495347821707,249.82874273621982,1833.0,946.0,1180.0,1632.90625,59601.0,10.0777870277643,20.615528128088304,1.0,1.0,-194.0,642.0,605.3333333333334,-5.0,30.0,28.333333333333332,-3.0,28.0,28.666666666666668,-87.0,1920.0,1891.6666666666667,-52296.0,111897.0,98892.33333333333,0.0,1.0,1.0,139.7443956085163,42.08044111369717,11.671811229982854,31.132581167445554,42.9227480082332,21,0.7152777777777778,-0.9762960071199334,-0.21643961393810282,0.42261826174069933,-0.90630778703665,0.33649955118651165,0.45223553483355533,0.788735086020067,0.6204853104268112
75.7,486.0,25.0,26.0,24.875578761936154,1.2530525654371965,228.69235219781055,250.98716484721143,1820.0,945.0,1170.0,1635.141975308642,65679.0,11.055998740337062,22.677080940897135,1.0,1.0,38.0,448.0,525.3333333333334,0.0,25.0,26.666666666666668,1.0,25.0,26.333333333333332,-13.0,1833.0,1857.6666666666667,6078.0,59601.0,79059.0,0.0,1.0,1.0,140.22653806597344,42.272426079041495,11.697213530759873,31.21810562456117,43.009091395645584,21,0.7180555555555556,-0.9799247046208296,-0.1993679344171973,0.390731128489274,-0.9205048534524403,0.2983652375058211,0.4347839388313321,0.7331491763371533,0.5839665575842427
75.9,1045.0,37.0,38.0,36.47650372840365,1.0384712296202694,230.0117017242868,252.33510029244925,2137.0,1082.0,1330.0,1754.9004784688996,266392.0,9.452169726171707,19.13765920900464,1.0,1.0,559.0,486.0,659.6666666666666,12.0,25.0,29.0,12.0,26.0,29.666666666666668,317.0,1820.0,1930.0,200713.0,65679.0,130557.33333333333,0.0,1.0,1.0,140.7086805234306,42.46441104438581,11.722615831536892,31.30363008167678,43.09543478305797,21,0.7208333333333334,-0.9832549075639547,-0.18223552549214692,0.3583679495452992,-0.9335804264972022,0.4042647018482299,0.4915798923859579,0.8958445942341878,0.6937122433100729
76.1,1038.0,37.0,37.0,36.3541283410165,1.0159382677295732,229.5456798986013,252.92396217738045,2178.0,1072.0,1342.0,1757.6676300578035,267468.0,10.976082145825544,22.561028345356956,1.0,1.0,-7.0,1045.0,856.3333333333334,0.0,37.0,33.0,-1.0,38.0,33.666666666666664,41.0,2137.0,2045.0,1076.0,266392.0,199846.33333333334,0.0,1.0,1.0,141.19082298088767,42.656396009730116,11.74801813231391,31.389154538792386,43.181778170470345,21,0.723611111111111,-0.9862856015372312,-0.16504760586067904,0.3255681544571593,-0.9455185755993158,0.48131288221669033,0.6766220753652658,1.1579349575819562,0.917278516473611
76.3,990.0,37.0,36.0,35.50362163621919,1.0554094630794733,229.7705245015536,253.36657253366133,2140.0,1056.0,1337.0,1749.6646464646465,247238.0,11.74880013288863,24.13503677229434,1.0,1.0,-48.0,1038.0,1024.3333333333333,0.0,37.0,37.0,-1.0,37.0,37.0,-38.0,2178.0,2151.6666666666665,-20230.0,267468.0,260366.0,0.0,1.0,1.0,141.67296543834482,42.84838097507444,11.77342043309093,31.474678995908,43.26812155788272,21,0.7263888888888889,-0.9890158633619167,-0.14780941112961132,0.2923717047227381,-0.9563047559630351,0.49317240724711625,0.8671020668340789,1.360274474081195,1.113688270457637
76.5,822.0,33.0,35.0,32.35124272377035,1.1036943065291838,229.17655014064866,253.42332243406344,2015.0,1027.0,1262.0,1702.3990267639904,166372.0,10.328362592691615,21.10094784600919,1.0,1.0,-168.0,990.0,950.0,-4.0,37.0,35.666666666666664,-1.0,36.0,36.0,-125.0,2140.0,2111.0,-80866.0,247238.0,227026.0,0.0,1.0,1.0,142.15510789580196,43.04036594041876,11.798822733867949,31.56020345302361,43.354464945295106,21,0.7291666666666666,-0.9914448613738104,-0.13052619222005163,0.2588190451025208,-0.9659258262890683,0.4952133388734234,0.6860950522472357,1.181308391120659,0.9337017216839474
76.7,623.0,29.0,28.0,28.16430784468183,1.063881340082526,229.01332402397162,253.1053509435426,1906.0,989.0,1207.0100000000093,1665.5248796147673,103122.0,9.61543031714047,19.525624189766635,1.0,1.0,-199.0,822.0,811.6666666666666,-4.0,33.0,33.0,-7.0,35.0,33.0,-109.0,2015.0,2020.3333333333333,-63250.0,166372.0,172244.0,0.0,1.0,1.0,142.63725035325908,43.232350905763084,11.824225034644968,31.645727910139225,43.44080833270749,21,0.7319444444444445,-0.9935718556765876,-0.11320321376790607,0.22495105434386373,-0.9743700647852356,0.37233629859486994,0.424204330820735,0.796540629415605,0.61037248011817
76.9,571.0,27.0,28.0,26.963304323539017,1.1687146994444753,228.50076296392086,253.39891374628218,1831.0,962.0,1181.0,1635.4290718038528,77330.0,11.326224758439299,23.53720459187964,1.0,1.0,-52.0,623.0,672.0,-2.0,29.0,29.666666666666668,0.0,28.0,30.333333333333332,-75.0,1906.0,1917.3333333333333,-25792.0,103122.0,115608.0,0.0,1.0,1.0,143.11939281071622,43.4243358711074,11.849627335421989,31.73125236725484,43.52715172011987,21,0.7347222222222223,-0.9953961983671789,-0.09584575252022354,0.19080899537654392,-0.9816271834476641,0.4001776414048785,0.49838373939114133,0.8985613807960199,0.6984725600935806
77.1,1182.0,39.0,42.0,38.79393176615336,1.0664240794392605,229.62882656746027,253.2916264095346,2194.0,1092.0,1354.0200000000186,1763.5693739424703,311539.0,11.354678749002655,23.16246964380094,1.0,1.0,611.0,571.0,792.0,12.0,27.0,31.666666666666668,14.0,28.0,32.666666666666664,363.0,1831.0,1977.0,234209.0,77330.0,163997.0,0.0,1.0,1.0,143.6015352681733,43.61632083645171,11.875029636199006,31.816776824370443,43.613495107532245,21,0.7374999999999999,-0.996917333733128,-0.07845909572784557,0.1564344650402321,-0.9876883405951375,0.5613795800819218,0.7803310540898487,1.3417106341717706,1.0610208441308098
77.3,1137.0,38.0,41.0,38.0483030155601,1.0736414406559485,229.9360978586288,252.43348760531114,2155.0,1077.0,1347.0,1746.4740545294635,280303.0,11.159416402233301,22.80350850198276,1.0,1.0,-45.0,1182.0,963.3333333333334,-1.0,39.0,34.666666666666664,-1.0,42.0,37.0,-39.0,2194.0,2060.0,-31236.0,311539.0,223057.33333333334,0.0,1.0,1.0,144.08367772563045,43.80830580179603,11.900431936976025,31.902301281486057,43.69983849494463,21,0.7402777777777777,-0.9981347984218669,-0.06104853953485769,0.12186934340514911,-0.9925461516413219,0.5681214590803265,0.8347763827792924,1.402897841859619,1.1188371123194556
77.5,885.0,34.0,36.0,33.568094927931476,1.0733104940869946,229.74038574182347,252.11923171134328,2068.0,1037.0,1292.0,1712.1966101694916,187921.0,11.563609614418823,23.648467180770936,1.0,1.0,-252.0,1137.0,1068.0,-4.0,38.0,37.0,-5.0,41.0,39.666666666666664,-87.0,2155.0,2139.0,-92382.0,280303.0,259921.0,0.0,1.0,1.0,144.5658201830876,44.000290767140356,11.925834237753046,31.98782573860167,43.78618188235701,21,0.7430555555555556,-0.9990482215818578,-0.04361938736533613,0.08715574274765844,-0.9961946980917455,0.5035842619647517,0.753979834529592,1.2575640964943438,1.005771965511968
77.7,730.0,32.0,30.0,30.487126261041215,1.1129573247243756,230.07624856506646,251.51491639351065,1954.0,1003.0,1224.0200000000186,1698.0904109589042,144606.0,10.977644234544167,22.192341021172147,1.0,1.0,-155.0,885.0,917.3333333333334,-2.0,34.0,34.666666666666664,-6.0,36.0,35.666666666666664,-114.0,2068.0,2059.0,-43315.0,187921.0,204276.66666666666,0.0,1.0,1.0,144.6707528952587,44.18263198741418,11.90905729866494,31.953560413411505,43.74510019852988,21,0.7458333333333333,-0.9996573249755573,-0.026176948307873482,0.052335956242944494,-0.9986295347545738,0.39947670104145283,0.5874759689453916,0.9869526699868444,0.787214319466118
77.9,1101.0,38.0,38.0,37.441110276718746,1.0477524883226605,230.07310983609767,251.69281858473508,2185.0,1088.0,1329.0,1778.2942779291552,306402.0,11.212076652799194,22.677080940897135,1.0,1.0,371.0,730.0,905.3333333333334,6.0,32.0,34.666666666666664,8.0,30.0,34.666666666666664,231.0,1954.0,2069.0,161796.0,144606.0,212976.33333333334,0.0,1.0,1.0,144.59406610044024,44.36032992302445,11.871971836678817,31.86161852637041,43.64266570262448,21,0.7486111111111112,-0.9999619230641713,-0.008726535498373576,0.017452406437282793,-0.9998476951563913,0.4430846250588031,0.5503232010039188,0.9934078260627219,0.7718655135333203
78.1,892.0,34.0,34.0,33.70058862844632,1.104975308315497,230.01152526783576,251.50439001956855,2106.0,1043.0,1282.0,1738.8979820627803,213097.0,11.629904311010716,23.648467180770936,1.0,1.0,-209.0,1101.0,907.6666666666666,-4.0,38.0,34.666666666666664,-4.0,38.0,34.0,-79.0,2185.0,2081.6666666666665,-93305.0,306402.0,221368.33333333334,0.0,1.0,1.0,144.5173793056218,44.538027858634706,11.834886374692696,31.769676639329326,43.54023120671908,21,0.7513888888888888,-0.9999619230641713,0.008726535498373208,-0.017452406437282058,-0.9998476951563913,0.6707021085646677,0.6745094091127934,1.345211517677461,1.0098604633951274
78.3,655.0,29.0,30.0,28.878571671769564,1.0976809780981687,229.21540861426467,252.03670162059103,1908.0,991.0,1212.0,1676.1679389312976,115404.0,9.828455296946167,20.0124960961895,1.0,1.0,-237.0,892.0,882.6666666666666,-5.0,34.0,33.666666666666664,-4.0,34.0,34.0,-198.0,2106.0,2066.3333333333335,-97693.0,213097.0,211634.33333333334,0.0,1.0,1.0,144.44069251080336,44.715725794244975,11.79780091270657,31.67773475228823,43.43779671081367,21,0.7541666666666667,-0.9996573249755573,0.026176948307873114,-0.05233595624294376,-0.9986295347545738,0.7539687206321087,0.4782020247046268,1.2321707453367354,0.8551863850206811
78.5,555.0,27.0,28.0,26.582850624566497,1.1457886542671512,229.84092986137034,251.86076535931727,1849.0,955.0,1170.0,1639.9801801801802,77689.0,11.355289986463195,23.16246964380094,1.0,1.0,-100.0,655.0,700.6666666666666,-2.0,29.0,30.0,-2.0,30.0,30.666666666666668,-59.0,1908.0,1954.3333333333333,-37715.0,115404.0,135396.66666666666,0.0,1.0,1.0,144.36400571598492,44.893423729855236,11.760715450720445,31.58579286524714,43.335362214908265,21,0.7569444444444444,-0.9990482215818578,0.043619387365335764,-0.08715574274765771,-0.9961946980917455,0.44087252765051177,0.3548274792058077,0.7957000068563195,0.5752637430310636
78.7,995.0,36.0,37.0,35.593164329846914,1.072943746009194,230.26891021539774,252.7504158669226,2108.0,1056.0,1308.0100000000093,1735.6281407035176,234450.0,11.868112848707547,24.13503677229434,1.0,1.0,440.0,555.0,735.0,9.0,27.0,30.666666666666668,9.0,28.0,31.666666666666668,259.0,1849.0,1955.0,156761.0,77689.0,142514.33333333334,0.0,1.0,1.0,144.28731892116647,45.071121665465505,11.72362998873432,31.493850978206048,43.23292771900286,21,0.7597222222222223,-0.9981347984218669,0.061048539534857324,-0.12186934340514839,-0.9925461516413219,0.4730314414962942,0.460303199037245,0.9333346405335392,0.6968189197853921
78.9,951.0,35.0,36.0,34.79728160421644,1.037696288371978,230.31155356877292,252.93508061341427,2137.0,1046.0,1313.0100000000093,1740.4016824395374,228622.0,12.818012863800263,26.196373794859472,1.0,1.0,-44.0,995.0,833.6666666666666,-1.0,36.0,32.666666666666664,-1.0,37.0,33.666666666666664,29.0,2108.0,2031.3333333333333,-5828.0,234450.0,180253.66666666666,0.0,1.0,1.0,144.210632126348,45.24881960107577,11.686544526748197,31.401909091164953,43.13049322309745,21,0.7625000000000001,-0.996917333733128,0.07845909572784521,-0.15643446504023137,-0.9876883405951377,0.6267350106411012,0.621755494333489,1.24849050497459,0.9351229996540396
79.1,705.0,32.0,30.0,29.96053869739811,1.1173062252030401,229.69258064516129,253.45580645161291,1967.0,998.0,1268.0200000000186,1671.4893617021276,120900.0,10.941094696432373,22.192341021172147,1.0,1.0,-246.0,951.0,883.6666666666666,-3.0,35.0,34.333333333333336,-6.0,36.0,34.333333333333336,-170.0,2137.0,2070.6666666666665,-107722.0,228622.0,194657.33333333334,0.0,1.0,1.0,144.13394533152956,45.42651753668603,11.649459064762075,31.30996720412387,43.028058727192054,21,0.7652777777777777,-0.9953961983671789,0.09584575252022316,-0.1908089953765432,-0.9816271834476643,0.6404521155155734,0.7452502175799234,1.3857023330954967,1.06547627533771
79.3,734.0,32.0,33.0,30.570538527078803,1.0539993277511865,229.7296135443504,252.16014722119985,1969.0,1003.0,1243.0,1685.0817438692097,135894.0,10.817126182185245,22.45551157288562,1.0,1.0,29.0,705.0,796.6666666666666,0.0,32.0,33.0,3.0,30.0,33.0,2.0,1967.0,2024.3333333333333,14994.0,120900.0,161805.33333333334,0.0,1.0,1.0,144.05725853671112,45.60421547229629,11.61237360277595,31.218025317082777,42.92562423128665,21,0.7680555555555555,-0.9935718556765876,0.1132032137679057,-0.224951054343863,-0.9743700647852357,0.5550285091794643,0.8704635852365221,1.4254920944159866,1.1479778398262543
79.5,1122.0,38.0,40.0,37.796491493164446,1.086725244155467,230.24292041423763,252.18674089396995,2176.0,1083.0,1346.0,1774.8859180035652,308422.0,12.288545714364005,25.10975905897944,1.0,1.0,388.0,734.0,853.6666666666666,6.0,32.0,34.0,7.0,33.0,34.333333333333336,207.0,1969.0,2037.3333333333333,172528.0,135894.0,188405.33333333334,0.0,1.0,1.0,143.98057174189267,45.78191340790656,11.575288140789825,31.12608343004168,42.82318973538124,21,0.7708333333333334,-0.9914448613738105,0.13052619222005127,-0.25881904510252013,-0.9659258262890684,0.5859959861676338,0.8379370803472032,1.423933066514837,1.1309350734310202
79.7,1018.0,36.0,37.0,36.00219238519226,1.0194756680646808,230.39831304640353,251.6122755412241,2092.0,1069.0,1321.0,1739.4430255402751,243753.0,10.858775063083757,22.192341021172147,1.0,1.0,-104.0,1122.0,958.0,-2.0,38.0,35.333333333333336,-3.0,40.0,36.666666666666664,-84.0,2176.0,2079.0,-64669.0,308422.0,229356.33333333334,0.0,1.0,1.0,143.90388494707423,45.959611343516826,11.5382026788037,31.03414154300059,42.720755239475835,21,0.7736111111111111,-0.9890158633619168,0.14780941112961096,-0.2923717047227374,-0.9563047559630353,0.670216399053644,0.807794657105137,1.478011056158781,1.142902856631959
79.9,394.0,23.0,22.0,22.397686948112614,1.1505686777946118,229.865783199811,252.5997766275049,1824.0,960.0,1163.0,1618.1700507614214,46559.0,7.832357409010753,16.00781059358212,1.0,1.0,-624.0,1018.0,844.6666666666666,-13.0,36.0,32.333333333333336,-15.0,37.0,33.0,-268.0,2092.0,2030.6666666666667,-197194.0,243753.0,199578.0,0.0,1.0,1.0,143.8271981522558,46.13730927912709,11.501117216817576,30.9421996559595,42.61832074357043,21,0.776388888888889,-0.9862856015372312,0.16504760586067868,-0.32556815445715864,-0.9455185755993162,0.5374653569011482,0.7160461591465359,1.2535115160476842,0.98477883759711
80.1,1054.0,37.0,36.0,36.63324282875953,1.0736381108862603,229.84059029594744,252.40816689923832,2210.0,1080.0,1330.0,1761.0853889943073,275184.0,11.159053411513401,22.80350850198276,1.0,1.0,660.0,394.0,822.0,14.0,23.0,32.0,14.0,22.0,31.666666666666668,386.0,1824.0,2042.0,228625.0,46559.0,188498.66666666666,0.0,1.0,1.0,143.75051135743735,46.31500721473734,11.464031754831455,30.85025776891841,42.51588624766503,21,0.7791666666666666,-0.9832549075639547,0.18223552549214656,-0.35836794954529855,-0.9335804264972024,0.28284761752268156,0.6149154025308394,0.8977630200535209,0.7563392112921802
80.3,1097.0,39.0,37.0,37.37303547444967,1.038457773545378,229.91138945847783,252.56898682395308,2191.0,1066.0,1332.0200000000186,1766.2907930720146,292125.0,13.28982084787597,27.5,1.0,1.0,43.0,1054.0,848.3333333333334,2.0,37.0,33.0,1.0,36.0,31.666666666666668,-19.0,2210.0,2075.0,16941.0,275184.0,204622.66666666666,0.0,1.0,1.0,143.6738245626189,46.49270515034761,11.42694629284533,30.75831588187732,42.413451751759624,21,0.7819444444444444,-0.9799247046208297,0.19936793441719694,-0.3907311284892733,-0.9205048534524405,0.4035559299171033,0.6224597058141594,1.0260156357312626,0.824237670772711
80.5,957.0,37.0,35.0,34.906879612929465,1.0334599541877763,230.18903739300194,252.1158775448909,2097.0,1037.0,1298.0,1743.5370950888191,233065.0,12.758184011655862,26.196373794859472,1.0,1.0,-140.0,1097.0,1036.0,-2.0,39.0,37.666666666666664,-2.0,37.0,36.0,-94.0,2191.0,2166.0,-59060.0,292125.0,266791.3333333333,0.0,1.0,1.0,143.59713776780043,46.67040308595787,11.389860830859204,30.666373994836228,42.31101725585422,21,0.7847222222222222,-0.9762960071199335,0.21643961393810246,-0.42261826174069866,-0.9063077870366504,0.5115441569658677,0.8264309754534461,1.3379751324193139,1.08220305393638
80.7,313.0,20.0,21.0,19.963065333312567,1.1431520861664644,229.25464041578127,252.74699813103254,1748.0,924.0,1136.0,1624.7891373801917,39059.0,8.746258565018385,17.67766952966369,1.0,1.0,-644.0,957.0,789.0,-17.0,37.0,32.0,-14.0,35.0,31.0,-349.0,2097.0,2012.0,-194006.0,233065.0,188083.0,0.0,1.0,1.0,143.520450972982,46.84810102156814,11.35277536887308,30.574432107795133,42.20858275994881,21,0.7875000000000001,-0.9723699203976766,0.23344536385590567,-0.45399049973954725,-0.8910065241883677,0.4751155254657694,0.8195984331706636,1.294713958636433,1.0571561959035483
80.9,869.0,33.0,33.0,33.26327050028088,1.0627420582967912,229.79598019225168,252.85639382464316,2044.0,1031.0,1281.0,1717.2784810126582,188951.0,10.44943423523404,20.93442141545832,1.0,1.0,556.0,313.0,713.0,13.0,20.0,30.0,12.0,21.0,29.666666666666668,296.0,1748.0,1963.0,149892.0,39059.0,153691.66666666666,0.0,1.0,1.0,143.44376417816355,47.02579895717841,11.315689906886956,30.48249022075404,42.106148264043405,21,0.7902777777777779,-0.9681476403781077,0.25038000405444144,-0.4848096202463371,-0.8746197071393957,0.5095672253852349,0.5990899598866357,1.1086571852718705,0.8538735725792531
81.1,1020.0,42.0,36.0,36.03754064347158,1.1843887493888359,229.3124098533344,253.38501337006724,2095.0,1041.0,1304.0100000000093,1741.9803921568628,246820.0,11.781207515822812,23.769728648009426,1.0,1.0,151.0,869.0,734.0,9.0,33.0,31.666666666666668,3.0,33.0,30.0,51.0,2044.0,1962.3333333333333,57869.0,188951.0,158276.66666666666,0.0,1.0,1.0,143.3670773833451,47.203496892788664,11.278604444900834,30.390548333712957,42.003713768138006,21,0.7930555555555555,-0.9636304532086231,0.26723837607825673,-0.5150380749100539,-0.8571673007021124,0.3655601426687638,0.4383846219029296,0.8039447645716934,0.6211646932373115
81.3,990.0,40.0,35.0,35.50362163621919,1.086225816777109,230.32027783945472,253.10940137998065,2116.0,1046.0,1319.0,1741.110101010101,238699.0,11.64469530009745,23.648467180770936,1.0,1.0,-30.0,1020.0,959.6666666666666,-2.0,42.0,38.333333333333336,-1.0,36.0,34.666666666666664,21.0,2095.0,2085.0,-8121.0,246820.0,224823.33333333334,0.0,1.0,1.0,143.29039058852666,47.381194828398925,11.241518982914709,30.29860644667186,41.9012792722326,21,0.7958333333333333,-0.9588197348681932,0.2840153447039223,-0.5446390350150265,-0.8386705679454244,0.3759491042807051,0.5086744605220933,0.8846235648027984,0.6966490126624458
81.5,834.0,33.0,32.0,32.586527589007176,1.0441645822713574,229.587053721133,253.07988866781426,2030.0,1023.0,1269.0,1714.537170263789,178924.0,11.315279513072065,23.16246964380094,1.0,1.0,-156.0,990.0,948.0,-7.0,40.0,38.333333333333336,-3.0,35.0,34.333333333333336,-86.0,2116.0,2080.3333333333335,-59775.0,238699.0,221481.0,0.0,1.0,1.0,143.21370379370822,47.558892764009194,11.204433520928584,30.20666455963077,41.79884477632719,21,0.7986111111111112,-0.9537169507482268,0.30070579950427345,-0.5735764363510467,-0.8191520442889914,0.48293298288719677,0.6378275647845553,1.1207605476717521,0.8792940562281537
81.7,935.0,35.0,36.0,34.503318308930474,1.0155337350638425,229.8732448107448,252.9030544108669,2087.0,1031.0,1296.0,1724.2395721925134,209664.0,12.660296023226334,26.196373794859472,1.0,1.0,101.0,834.0,919.6666666666666,2.0,33.0,36.0,4.0,32.0,34.333333333333336,57.0,2030.0,2077.6666666666665,30740.0,178924.0,209095.66666666666,0.0,1.0,1.0,143.13701699888975,47.73659069961946,11.16734805894246,30.11472267258968,41.69641028042179,21,0.8013888888888889,-0.9483236552061993,0.31730465640509226,-0.6018150231520485,-0.7986355100472926,0.5469179059698178,0.5156480936571178,1.0625659996269357,0.7891070466420267
81.9,666.0,31.0,28.0,29.120053859730724,1.0169107762879817,229.7582646434618,252.84815630290842,1933.0,1003.0,1216.0,1688.8993993993995,125807.0,8.886424624530168,18.069310999592652,1.0,1.0,-269.0,935.0,811.6666666666666,-4.0,35.0,33.0,-8.0,36.0,32.0,-154.0,2087.0,2016.6666666666667,-83857.0,209664.0,171465.0,0.0,1.0,1.0,143.0603302040713,47.914288635229724,11.130262596956335,30.022780785548584,41.59397578451638,21,0.8041666666666667,-0.9426414910921784,0.3338068592337709,-0.6293203910498374,-0.7771459614569709,0.32872307312246357,0.45758374428793835,0.7863068174104019,0.6219452808491701
82.1,1191.0,40.0,40.0,38.94134432424719,1.039018355211377,230.13301077436552,252.31702898550725,2256.0,1108.0,1360.0,1799.8690176322418,357144.0,10.635110017056961,21.587033144922902,1.0,1.0,525.0,666.0,930.6666666666666,9.0,31.0,35.333333333333336,12.0,28.0,34.666666666666664,323.0,1933.0,2092.0,231337.0,125807.0,230871.66666666666,0.0,1.0,1.0,142.98364340925286,48.09198657083998,11.093177134970214,29.9308388985075,41.49154128861098,21,0.8069444444444444,-0.936672189248398,0.3502073812594664,-0.6560590289905056,-0.7547095802227735,0.38164321892888264,0.5284203472899455,0.9100635662188281,0.7192419567543868
82.3,1058.0,37.0,37.0,36.70268979693181,1.0559986704762594,230.55095853767276,252.86355618445793,2116.0,1064.0,1327.0,1743.804347826087,257945.0,12.010838811365664,24.253865671269807,1.0,1.0,-133.0,1191.0,971.6666666666666,-3.0,40.0,36.0,-3.0,40.0,35.0,-140.0,2256.0,2101.6666666666665,-99199.0,357144.0,246965.33333333334,0.0,1.0,1.0,142.90695661443442,48.26968450645025,11.056091672984088,29.838897011466408,41.38910679270558,21,0.8097222222222222,-0.9304175679820247,0.36650122672429686,-0.6819983600624978,-0.7313537016191711,0.5046488251451714,0.5789704251123556,1.083619250257527,0.8312948376849414
82.5,1096.0,39.0,38.0,37.355997390375464,1.0312206348477257,230.18288823937417,252.76997746636346,2173.0,1086.0,1340.0,1764.4060218978102,289789.0,11.18442193584219,22.80350850198276,1.0,1.0,38.0,1058.0,1115.0,2.0,37.0,38.666666666666664,1.0,37.0,38.333333333333336,57.0,2116.0,2181.6666666666665,31844.0,257945.0,301626.0,0.0,1.0,1.0,142.83026981961598,48.44738244206051,11.019006210997963,29.746955124425313,41.28667229680018,21,0.8125,-0.9238795325112866,0.38268343236509,-0.7071067811865479,-0.7071067811865472,0.6191097334851619,0.5990315473025515,1.2181412807877134,0.9085864140451325
82.7,1062.0,38.0,40.0,36.772005609005646,1.0599311657600663,229.84622497141893,252.77358429708528,2166.0,1080.0,1329.0200000000186,1762.741054613936,279031.0,11.046750091371925,22.192341021172147,1.0,1.0,-34.0,1096.0,1072.0,-1.0,39.0,38.0,2.0,38.0,38.333333333333336,-7.0,2173.0,2151.6666666666665,-10758.0,289789.0,275588.3333333333,0.0,1.0,1.0,142.75358302479754,48.62508037767078,10.98192074901184,29.65501323738422,41.18423780089477,21,0.8152777777777778,-0.917060074385124,0.39874906892524625,-0.7313537016191706,-0.6819983600624985,0.6173335665987907,0.7240428969517497,1.3413764635505403,1.032709680251145
82.9,453.0,25.0,24.0,24.016192740836935,1.059946292249867,229.39546909628172,252.97644258392842,1834.0,953.0,1162.0,1634.4701986754967,60915.0,9.867104136962201,20.5,1.0,1.0,-609.0,1062.0,870.3333333333334,-13.0,38.0,34.0,-16.0,40.0,34.0,-332.0,2166.0,2057.6666666666665,-218116.0,279031.0,209911.66666666666,0.0,1.0,1.0,142.6768962299791,48.802778313281046,10.944835287025715,29.56307135034313,41.081803304989364,21,0.8180555555555556,-0.9099612708765429,0.4146932426562397,-0.754709580222773,-0.6560590289905062,0.5460018500211121,0.7614864657252515,1.3074883157463635,1.0344873907358074
83.1,1029.0,37.0,36.0,36.19618062078487,1.062948055968301,230.0252271881397,252.02989501271634,2141.0,1083.0,1318.0,1750.6666666666667,257936.0,9.424771538818048,19.03943276465977,1.0,1.0,576.0,453.0,848.0,12.0,25.0,33.333333333333336,12.0,24.0,33.333333333333336,307.0,1834.0,2047.0,197021.0,60915.0,199294.0,0.0,1.0,1.0,142.60020943516065,48.9804762488913,10.907749825039593,29.47112946330204,40.979368809083965,21,0.8208333333333333,-0.9025852843498607,0.4305110968082948,-0.7771459614569705,-0.629320391049838,0.46058789430334046,0.7382239405689088,1.1988118348722494,0.9685178877205791
83.3,1104.0,37.0,38.0,37.492085263260826,1.0621132815322978,230.09230499069292,252.31634530959155,2174.0,1074.0,1346.0,1757.9076086956522,284730.0,12.203877342050236,25.10975905897944,1.0,1.0,75.0,1029.0,862.0,0.0,37.0,33.0,2.0,36.0,32.666666666666664,33.0,2141.0,2049.6666666666665,26794.0,257936.0,201193.66666666666,0.0,1.0,1.0,142.52352264034218,49.15817418450156,10.870664363053468,29.37918757626095,40.87693431317856,21,0.8236111111111111,-0.8949343616020253,0.44619781310980833,-0.7986355100472922,-0.6018150231520492,0.46728237445578186,0.6309187792040838,1.0982011536598657,0.8645599664319747
83.5,1081.0,38.0,41.0,37.09948716436268,1.0435091400344079,230.0645141441954,252.06324893476287,2165.0,1043.0,1346.0,1740.5513413506012,260036.0,14.618707136593915,30.20761493398643,1.0,1.0,-23.0,1104.0,1071.3333333333333,1.0,37.0,37.333333333333336,3.0,38.0,38.333333333333336,-9.0,2174.0,2160.0,-24694.0,284730.0,267567.3333333333,0.0,1.0,1.0,142.44683584552374,49.33587212011183,10.833578901067343,29.28724568921986,40.77449981727315,21,0.8263888888888888,-0.887010833178222,0.46174861323503325,-0.8191520442889909,-0.5735764363510473,0.34636553130249076,0.5191404010644147,0.8655059323669054,0.6923231667156601
83.7,853.0,33.0,34.0,32.9556267071208,1.0784795590809368,230.26777860952558,252.5052049218677,2010.0,1023.0,1260.0,1700.4595545134819,170992.0,11.206993736802842,23.16246964380094,1.0,1.0,-228.0,1081.0,1012.6666666666666,-5.0,38.0,36.0,-7.0,41.0,37.666666666666664,-155.0,2165.0,2116.3333333333335,-89044.0,260036.0,238586.0,0.0,1.0,1.0,142.3701490507053,49.5135700557221,10.79649343908122,29.195303802178763,40.67206532136775,21,0.8291666666666667,-0.8788171126619654,0.47715876025960835,-0.8386705679454239,-0.5446390350150272,0.25717869092220025,0.4858665296505162,0.7430452205727165,0.6144558751116164
83.9,846.0,34.0,34.0,32.82012575914278,1.0497307682498633,229.48061329189997,252.83675060830817,2021.0,1036.0,1282.0,1701.6016548463358,170555.0,10.492575106397851,21.224985276791124,1.0,1.0,-7.0,853.0,926.6666666666666,1.0,33.0,35.0,0.0,34.0,36.333333333333336,11.0,2010.0,2065.3333333333335,-437.0,170992.0,200527.66666666666,0.0,1.0,1.0,142.29346225588685,49.69126799133236,10.759407977095094,29.103361915137672,40.56963082546234,21,0.8319444444444445,-0.8703556959398998,0.4924235601034669,-0.857167300702112,-0.5150380749100546,0.35212023400531234,0.5130107146441469,0.8651309486494592,0.689070831646803
84.1,553.0,28.0,27.0,26.534910368014152,1.1083551266546425,229.44082773002526,252.7745531835256,1863.0,972.0,1184.0,1635.2748643761302,74807.0,10.507600068783447,21.587033144922902,1.0,1.0,-293.0,846.0,750.6666666666666,-6.0,34.0,31.666666666666668,-7.0,34.0,31.666666666666668,-158.0,2021.0,1964.6666666666667,-95748.0,170555.0,138784.66666666666,0.0,1.0,1.0,141.32281287668357,49.211489359933346,10.69843773041522,28.904036679817686,40.342726204809395,21,0.8347222222222221,-0.861629160441526,0.5075383629607038,-0.8746197071393954,-0.48480962024633784,0.541645699604186,0.7668843642430279,1.308530063847214,1.037707214045121
84.3,959.0,36.0,34.0,34.943335894001606,1.1033750737608994,230.272997489571,251.90255055854712,2097.0,1036.0,1288.0,1723.4681960375392,214306.0,12.972497389316082,26.575364531836623,1.0,1.0,406.0,553.0,786.0,8.0,28.0,32.666666666666664,7.0,27.0,31.666666666666668,234.0,1863.0,1993.6666666666667,139499.0,74807.0,153222.66666666666,0.0,1.0,1.0,139.8157859468494,48.33722478832877,10.623136612919094,28.64028143553035,40.041139509307925,21,0.8374999999999999,-0.8526401643540925,0.5224985647159484,-0.8910065241883672,-0.45399049973954797,0.30852654270746505,1.1479378943601324,1.4564644370675974,1.302201165713865
84.5,863.0,34.0,33.0,33.14823867276277,1.0432610548274337,230.01607914856015,252.20169124679117,2070.0,1040.0,1311.0,1707.1877172653535,178803.0,10.453426067814169,21.587033144922902,1.0,1.0,-96.0,959.0,791.6666666666666,-2.0,36.0,32.666666666666664,-1.0,34.0,31.333333333333332,-27.0,2097.0,2010.0,-35503.0,214306.0,155972.0,0.0,1.0,1.0,138.3087590170152,47.46296021672419,10.547835495422966,28.376526191243016,39.73955281380645,21,0.8402777777777778,-0.8433914458128857,0.5372996083468239,-0.90630778703665,-0.4226182617406994,0.3079474899058416,1.144875828458377,1.4528233183642187,1.298849573411298
84.7,519.0,28.0,25.0,25.70625067405882,1.19870488551212,229.45266790840364,251.22559439027063,1880.0,970.0,1206.0100000000093,1640.6859344894026,73016.0,10.469429549616546,21.47673159491453,1.0,1.0,-344.0,863.0,780.3333333333334,-6.0,34.0,32.666666666666664,-8.0,33.0,30.666666666666668,-190.0,2070.0,2015.6666666666667,-105787.0,178803.0,155375.0,0.0,1.0,1.0,136.80173208718102,46.588695645119614,10.472534377926838,28.11277094695568,39.43796611830497,21,0.8430555555555556,-0.8338858220671683,0.551936985312058,-0.9205048534524402,-0.39073112848927405,0.48526291812050654,0.9631781071173477,1.4484410252378543,1.2058095661776012
84.9,698.0,31.0,29.0,29.811427376513585,1.127185718292172,229.65817242735716,251.53478647534675,1937.0,999.0,1221.0,1667.538681948424,116942.0,11.035655540209236,22.677080940897135,1.0,1.0,179.0,519.0,693.3333333333334,3.0,28.0,31.0,4.0,25.0,29.0,57.0,1880.0,1962.3333333333333,43926.0,73016.0,122920.33333333333,0.0,1.0,1.0,135.29470515734684,45.71443107351504,10.397233260430712,27.849015702668346,39.1363794228035,21,0.8458333333333334,-0.8241261886220154,0.5664062369248333,-0.9335804264972021,-0.35836794954529927,0.7913598008367076,0.706154444365855,1.4975142452025627,1.101834344784209
85.1,936.0,36.0,36.0,34.52176435050956,1.1111707055519273,230.65338726627047,251.26851717640238,2126.0,1043.0,1284.0,1735.8632478632478,220768.0,12.635429174158606,26.177280225416848,1.0,1.0,238.0,698.0,717.6666666666666,5.0,31.0,31.666666666666668,7.0,29.0,30.0,189.0,1937.0,1981.0,103826.0,116942.0,136908.66666666666,0.0,1.0,1.0,133.78767822751277,44.84016650191052,10.321932142934589,27.585260458381033,38.834792727302045,21,0.848611111111111,-0.81411551835632,0.5807029557109386,-0.9455185755993158,-0.3255681544571594,0.7765777152721696,0.6510518257481982,1.4276295410203677,1.0393406833842829
85.3,1021.0,37.0,36.0,36.05520177692258,1.049752682020203,230.12874351427618,251.78966965613202,2075.0,1066.0,1330.0,1725.9539666993144,230699.0,10.097053404722914,20.359273071502333,1.0,1.0,85.0,936.0,885.0,1.0,36.0,34.666666666666664,0.0,36.0,33.666666666666664,-51.0,2126.0,2046.0,9931.0,220768.0,189469.66666666666,0.0,1.0,1.0,132.2806512976786,43.96590193030594,10.246631025438463,27.321505214093698,38.533206031800574,21,0.8513888888888889,-0.8038568606172177,0.5948227867513407,-0.956304755963035,-0.29237170472273816,0.6028519524771103,0.6163618263956422,1.2192137788727526,0.9177878026341975
85.5,1147.0,39.0,41.0,38.2152555638613,1.0617527894394228,230.24171388594849,251.882743565419,2107.0,1079.0,1346.0200000000186,1738.027027027027,273017.0,11.129234717695896,22.80350850198276,1.0,1.0,126.0,1021.0,1034.6666666666667,2.0,37.0,37.333333333333336,5.0,36.0,37.666666666666664,32.0,2075.0,2102.6666666666665,42318.0,230699.0,241494.66666666666,0.0,1.0,1.0,130.7736243678444,43.09163735870136,10.171329907942335,27.057749969806363,38.2316193362991,21,0.8541666666666666,-0.7933533402912352,0.6087614290087207,-0.9659258262890682,-0.2588190451025209,0.523349807862097,0.5934146566039579,1.1167644644660548,0.8550895605350064
85.7,962.0,34.0,38.0,34.997949111844065,1.1042141562739716,229.97193838909735,252.65371781721868,2063.0,1060.0,1298.0,1740.1902286902287,231063.0,10.774208749829736,22.073740054644116,1.0,1.0,-185.0,1147.0,1043.3333333333333,-5.0,39.0,36.666666666666664,-3.0,41.0,38.333333333333336,-44.0,2107.0,2081.6666666666665,-41954.0,273017.0,244926.33333333334,0.0,1.0,1.0,129.26659743801022,42.217372787096785,10.096028790446207,26.793994725519028,37.93003264079762,21,0.8569444444444445,-0.7826081568524136,0.6225146366376201,-0.9743700647852355,-0.22495105434386378,0.49835174480962025,0.6317282302733158,1.130079975082936,0.8809041026781259
85.9,667.0,31.0,32.0,29.14190756176324,1.159903967332077,229.54174335602366,251.50979189186558,1862.0,988.0,1224.0100000000093,1653.9535232383807,102687.0,10.651148618386035,22.073740054644116,1.0,1.0,-295.0,962.0,925.3333333333334,-3.0,34.0,34.666666666666664,-6.0,38.0,37.0,-201.0,2063.0,2010.6666666666667,-128376.0,231063.0,202255.66666666666,0.0,1.0,1.0,127.75957050817605,41.34310821549221,10.02072767295008,26.530239481231693,37.62844594529615,21,0.8597222222222223,-0.7716245833877197,0.6360782202777643,-0.9816271834476641,-0.19080899537654397,0.5636678193955542,0.659374082447965,1.2230419018435192,0.9412079921457421
86.1,788.0,33.0,32.0,31.675112647807715,1.1146881442314982,231.29519775641396,251.45413574618857,2018.0,1017.0,1245.0200000000186,1719.9162436548224,173294.0,11.139074826040739,22.677080940897135,1.0,1.0,121.0,667.0,805.6666666666666,2.0,31.0,32.666666666666664,0.0,32.0,34.0,156.0,1862.0,1981.0,70607.0,102687.0,169014.66666666666,0.0,1.0,1.0,126.25254357834197,40.468843643887695,9.945426555453958,26.26648423694438,37.326859249794694,21,0.8624999999999999,-0.7604059656000314,0.6494480483301832,-0.9876883405951375,-0.15643446504023217,0.6447901290344279,0.4658235845956291,1.110613713630057,0.788218649112843
86.3,695.0,31.0,29.0,29.747293718772774,1.0059210160530225,229.82667203493503,252.85689177261253,1937.0,996.0,1222.0100000000093,1685.83309352518,129154.0,10.710309320530522,22.073740054644116,1.0,1.0,-93.0,788.0,716.6666666666666,-2.0,33.0,31.666666666666668,-3.0,32.0,31.0,-81.0,2018.0,1939.0,-44140.0,173294.0,135045.0,0.0,1.0,1.0,124.74551664850779,39.59457907228312,9.87012543795783,26.002728992657044,37.02527255429322,21,0.8652777777777777,-0.7489557207890026,0.6626200482157368,-0.9925461516413219,-0.12186934340514917,0.398718390857187,0.4105674751562702,0.8092858660134572,0.6099266705848637
86.5,517.0,26.0,26.0,25.65667251667837,1.058255184351612,230.25475793397754,252.94831265021827,1852.0,966.0,1179.0,1657.733075435203,81548.0,9.33443049191242,19.03943276465977,1.0,1.0,-178.0,695.0,666.6666666666666,-5.0,31.0,30.0,-3.0,29.0,29.0,-85.0,1937.0,1935.6666666666667,-47606.0,129154.0,127998.66666666667,0.0,1.0,1.0,123.2384897186736,38.72031450067853,9.794824320461704,25.73897374836971,36.72368585879175,21,0.8680555555555556,-0.7372773368101242,0.6755902076156601,-0.9961946980917455,-0.0871557427476585,0.37457170246727417,0.6457830039360578,1.020354706403332,0.833068855169695
86.7,914.0,35.0,35.0,34.11364747264559,1.036861201066038,229.99527111178978,253.24719535414172,2045.0,1037.0,1286.0,1729.2811816192561,209563.0,10.435359914433807,21.219095173922945,1.0,1.0,397.0,517.0,708.6666666666666,9.0,26.0,30.666666666666668,9.0,26.0,30.0,193.0,1852.0,1944.6666666666667,128015.0,81548.0,140088.33333333334,0.0,1.0,1.0,121.73146278883942,37.846049929073956,9.719523202965576,25.475218504082374,36.42209916329027,21,0.8708333333333333,-0.7253743710122879,0.6883545756937537,-0.9986295347545738,-0.052335956242944556,0.3508289033030316,0.6907940295269183,1.04162293282995,0.8662084811784341
86.9,1043.0,37.0,37.0,36.44158126589425,1.0350992528565475,230.360010487677,252.31260618772941,2129.0,1067.0,1323.0,1774.2569511025886,286050.0,10.898269139742787,22.192341021172147,1.0,1.0,129.0,914.0,824.6666666666666,2.0,35.0,32.666666666666664,2.0,35.0,32.666666666666664,84.0,2045.0,2008.6666666666667,76487.0,209563.0,192387.0,0.0,1.0,1.0,120.22443585900524,36.97178535746938,9.64422208546945,25.21146325979504,36.12051246778879,21,0.8736111111111112,-0.7132504491541813,0.7009092642998511,-0.9998476951563913,-0.017452406437282856,0.4744574382632884,0.6293825870756459,1.1038400253389342,0.86661130620729
87.1,1065.0,37.0,40.0,36.823906842470535,1.0489756572042892,229.74637088457243,252.24082674841216,2113.0,1070.0,1336.0,1764.0356807511737,281198.0,10.06372592926182,20.35313243704762,1.0,1.0,22.0,1043.0,1007.3333333333334,0.0,37.0,36.333333333333336,3.0,37.0,37.333333333333336,-16.0,2129.0,2095.6666666666665,-4852.0,286050.0,258937.0,0.0,1.0,1.0,118.71740892917117,36.097520785864866,9.568920967973327,24.947708015507725,35.81892577228734,21,0.8763888888888888,-0.7009092642998515,0.7132504491541811,-0.9998476951563913,0.017452406437282,0.4855055090278028,0.6852819923752685,1.1707875014030713,0.9280347468891699
87.3,1058.0,36.0,36.0,36.70268979693181,1.0402724027016217,230.21455651226628,251.76936617813095,2161.0,1063.0,1346.0,1762.0255198487712,277391.0,11.961992978940309,24.62214450449026,1.0,1.0,-7.0,1065.0,1055.3333333333333,-1.0,37.0,36.666666666666664,-4.0,40.0,37.666666666666664,48.0,2113.0,2134.3333333333335,-3807.0,281198.0,281546.3333333333,0.0,1.0,1.0,117.21038199933699,35.22325621426029,9.493619850477199,24.68395277122039,35.517339076785866,21,0.8791666666666667,-0.688354575693754,0.7253743710122876,-0.9986295347545738,0.052335956242943696,0.5020270023039934,0.6745115291662493,1.1765385314702428,0.9255250303182461
87.5,1066.0,38.0,39.0,36.84119100528216,1.01860861992512,229.86490483167495,253.00669016837602,2175.0,1063.0,1330.0,1775.9502814258913,294167.0,12.116117792645873,24.73863375370596,1.0,1.0,8.0,1058.0,1063.0,2.0,36.0,37.0,3.0,36.0,38.333333333333336,14.0,2161.0,2149.6666666666665,16776.0,277391.0,284252.0,0.0,1.0,1.0,115.7033550695028,34.34899164265571,9.418318732981072,24.420197526933055,35.21575238128439,21,0.8819444444444444,-0.6755902076156605,0.7372773368101239,-0.9961946980917455,0.08715574274765764,0.6418084532480449,0.5595872869724753,1.2013957402205202,0.8804915135964977
87.7,1179.0,39.0,41.0,38.7446696107059,1.0403132157949846,229.68534114379318,252.5275947819481,2225.0,1098.0,1361.0,1785.8218829516538,336988.0,10.509995365699284,21.2602916254693,1.0,1.0,113.0,1066.0,1101.0,1.0,38.0,37.666666666666664,2.0,39.0,38.666666666666664,50.0,2175.0,2187.0,42821.0,294167.0,302848.6666666667,0.0,1.0,1.0,114.19632813966862,33.474727071051134,9.343017615484944,24.15644228264572,34.91416568578292,21,0.8847222222222223,-0.6626200482157372,0.7489557207890024,-0.992546151641322,0.12186934340514832,0.4936167765015128,0.37497154363959107,0.8685883201411039,0.6217799318903474
87.9,1075.0,38.0,37.0,36.99638510165959,1.0213111033998101,229.5878490287969,252.26221622310297,2160.0,1060.0,1330.0,1770.1516279069767,290413.0,11.965842281262303,24.62214450449026,1.0,1.0,-104.0,1179.0,1106.6666666666667,-1.0,39.0,38.333333333333336,-4.0,41.0,39.0,-65.0,2225.0,2186.6666666666665,-46575.0,336988.0,307189.3333333333,0.0,1.0,1.0,112.68930120983444,32.60046249944656,9.267716497988816,23.892687038358385,34.61257899028144,21,0.8875000000000001,-0.6494480483301834,0.760405965600031,-0.9876883405951377,0.1564344650402313,0.3434761389264828,0.24483005719489698,0.5883061961213798,0.41656812665813836
88.3,978.0,36.0,36.0,35.28779214899948,1.0136292112819407,229.97687221095336,252.61694929006086,2119.0,1043.0,1312.0,1752.0449897750511,246500.0,11.431666482498892,23.53720459187964,1.0,1.0,416.0,562.0,871.6666666666666,8.0,28.0,34.0,9.0,27.0,33.333333333333336,243.0,1876.0,2051.6666666666665,155492.0,91008.0,209307.0,0.0,1.0,1.0,109.67524735016617,30.85193335623746,9.117114262996568,23.365176549783737,34.009405599278516,21,0.8930555555555555,-0.6225146366376204,0.7826081568524133,-0.9743700647852357,0.22495105434386295,0.3255677079991766,0.4665810980330201,0.7921488060321967,0.6293649520326084
88.5,588.0,29.0,27.0,27.361740666563517,1.0539718357691696,230.1448089368727,252.48227108378825,1899.0,966.0,1193.0100000000093,1667.9200680272108,98737.0,10.474484004821472,21.224985276791124,1.0,1.0,-390.0,978.0,709.3333333333334,-7.0,36.0,31.0,-9.0,36.0,30.0,-220.0,2119.0,1964.6666666666667,-147763.0,246500.0,145415.0,0.0,1.0,1.0,108.16822042033199,29.977668784632883,9.041813145500441,23.1014213054964,33.70781890377704,21,0.8958333333333334,-0.6087614290087209,0.7933533402912349,-0.9659258262890685,0.2588190451025201,0.38508163750628555,0.9408518290392092,1.3259334665454947,1.133392647792352
88.7,949.0,35.0,35.0,34.76067214473376,1.0194025368563453,230.29553603636884,252.72725099636224,2097.0,1039.0,1292.0,1742.4520547945206,230087.0,11.429014485447105,23.286262044390035,1.0,1.0,361.0,588.0,838.3333333333334,6.0,29.0,33.333333333333336,8.0,27.0,32.666666666666664,198.0,1899.0,2038.3333333333333,131350.0,98737.0,191774.66666666666,0.0,1.0,1.0,106.66119349049781,29.103404213028305,8.966512028004313,22.837666061209067,33.40623220827556,21,0.8986111111111111,-0.594822786751341,0.8038568606172175,-0.9563047559630353,0.2923717047227373,0.28116693709922136,1.2130101320550872,1.4941770691543086,1.353593600604698
88.9,644.0,30.0,29.0,28.635053113438516,1.0722153726234747,230.60838669306796,251.83114322695673,1933.0,974.0,1224.0,1681.1506211180124,116661.0,11.587129027842186,23.648467180770936,1.0,1.0,-305.0,949.0,727.0,-5.0,35.0,31.333333333333332,-6.0,35.0,30.333333333333332,-164.0,2097.0,1976.3333333333333,-113426.0,230087.0,148495.0,0.0,1.0,1.0,105.15416656066363,28.22913964142373,8.891210910508185,22.57391081692173,33.10464551277409,21,0.901388888888889,-0.5807029557109389,0.8141155183563198,-0.9455185755993162,0.3255681544571586,0.34403123426195215,1.1712233783911645,1.5152546126531168,1.3432389955221407
89.1,804.0,32.0,34.0,31.99507140118726,1.0311288980868163,230.0646594788749,252.15700564521566,1996.0,1025.0,1274.0,1702.9191542288556,163147.0,9.436578960719665,19.03943276465977,1.0,1.0,160.0,644.0,799.0,2.0,30.0,32.333333333333336,5.0,29.0,32.666666666666664,63.0,1933.0,2008.6666666666667,46486.0,116661.0,169965.0,0.0,1.0,1.0,103.64713963082956,27.35487506981921,8.815909793012064,22.310155572634418,32.803058817272635,21,0.9041666666666666,-0.5664062369248336,0.8241261886220151,-0.9335804264972024,0.3583679495452985,0.5651278226190024,0.9005334477317056,1.465661270350708,1.1830973590412068
89.3,653.0,31.0,28.0,28.834448541840736,1.1166548913988976,230.72067871607106,253.4081987146083,1931.0,994.0,1220.0100000000093,1667.5084226646247,109420.0,9.911273046351017,19.849433241279208,1.0,1.0,-151.0,804.0,700.3333333333334,-1.0,32.0,31.0,-6.0,34.0,30.333333333333332,-65.0,1996.0,1953.3333333333333,-53727.0,163147.0,129742.66666666667,0.0,1.0,1.0,102.14011270099537,26.480610498214634,8.740608675515936,22.046400328347083,32.50147212177116,21,0.9069444444444444,-0.5519369853120584,0.833885822067168,-0.9205048534524405,0.39073112848927327,0.5064895992472698,0.8350431352940528,1.3415327345413226,1.0882879349176877
89.5,654.0,31.0,30.0,28.856518540128786,1.221334353342933,231.82626106560932,252.43517503961152,1927.0,980.0,1217.0,1693.9709480122324,126857.0,10.664140962430304,21.587033144922902,1.0,1.0,1.0,653.0,703.6666666666666,0.0,31.0,31.333333333333332,2.0,28.0,30.666666666666668,-4.0,1931.0,1951.3333333333333,17437.0,109420.0,133141.33333333334,0.0,1.0,1.0,100.63308577116119,25.606345926610054,8.665307558019808,21.782645084059748,32.19988542626969,21,0.9097222222222222,-0.5372996083468242,0.8433914458128855,-0.9063077870366504,0.4226182617406986,0.43985894838915796,0.7011289408350526,1.1409878892242105,0.9210584150296315
89.7,1089.0,39.0,37.0,37.23651251415192,1.0524391559865647,230.16869163638833,252.08611837413835,2130.0,1060.0,1333.0,1770.4224058769514,294490.0,11.95448536225736,24.62214450449026,1.0,1.0,435.0,654.0,798.6666666666666,8.0,31.0,33.666666666666664,7.0,30.0,31.666666666666668,203.0,1927.0,1996.0,167633.0,126857.0,176922.33333333334,0.0,1.0,1.0,99.12605884132701,24.732081355005477,8.590006440523682,21.518889839772413,31.89829873076821,21,0.9125000000000001,-0.5224985647159487,0.8526401643540923,-0.8910065241883677,0.4539904997395472,0.41418533512712374,0.30078006233885096,0.7149653974659748,0.5078727299024128
89.9,1140.0,39.0,38.0,38.09846559899868,1.0762662231275544,230.556430134958,251.5827871663307,2234.0,1083.0,1353.0,1773.7043859649123,312135.0,11.279457842114818,22.80350850198276,1.0,1.0,51.0,1089.0,961.0,0.0,39.0,36.333333333333336,1.0,37.0,35.0,104.0,2130.0,2097.0,17645.0,294490.0,244494.0,0.0,1.0,1.0,97.61903191149283,23.8578167834009,8.514705323027554,21.255134595485078,31.596712035266737,21,0.9152777777777779,-0.5075383629607042,0.8616291604415257,-0.8746197071393957,0.48480962024633706,0.4110253255932003,0.11284060963450966,0.52386593522771,0.31835327243110983
90.1,551.0,28.0,26.0,26.486883341553696,1.1366693748925394,231.07740242002603,252.4029428711667,1896.0,965.0,1207.0,1670.087114337568,93718.0,10.340297707128883,20.838665984174707,1.0,1.0,-589.0,1140.0,926.6666666666666,-11.0,39.0,35.333333333333336,-12.0,38.0,33.666666666666664,-338.0,2234.0,2086.6666666666665,-218417.0,312135.0,233447.66666666666,0.0,1.0,1.0,96.11200498165874,22.983552211796383,8.439404205531433,20.991379351197764,31.295125339765285,21,0.9180555555555555,-0.4924235601034673,0.8703556959398996,-0.8571673007021124,0.5150380749100539,0.35001924527668254,0.22401314125152091,0.5740323865282034,0.3990227638898622
90.3,575.0,28.0,27.0,27.05758189903005,1.0945708739442201,229.74122462382869,253.2708785344858,1867.0,971.0,1201.0,1648.2904347826086,85267.0,9.54546607828812,19.1637678967368,1.0,1.0,24.0,551.0,755.3333333333334,0.0,28.0,31.666666666666668,1.0,26.0,30.333333333333332,-29.0,1896.0,1999.0,-8451.0,93718.0,163706.66666666666,0.0,1.0,1.0,94.60497805182456,22.109287640191805,8.364103088035305,20.72762410691043,30.993538644263808,21,0.9208333333333333,-0.47715876025960874,0.8788171126619652,-0.8386705679454244,0.5446390350150264,0.2628302753218351,0.3294366569272904,0.5922669322491255,0.46085179458820796
90.5,803.0,33.0,33.0,31.975167777860612,1.0780857495239802,230.22214848298918,253.6138916367188,1976.0,1008.0,1277.0,1698.906600249066,159942.0,10.982744470704603,22.561028345356956,1.0,1.0,228.0,575.0,643.0,5.0,28.0,29.666666666666668,6.0,27.0,28.666666666666668,109.0,1867.0,1913.0,74675.0,85267.0,112975.66666666667,0.0,1.0,1.0,94.18388379521879,21.9057556418168,8.395782015633994,20.772178097068103,31.05129431069863,21,0.9236111111111112,-0.46174861323503363,0.8870108331782218,-0.8191520442889915,0.5735764363510466,0.34702540267192233,0.3556200013404749,0.7026454040123973,0.5291327026764361
90.7,516.0,27.0,26.0,25.631847476983474,1.0840610831303108,229.70153864647193,251.7915614857555,1856.0,966.0,1200.0,1661.2209302325582,83190.0,9.293743779419898,19.03943276465977,1.0,1.0,-287.0,803.0,631.3333333333334,-6.0,33.0,29.333333333333332,-7.0,33.0,28.666666666666668,-120.0,1976.0,1899.6666666666667,-76752.0,159942.0,109466.33333333333,0.0,1.0,1.0,94.56543542752107,22.19798250191589,8.506533150476686,21.044612825728642,31.374650853347273,21,0.9263888888888889,-0.4461978131098087,0.8949343616020251,-0.7986355100472927,0.6018150231520485,0.5473089777179967,0.44035953647548864,0.9876685141934853,0.714014025334487
90.9,944.0,36.0,34.0,34.668979365276876,1.049658155032796,230.36449585603253,252.12697319205947,2061.0,1036.0,1299.0100000000093,1750.645127118644,236609.0,11.29626207308789,23.04886114323222,1.0,1.0,428.0,516.0,754.3333333333334,9.0,27.0,32.0,8.0,26.0,31.0,205.0,1856.0,1964.3333333333333,153419.0,83190.0,159913.66666666666,0.0,1.0,1.0,94.94698705982336,22.490209362014983,8.61728428531938,21.317047554389177,31.698007395995912,21,0.9291666666666667,-0.43051109680829525,0.9025852843498606,-0.777145961456971,0.6293203910498373,0.5029133881636829,0.5279376632012172,1.0308510513649,0.7793943572830586
91.1,1087.0,39.0,37.0,37.202303492218356,1.0258176621181647,230.4926734424525,252.53466148637472,2166.0,1070.0,1347.0,1772.540018399264,296251.0,12.197613186152541,24.73863375370596,1.0,1.0,143.0,944.0,849.0,3.0,36.0,34.0,3.0,34.0,32.333333333333336,105.0,2061.0,2027.6666666666667,59642.0,236609.0,205350.0,0.0,1.0,1.0,95.32853869212562,22.782436222114054,8.728035420162067,21.589482283049694,32.021363938644534,21,0.9319444444444444,-0.4146932426562401,0.9099612708765428,-0.7547095802227736,0.6560590289905055,0.5311517543417531,0.5092239220247026,1.0403756763664558,0.7747997991955792
91.3,533.0,28.0,25.0,26.05065598682386,1.1044030202675568,230.2951761912598,252.67911798584828,1871.0,964.0,1202.0,1659.6210131332082,85078.0,10.35393360802055,20.894674365759798,1.0,1.0,-554.0,1087.0,854.6666666666666,-11.0,39.0,34.333333333333336,-12.0,37.0,32.0,-295.0,2166.0,2032.6666666666667,-211173.0,296251.0,205979.33333333334,0.0,1.0,1.0,95.71009032442791,23.074663082213146,8.838786555004761,21.86191701171023,32.34472048129317,21,0.9347222222222222,-0.39874906892524664,0.9170600743851238,-0.7313537016191711,0.6819983600624978,0.7682860340501735,0.4360658148296842,1.2043518488798577,0.8202088318547709
91.5,878.0,34.0,34.0,33.43507619667515,1.016743526708155,230.230510170891,252.44660344784447,2040.0,1044.0,1281.0,1727.6025056947608,199860.0,9.687317545284854,19.6468827043885,1.0,1.0,345.0,533.0,832.6666666666666,6.0,28.0,33.666666666666664,9.0,25.0,32.0,169.0,1871.0,2025.6666666666667,114782.0,85078.0,193729.66666666666,0.0,1.0,1.0,96.09164195673019,23.36688994231224,8.949537689847453,22.134351740370768,32.66807702394181,21,0.9375,-0.3826834323650904,0.9238795325112865,-0.7071067811865485,0.7071067811865466,0.8130797003711452,0.33243865046974486,1.1455183508408902,0.7389785006553176
91.7,1022.0,37.0,36.0,36.07285426355026,1.0183927538230195,230.2224314292082,253.1453723841655,2099.0,1047.0,1317.0,1754.6399217221135,260242.0,13.067956758935395,26.68332812825267,1.0,1.0,144.0,878.0,811.0,3.0,34.0,33.0,2.0,34.0,31.666666666666668,59.0,2040.0,2003.3333333333333,60382.0,199860.0,181726.66666666666,0.0,1.0,1.0,96.47319358903248,23.659116802411333,9.060288824690147,22.406786469031303,32.99143356659045,21,0.9402777777777778,-0.36650122672429725,0.9304175679820246,-0.6819983600624985,0.7313537016191705,0.5286953719318843,0.36382316412118093,0.8925185360530653,0.6281708500871231
91.9,584.0,29.0,26.0,27.26851470332286,1.2792075265194576,230.93311373885575,250.96049377584737,1871.0,970.0,1205.0,1664.791095890411,96238.0,10.241623042701887,21.02379604162864,1.0,1.0,-438.0,1022.0,828.0,-8.0,37.0,33.333333333333336,-10.0,36.0,32.0,-228.0,2099.0,2003.3333333333333,-164004.0,260242.0,185446.66666666666,0.0,1.0,1.0,96.85474522133477,23.951343662510425,9.171039959532841,22.67922119769184,33.3147901092391,21,0.9430555555555556,-0.3502073812594668,0.9366721892483979,-0.6560590289905063,0.7547095802227729,0.5432991822861265,0.4924136540378056,1.0357128363239323,0.764063245180869
92.1,765.0,33.0,32.0,31.209425687160593,1.0486881470975498,230.60002169391166,252.9296415400125,1963.0,1001.0,1251.0100000000093,1704.870588235294,156726.0,11.023977430587488,22.192341021172147,1.0,1.0,181.0,584.0,790.3333333333334,4.0,29.0,33.0,6.0,26.0,31.333333333333332,92.0,1871.0,1977.6666666666667,60488.0,96238.0,171068.66666666666,0.0,1.0,1.0,97.23629685363703,24.243570522609495,9.281791094375526,22.95165592635236,33.638146651887716,21,0.9458333333333333,-0.3338068592337713,0.9426414910921783,-0.6293203910498381,0.7771459614569703,0.7471191349071038,0.5657711981496559,1.3128903330567596,0.9393307656032077
92.3,1112.0,40.0,38.0,37.62768095093692,1.0807935889416684,231.09922142299092,253.60039332956168,2151.0,1071.0,1341.0,1767.0431654676258,296953.0,11.143475404110667,22.360679774997898,1.0,1.0,347.0,765.0,820.3333333333334,7.0,33.0,34.0,6.0,32.0,32.0,188.0,1963.0,1995.0,140227.0,156726.0,183305.66666666666,0.0,1.0,1.0,97.6178484859393,24.535797382708587,9.39254222921822,23.224090655012894,33.961503194536355,21,0.9486111111111111,-0.3173046564050927,0.9483236552061991,-0.6018150231520493,0.7986355100472922,0.7962349068656187,0.6033134422784538,1.3995483491440726,1.0014308957112632
92.5,967.0,36.0,37.0,35.088782249586586,1.0529811716052584,231.0541725399925,253.45647272837,2091.0,1045.0,1304.0,1739.8976215098241,231981.0,10.632005868398913,21.587033144922902,1.0,1.0,-145.0,1112.0,948.0,-4.0,40.0,36.333333333333336,-1.0,38.0,35.666666666666664,-60.0,2151.0,2068.3333333333335,-64972.0,296953.0,228553.33333333334,0.0,1.0,1.0,97.9994001182416,24.82802424280768,9.503293364060914,23.496525383673433,34.284859737184995,21,0.9513888888888888,-0.30070579950427384,0.9537169507482267,-0.5735764363510474,0.8191520442889909,0.7392514109419774,0.628996364414622,1.3682477753565996,0.9986220698856108
92.7,1024.0,37.0,38.0,36.1081333470564,1.016468695190788,230.30249264987856,252.4398604846515,2133.0,1053.0,1335.0,1767.3876953125,273805.0,11.857328821938468,24.150569351466643,1.0,1.0,57.0,967.0,1034.3333333333333,1.0,36.0,37.666666666666664,1.0,37.0,37.666666666666664,42.0,2091.0,2125.0,41824.0,231981.0,267579.6666666667,0.0,1.0,1.0,98.38095175054389,25.12025110290677,9.614044498903608,23.768960112333968,34.60821627983364,21,0.9541666666666667,-0.2840153447039227,0.958819734868193,-0.5446390350150272,0.8386705679454239,0.5685679464193315,0.670735757877844,1.2393037042971755,0.9550197310875097
92.9,638.0,31.0,28.0,28.501347854812654,1.1149404995697048,231.14375052253155,253.49538500125408,1957.0,974.0,1236.0,1687.476489028213,119610.0,11.702950728578191,24.026027553467927,1.0,1.0,-386.0,1024.0,876.3333333333334,-6.0,37.0,34.666666666666664,-10.0,38.0,34.333333333333336,-176.0,2133.0,2060.3333333333335,-154195.0,273805.0,208465.33333333334,0.0,1.0,1.0,98.76250338284618,25.412477963005866,9.724795633746302,24.041394840994506,34.93157282248228,21,0.9569444444444445,-0.2672383760782571,0.963630453208623,-0.5150380749100547,0.857167300702112,0.44975593523000196,0.6888397496860734,1.1385956849160754,0.9137177173010744
93.1,950.0,37.0,34.0,34.77898169151024,1.0539101154195187,230.19630786969344,253.15013744182744,2077.0,1048.0,1301.0,1751.9726315789474,240034.0,10.664149348962287,21.47673159491453,1.0,1.0,312.0,638.0,870.6666666666666,6.0,31.0,35.0,6.0,28.0,33.333333333333336,120.0,1957.0,2055.6666666666665,120424.0,119610.0,211149.66666666666,0.0,1.0,1.0,99.14405501514842,25.704704823104937,9.835546768588987,24.313829569655024,35.2549293651309,21,0.9597222222222221,-0.2503800040544419,0.9681476403781076,-0.4848096202463379,0.8746197071393953,0.5036552662165048,0.6922771152868945,1.1959323815033993,0.9441047483951469
93.3,1037.0,37.0,39.0,36.33661249883324,1.0644327938108331,229.98112844358727,252.456646373453,2123.0,1069.0,1331.0200000000186,1755.4956605593056,264949.0,9.989844241773813,20.132063250774554,1.0,1.0,87.0,950.0,875.0,0.0,37.0,35.0,5.0,34.0,33.666666666666664,46.0,2077.0,2052.3333333333335,24915.0,240034.0,208197.66666666666,0.0,1.0,1.0,99.52560664745072,25.99693168320403,9.946297903431681,24.58626429831556,35.57828590777954,21,0.9624999999999999,-0.23344536385590609,0.9723699203976764,-0.453990499739548,0.8910065241883672,0.5208090138108655,0.8764652994145093,1.3972743132253749,1.136869806319942
93.5,976.0,36.0,35.0,35.25169209643019,1.0770177608340317,230.27672018393852,251.97900718953474,2080.0,1048.0,1302.0,1759.798155737705,253567.0,10.699891534703536,21.70829334609241,1.0,1.0,-61.0,1037.0,987.6666666666666,-1.0,37.0,36.666666666666664,-4.0,39.0,36.0,-43.0,2123.0,2093.3333333333335,-11382.0,264949.0,252850.0,0.0,1.0,1.0,99.907158279753,26.28915854330312,10.057049038274375,24.858699026976097,35.90164245042818,21,0.9652777777777778,-0.21643961393810288,0.9762960071199334,-0.42261826174069944,0.9063077870366499,0.37766056000771137,1.0154089504581036,1.393069510465815,1.2042392304619594
93.7,1119.0,39.0,40.0,37.7459276023076,1.0205034768956618,229.66730989700946,252.2466814683338,2186.0,1075.0,1357.0,1782.958891867739,317718.0,11.255812969641449,22.80350850198276,1.0,1.0,143.0,976.0,1044.0,3.0,36.0,37.333333333333336,5.0,35.0,38.0,106.0,2080.0,2129.6666666666665,64151.0,253567.0,278744.6666666667,0.0,1.0,1.0,100.2887099120553,26.581385403402212,10.167800173117067,25.131133755636633,36.224998993076824,21,0.9680555555555556,-0.19936793441719736,0.9799247046208296,-0.3907311284892741,0.9205048534524402,0.41745523477823426,0.8026262067728154,1.2200814415510497,1.0113538241619326
93.9,1332.0,43.0,44.0,41.18197510546619,1.0420000967847824,230.17977054893987,252.3959047342434,2315.0,1113.0,1412.0,1810.1801801801803,413184.0,11.7336479742243,23.769728648009426,1.0,1.0,213.0,1119.0,1142.3333333333333,4.0,39.0,39.333333333333336,4.0,40.0,39.666666666666664,129.0,2186.0,2193.6666666666665,95466.0,317718.0,328156.3333333333,0.0,1.0,1.0,100.67026154435757,26.873612263501304,10.278551307959761,25.40356848429717,36.54835553572546,21,0.9708333333333334,-0.18223552549214697,0.9832549075639547,-0.3583679495452993,0.9335804264972021,0.3761545411264053,0.7408795807017098,1.117034121828115,0.9289568512649125
94.1,981.0,37.0,36.0,35.34187308823903,1.0435565579793862,229.88197108775847,252.16408907563715,2120.0,1060.0,1335.0100000000093,1748.4230377166157,243705.0,10.860156820028946,22.073740054644116,1.0,1.0,-351.0,1332.0,1144.0,-6.0,43.0,39.666666666666664,-8.0,44.0,40.0,-195.0,2315.0,2207.0,-169479.0,413184.0,324869.0,0.0,1.0,1.0,101.05181317665983,27.165839123600378,10.389302442802448,25.67600321295769,36.87171207837408,21,0.973611111111111,-0.1650476058606791,0.9862856015372312,-0.3255681544571595,0.9455185755993158,0.37896863821169274,0.727814233108528,1.1067828713202208,0.9172985522143744
94.3,1032.0,37.0,39.0,36.24890633062862,1.0493415259417824,230.92221400898174,252.23588013951777,2119.0,1054.0,1326.0,1760.8653100775193,269221.0,11.713457074618171,23.769728648009426,1.0,1.0,51.0,981.0,1115.0,0.0,37.0,39.0,3.0,36.0,39.666666666666664,-1.0,2120.0,2184.6666666666665,25516.0,243705.0,308703.3333333333,0.0,1.0,1.0,101.43336480896212,27.45806598369947,10.50005357764514,25.948437941618224,37.19506862102272,21,0.9763888888888889,-0.14780941112961138,0.9890158633619167,-0.2923717047227382,0.956304755963035,0.6958500034720991,0.41792930620116076,1.11377930967326,0.7658543079372104
94.5,602.0,29.0,26.0,27.685559519911603,1.212362393972499,231.16284215779513,250.7503884144217,1928.0,969.0,1227.0,1676.4136212624585,106201.0,11.385464697983524,23.53720459187964,1.0,1.0,-430.0,1032.0,871.6666666666666,-8.0,37.0,34.333333333333336,-13.0,39.0,33.666666666666664,-191.0,2119.0,2055.6666666666665,-163020.0,269221.0,206375.66666666666,0.0,1.0,1.0,101.81491644126442,27.75029284379856,10.610804712487834,26.220872670278762,37.51842516367137,21,0.9791666666666666,-0.13052619222005168,0.9914448613738104,-0.25881904510252096,0.9659258262890682,0.7711674475707471,0.4113754272219707,1.1825428747927178,0.7969591510073443
94.7,1033.0,36.0,39.0,36.266464532835606,1.0151053386433575,230.45758175167586,252.18362533163787,2085.0,1045.0,1329.0,1746.6563407550823,254796.0,11.464577260333956,23.53720459187964,1.0,1.0,431.0,602.0,889.0,7.0,29.0,34.0,13.0,26.0,34.666666666666664,157.0,1928.0,2044.0,148595.0,106201.0,210072.66666666666,0.0,1.0,1.0,102.19646807356669,28.042519703897653,10.721555847330528,26.493307398939297,37.841781706320006,21,0.9819444444444445,-0.11320321376790612,0.9935718556765876,-0.22495105434386384,0.9743700647852355,0.5933699344353889,0.6619638285241907,1.2553337629595795,0.9586487957418851
94.9,1014.0,36.0,40.0,35.93139154501889,1.0324820786055464,231.37482636672848,251.9767800695284,2136.0,1054.0,1356.0100000000093,1762.6883629191323,266366.0,10.732620001491718,21.587033144922902,1.0,1.0,-19.0,1033.0,883.0,0.0,36.0,33.666666666666664,1.0,39.0,35.0,51.0,2085.0,2049.6666666666665,11570.0,254796.0,209121.0,0.0,1.0,1.0,102.57801970586898,28.334746563996745,10.832306982173222,26.765742127599836,38.165138248968645,21,0.9847222222222223,-0.09584575252022359,0.9953961983671789,-0.19080899537654403,0.9816271834476641,0.5938611642943266,0.7863100161953657,1.3801711804896923,1.083240598342529
95.1,362.0,24.0,19.0,21.468877828012552,1.3462420299499067,233.08492082250058,252.2781375561333,1718.0,905.0,1154.0,1616.878453038674,43417.0,10.373609009096958,21.47673159491453,1.0,1.0,-652.0,1014.0,803.0,-12.0,36.0,32.0,-21.0,40.0,32.666666666666664,-418.0,2136.0,1979.6666666666667,-222949.0,266366.0,188193.0,0.0,1.0,1.0,102.95957133817124,28.626973424095816,10.943058117015907,27.038176856260353,38.48849479161726,21,0.9874999999999999,-0.07845909572784562,0.996917333733128,-0.15643446504023223,0.9876883405951375,0.6608821165317963,0.8507180311884441,1.5116001477202405,1.1811590894543422
95.3,1073.0,37.0,37.0,36.961953837707625,1.0775531360564266,231.79890971563734,252.58543301714153,2139.0,1054.0,1353.0,1766.3532152842497,285800.0,11.870709196529655,24.150569351466643,1.0,1.0,711.0,362.0,816.3333333333334,13.0,24.0,32.333333333333336,18.0,19.0,32.0,421.0,1718.0,1997.6666666666667,242383.0,43417.0,198527.66666666666,0.0,1.0,1.0,103.34112297047353,28.919200284194908,11.0538092518586,27.31061158492089,38.81185133426591,21,0.9902777777777777,-0.061048539534857754,0.9981347984218669,-0.12186934340514924,0.9925461516413219,0.7440042958757784,0.9825072495831327,1.7265115454589113,1.354509397521022
95.5,1158.0,39.0,42.0,38.39806496170502,1.0763400603766866,230.85171493513127,253.29893566758608,2183.0,1062.0,1376.0,1770.5077720207255,313253.0,12.030217282658203,24.62214450449026,1.0,1.0,85.0,1073.0,864.3333333333334,2.0,37.0,33.333333333333336,5.0,37.0,32.666666666666664,44.0,2139.0,2013.3333333333333,27453.0,285800.0,214156.66666666666,0.0,1.0,1.0,103.72267460277581,29.211427144294003,11.164560386701295,27.583046313581427,39.13520787691455,21,0.9930555555555556,-0.043619387365336194,0.9990482215818578,-0.08715574274765855,0.9961946980917455,0.6095461233806851,1.1436478225398727,1.7531939459205579,1.4484208842302153
95.7,1397.0,44.0,44.0,42.17482239435066,1.1338921809499294,232.50165341996868,251.76076488645506,2346.0,1093.0,1428.0,1783.7874015748032,396451.0,12.562875883178732,25.709920264364882,1.0,1.0,239.0,1158.0,1209.3333333333333,5.0,39.0,40.0,2.0,42.0,41.0,163.0,2183.0,2222.6666666666665,83198.0,313253.0,331834.6666666667,0.0,1.0,1.0,104.1042262350781,29.503654004393095,11.275311521543989,27.855481042241962,39.45856441956319,21,0.9958333333333333,-0.026176948307873545,0.9996573249755573,-0.05233595624294462,0.9986295347545738,0.42948292971549257,1.1035104032735827,1.5329933329890753,1.318251868131329
95.9,1090.0,42.0,39.0,37.253605245148115,1.0301274836563665,232.533325853595,251.3985892248337,2176.0,1054.0,1355.0,1753.4880733944954,276968.0,11.859312784873408,24.13503677229434,1.0,1.0,-307.0,1397.0,1215.0,-2.0,44.0,41.666666666666664,-5.0,44.0,41.666666666666664,-170.0,2346.0,2235.0,-119483.0,396451.0,328890.6666666667,0.0,1.0,1.0,104.48577786738039,29.795880864492187,11.386062656386681,28.1279157709025,39.78192096221183,21,0.9986111111111112,-0.008726535498373636,0.9999619230641713,-0.017452406437282915,0.9998476951563913,0.32349563334907255,0.8726348117511368,1.1961304451002093,1.034382628425673
