x_mm,hot_area_px,bbox_width_px,bbox_height_px,equivalent_diameter_px,elongation,centroid_row_px,centroid_col_px,max_temperature,p95_temperature,p99_temperature,hot_mean_temperature,thermal_mass,gradient_mean,gradient_p95,right_left_asymmetry,rear_front_asymmetry,delta_hot_area_px,lag1_hot_area_px,roll3_hot_area_px,delta_bbox_width_px,lag1_bbox_width_px,roll3_bbox_width_px,delta_bbox_height_px,lag1_bbox_height_px,roll3_bbox_height_px,delta_max_temperature,lag1_max_temperature,roll3_max_temperature,delta_thermal_mass,lag1_thermal_mass,roll3_thermal_mass,delta_rear_front_asymmetry,lag1_rear_front_asymmetry,roll3_rear_front_asymmetry,sem_mean,sem_std,sem_gradient_mean,sem_gradient_p95,sem_laplacian_std,track_id,x_scaled,x_sin_1,x_cos_1,x_sin_2,x_cos_2,width_mm,left_mm,right_mm,center_mm
24.099999999999994,4570.0,77.0,79.0,76.28043470929943,1.014730013706822,226.71362159401673,252.41758061403698,2791.0,1355.0,2233.0,2061.3030634573306,2565175.0,14.7288082222344,30.610455730027933,1.0,0.9226204839825742,11.0,4559.0,4490.333333333333,0.0,77.0,76.0,1.0,78.0,77.66666666666667,37.0,2754.0,2746.0,73615.0,2491560.0,2461037.6666666665,-0.0019938138870335687,0.9246142978696078,0.9261410308694052,119.00949044380222,53.18521927825108,16.23150674400929,42.309957144636414,56.68213865766977,8,0.00138888888888881,0.008726535498373439,0.9999619230641713,0.01745240643728252,0.9998476951563913,0.9098566720066786,0.700460340291308,1.6103170122979866,1.1553886762946473
24.299999999999997,4335.0,74.0,76.0,74.29329328026138,1.0114143738545116,227.25269609184775,252.65479319859463,2750.0,1342.0,2250.0,2068.916955017301,2466259.0,15.590425091457332,32.202484376209235,1.0,0.9462886906849605,-235.0,4570.0,4488.0,-3.0,77.0,76.0,-3.0,79.0,77.66666666666667,-41.0,2791.0,2765.0,-98916.0,2565175.0,2507664.6666666665,0.02366820670238623,0.9226204839825742,0.9311744908457141,119.41520215612296,53.2114652529705,16.297049238692583,42.394613143023484,56.83223830304238,8,0.004166666666666628,0.026176948307872906,0.9996573249755573,0.05233595624294334,0.9986295347545739,0.8562491055390414,0.6933660838931636,1.549615189432205,1.1214906366626842
24.5,4605.0,77.0,78.0,76.57197988497767,1.0243057568212184,226.4104059699176,252.5442194001021,2827.0,1355.0,2246.0,2070.8825190010857,2628950.0,17.22279210650243,35.59845502265512,1.0,0.9272218946727782,270.0,4335.0,4503.333333333333,3.0,74.0,76.0,2.0,76.0,77.66666666666667,77.0,2750.0,2789.3333333333335,162691.0,2466259.0,2553461.3333333335,-0.019066796012182308,0.9462886906849605,0.9320436897801043,119.82091386844368,53.237711227689914,16.362591733375876,42.479269141410555,56.98233794841499,8,0.006944444444444444,0.043619387365336,0.9990482215818578,0.08715574274765817,0.9961946980917455,0.7912429919564729,0.7148941818799032,1.506137173836376,1.1105156778581395
24.700000000000003,4635.0,76.0,79.0,76.82099511102079,1.0094157766648095,226.7056263848709,252.5998566693878,2820.0,1358.0,2246.0100000000093,2073.5037756202805,2658275.0,17.245370860979158,35.58791929854849,1.0,0.9206357506277567,30.0,4605.0,4525.0,-1.0,77.0,75.66666666666667,1.0,78.0,77.66666666666667,-7.0,2827.0,2799.0,29325.0,2628950.0,2584494.6666666665,-0.006586144045021447,0.9272218946727782,0.9313821119951652,120.2266255807644,53.26395720240933,16.428134228059164,42.563925139797625,57.1324375937876,8,0.009722222222222262,0.06104853953485712,0.9981347984218669,0.12186934340514798,0.992546151641322,0.732338230591517,0.7297512340470982,1.4620894646386153,1.0959203493428569
24.89999999999999,4482.0,75.0,78.0,75.5424360177973,1.0164606539958911,226.98810988390565,252.5178184620973,2760.0,1352.0,2221.0,2054.0470771976798,2483267.0,14.573456688429747,30.50081945196652,1.0,0.936519109705078,-153.0,4635.0,4574.0,-1.0,76.0,76.0,-1.0,79.0,78.33333333333333,-60.0,2820.0,2802.3333333333335,-175008.0,2658275.0,2590164.0,0.015883359077321302,0.9206357506277567,0.9281255850018709,120.63233729308511,53.29020317712874,16.493676722742453,42.64858113818468,57.2825372391602,8,0.012499999999999881,0.0784590957278442,0.9969173337331281,0.15643446504022937,0.987688340595138,0.6829921917386763,0.7264834590109074,1.4094756507495838,1.0679795548802455
25.099999999999994,4367.0,75.0,76.0,74.56699733701537,1.014347899832586,226.45705571168156,252.89297892235214,2736.0,1325.0,2158.0,2038.5237004808794,2351736.0,16.643875590773906,34.61574786134195,1.0,0.9266856483891049,-115.0,4482.0,4494.666666666667,0.0,75.0,75.33333333333333,-2.0,78.0,77.66666666666667,-24.0,2760.0,2772.0,-131531.0,2483267.0,2497759.3333333335,-0.009833461315973069,0.936519109705078,0.9279468362406466,121.03804900540584,53.316449151848154,16.559219217425746,42.73323713657175,57.432636884532805,8,0.0152777777777777,0.0958457525202235,0.9953961983671789,0.19080899537654383,0.9816271834476641,0.7235488988914786,0.6960940073586759,1.4196429062501543,1.0578684568044152
25.299999999999997,4484.0,77.0,77.0,75.55928876446939,1.0263313146128907,226.436365413881,252.52533643977694,2800.0,1355.0,2250.0,2068.0115967885818,2546967.0,14.730297335108576,30.83018001893599,1.0,0.9333450335241877,117.0,4367.0,4444.333333333333,2.0,75.0,75.66666666666667,1.0,76.0,77.0,64.0,2736.0,2765.3333333333335,195231.0,2351736.0,2460656.6666666665,0.006659385135082796,0.9266856483891049,0.9321832638727902,121.44376071772658,53.34269512656757,16.624761712109038,42.81789313495882,57.58273652990542,8,0.018055555555555516,0.11320321376790646,0.9935718556765876,0.2249510543438645,0.9743700647852354,0.781370938566992,0.6985377123082425,1.4799086508752344,1.0892231815917384
25.5,4532.0,76.0,80.0,75.96263302927142,1.0237105830524322,226.5564893600813,252.30836037717845,2785.0,1341.0,2198.0100000000093,2050.3305383936454,2494111.0,16.776137356016022,35.01785258978626,1.0,0.9175730350413434,48.0,4484.0,4461.0,-1.0,77.0,76.0,3.0,77.0,77.66666666666667,-15.0,2800.0,2773.6666666666665,-52856.0,2546967.0,2464271.3333333335,-0.015771998482844385,0.9333450335241877,0.9258679056515454,121.8494724300473,53.368941101286985,16.690304206792327,42.90254913334589,57.73283617527803,8,0.020833333333333332,0.13052619222005157,0.9914448613738104,0.25881904510252074,0.9659258262890683,0.7575516368720964,0.7523538331025942,1.5099054699746906,1.1311296515386424
25.700000000000003,4768.0,77.0,81.0,77.91537813100348,1.0194138345423545,226.57878678768344,252.88924797756476,2858.0,1375.0,2240.0,2073.163590604027,2732973.0,14.844174596747669,31.468237955119125,1.0,0.9144667729977574,236.0,4532.0,4594.666666666667,1.0,76.0,76.66666666666667,1.0,80.0,79.33333333333333,73.0,2785.0,2814.3333333333335,238862.0,2494111.0,2591350.3333333335,-0.0031062620435859944,0.9175730350413434,0.9217949471877628,122.25518414236802,53.395187076006394,16.75584670147562,42.987205131732956,57.88293582065064,8,0.023611111111111152,0.14780941112961088,0.9890158633619168,0.2923717047227372,0.9563047559630353,0.7163637481606432,0.7709948606398368,1.48735860880048,1.1291767347201584
25.89999999999999,4424.0,75.0,78.0,75.05206023760013,1.019877271841366,226.92700091007507,252.29219673926244,2707.0,1329.0,2150.0,2026.8031193490053,2330601.0,15.34582142404967,31.67412192942371,1.0,0.92554710136999,-344.0,4768.0,4574.666666666667,-2.0,77.0,76.0,-3.0,81.0,79.66666666666667,-151.0,2858.0,2783.3333333333335,-402372.0,2732973.0,2519228.3333333335,0.011080328372232606,0.9144667729977574,0.919195636469697,122.66089585468873,53.42143305072581,16.821389196158908,43.07186113012002,58.033035466023236,8,0.02638888888888877,0.1650476058606769,0.9862856015372315,0.32556815445715526,0.9455185755993173,0.70671583701331,0.7498979531671986,1.4566137901805085,1.1032558716738536
26.099999999999994,4341.0,74.0,76.0,74.34468954602838,1.010434584233818,227.01241021316517,252.8640569350839,2688.0,1317.0,2127.0100000000093,2019.5763648928819,2255503.0,16.298165737273358,33.95585369269929,1.0,0.9333035690930138,-83.0,4424.0,4511.0,-1.0,75.0,75.33333333333333,-2.0,78.0,78.33333333333333,-19.0,2707.0,2751.0,-75098.0,2330601.0,2439692.3333333335,0.007756467723023852,0.92554710136999,0.9244391478202537,123.06660756700946,53.447679025445225,16.8869316908422,43.15651712850709,58.18313511139585,8,0.029166666666666587,0.18223552549214697,0.9832549075639547,0.3583679495452993,0.9335804264972021,0.7264344820985592,0.7190982366425808,1.44553271874114,1.0823154776918604
26.299999999999997,4669.0,77.0,80.0,77.1022401384582,1.0221355175012583,226.8039862164089,252.61504604028005,2812.0,1354.0,2193.0,2052.4928250160633,2579589.0,15.725835540248832,32.69556544854363,1.0,0.9164998765307186,328.0,4341.0,4478.0,3.0,74.0,75.33333333333333,4.0,76.0,78.0,124.0,2688.0,2735.6666666666665,324086.0,2255503.0,2388564.3333333335,-0.01680369256229519,0.9333035690930138,0.9251168489979075,123.42870265595504,53.46752911657151,16.94037725621297,43.220871868193896,58.3001174521737,8,0.03194444444444441,0.19936793441719694,0.9799247046208297,0.39073112848927327,0.9205048534524405,0.7088122299327908,0.7340096654925099,1.4428218954253007,1.0884157804589054
26.5,4501.0,75.0,78.0,75.70238563515001,1.0106896436424475,226.993509314485,252.60713954620493,2727.0,1336.0,2167.0,2034.4250166629638,2405456.0,15.403143846497446,32.06633748964793,1.0,0.9295011008307781,-168.0,4669.0,4503.666666666667,-2.0,77.0,75.33333333333333,-2.0,80.0,78.0,-85.0,2812.0,2742.3333333333335,-174133.0,2579589.0,2413516.0,0.013001224300059455,0.9164998765307186,0.9264348488181703,123.25285938994047,53.40849664338261,16.844627360062653,43.034844417244145,58.008653036282894,8,0.034722222222222224,0.21643961393810288,0.9762960071199334,0.42261826174069944,0.9063077870366499,0.7302264835686717,0.7545266682878542,1.4847531518565258,1.1196399100721899
26.700000000000003,4471.0,75.0,78.0,75.44967862430504,1.0168646962974655,226.77910598957467,252.8275711937009,2748.0,1340.0,2181.0,2044.0266159695818,2432351.0,14.545178162544293,30.438462510448847,1.0,0.925718779896487,-30.0,4501.0,4547.0,0.0,75.0,75.66666666666667,0.0,78.0,78.66666666666667,21.0,2727.0,2762.3333333333335,26895.0,2405456.0,2472465.3333333335,-0.0037823209342910946,0.9295011008307781,0.9239065857526612,123.07701612392592,53.349464170193706,16.748877463912336,42.8488169662944,57.71718862039208,8,0.03750000000000004,0.23344536385590564,0.9723699203976766,0.45399049973954725,0.8910065241883677,0.7833494487559577,0.7480917012402636,1.5314411499962213,1.1397664256182425
26.89999999999999,4483.0,75.0,78.0,75.55086286104041,1.014132295351807,226.81215372047714,252.66738527633234,2754.0,1344.0,2194.0100000000093,2046.945572161499,2451958.0,14.493844025754049,30.30264014900352,1.0,0.9240215370736367,12.0,4471.0,4485.0,0.0,75.0,75.0,0.0,78.0,78.0,6.0,2748.0,2743.0,19607.0,2432351.0,2429921.6666666665,-0.0016972428228503311,0.925718779896487,0.9264138059336339,122.90117285791136,53.290431697004806,16.653127567762024,42.66278951534466,57.42572420450129,8,0.04027777777777766,0.2503800040544407,0.968147640378108,0.4848096202463358,0.8746197071393965,0.7302302913957743,0.7737888767569941,1.5040191681527686,1.1389040224548814
27.099999999999994,4172.0,74.0,74.0,72.8831625317885,1.026226157589344,226.40135466334306,252.69236231658562,2747.0,1340.0,2297.0,2090.021812080537,2461614.0,15.812572366547975,32.53459696999488,1.0,0.9456397306807647,-311.0,4483.0,4375.333333333333,-1.0,75.0,74.66666666666667,-4.0,78.0,76.66666666666667,-7.0,2754.0,2749.6666666666665,9656.0,2451958.0,2448641.0,0.021618193607128022,0.9240215370736367,0.9317933492169628,122.7253295918968,53.2313992238159,16.557377671611707,42.47676206439491,57.13425978861048,8,0.04305555555555548,0.2672383760782564,0.9636304532086232,0.5150380749100534,0.8571673007021128,0.6872242742651452,0.7803379346827805,1.4675622089479257,1.123950071815353
27.299999999999997,4229.0,74.0,75.0,73.3793570064838,1.0066281377599196,226.5287548340602,252.7226839649613,2729.0,1328.0,2216.0,2059.1090092220384,2364475.0,15.54810234199368,31.9100297712177,1.0,0.9401566944036203,57.0,4172.0,4294.666666666667,0.0,74.0,74.33333333333333,1.0,74.0,75.66666666666667,-18.0,2747.0,2743.3333333333335,-97139.0,2461614.0,2426015.6666666665,-0.005483036277144415,0.9456397306807647,0.9366059873860072,122.54948632588223,53.17236675062699,16.46162777546139,42.29073461344517,56.84279537271967,8,0.045833333333333295,0.28401534470392237,0.9588197348681932,0.5446390350150266,0.8386705679454243,0.7386503724792857,0.749370906466109,1.4880212789453948,1.1186960927057519
27.5,4499.0,75.0,79.0,75.68556475156605,1.0261352563525368,226.33484339650704,252.77538025566957,2785.0,1355.0,2245.0,2067.8728606356967,2554898.0,14.833684181431524,30.92733418838423,1.0,0.9240783780800642,270.0,4229.0,4300.0,1.0,74.0,74.33333333333333,4.0,75.0,76.0,56.0,2729.0,2753.6666666666665,190423.0,2364475.0,2460329.0,-0.016078316323556052,0.9401566944036203,0.9366249343881498,122.37364305986766,53.11333427743809,16.36587787931107,42.104707162495416,56.551330956828856,8,0.04861111111111111,0.3007057995042731,0.9537169507482269,0.573576436351046,0.8191520442889918,0.7743722444095856,0.7347820046584387,1.5091542490680243,1.1219681268632316
27.700000000000003,4603.0,77.0,79.0,76.55535007049446,1.0192521261059766,226.62581317269428,252.5015528824061,2798.0,1350.0,2207.0,2055.966109059309,2559132.0,17.027002989927336,35.34119409414458,1.0,0.918725567887862,104.0,4499.0,4443.666666666667,2.0,75.0,75.33333333333333,0.0,79.0,77.66666666666667,13.0,2785.0,2770.6666666666665,4234.0,2554898.0,2492835.0,-0.00535281019220224,0.9240783780800642,0.9276535467905155,122.1977997938531,53.054301804249185,16.270127983160755,41.91867971154567,56.25986654093805,8,0.05138888888888893,0.31730465640509237,0.9483236552061992,0.6018150231520486,0.7986355100472926,0.7700347365640775,0.7279153347103913,1.4979500712744689,1.11293270299243
27.89999999999999,4504.0,76.0,78.0,75.72760995493766,1.0046308560840953,226.9764495213729,252.58193953058947,2750.0,1338.0,2206.0100000000093,2052.618561278863,2489023.0,16.712334980060042,34.5,1.0,0.9261179989096123,-99.0,4603.0,4535.333333333333,-1.0,77.0,76.0,-1.0,79.0,78.66666666666667,-48.0,2798.0,2777.6666666666665,-70109.0,2559132.0,2534351.0,0.007392431021750356,0.918725567887862,0.9229739816258462,122.02195652783854,52.995269331060285,16.174378087010446,41.732652260595934,55.96840212504726,8,0.05416666666666655,0.33380685923377024,0.9426414910921787,0.6293203910498363,0.7771459614569718,0.7823029468291887,0.7060933769124403,1.488396323741629,1.0972448503270347
28.099999999999994,4571.0,76.0,79.0,76.2887800333996,1.00915368376162,226.5470095750684,252.66496156165238,2803.0,1354.0,2228.0100000000093,2065.646248085758,2585592.0,15.927296721519669,32.86715685908959,1.0,0.92251523055455,67.0,4504.0,4559.333333333333,0.0,76.0,76.33333333333333,1.0,78.0,78.66666666666667,53.0,2750.0,2783.6666666666665,96569.0,2489023.0,2544582.3333333335,-0.003602768355062347,0.9261179989096123,0.9224529324506747,121.84611326182397,52.93623685787138,16.078628190860126,41.54662480964618,55.67693770915645,8,0.05694444444444437,0.350207381259467,0.9366721892483978,0.6560590289905065,0.7547095802227727,0.8607557819968821,0.6637953725471067,1.5245511545439887,1.0941732635455477
28.299999999999997,4585.0,76.0,79.0,76.40551886225707,1.0234491513500237,226.42865170587328,252.25767346296115,2812.0,1354.0,2230.0,2062.3908396946563,2578569.0,15.835882460597256,32.7566787083184,1.0,0.9154321641189357,14.0,4571.0,4553.333333333333,0.0,76.0,76.0,0.0,79.0,78.66666666666667,9.0,2803.0,2788.3333333333335,-7023.0,2585592.0,2551061.3333333335,-0.007083066435614294,0.92251523055455,0.9213551311943661,121.67026999580942,52.87720438468247,15.98287829470981,41.36059735869644,55.38547329326564,8,0.059722222222222184,0.366501226724297,0.9304175679820247,0.6819983600624981,0.7313537016191709,0.9224345889482438,0.6411730845742405,1.5636076735224842,1.1023903790483622
28.5,4263.0,74.0,78.0,73.67374144975942,1.0012648978482337,226.70801797849694,252.88172347304533,2666.0,1322.0,2158.0,2028.8461177574477,2254473.0,14.233668488195937,29.90819285747636,1.0,0.9389134400811188,-322.0,4585.0,4473.0,-2.0,76.0,75.33333333333333,-1.0,79.0,78.66666666666667,-146.0,2812.0,2760.3333333333335,-324096.0,2578569.0,2472878.0,0.02348127596218308,0.9154321641189357,0.9256202782515347,121.49442672979485,52.81817191149357,15.887128398559494,41.17456990774669,55.094008877374826,8,0.0625,0.3826834323650898,0.9238795325112867,0.7071067811865475,0.7071067811865476,0.880197823956958,0.6733959810092528,1.5535938049662108,1.1134948929877317
28.700000000000003,4270.0,74.0,76.0,73.73420411192586,1.0123665142234828,226.4842053658543,252.37476345297702,2692.0,1323.0,2166.0100000000093,2035.9852459016392,2288675.0,15.243024284268001,31.48412298286233,1.0,0.9347395326990507,7.0,4263.0,4372.666666666667,0.0,74.0,74.66666666666667,-2.0,78.0,77.66666666666667,26.0,2666.0,2723.3333333333335,34202.0,2254473.0,2373905.6666666665,-0.004173907382068021,0.9389134400811188,0.9296950456330352,121.31858346378029,52.759139438304665,15.791378502409176,40.988542456796935,54.80254446148402,8,0.06527777777777782,0.3987490689252465,0.9170600743851239,0.7313537016191709,0.681998360062498,0.8071494954430666,0.7146832845099007,1.5218327799529674,1.118258032231434
28.89999999999999,4458.0,75.0,78.0,75.33990901527129,1.0117839895059997,226.7238395826281,252.61194758623893,2727.0,1328.0,2183.0,2040.7160161507402,2410521.0,16.64883776956605,34.471002306286366,1.0,0.9266158643712293,188.0,4270.0,4330.333333333333,1.0,74.0,74.33333333333333,2.0,76.0,77.33333333333333,35.0,2692.0,2695.0,121846.0,2288675.0,2317889.6666666665,-0.00812366832782141,0.9347395326990507,0.9334229457171329,121.14274019776573,52.700106965115765,15.695628606258865,40.802515005847205,54.511080045593225,8,0.06805555555555544,0.41469324265623836,0.9099612708765435,0.754709580222771,0.6560590289905084,0.8086178774638161,0.7170051353434067,1.5256230128072228,1.1213140740753147
29.099999999999994,4533.0,76.0,78.0,75.97101326351053,1.0048463414078699,226.7529078365139,252.54877963854918,2747.0,1350.0,2180.0,2038.5312155305537,2441177.0,12.933287414927099,27.577164466275352,1.0,0.9262298473236475,75.0,4458.0,4420.333333333333,1.0,75.0,75.0,0.0,78.0,77.33333333333333,20.0,2727.0,2722.0,30656.0,2410521.0,2380124.3333333335,-0.0003860170475817881,0.9266158643712293,0.9291950814646426,120.96689693175117,52.64107449192686,15.599878710108548,40.61648755489745,54.21961562970242,8,0.07083333333333325,0.43051109680829464,0.9025852843498609,0.7771459614569701,0.6293203910498383,0.8980638458627431,0.7004887315998405,1.5985525774625835,1.149520654531212
29.299999999999997,4696.0,77.0,79.0,77.3248530685725,1.0152048803537532,226.38539865722475,252.80096502847886,2836.0,1373.2499999999418,2249.0,2068.916311754685,2671724.0,13.172465658365988,28.040149785619906,1.0,0.915095271816999,163.0,4533.0,4562.333333333333,1.0,76.0,76.0,1.0,78.0,78.33333333333333,89.0,2747.0,2770.0,230547.0,2441177.0,2507807.3333333335,-0.011134575506648536,0.9262298473236475,0.9226469945039586,120.7910536657366,52.58204201873796,15.50412881395823,40.4304601039477,53.92815121381161,8,0.07361111111111107,0.44619781310980855,0.8949343616020252,0.7986355100472925,0.6018150231520487,0.9309417155150835,0.6994277154350776,1.630369430950161,1.1648985731926194
29.5,4429.0,75.0,76.0,75.0944601394273,1.020880615022465,226.42771629184526,252.48490050464514,2744.0,1340.0,2189.0100000000093,2040.9665838789795,2395941.0,14.409748315090615,30.37268509697488,1.0,0.9216658507033354,-267.0,4696.0,4552.666666666667,-2.0,77.0,76.0,-3.0,79.0,77.66666666666667,-92.0,2836.0,2775.6666666666665,-275783.0,2671724.0,2502947.3333333335,0.006570578886336387,0.915095271816999,0.920996989947994,120.61521039972203,52.52300954554905,15.408378917807914,40.24443265299796,53.636686797920795,8,0.0763888888888889,0.4617486132350339,0.8870108331782217,0.8191520442889918,0.573576436351046,0.8356575620037977,0.7132606505912418,1.5489182125950396,1.1310894315931406
29.700000000000003,4381.0,75.0,77.0,74.68642745161097,1.0240838738243612,226.62464075263222,253.00970274580473,2728.0,1333.0,2179.0100000000093,2039.5959826523624,2363976.0,15.356627948623284,31.67412192942371,1.0,0.9361913995742766,-48.0,4429.0,4502.0,0.0,75.0,75.66666666666667,1.0,76.0,77.33333333333333,-16.0,2744.0,2769.3333333333335,-31965.0,2395941.0,2477213.6666666665,0.014525548870941152,0.9216658507033354,0.9243175073648704,120.43936713370748,52.463977072360144,15.312629021657596,40.058405202048206,53.34522238202999,8,0.0791666666666667,0.4771587602596086,0.8788171126619653,0.8386705679454243,0.5446390350150266,0.7942443160340562,0.6882355959150109,1.482479911949067,1.085357753932039
29.89999999999999,4473.0,75.0,79.0,75.46655208501566,1.015335514516577,226.81298979267817,252.51975936479155,2748.0,1339.0,2209.0,2053.382964453387,2475301.0,15.554465653741813,32.16364407215078,1.0,0.9309837470271293,92.0,4381.0,4427.666666666667,0.0,75.0,75.0,2.0,77.0,77.33333333333333,20.0,2728.0,2740.0,111325.0,2363976.0,2411739.3333333335,-0.005207652547147279,0.9361913995742766,0.9296136657682471,120.26352386769292,52.404944599171245,15.216879125507287,39.87237775109847,53.053757966139194,8,0.08194444444444432,0.4924235601034664,0.8703556959399001,0.8571673007021114,0.5150380749100557,0.78475828394578,0.6650855492305183,1.4498438331762982,1.0574646912034082
30.099999999999994,3890.0,70.0,73.0,70.37685577673801,1.0354535001169267,226.91936086345123,252.5195833323214,2612.0,1299.0,2158.0100000000093,2029.23264781491,2058768.0,13.861919688309886,28.50438562747845,1.0,0.9546524911986197,-583.0,4473.0,4248.0,-5.0,75.0,73.33333333333333,-6.0,79.0,76.33333333333333,-136.0,2748.0,2696.0,-416533.0,2475301.0,2299348.3333333335,0.023668744171490452,0.9309837470271293,0.9406092126000085,120.08768060167836,52.34591212598234,15.121129229356969,39.686350300148725,52.76229355024839,8,0.08472222222222214,0.5075383629607038,0.861629160441526,0.8746197071393953,0.4848096202463379,0.7703200520753656,0.6789821956540345,1.4493022477294002,1.0641422216917173
30.299999999999997,4565.0,78.0,78.0,76.2386943862237,1.0084662437224055,226.51364525207694,252.58920865904142,2845.0,1361.0,2293.0,2089.134063526835,2689475.0,17.374680898266956,35.84689665786984,1.0,0.9332263731769211,675.0,3890.0,4309.333333333333,8.0,70.0,74.33333333333333,5.0,73.0,76.66666666666667,233.0,2612.0,2735.0,630707.0,2058768.0,2407848.0,-0.02142611802169858,0.9546524911986197,0.9396208704675567,119.91183733566379,52.28687965279344,15.02537933320665,39.50032284919897,52.47082913435758,8,0.08749999999999997,0.5224985647159487,0.8526401643540923,0.8910065241883677,0.45399049973954725,0.7695683530168943,0.6935481710523655,1.4631165240692598,1.0783323475608126
30.5,4470.0,76.0,77.0,75.44124047870751,1.0181661642420987,226.66432929949653,252.3514263016556,2726.0,1337.0,2202.0,2050.821476510067,2462182.0,15.58197964809124,32.26840560052511,1.0,0.927481396582381,-95.0,4565.0,4308.333333333333,-2.0,78.0,74.66666666666667,-1.0,78.0,76.0,-119.0,2845.0,2727.6666666666665,-227293.0,2689475.0,2403475.0,-0.005744976594540097,0.9332263731769211,0.9384534203193073,119.73599406964922,52.22784717960453,14.929629437056334,39.31429539824923,52.179364718466765,8,0.09027777777777778,0.5372996083468239,0.8433914458128857,0.9063077870366499,0.42261826174069944,0.7643659155138808,0.702769622182879,1.4671355376967596,1.0849525799398192
30.700000000000003,4564.0,76.0,78.0,76.23034357899276,1.0203685175275825,226.51614070023263,253.13757963658108,2793.0,1350.0,2241.0100000000093,2065.7754163014897,2582227.0,17.208855789243188,35.51408171415952,1.0,0.9190280327794574,94.0,4470.0,4533.0,0.0,76.0,76.66666666666667,1.0,77.0,77.66666666666667,67.0,2726.0,2788.0,120045.0,2462182.0,2577961.3333333335,-0.008453363802923608,0.927481396582381,0.9265786008462532,119.56015080363466,52.168814706415624,14.833879540906016,39.12826794729948,51.88790030257596,8,0.0930555555555556,0.5519369853120584,0.8338858220671681,0.9205048534524405,0.39073112848927327,0.7902028694027594,0.7001841482590839,1.4903870176618434,1.0952855829604637
30.89999999999999,4466.0,76.0,78.0,75.40747845397854,1.0049631831095607,226.43737172349822,251.97165975732815,2744.0,1340.0,2207.0200000000186,2049.4142409314823,2453721.0,15.514245319976437,32.16364407215078,1.0,0.9233017934801878,-98.0,4564.0,4500.0,0.0,76.0,76.0,0.0,78.0,77.66666666666667,-49.0,2793.0,2754.3333333333335,-128506.0,2582227.0,2499376.6666666665,0.004273760700730378,0.9190280327794574,0.9232704076140088,119.3843075376201,52.109782233226724,14.738129644755707,38.94224049634974,51.596435886685164,8,0.09583333333333321,0.5664062369248323,0.824126188622016,0.9335804264972012,0.35836794954530166,0.7831192249302182,0.7145261070459616,1.49764533197618,1.106085719511071
31.099999999999994,4470.0,76.0,78.0,75.44124047870751,1.0173591411125573,226.56909901473756,252.73430615354903,2741.0,1344.0,2209.0100000000093,2051.3923937360178,2464740.0,14.560494987842523,30.610455730027933,1.0,0.9301386758846775,4.0,4466.0,4500.0,0.0,76.0,76.0,0.0,78.0,78.0,-3.0,2744.0,2759.3333333333335,11019.0,2453721.0,2500229.3333333335,0.0068368824044896526,0.9233017934801878,0.924156167381441,119.20846427160555,52.05074976003782,14.64237974860539,38.756213045399996,51.30497147079436,8,0.09861111111111104,0.5807029557109393,0.8141155183563195,0.9455185755993165,0.3255681544571576,0.6976995667945176,0.7575809734990849,1.4552805402936024,1.1064307568963436
31.299999999999997,4545.0,76.0,78.0,76.07150406572302,1.0074276848423003,226.341527176623,252.73592949671402,2801.0,1359.0,2255.0100000000093,2068.772497249725,2585124.0,14.696349963976344,31.00403199585499,1.0,0.9275028973465103,75.0,4470.0,4493.666666666667,0.0,76.0,76.0,0.0,78.0,78.0,60.0,2741.0,2762.0,120384.0,2464740.0,2501195.0,-0.0026357785381672105,0.9301386758846775,0.9269811222371253,119.03262100559098,51.99171728684892,14.546629852455071,38.570185594450244,51.01350705490354,8,0.10138888888888885,0.5948227867513411,0.8038568606172175,0.9563047559630353,0.29237170472273716,0.6724749556434366,0.7672649002052352,1.4397398558486718,1.1035023780269535
31.5,4682.0,79.0,78.0,77.20950426242894,1.006527066170474,226.1757003098309,252.80935383638317,2849.0,1376.0,2265.0,2075.750533959846,2695862.0,14.096506507044746,29.90401310861136,1.0,0.9144132748634759,137.0,4545.0,4565.666666666667,3.0,76.0,77.0,0.0,78.0,78.0,48.0,2801.0,2797.0,110738.0,2585124.0,2581908.6666666665,-0.013089622483034358,0.9275028973465103,0.9240182826982212,118.85677773957642,51.93268481366001,14.450879956304755,38.38415814350049,50.722042639012734,8,0.10416666666666667,0.6087614290087207,0.7933533402912352,0.9659258262890683,0.25881904510252074,0.7380015920817722,0.7195210550025574,1.4575226470843297,1.0885218510434436
31.700000000000003,4393.0,75.0,77.0,74.78864432533571,1.0299631361382762,226.67051942768452,252.0190121406821,2698.0,1335.0,2179.0,2035.474391076713,2352361.0,14.317724720893187,29.920728600754362,1.0,0.9334727960546871,-289.0,4682.0,4540.0,-4.0,79.0,76.66666666666667,-1.0,78.0,77.66666666666667,-151.0,2849.0,2782.6666666666665,-343501.0,2695862.0,2544449.0,0.019059521191211237,0.9144132748634759,0.9251296560882244,118.68093447356185,51.873652340471104,14.355130060154437,38.19813069255075,50.43057822312193,8,0.10694444444444448,0.6225146366376197,0.7826081568524138,0.9743700647852354,0.2249510543438645,0.8090456952351595,0.6759327905701112,1.4849784858052706,1.0804556381876909
31.89999999999999,4418.0,75.0,77.0,75.00114871546934,1.0110551492636424,226.52430814006274,252.8181672882036,2731.0,1332.0,2184.0,2040.9784970574922,2390052.0,15.550361715392926,32.14420632089086,1.0,0.9276718665535311,25.0,4393.0,4497.666666666667,0.0,75.0,76.33333333333333,0.0,77.0,77.33333333333333,33.0,2698.0,2759.3333333333335,37691.0,2352361.0,2479425.0,-0.005800929501156071,0.9334727960546871,0.9251859791572313,118.5050912075473,51.814619867282204,14.259380164004128,38.01210324160101,50.13911380723113,8,0.10972222222222211,0.6360782202777634,0.7716245833877204,0.9816271834476636,0.19080899537654622,0.8227716599885947,0.6386274553543896,1.4613991153429842,1.0500132853486868
32.099999999999994,4526.0,76.0,78.0,75.91233219623375,1.0216839996475486,226.53938736598033,252.77259224482364,2813.0,1356.0,2265.0100000000093,2076.496906760937,2609232.0,15.89585747298615,32.7566787083184,1.0,0.9322053385823874,108.0,4418.0,4445.666666666667,1.0,75.0,75.33333333333333,1.0,77.0,77.33333333333333,82.0,2731.0,2747.3333333333335,219180.0,2390052.0,2450548.3333333335,0.004533472028856345,0.9276718665535311,0.9311166670635352,118.32924794153273,51.7555873940933,14.16363026785381,37.82607579065126,49.847649391340326,8,0.11249999999999992,0.6494480483301832,0.7604059656000314,0.9876883405951375,0.156434465040232,0.7550216397420801,0.6423911418268947,1.397412781568975,1.0199019616979348
32.3,4306.0,74.0,75.0,74.04437507082905,1.0141644843321842,226.77783426167738,252.65677208646576,2705.0,1333.0,2197.0,2042.2624245239201,2335000.0,14.221985793557595,29.614185789921695,1.0,0.9307528907922912,-220.0,4526.0,4416.666666666667,-2.0,76.0,75.0,-3.0,78.0,76.66666666666667,-108.0,2813.0,2749.6666666666665,-274232.0,2609232.0,2444761.3333333335,-0.001452447790096234,0.9322053385823874,0.9302100319760699,118.15340467551816,51.6965549209044,14.067880371703493,37.640048339701515,49.55618497544951,8,0.11527777777777774,0.6626200482157373,0.7489557207890023,0.992546151641322,0.12186934340514793,0.6939330654247827,0.6842094866581635,1.3781425520829462,1.0311760193705548
32.5,4398.0,74.0,77.0,74.83119348069525,1.0176182027784018,226.71072783227785,252.59596636686396,2713.0,1330.0,2189.0100000000093,2043.4072305593452,2389943.0,16.679002543542186,34.438350715445125,1.0,0.9281823876134284,92.0,4306.0,4410.0,0.0,74.0,74.66666666666667,2.0,75.0,76.66666666666667,8.0,2705.0,2743.6666666666665,54943.0,2335000.0,2444725.0,-0.0025705031788627597,0.9307528907922912,0.9303802056627023,117.97756140950361,51.63752244771549,13.972130475553175,37.454020888751764,49.264720559558704,8,0.11805555555555555,0.6755902076156601,0.7372773368101241,0.9961946980917455,0.08715574274765836,0.7199939511358064,0.6641455440839068,1.3841394952197132,1.02414251965181
32.7,4513.0,77.0,78.0,75.80323255237728,1.0065530465080967,226.5872450793465,252.61073258988282,2775.0,1344.0,2207.0,2052.83469975626,2494965.0,15.660242402260995,32.380549717384355,1.0,0.9243211828622846,115.0,4398.0,4405.666666666667,3.0,74.0,75.0,1.0,77.0,76.66666666666667,62.0,2713.0,2731.0,105022.0,2389943.0,2406636.0,-0.0038612047511438208,0.9281823876134284,0.9277521537560015,117.80708388092437,51.573711171493336,13.8773627251327,37.26889730041432,48.974997039261055,8,0.12083333333333338,0.6883545756937541,0.7253743710122874,0.9986295347545739,0.0523359562429433,0.7354992118874865,0.6494592253765401,1.3849584372640267,1.0172088313202834
32.89999999999999,4501.0,76.0,77.0,75.70238563515001,1.0170048763617248,226.65808809200945,252.43614725528602,2769.0,1342.0,2209.0,2052.960453232615,2488894.0,16.98061598051436,35.131894341182345,1.0,0.9200713248535293,-12.0,4513.0,4470.666666666667,-1.0,77.0,75.66666666666667,-1.0,78.0,77.33333333333333,-6.0,2775.0,2752.3333333333335,-6071.0,2494965.0,2457934.0,-0.004249858008755325,0.9243211828622846,0.9241916317764142,117.8458701123225,51.32352657697483,13.820898658175976,37.11902435395669,48.753168447096634,8,0.12361111111111099,0.7009092642998503,0.7132504491541821,0.9998476951563912,0.017452406437285153,0.6930736841342441,0.6808196825766615,1.3738933667109055,1.0273565246437835
33.099999999999994,4629.0,77.0,78.0,76.77125668229658,1.0125160163580398,226.51612858848293,252.63681212942,2813.0,1373.0,2242.0,2065.3151868654136,2616903.0,12.508196022223355,26.575364531836623,1.0,0.921886290779597,128.0,4501.0,4547.666666666667,1.0,76.0,76.66666666666667,1.0,77.0,77.66666666666667,44.0,2769.0,2785.6666666666665,128009.0,2488894.0,2533587.3333333335,0.0018149659260677797,0.9200713248535293,0.9220929328318036,117.88465634372065,51.0733419824563,13.764434591219246,36.96915140749905,48.5313398549322,8,0.1263888888888888,0.7132504491541812,0.7009092642998513,0.9998476951563913,-0.017452406437282367,0.697366278292083,0.675957050297606,1.3733233285896889,1.0246401894436474
33.3,4580.0,77.0,79.0,76.36384690995502,1.019019540065125,226.54931871313948,252.56241683225858,2801.0,1362.0,2235.0,2062.7995633187775,2577645.0,13.859055240108201,29.5,1.0,0.9290740191143466,-49.0,4629.0,4570.0,0.0,77.0,76.66666666666667,1.0,78.0,78.0,-12.0,2813.0,2794.3333333333335,-39258.0,2616903.0,2561147.3333333335,0.007187728334749566,0.921886290779597,0.923677211582491,117.92344257511878,50.82315738793777,13.707970524262517,36.81927846104141,48.30951126276777,8,0.12916666666666662,0.7253743710122874,0.6883545756937542,0.9986295347545739,-0.052335956242943175,0.7536545429871819,0.6667600838775422,1.4204146268647242,1.0435873553711332
33.5,4460.0,76.0,78.0,75.35680705496236,1.014078559026701,226.62159561955553,252.53920481227485,2786.0,1355.0,2247.0,2068.6504484304933,2536222.0,14.73536444120888,30.907118921051183,1.0,0.9263116556831381,-120.0,4580.0,4556.333333333333,-1.0,77.0,76.66666666666667,-1.0,79.0,78.33333333333333,-15.0,2801.0,2800.0,-41423.0,2577645.0,2576923.3333333335,-0.0027623634312085033,0.9290740191143466,0.9257573218590273,117.96222880651693,50.57297279341924,13.65150645730579,36.669405514583765,48.087682670603336,8,0.13194444444444445,0.7372773368101241,0.6755902076156602,0.9961946980917455,-0.08715574274765824,0.7586542982352751,0.6947788291593616,1.4534331273946368,1.0741059782769993
33.7,4257.0,74.0,75.0,73.62187678901964,1.0123972653037918,226.86922773284093,252.03240225955437,2675.0,1313.0,2145.0,2026.6701902748414,2242048.0,15.266043385821417,31.32491021535417,1.0,0.9385071149234985,-203.0,4460.0,4432.333333333333,-2.0,76.0,75.66666666666667,-3.0,78.0,77.33333333333333,-111.0,2786.0,2754.0,-294174.0,2536222.0,2451971.6666666665,0.012195459240360362,0.9263116556831381,0.9312975965736611,118.00101503791507,50.32278819890071,13.59504239034906,36.519532568126124,47.8658540784389,8,0.13472222222222227,0.7489557207890023,0.6626200482157373,0.992546151641322,-0.12186934340514803,0.7513317276072228,0.6980955803207899,1.4494273079280127,1.0737614441244012
33.89999999999999,4443.0,76.0,77.0,75.21305270535379,1.0229971823198942,226.7822289841554,252.15820485860087,2762.0,1332.0,2231.0,2063.187711006077,2502251.0,18.500124518233598,37.53664875824692,1.0,0.9266532414214241,186.0,4257.0,4386.666666666667,2.0,74.0,75.33333333333333,2.0,75.0,76.66666666666667,87.0,2675.0,2741.0,260203.0,2242048.0,2426840.3333333335,-0.011853873502074341,0.9385071149234985,0.9304906706760203,118.0398012693132,50.0726036043822,13.538578323392334,36.3696596216685,47.64402548627448,8,0.13749999999999987,0.7604059656000304,0.6494480483301843,0.987688340595138,-0.15643446504022926,0.7079882377471126,0.6985334055311804,1.406521643278293,1.0525275244047367
34.099999999999994,4436.0,75.0,77.0,75.15377981475837,1.0264410388463667,226.69027678364765,252.76237381970313,2751.0,1338.0,2203.0,2048.3167267808835,2432361.0,15.55725118032583,32.202484376209235,1.0,0.9352143863513681,-7.0,4443.0,4378.666666666667,-1.0,76.0,75.0,0.0,77.0,76.33333333333333,-11.0,2762.0,2729.3333333333335,-69890.0,2502251.0,2392220.0,0.008561144929943976,0.9266532414214241,0.9334582475654303,118.07858750071135,49.82241900986367,13.482114256435606,36.219786675210855,47.422196894110044,8,0.1402777777777777,0.7716245833877196,0.6360782202777644,0.9816271834476642,-0.1908089953765437,0.676028573824002,0.7091123512357894,1.3851409250597915,1.0471266381477904
34.3,4574.0,76.0,79.0,76.31381053006483,1.0142014681951408,226.7847757603263,252.31717571200934,2809.0,1350.0,2218.0100000000093,2066.5113686051595,2591254.0,17.128527227609368,35.38361202590826,1.0,0.9242251049105954,138.0,4436.0,4484.333333333333,1.0,75.0,75.66666666666667,2.0,77.0,77.66666666666667,58.0,2751.0,2774.0,158893.0,2432361.0,2508622.0,-0.010989281440772714,0.9352143863513681,0.9286975775611293,118.11737373210948,49.57223441534515,13.425650189478878,36.069913728753214,47.200368301945616,8,0.14305555555555552,0.7826081568524137,0.6225146366376197,0.9743700647852354,-0.22495105434386437,0.7554601237218678,0.6725856808389701,1.428045804560838,1.0503157426999041
34.5,4478.0,76.0,78.0,75.5087192403901,1.0170263455054476,226.54798890050452,252.64934664113912,2755.0,1344.0,2208.0100000000093,2054.970522554712,2485184.0,14.57487142519016,30.80990100600779,1.0,0.924968935901728,-96.0,4574.0,4496.0,0.0,76.0,75.66666666666667,-1.0,79.0,78.0,-54.0,2809.0,2771.6666666666665,-106070.0,2591254.0,2502933.0,0.0007438309911326213,0.9242251049105954,0.9281361423878972,118.15615996350763,49.32204982082662,13.369186122522148,35.92004078229557,46.97853970978118,8,0.14583333333333334,0.7933533402912352,0.6087614290087207,0.9659258262890683,-0.25881904510252085,0.8319411316757555,0.6481223805816224,1.480063512257378,1.0640929464195001
34.7,4241.0,73.0,75.0,73.4833920639339,1.0102506773151605,226.87648232534426,253.11515182336328,2697.0,1323.0,2203.0,2051.754067436925,2340010.0,15.469887466293702,31.9100297712177,1.0,0.9438250263887761,-237.0,4478.0,4431.0,-3.0,76.0,75.0,-3.0,78.0,77.33333333333333,-58.0,2755.0,2753.6666666666665,-145174.0,2485184.0,2472149.3333333335,0.01885609048704806,0.924968935901728,0.9310063557336998,118.19494619490577,49.07186522630809,13.31272205556542,35.77016783583793,46.756711117616746,8,0.14861111111111114,0.8038568606172174,0.5948227867513411,0.9563047559630354,-0.29237170472273705,0.835458525276546,0.6325614310733458,1.468019956349892,1.0502906937116188
34.89999999999999,4479.0,76.0,77.0,75.51714984603692,1.0139984860333657,226.4428113363313,252.63880925634166,2795.0,1353.0,2255.0,2075.766688993079,2578863.0,15.964262868658974,32.7566787083184,1.0,0.9257603059953166,238.0,4241.0,4399.333333333333,3.0,73.0,75.0,2.0,75.0,76.66666666666667,98.0,2697.0,2749.0,238853.0,2340010.0,2468019.0,-0.01806472039345952,0.9438250263887761,0.9315180894286068,118.2337324263039,48.82168063178958,13.256257988608695,35.620294889380304,46.534882525452325,8,0.15138888888888877,0.8141155183563188,0.5807029557109404,0.9455185755993173,-0.32556815445715515,0.762504850030749,0.639035796490978,1.401540646521727,1.0202882215063525
35.099999999999994,4473.0,76.0,78.0,75.46655208501566,1.0071636597103453,226.58776795047422,252.73381796312296,2764.0,1351.0,2229.0,2062.057679409792,2514106.0,14.673293464904255,30.700162866017504,1.0,0.9335740020508284,-6.0,4479.0,4397.666666666667,0.0,76.0,75.0,1.0,77.0,76.66666666666667,-31.0,2795.0,2752.0,-64757.0,2578863.0,2477659.6666666665,0.007813696055511854,0.9257603059953166,0.9343864448116403,118.27251865770205,48.571496037271054,13.199793921651967,35.47042194292266,46.31305393328789,8,0.1541666666666666,0.8241261886220154,0.5664062369248333,0.9335804264972022,-0.3583679495452992,0.7390616106891581,0.6667340094373361,1.4057956201264943,1.0362648147819151
35.3,4539.0,76.0,78.0,76.02127526918306,1.0309431422573454,226.86196441952197,252.2550104351765,2751.0,1347.0,2225.0,2061.2762723066753,2547654.0,15.74042158114427,32.55764119219941,1.0,0.925708122060531,66.0,4473.0,4497.0,0.0,76.0,76.0,0.0,78.0,77.66666666666667,-13.0,2764.0,2770.0,33548.0,2514106.0,2546874.3333333335,-0.00786587999029742,0.9335740020508284,0.9283474767022254,118.31130488910019,48.321311442752524,13.143329854695237,35.32054899646502,46.091225341123454,8,0.15694444444444441,0.8338858220671681,0.5519369853120584,0.9205048534524405,-0.3907311284892734,0.7928350743305049,0.6584003824327139,1.4512354567632189,1.0548179195979663
35.5,4398.0,75.0,76.0,74.83119348069525,1.019748320247427,226.82819672401496,252.93057022588877,2719.0,1338.0,2210.0100000000093,2051.507503410641,2425547.0,15.352578958800912,31.9100297712177,1.0,0.935386121151229,-141.0,4539.0,4470.0,-1.0,76.0,75.66666666666667,-2.0,78.0,77.33333333333333,-32.0,2751.0,2744.6666666666665,-122107.0,2547654.0,2495769.0,0.009677999090697997,0.925708122060531,0.9315560817541962,118.35009112049833,48.071126848233995,13.086865787738509,35.17067605000738,45.869396748959026,8,0.1597222222222222,0.8433914458128856,0.5372996083468239,0.90630778703665,-0.42261826174069933,0.7954220281575114,0.6758852922954264,1.4713073204529377,1.073596306374182
35.7,4496.0,74.0,77.0,75.66032641437184,1.0171653399383649,226.52894672299212,252.635597666666,2801.0,1351.0,2234.0,2066.789368327402,2548324.0,15.72807995460198,32.65348373451139,1.0,0.9279824700469799,98.0,4398.0,4477.666666666667,-1.0,75.0,75.0,1.0,76.0,77.0,82.0,2719.0,2757.0,122777.0,2425547.0,2507175.0,-0.00740365110424912,0.935386121151229,0.9296922377529132,118.38887735189647,47.820942253715465,13.03040172078178,35.02080310354974,45.64756815679459,8,0.16250000000000003,0.8526401643540923,0.5224985647159487,0.8910065241883677,-0.45399049973954714,0.7034333890039106,0.7623961799195449,1.4658295689234555,1.1141128744215
35.89999999999999,4402.0,75.0,77.0,74.86521539356036,1.013445147684514,226.99014112500825,252.56643122170547,2720.0,1337.0,2192.0,2044.047705588369,2394933.0,15.500918589779298,31.945265689926575,1.0,0.9306644486505468,-94.0,4496.0,4432.0,1.0,74.0,74.66666666666667,0.0,77.0,76.66666666666667,-81.0,2801.0,2746.6666666666665,-153391.0,2548324.0,2456268.0,0.0026819786035668924,0.9279824700469799,0.9313443466162519,118.4276635832946,47.57075765919696,12.973937653825056,34.870930157092104,45.42573956463017,8,0.16527777777777766,0.8616291604415254,0.5075383629607048,0.8746197071393965,-0.48480962024633584,0.6513282411355179,0.8153643657753553,1.4666926069108732,1.1410284863431142
36.099999999999994,4349.0,76.0,76.0,74.41316268008786,1.017751753137105,226.68008303603324,252.19593287599582,2725.0,1330.0,2207.0,2049.06392274086,2387909.0,16.73931197479146,34.52535300326414,1.0,0.9374984557619239,-53.0,4402.0,4415.666666666667,1.0,75.0,75.0,-1.0,77.0,76.66666666666667,5.0,2720.0,2748.6666666666665,-7024.0,2394933.0,2443722.0,0.0068340071113771605,0.9306644486505468,0.9320484581531502,118.46644981469275,47.32057306467843,12.917473586868326,34.72105721063446,45.203910972465735,8,0.16805555555555549,0.8703556959398995,0.4924235601034675,0.8571673007021128,-0.5150380749100535,0.6939111624562241,0.7881076168020934,1.4820187792583175,1.1350631980302055
36.3,4450.0,74.0,77.0,75.27227892173502,1.0118655523581759,226.77221851259037,252.97300342704517,2746.0,1341.0,2193.0,2049.233258426966,2444100.0,15.562246643896074,32.190837205639745,1.0,0.928599484472812,101.0,4349.0,4400.333333333333,-2.0,76.0,75.0,1.0,76.0,76.66666666666667,21.0,2725.0,2730.3333333333335,56191.0,2387909.0,2408980.6666666665,-0.008898971289111879,0.9374984557619239,0.9322541296284275,118.50523604609089,47.070388470159905,12.861009519911597,34.57118426417682,44.9820823803013,8,0.17083333333333328,0.8788171126619652,0.4771587602596088,0.8386705679454245,-0.5446390350150264,0.7252133367729786,0.7602660255588033,1.485479362331782,1.1228726939452927
36.5,4448.0,76.0,77.0,75.25536190187384,1.0281537989225564,226.47347514013435,252.76166294892528,2761.0,1343.0,2232.0100000000093,2062.794964028777,2503331.0,16.9077970750941,35.106979363083916,1.0,0.932996475496049,-2.0,4450.0,4415.666666666667,2.0,74.0,75.33333333333333,0.0,77.0,76.66666666666667,15.0,2746.0,2744.0,59231.0,2444100.0,2445113.3333333335,0.004396991023236985,0.928599484472812,0.9330314719102617,118.54402227748903,46.820203875641376,12.80454545295487,34.42131131771919,44.760253788136865,8,0.1736111111111111,0.8870108331782216,0.4617486132350341,0.819152044288992,-0.5735764363510458,0.7625503283770658,0.7598526007460004,1.5224029291230663,1.1411277649345333
36.699999999999996,4374.0,76.0,76.0,74.62673628580846,1.0289875210539576,226.5043543834561,252.15165135941132,2765.0,1335.0,2223.0,2061.4805669867396,2455920.0,16.911317877114193,35.0,1.0,0.9391470406202156,-74.0,4448.0,4424.0,0.0,76.0,75.33333333333333,-1.0,77.0,76.66666666666667,4.0,2761.0,2757.3333333333335,-47411.0,2503331.0,2467783.6666666665,0.006150565124166563,0.932996475496049,0.9335810001963588,118.58280850888717,46.57001928112285,12.748081385998141,34.271438371261546,44.538425195972444,8,0.17638888888888882,0.8949343616020248,0.4461978131098093,0.7986355100472935,-0.6018150231520474,0.8236537576560155,0.7457037469194113,1.5693575045754269,1.1575306257474192
36.9,4438.0,74.0,77.0,75.17071969546821,1.027925422243546,226.41122432145738,252.5931415526558,2782.0,1343.0,2210.0,2055.901081568274,2467104.0,15.55867525057983,32.202484376209235,1.0,0.9239659130705475,64.0,4374.0,4420.0,-2.0,76.0,75.33333333333333,1.0,76.0,76.66666666666667,17.0,2765.0,2769.3333333333335,11184.0,2455920.0,2475451.6666666665,-0.01518112754966805,0.9391470406202156,0.932036476395604,118.62159474028532,46.319834686604324,12.691617319041413,34.121565424803904,44.31659660380801,8,0.17916666666666664,0.9025852843498605,0.43051109680829525,0.777145961456971,-0.6293203910498373,0.8501906248159261,0.6949790431512033,1.5451696679671294,1.1200743555591663
37.099999999999994,4038.0,72.0,70.0,71.70314694377498,1.0496098485303782,226.71242437975712,252.47252524548253,2609.0,1303.0,2161.0100000000093,2032.7823179791976,2151375.0,13.887619831163136,28.53506614676055,1.0,0.9566044971239324,-400.0,4438.0,4283.333333333333,-2.0,74.0,74.0,-7.0,77.0,74.33333333333333,-173.0,2782.0,2718.6666666666665,-315729.0,2467104.0,2358133.0,0.03263858405338482,0.9239659130705475,0.9399058169382318,118.66038097168345,46.06965009208581,12.635153252084686,33.97169247834627,44.09476801164358,8,0.18194444444444435,0.909961270876543,0.4146932426562395,0.7547095802227727,-0.6560590289905065,0.9192135648712204,0.6397748697216626,1.558988434592883,1.0993816521572728
37.3,3765.0,69.0,70.0,69.2368896321021,1.014118119131348,226.76045221911843,252.28215839563825,2675.0,1307.0,2271.0100000000093,2076.105444887118,2169049.0,16.639183805373857,33.80088756231114,1.0,0.9651994952626705,-273.0,4038.0,4080.3333333333335,-3.0,72.0,71.66666666666667,0.0,70.0,72.33333333333333,66.0,2609.0,2688.6666666666665,17674.0,2151375.0,2262509.3333333335,0.008594998138738097,0.9566044971239324,0.9485899684857168,118.69916720308159,45.81946549756728,12.578689185127958,33.82181953188863,43.872939419479145,8,0.18472222222222218,0.9170600743851239,0.3987490689252465,0.7313537016191709,-0.6819983600624981,1.055020482789487,0.5580395883417729,1.6130600711312597,1.0855498297365163
37.5,3854.0,69.0,74.0,70.05044757465377,1.012326513335603,226.58076673116543,252.45173226084987,2684.0,1304.0,2241.0,2063.7394914374677,2172680.0,16.502056849835157,33.70830758136635,1.0,0.958284699081319,89.0,3765.0,3885.6666666666665,0.0,69.0,70.0,4.0,70.0,71.33333333333333,9.0,2675.0,2656.0,3631.0,2169049.0,2164368.0,-0.00691479618135149,0.9651994952626705,0.9600295638226406,118.73795343447973,45.56928090304875,12.522225118171228,33.67194658543099,43.65111082731471,8,0.1875,0.9238795325112867,0.38268343236508984,0.7071067811865476,-0.7071067811865475,1.0271679844693387,0.5696244101012324,1.596792394570571,1.0832084023359019
37.699999999999996,4363.0,75.0,77.0,74.53283929704754,1.0126768126648458,226.3855178741583,252.44929579510784,2779.0,1349.0,2304.0,2083.7856979142794,2547076.0,15.812427952801325,32.55764119219941,1.0,0.9372166358601,509.0,3854.0,3994.0,6.0,69.0,71.0,3.0,74.0,73.66666666666667,95.0,2684.0,2712.6666666666665,374396.0,2172680.0,2296268.3333333335,-0.021068063221219013,0.958284699081319,0.9535669434013632,118.77673966587787,45.319096308530234,12.465761051214502,33.52207363897335,43.42928223515029,8,0.1902777777777777,0.9304175679820244,0.3665012267242977,0.6819983600624991,-0.7313537016191698,0.8073975235618688,0.6873211220677956,1.4947186456296644,1.09101988384873
37.9,4173.0,74.0,75.0,72.8918968073944,1.0049831239904232,226.52816485394916,252.21773851619716,2738.0,1332.0,2268.0,2071.972202252576,2386881.0,16.821823391993835,34.471002306286366,1.0,0.9410444006215642,-190.0,4363.0,4130.0,-1.0,75.0,72.66666666666667,-2.0,77.0,75.33333333333333,-41.0,2779.0,2733.6666666666665,-160195.0,2547076.0,2368879.0,0.003827764761464292,0.9372166358601,0.9455152451876611,118.81552589727602,45.068911714011705,12.409296984257773,33.37220069251571,43.207453642985854,8,0.19305555555555554,0.9366721892483976,0.35020738125946765,0.6560590289905076,-0.7547095802227717,0.7523248230456222,0.7016476578763061,1.4539724809219283,1.0778100693991173
38.099999999999994,4378.0,77.0,76.0,74.66085136703533,1.0292932937499202,226.56652826746893,252.83299255366938,2790.0,1349.0,2294.0200000000186,2087.2693010507082,2571098.0,18.724528046601687,38.5,1.0,0.9448523549082921,205.0,4173.0,4304.666666666667,3.0,74.0,75.33333333333333,1.0,75.0,76.0,52.0,2738.0,2769.0,184217.0,2386881.0,2501685.0,0.003807954286727866,0.9410444006215642,0.9410377971299854,118.85431212867415,44.81872711949318,12.352832917301045,33.22232774605808,42.985625050821426,8,0.19583333333333325,0.9426414910921782,0.3338068592337715,0.6293203910498385,-0.7771459614569701,0.7428157110768754,0.7000960170701207,1.442911728146996,1.0715038726085584
38.3,4262.0,74.0,76.0,73.66509987545841,1.012477565369871,226.64962912606816,252.66037778786432,2732.0,1342.0,2244.0,2067.071562646645,2416905.0,14.524169819038379,29.90819285747636,1.0,0.9420382679501264,-116.0,4378.0,4271.0,-3.0,77.0,75.0,0.0,76.0,75.66666666666667,-58.0,2790.0,2753.3333333333335,-154193.0,2571098.0,2458294.6666666665,-0.0028140869581657624,0.9448523549082921,0.9426450078266608,118.8930983600723,44.56854252497466,12.296368850344317,33.072454799600436,42.76379645865699,8,0.19861111111111107,0.9483236552061992,0.31730465640509253,0.6018150231520489,-0.7986355100472924,0.7762676714530843,0.6874411300379651,1.4637088014910493,1.0755749657645073
38.5,4314.0,76.0,75.0,74.11312566602149,1.0200316000286795,226.40196524855168,251.99269554745763,2727.0,1343.0,2219.0,2054.3706536856744,2391594.0,13.576264148039277,28.442925306655784,1.0,0.9388023217987669,52.0,4262.0,4318.0,2.0,74.0,75.66666666666667,-1.0,76.0,75.66666666666667,-5.0,2732.0,2749.6666666666665,-25311.0,2416905.0,2459865.6666666665,-0.00323594615135947,0.9420382679501264,0.9418976482190619,118.93188459147044,44.31835793045613,12.239904783387589,32.922581853142795,42.541967866492556,8,0.2013888888888889,0.9537169507482269,0.30070579950427306,0.5735764363510459,-0.8191520442889919,0.8008693362989346,0.6860762413307997,1.4869455776297344,1.0865109094802672
38.699999999999996,4279.0,74.0,76.0,73.81186904503747,1.0119596189537674,226.60596797857576,252.82302104679607,2746.0,1331.0,2235.0,2065.3056788969384,2418984.0,18.45825157199866,37.48332962798263,1.0,0.9394820304722975,-35.0,4314.0,4285.0,-2.0,76.0,74.66666666666667,1.0,75.0,75.66666666666667,19.0,2727.0,2735.0,27390.0,2391594.0,2409161.0,0.0006797086735306213,0.9388023217987669,0.9401075400737303,118.97067082286857,44.06817333593761,12.183440716430862,32.77270890668516,42.320139274328135,8,0.2041666666666666,0.9588197348681929,0.2840153447039229,0.5446390350150276,-0.8386705679454236,0.7343236097638751,0.703461275157829,1.437784884921704,1.0706230800397665
38.9,4450.0,74.0,77.0,75.27227892173502,1.011818898757951,226.7813756028838,252.35033979533833,2753.0,1341.0,2215.0100000000093,2058.59797752809,2485765.0,16.965730983720743,34.92849839314596,1.0,0.9302516529116791,171.0,4279.0,4347.666666666667,0.0,74.0,74.66666666666667,1.0,76.0,76.0,7.0,2746.0,2742.0,66781.0,2418984.0,2432114.3333333335,-0.009230377560618397,0.9394820304722975,0.9361786683942479,119.00945705426672,43.81798874141908,12.126976649474132,32.62283596022752,42.0983106821637,8,0.20694444444444443,0.963630453208623,0.26723837607825696,0.5150380749100544,-0.8571673007021122,0.725461760082117,0.6987124768419174,1.4241742369240344,1.061443356882976
39.099999999999994,4464.0,77.0,77.0,75.39059177177062,1.036415616894682,226.7656121548824,252.7014488842154,2773.0,1344.0,2229.0100000000093,2059.4312275985662,2497360.0,15.638649116000522,32.202484376209235,1.0,0.9410137104782651,14.0,4450.0,4397.666666666667,3.0,74.0,75.0,0.0,77.0,76.66666666666667,20.0,2753.0,2757.3333333333335,11595.0,2485765.0,2467369.6666666665,0.010762057566585992,0.9302516529116791,0.9369157979540805,119.04824328566485,43.56780414690056,12.070512582517406,32.472963013769885,41.87648208999927,8,0.20972222222222214,0.9681476403781076,0.25038000405444194,0.48480962024633795,-0.8746197071393953,0.7272658615504927,0.7226556083914013,1.4499214699418939,1.0862885391666475
39.3,4405.0,75.0,76.0,74.89072168538898,1.0299086370395019,226.49462610310627,252.6301080215548,2773.0,1333.0,2227.0100000000093,2059.584790011351,2464991.0,18.49427499680262,38.0,1.0,0.9366594036245974,-59.0,4464.0,4439.666666666667,-2.0,77.0,75.33333333333333,-1.0,77.0,76.66666666666667,0.0,2773.0,2766.3333333333335,-32369.0,2497360.0,2482705.3333333335,-0.0043543068536676666,0.9410137104782651,0.9359749223381805,119.25889548792773,43.63611890853997,12.08919731968814,32.53198663259882,41.93898639298034,8,0.21249999999999997,0.9723699203976766,0.23344536385590567,0.4539904997395473,-0.8910065241883676,0.7065645559861656,0.7731443073165324,1.479708863302698,1.1264265853096151
39.5,4270.0,74.0,76.0,73.73420411192586,1.0205189608246668,226.67884079933984,252.5201874811727,2682.0,1311.0,2162.0,2030.988524590164,2267326.0,17.92097344332884,36.87817782917155,1.0,0.9318474714266938,-135.0,4405.0,4379.666666666667,-1.0,75.0,75.33333333333333,0.0,76.0,76.33333333333333,-91.0,2773.0,2742.6666666666665,-197665.0,2464991.0,2409892.3333333335,-0.004811932197903657,0.9366594036245974,0.9365068618431854,119.47395450995636,43.71260032033728,12.109808949272397,32.596366573614596,42.008781283016425,8,0.2152777777777778,0.9762960071199334,0.2164396139381029,0.4226182617406995,-0.9063077870366499,0.7148299820501398,0.7806904427679782,1.495520424818118,1.138105433793048
39.699999999999996,4637.0,77.0,80.0,76.83756743245422,1.0156674173854685,226.93406751479236,252.33823731511433,2826.0,1356.0,2243.0100000000093,2071.2020703040757,2648711.0,17.223482221279657,35.6931365951495,1.0,0.9222097087979776,367.0,4270.0,4437.333333333333,3.0,74.0,75.33333333333333,4.0,76.0,77.33333333333333,144.0,2682.0,2760.3333333333335,381385.0,2267326.0,2460342.6666666665,-0.009637762628716184,0.9318474714266938,0.9302388612830895,119.68901353198498,43.78908173213459,12.130420578856654,32.66074651463037,42.07857617305251,8,0.2180555555555555,0.9799247046208295,0.19936793441719763,0.3907311284892746,-0.9205048534524399,0.7321055695886516,0.7787048303875668,1.5108103999762184,1.1447576151818926
39.9,4438.0,76.0,78.0,75.17071969546821,1.0164048800557153,226.79875649491893,252.34601074706435,2759.0,1347.0,2202.0,2053.176205497972,2455020.0,14.522498008398776,30.4138126514911,1.0,0.9306441495384966,-199.0,4637.0,4448.333333333333,-1.0,77.0,75.66666666666667,-2.0,80.0,78.0,-67.0,2826.0,2755.6666666666665,-193691.0,2648711.0,2457019.0,0.008434440740519022,0.9222097087979776,0.9282337765877227,119.90407255401362,43.8655631439319,12.151032208440913,32.72512645564615,42.1483710630886,8,0.22083333333333333,0.9832549075639545,0.18223552549214767,0.35836794954530066,-0.9335804264972016,0.7629268340642915,0.7694567485084169,1.5323835825727086,1.1509201655405628
40.099999999999994,4348.0,74.0,76.0,74.40460698443671,1.0231422158715477,226.94475716883136,252.31946722717115,2724.0,1323.0,2176.0100000000093,2043.1651333946643,2361737.0,16.5626782116892,34.40930106817051,1.0,0.93567107599195,-90.0,4438.0,4474.333333333333,-2.0,76.0,75.66666666666667,-2.0,78.0,78.0,-35.0,2759.0,2769.6666666666665,-93283.0,2455020.0,2488489.3333333335,0.005026926453453373,0.9306441495384966,0.9295083114428081,120.11913157604225,43.942044555729204,12.17164383802517,32.78950639666192,42.21816595312468,8,0.22361111111111104,0.9862856015372313,0.16504760586067826,0.32556815445715787,-0.9455185755993164,0.7820489427008869,0.752306055813972,1.5343549985148588,1.1433305271644154
40.3,4458.0,76.0,78.0,75.33990901527129,1.0162120816335676,226.67315637290437,252.1581450234697,2751.0,1346.0,2218.0,2047.0812023328847,2438941.0,14.576288954980782,30.30264014900352,1.0,0.9318548501173255,110.0,4348.0,4414.666666666667,2.0,74.0,75.33333333333333,2.0,76.0,77.33333333333333,27.0,2724.0,2744.6666666666665,77204.0,2361737.0,2418566.0,-0.0038162258746244904,0.93567107599195,0.9327233585492573,120.33419059807089,44.018525967526514,12.19225546760943,32.85388633767769,42.287960843160775,8,0.22638888888888886,0.9890158633619168,0.14780941112961077,0.29237170472273705,-0.9563047559630354,0.7770507064542169,0.7400598455484002,1.5171105520026171,1.1285851987755087
40.5,4617.0,77.0,79.0,76.67168302601846,1.0058576733832705,226.577201332895,252.4800187585963,2814.0,1362.0,2271.0100000000093,2077.772796188001,2667629.0,15.907670489308105,33.04920573932148,1.0,0.920913290416321,159.0,4458.0,4474.333333333333,1.0,76.0,75.66666666666667,1.0,78.0,77.66666666666667,63.0,2751.0,2763.0,228688.0,2438941.0,2489435.6666666665,-0.010941559701004522,0.9318548501173255,0.9294797388418655,120.54924962009952,44.095007379323825,12.212867097193687,32.918266278693466,42.35775573319686,8,0.22916666666666666,0.9914448613738104,0.1305261922200517,0.258819045102521,-0.9659258262890682,0.783629753937434,0.7289293832804271,1.512559137217861,1.1207442602491442
40.699999999999996,4394.0,75.0,77.0,74.79715609277069,1.0092362428701682,226.69719387586554,252.53877632935144,2747.0,1334.0,2196.0,2051.122439690487,2421656.0,15.500357782693417,32.26840560052511,1.0,0.9343077629522938,-223.0,4617.0,4489.666666666667,-2.0,77.0,76.0,-2.0,79.0,78.0,-67.0,2814.0,2770.6666666666665,-245973.0,2667629.0,2509408.6666666665,0.013394472535972812,0.920913290416321,0.92902530116198,120.76430864212814,44.171488791121135,12.233478726777946,32.98264621970924,42.427550623232946,8,0.2319444444444444,0.9935718556765875,0.11320321376790704,0.22495105434386564,-0.9743700647852351,0.7976564056673741,0.7209648976307241,1.5186213032980982,1.119793100464411
40.9,4555.0,77.0,78.0,76.1551451070029,1.0279972945715115,226.52325194259282,252.31306099295705,2768.0,1351.0,2227.0,2056.534357848518,2535019.0,14.596279346875217,30.610455730027933,1.0,0.9200408359858446,161.0,4394.0,4522.0,2.0,75.0,76.33333333333333,1.0,77.0,78.0,21.0,2747.0,2776.3333333333335,113363.0,2421656.0,2541434.6666666665,-0.014266926966449156,0.9343077629522938,0.9250872964514865,120.97936766415678,44.247970202918445,12.254090356362203,33.04702616072502,42.49734551326903,8,0.2347222222222222,0.9953961983671787,0.09584575252022429,0.19080899537654541,-0.9816271834476639,0.7385677742021622,0.7219770478877515,1.4605448220899138,1.0912609349888327
41.099999999999994,4441.0,75.0,77.0,75.19612236125515,1.0381574323017582,226.48033474302625,253.1864658892589,2754.0,1341.0,2214.0,2052.9957216843054,2455876.0,15.660839292526873,32.26840560052511,1.0,0.9269889847858768,-114.0,4555.0,4463.333333333333,-2.0,77.0,75.66666666666667,-1.0,78.0,77.33333333333333,-14.0,2768.0,2756.3333333333335,-79143.0,2535019.0,2470850.3333333335,0.006948148800032139,0.9200408359858446,0.927112527908005,121.19442668618541,44.324451614715755,12.27470198594646,33.11140610174079,42.56714040330512,8,0.23749999999999993,0.996917333733128,0.07845909572784544,0.15643446504023187,-0.9876883405951375,0.7690853746840647,0.690904739593266,1.4599901142773306,1.0754474269352983
41.3,4438.0,75.0,76.0,75.17071969546821,1.0157625949598421,226.62087129846358,252.59280557974625,2739.0,1336.0,2203.0100000000093,2051.8898152320867,2449315.0,16.81546196898315,34.81738071710737,1.0,0.9305095506294617,-3.0,4441.0,4478.0,0.0,75.0,75.66666666666667,-1.0,77.0,77.0,-15.0,2754.0,2753.6666666666665,-6561.0,2455876.0,2480070.0,0.003520565843584955,0.9269889847858768,0.9258464571337277,121.40948570821405,44.400933026513066,12.29531361553072,33.17578604275656,42.6369352933412,8,0.24027777777777773,0.9981347984218669,0.06104853953485713,0.12186934340514799,-0.992546151641322,0.7947153385618767,0.6694265318299745,1.4641418703918512,1.0667842011109128
41.5,4530.0,76.0,78.0,75.94586978664664,1.002508876839126,226.47263240484267,252.54003683341463,2771.0,1346.0,2210.0100000000093,2051.7353200883003,2499383.0,15.687585844922985,32.55764119219941,1.0,0.9218575144345624,92.0,4438.0,4469.666666666667,1.0,75.0,75.33333333333333,2.0,76.0,77.0,32.0,2739.0,2754.6666666666665,50068.0,2449315.0,2468191.3333333335,-0.008652036194899293,0.9305095506294617,0.9264520166166337,121.62454473024268,44.477414438310376,12.315925245114979,33.24016598377234,42.70673018337729,8,0.24305555555555555,0.9990482215818578,0.04361938736533601,0.0871557427476582,-0.9961946980917455,0.7603009335878089,0.692149058926369,1.4524499925141778,1.0722995257202734
41.699999999999996,4400.0,74.0,78.0,74.84820637019111,1.0147356363677131,227.07180443268805,252.35680465339797,2730.0,1328.0,2204.0,2045.7595454545456,2401370.0,16.597788300006993,34.40930106817051,1.0,0.9351894959960356,-130.0,4530.0,4456.0,-2.0,76.0,75.0,0.0,78.0,77.33333333333333,-41.0,2771.0,2746.6666666666665,-98013.0,2499383.0,2450022.6666666665,0.013331981561473194,0.9218575144345624,0.9291855203533533,121.8396037522713,44.55389585010768,12.336536874699236,33.304545924788115,42.776525073413374,8,0.24583333333333326,0.9996573249755573,0.026176948307873583,0.052335956242944695,-0.9986295347545738,0.7439408477741538,0.6993969376724745,1.4433377854466283,1.0713673615595514
41.9,4569.0,78.0,78.0,76.27208847209415,1.003215144431891,226.57098615175494,252.65373905683506,2801.0,1357.0,2245.0,2070.9577588093675,2608762.0,14.746949828977895,31.00403199585499,1.0,0.9297168542013414,169.0,4400.0,4499.666666666667,4.0,74.0,76.0,0.0,78.0,78.0,71.0,2730.0,2767.3333333333335,207392.0,2401370.0,2503171.6666666665,-0.0054726417946942,0.9351894959960356,0.9289212882106465,122.05466277429994,44.63037726190499,12.357148504283494,33.36892586580389,42.84631996344946,8,0.2486111111111111,0.9999619230641713,0.008726535498374119,0.017452406437283883,-0.9998476951563913,0.8061889630072869,0.62610710442594,1.432296067433227,1.0292015859295836
42.099999999999994,4422.0,75.0,76.0,75.0350935684023,1.0176860968190409,227.00130408207636,252.48890032940483,2751.0,1334.0,2196.0,2051.2731795567615,2437760.0,16.72333832230711,34.61574786134195,1.0,0.9300439747965346,-147.0,4569.0,4463.666666666667,-3.0,78.0,75.66666666666667,-2.0,78.0,77.33333333333333,-50.0,2801.0,2760.6666666666665,-171002.0,2608762.0,2482630.6666666665,0.0003271205951931311,0.9297168542013414,0.9316501083313039,122.26972179632857,44.7068586737023,12.377760133867753,33.43330580681966,42.916114853485546,8,0.25138888888888883,0.9999619230641713,-0.008726535498373553,-0.01745240643728275,-0.9998476951563913,0.8886316350066229,0.514948145218135,1.4035797802247578,0.9592639627214464
42.3,4148.0,73.0,74.0,72.67322499766648,1.002117373699871,226.41118268077048,252.63975096499138,2697.0,1326.0,2263.0,2062.9831243973,2335254.0,16.59291779060546,34.0147027033899,1.0,0.9519855227739681,-274.0,4422.0,4379.666666666667,-2.0,75.0,75.33333333333333,-2.0,76.0,76.0,-54.0,2751.0,2749.6666666666665,-102506.0,2437760.0,2460592.0,0.02194154797743353,0.9300439747965346,0.937248783923948,122.48478081835721,44.78334008549961,12.39837176345201,33.49768574783544,42.98590974352163,8,0.25416666666666665,0.9996573249755573,-0.026176948307873017,-0.052335956242943564,-0.9986295347545738,0.729302101950259,0.6513701277387937,1.3806722296890526,1.016021178713923
42.5,3561.0,68.0,68.0,67.3350281710932,1.0069168242709081,227.03155137455883,252.41889282388485,2601.0,1278.0,2216.0,2052.7596180848077,1968389.0,17.651521092433033,35.556293395122054,1.0,0.9744704933831676,-587.0,4148.0,4043.6666666666665,-5.0,73.0,72.0,-6.0,74.0,72.66666666666667,-96.0,2697.0,2683.0,-366865.0,2335254.0,2247134.3333333335,0.022484970609199517,0.9519855227739681,0.9521666636512234,122.69983984038583,44.85982149729692,12.41898339303627,33.56206568885121,43.05570463355772,8,0.2569444444444444,0.9990482215818578,-0.04361938736533589,-0.08715574274765794,-0.9961946980917455,0.7107525740684385,0.7054056899459771,1.4161582640144155,1.0607819769801963
42.699999999999996,4232.0,76.0,75.0,73.40537959386361,1.0168979326269532,226.57354618680307,252.68334203807476,2737.0,1342.0,2279.0,2067.7941871455578,2402935.0,14.594373043244326,29.841246622753548,1.0,0.945880350488049,671.0,3561.0,3980.3333333333335,8.0,68.0,72.33333333333333,7.0,68.0,72.33333333333333,136.0,2601.0,2678.3333333333335,434546.0,1968389.0,2235526.0,-0.02859014289511863,0.9744704933831676,0.9574454555483949,122.91489886241446,44.93630290909422,12.439595022620527,33.626445629866986,43.1254995235938,8,0.2597222222222222,0.998134798421867,-0.06104853953485656,-0.12186934340514687,-0.9925461516413221,0.7470303217352924,0.7092675888396769,1.4562979105749694,1.0827827497073232
42.9,4185.0,74.0,75.0,72.99662659819737,1.1183910890928466,224.98391222458832,253.58166566272726,2770.0,1330.0,2243.0100000000093,2063.2927120669056,2357399.0,16.820236412482025,34.59100308489263,1.0,0.926415511332617,-47.0,4232.0,3992.6666666666665,-2.0,76.0,72.66666666666667,0.0,75.0,72.66666666666667,33.0,2737.0,2702.6666666666665,-45536.0,2402935.0,2242907.6666666665,-0.019464839155431957,0.945880350488049,0.9489221184012778,123.1299578844431,45.012784320891534,12.460206652204786,33.690825570882765,43.19529441362989,8,0.26249999999999996,0.996917333733128,-0.07845909572784467,-0.1564344650402303,-0.9876883405951378,0.7909644253821361,0.7031434837503442,1.4941079091324803,1.0986256964414123
43.099999999999994,4310.0,74.0,74.0,74.07875834413366,1.0423985365706974,226.11639362458365,252.60605181392822,2737.0,1346.0,2264.0,2068.57030162413,2450567.0,14.593492853343673,30.041637771599603,1.0,0.942331713436115,125.0,4185.0,4242.333333333333,0.0,74.0,74.66666666666667,-1.0,75.0,74.66666666666667,-33.0,2770.0,2748.0,93168.0,2357399.0,2403633.6666666665,0.01591620210349798,0.926415511332617,0.9382091917522604,123.34501690647173,45.089265732688844,12.480818281789043,33.75520551189854,43.265089303665974,8,0.2652777777777777,0.9953961983671789,-0.09584575252022351,-0.19080899537654386,-0.9816271834476641,0.7679041278737763,0.7119513723670603,1.4798555002408367,1.0959034363039484
43.3,4395.0,76.0,75.0,74.8056668916937,1.0465332435453147,225.44557506561802,252.45014221714376,2770.0,1354.0,2303.0,2092.5979522184302,2604482.0,14.68413443784599,30.4138126514911,1.0,0.9322813519156592,85.0,4310.0,4296.666666666667,2.0,74.0,74.66666666666667,1.0,74.0,74.66666666666667,33.0,2737.0,2759.0,153915.0,2450567.0,2470816.0,-0.010050361520455797,0.942331713436115,0.9336761922281305,123.56007592850037,45.165747144486154,12.5014299113733,33.81958545291431,43.33488419370206,8,0.2680555555555555,0.9935718556765876,-0.11320321376790626,-0.2249510543438641,-0.9743700647852355,0.6935946976405547,0.7492763755069574,1.442871073147512,1.0960737243272347
43.5,4417.0,77.0,75.0,74.99266010147403,1.0753049649572815,225.10659932125319,252.40977161087136,2785.0,1349.0,2302.0,2087.4534752094182,2594801.0,18.579479825719684,38.27531841800928,1.0,0.9287382731854967,22.0,4395.0,4374.0,1.0,76.0,75.66666666666667,0.0,75.0,74.66666666666667,15.0,2770.0,2764.0,-9681.0,2604482.0,2549950.0,-0.0035430787301624633,0.9322813519156592,0.9344504461790902,123.775134950529,45.242228556283465,12.52204154095756,33.88396539393008,43.40467908373815,8,0.2708333333333333,0.9914448613738105,-0.13052619222005138,-0.25881904510252035,-0.9659258262890684,0.7218223207556448,0.7483296259819113,1.4701519467375561,1.1092407863597338
43.699999999999996,4518.0,74.0,80.0,75.84521252599576,1.0894567985139088,224.9136729764793,252.61967456634764,2822.0,1371.0,2351.0100000000093,2110.606241699867,2759575.0,15.148281205171726,30.805843601498726,1.0,0.8963188172091717,101.0,4417.0,4443.333333333333,-3.0,77.0,75.66666666666667,5.0,75.0,76.66666666666667,37.0,2785.0,2792.3333333333335,164774.0,2594801.0,2652952.6666666665,-0.03241945597632501,0.9287382731854967,0.9191128141034426,123.99019397255763,45.318709968080775,12.542653170541817,33.94834533494586,43.47447397377424,8,0.273611111111111,0.9890158633619169,-0.14780941112961,-0.2923717047227355,-0.9563047559630359,0.7205465800478185,0.7539404923700858,1.4744870724179042,1.114213782393995
43.9,4229.0,72.0,79.0,73.3793570064838,1.0758236678860915,225.17624373962772,252.8608928114092,2707.0,1333.0,2283.0,2075.2099787183733,2432581.0,16.68356177852143,34.0147027033899,1.0,0.8978319735293501,-289.0,4518.0,4388.0,-2.0,74.0,74.33333333333333,-1.0,80.0,78.0,-115.0,2822.0,2771.3333333333335,-326994.0,2759575.0,2595652.3333333335,0.0015131563201783438,0.8963188172091717,0.9076296879746728,124.20525299458626,45.395191379878085,12.563264800126076,34.012725275961635,43.54426886381032,8,0.27638888888888885,0.9862856015372314,-0.16504760586067727,-0.3255681544571559,-0.9455185755993171,0.6897037723738371,0.7810211997847014,1.4707249721585385,1.12587308597162
44.099999999999994,4238.0,74.0,76.0,73.45739711280015,1.024133275344387,226.00045372164135,252.43618717308107,2745.0,1338.0,2269.0,2066.8603114676735,2402418.0,15.59497038135833,32.06633748964793,1.0,0.9385136142003598,9.0,4229.0,4328.333333333333,2.0,72.0,73.33333333333333,-3.0,79.0,78.33333333333333,38.0,2707.0,2758.0,-30163.0,2432581.0,2531524.6666666665,0.04068164067100977,0.8978319735293501,0.9108881349796273,124.42031201661489,45.47167279167539,12.583876429710333,34.07710521697741,43.61406375384641,8,0.27916666666666656,0.9832549075639547,-0.18223552549214667,-0.35836794954529877,-0.9335804264972023,0.6964258846640279,0.7783510776398109,1.4747769623038387,1.1265640199718248
44.3,4082.0,72.0,74.0,72.0927445836884,1.010911694217636,226.09141033950294,252.0046529951898,2658.0,1319.0,2214.0,2048.4500244977953,2238773.0,14.139736414091876,29.124731758421397,1.0,0.9378856185955432,-156.0,4238.0,4183.0,-2.0,74.0,72.66666666666667,-2.0,76.0,76.33333333333333,-87.0,2745.0,2703.3333333333335,-163645.0,2402418.0,2357924.0,-0.0006279956048166335,0.9385136142003598,0.924743735441751,124.63537103864353,45.5481542034727,12.604488059294592,34.14148515799318,43.683858643882495,8,0.2819444444444444,0.9799247046208297,-0.19936793441719686,-0.3907311284892731,-0.9205048534524406,0.7558641409542016,0.7207462889479698,1.4766104299021714,1.0986783594250706
44.5,4436.0,75.0,78.0,75.15377981475837,1.0198887573683073,225.9497693217359,252.321418068371,2793.0,1350.0,2288.0100000000093,2079.5040577096484,2570689.0,17.15144863257512,35.106979363083916,1.0,0.9206267269202926,354.0,4082.0,4252.0,3.0,72.0,73.66666666666667,4.0,74.0,76.0,135.0,2658.0,2732.0,331916.0,2238773.0,2403960.0,-0.01725889167525063,0.9378856185955432,0.9323419865720651,124.85043006067217,45.62463561527001,12.62509968887885,34.20586509900896,43.75365353391858,8,0.2847222222222222,0.9762960071199334,-0.2164396139381028,-0.4226182617406993,-0.90630778703665,0.7828225598879132,0.6547782315126393,1.4376007914005524,1.0461895114565958
44.699999999999996,4401.0,76.0,78.0,74.85671136497683,1.0131603966568845,226.09681296740746,252.93630285550654,2771.0,1362.0,2278.0100000000093,2074.484889797773,2528312.0,13.163792585084606,27.5,1.0,0.9330770885871681,-35.0,4436.0,4306.333333333333,1.0,75.0,74.33333333333333,0.0,78.0,76.66666666666667,-22.0,2793.0,2740.6666666666665,-42377.0,2570689.0,2445924.6666666665,0.01245036166687552,0.9206267269202926,0.930529811367668,125.0654890827008,45.70111702706732,12.645711318463107,34.27024504002473,43.823448423954666,8,0.2874999999999999,0.9723699203976767,-0.23344536385590492,-0.45399049973954586,-0.8910065241883683,0.7291959388252389,0.670971139137899,1.4001670779631379,1.0355691085505185
44.9,4545.0,78.0,80.0,76.07150406572302,1.0172903332104253,226.0789277372633,252.29493388552433,2812.0,1359.0,2298.0100000000093,2085.4598459845984,2660968.0,15.899628013226902,32.86715685908959,1.0,0.9189482925010748,144.0,4401.0,4460.666666666667,2.0,76.0,76.33333333333333,2.0,78.0,78.66666666666667,41.0,2771.0,2792.0,132656.0,2528312.0,2586656.3333333335,-0.014128796086093298,0.9330770885871681,0.9242173693361785,125.28054810472942,45.77759843886463,12.666322948047366,34.334624981040506,43.89324331399075,8,0.29027777777777775,0.9681476403781079,-0.25038000405444116,-0.48480962024633656,-0.8746197071393961,0.7126736599620052,0.6885201740797142,1.4011938340417194,1.0448570040607168
45.099999999999994,4142.0,73.0,75.0,72.62064578543105,1.0238725246079212,226.40012678666685,252.04580246852655,2676.0,1315.0,2197.0100000000093,2038.1315789473683,2228941.0,15.199809893159534,31.212978070027216,1.0,0.9454018747019325,-403.0,4545.0,4362.666666666667,-5.0,78.0,75.66666666666667,-5.0,80.0,77.66666666666667,-136.0,2812.0,2753.0,-432027.0,2660968.0,2472740.3333333335,0.026453582200857695,0.9189482925010748,0.9324757519300585,125.49560712675805,45.85407985066193,12.686934577631623,34.39900492205628,43.96303820402684,8,0.29305555555555546,0.9636304532086232,-0.26723837607825623,-0.515038074910053,-0.857167300702113,0.7373074485263856,0.6916907440705399,1.4289981925969255,1.0603444683337326
45.3,4123.0,74.0,75.0,72.4538932214348,1.09445638933338,225.62305470939495,252.96666765666382,2708.0,1332.0,2264.0,2063.4826582585497,2323291.0,15.532824637346089,31.752952618614856,1.0,0.9460885442245505,-19.0,4142.0,4270.0,1.0,73.0,75.0,0.0,75.0,76.66666666666667,32.0,2676.0,2732.0,94350.0,2228941.0,2404400.0,0.0006866695226179775,0.9454018747019325,0.9368129038091859,125.71066614878669,45.93056126245924,12.707546207215882,34.46338486307206,44.03283309406292,8,0.2958333333333333,0.9588197348681932,-0.2840153447039222,-0.5446390350150263,-0.8386705679454245,0.7480819902168134,0.7014086569568274,1.4494906471736408,1.0754496520652341
45.5,4372.0,75.0,77.0,74.6096728955578,1.0067676349144838,226.30453130790193,252.34190299579043,2804.0,1351.0,2315.0,2086.9855901189385,2566406.0,17.08674387863875,35.44150056376826,1.0,0.9396704964062584,249.0,4123.0,4212.333333333333,1.0,74.0,74.0,2.0,75.0,75.66666666666667,96.0,2708.0,2729.3333333333335,243115.0,2323291.0,2372879.3333333335,-0.0064180478182920275,0.9460885442245505,0.9437203051109138,125.92572517081533,46.00704267425655,12.72815783680014,34.52776480408783,44.10262798409901,8,0.2986111111111111,0.9537169507482269,-0.30070579950427295,-0.5735764363510458,-0.819152044288992,0.7945739360980111,0.6948024008492029,1.489376336947214,1.0920893688982085
45.699999999999996,4264.0,73.0,76.0,73.68238201056433,1.03342631990116,225.91990282277865,252.17459696623473,2758.0,1334.0,2256.0,2070.22373358349,2431460.0,16.75614008756943,34.61574786134195,1.0,0.9340577266333807,-108.0,4372.0,4253.0,-2.0,75.0,74.0,-1.0,77.0,76.0,-46.0,2804.0,2756.6666666666665,-134946.0,2566406.0,2440385.6666666665,-0.005612769772877724,0.9396704964062584,0.9399389224213964,126.01217605297641,45.790038981055964,12.660879648847912,34.351493855890496,43.94140818588834,8,0.3013888888888888,0.9483236552061995,-0.31730465640509153,-0.6018150231520473,-0.7986355100472936,0.8598019276051528,0.6848497830935261,1.544651710698679,1.1147507468961027
45.9,4023.0,72.0,72.0,71.56984482636217,1.016325128500427,226.65394441613864,252.22050633869856,2647.0,1315.0,2193.0,2044.9482972905791,2192347.0,14.053839206502836,29.0,1.0,0.9518598105135729,-241.0,4264.0,4219.666666666667,-1.0,73.0,73.33333333333333,-4.0,76.0,75.0,-111.0,2758.0,2736.3333333333335,-239113.0,2431460.0,2396737.6666666665,0.01780208388019222,0.9340577266333807,0.9418626778510708,126.08819924812123,45.549239198260935,12.5864752594738,34.15571067343264,43.76145746700901,8,0.30416666666666664,0.9426414910921784,-0.3338068592337708,-0.6293203910498373,-0.7771459614569711,0.9049099573575972,0.6462585970581233,1.5511685544157203,1.0987135757369217
46.099999999999994,4110.0,73.0,74.0,72.33957788694595,1.0184041461858797,226.81185758398038,252.17229045931413,2685.0,1327.0,2238.0,2058.973722627737,2297430.0,15.372388082339794,31.38470965295043,1.0,0.9504898952307579,87.0,4023.0,4132.333333333333,1.0,72.0,72.66666666666667,2.0,72.0,74.0,38.0,2647.0,2696.6666666666665,105083.0,2192347.0,2307079.0,-0.0013699152828150485,0.9518598105135729,0.9454691441259039,126.16422244326604,45.30843941546591,12.512070870099695,33.95992749097478,43.58150674812968,8,0.30694444444444435,0.9366721892483978,-0.35020738125946693,-0.6560590289905064,-0.7547095802227727,0.9841687523246463,0.5131967898107762,1.4973655421354224,1.0052811659730994
46.3,4125.0,72.0,75.0,72.47146419131151,1.0624278818027217,225.89569177780115,252.0666317822764,2714.0,1326.0,2233.0100000000093,2060.1185454545453,2310522.0,15.38762901523947,31.304951684997057,1.0,0.9370748255156194,15.0,4110.0,4086.0,-1.0,73.0,72.33333333333333,1.0,74.0,73.66666666666667,29.0,2685.0,2682.0,13092.0,2297430.0,2266766.3333333335,-0.013415069715138506,0.9504898952307579,0.9464748437533167,126.24024563841085,45.06763963267089,12.437666480725586,33.76414430851691,43.401556029250344,8,0.3097222222222222,0.9304175679820247,-0.36650122672429697,-0.681998360062498,-0.7313537016191709,0.8853177510907942,0.576800273856824,1.4621180249476182,1.0194591494022212
46.5,4504.0,77.0,77.0,75.72760995493766,1.0114537421944256,226.44981512574753,252.05238128850294,2818.0,1371.0,2333.0,2091.348134991119,2663626.0,14.078428507993568,29.206163733020468,1.0,0.9362027551916072,379.0,4125.0,4246.333333333333,5.0,72.0,74.0,2.0,75.0,75.33333333333333,104.0,2714.0,2739.0,353104.0,2310522.0,2423859.3333333335,-0.000872070324012153,0.9370748255156194,0.9412558253126614,126.31626883355567,44.82683984987586,12.363262091351475,33.56836112605905,43.22160531037101,8,0.3125,0.9238795325112867,-0.3826834323650897,-0.7071067811865475,-0.7071067811865477,0.8081415376726475,0.6840565133777325,1.49219805105038,1.0881272822140562
46.699999999999996,4502.0,77.0,77.0,75.7107946755131,1.0127804773338844,226.3048136842958,253.03139105128247,2808.0,1360.0,2319.0,2081.2874278098625,2617024.0,15.894864328670518,32.69556544854363,1.0,0.938422421804309,-2.0,4504.0,4377.0,0.0,77.0,75.33333333333333,0.0,77.0,76.33333333333333,-10.0,2818.0,2780.0,-46602.0,2663626.0,2530390.6666666665,0.0022196666127017872,0.9362027551916072,0.9372333341705118,126.39229202870048,44.58604006708084,12.288857701977369,33.37257794360119,43.041654591491685,8,0.3152777777777777,0.9170600743851243,-0.39874906892524575,-0.7313537016191698,-0.6819983600624993,0.7995852239808248,0.7295191487846991,1.529104372765524,1.1293117607751115
46.9,4274.0,73.0,75.0,73.76873195465735,1.0181368939745488,226.09854635202944,252.27235040075027,2729.0,1339.0,2252.0,2060.8338792700047,2397034.0,14.554411211272038,29.832867780352597,1.0,0.934229552021373,-228.0,4502.0,4426.666666666667,-4.0,77.0,75.66666666666667,-2.0,77.0,76.33333333333333,-79.0,2808.0,2785.0,-219990.0,2617024.0,2559228.0,-0.004192869782935982,0.938422421804309,0.9362849096724298,126.4683152238453,44.345240284285815,12.214453312603258,33.176794761143334,42.861703872612345,8,0.31805555555555554,0.9099612708765433,-0.4146932426562388,-0.7547095802227717,-0.6560590289905076,0.8015320066552397,0.7305401616838502,1.5320721683390899,1.13130616501147
47.099999999999994,4168.0,72.0,75.0,72.84821495723939,1.0064806195064158,226.57440060761235,252.38114824199207,2698.0,1314.0,2187.0,2041.4352207293666,2256711.0,16.537966019188733,34.03307215048327,1.0,0.9461074102975525,-106.0,4274.0,4314.666666666667,-1.0,73.0,74.0,0.0,75.0,75.66666666666667,-31.0,2729.0,2745.0,-140323.0,2397034.0,2423589.6666666665,0.011877858276179487,0.934229552021373,0.9395864613744115,126.54433841899011,44.10444050149079,12.140048923229152,32.981011578685475,42.68175315373302,8,0.32083333333333325,0.9025852843498609,-0.4305110968082945,-0.77714596145697,-0.6293203910498385,0.796915670720674,0.7230519030299457,1.5199675737506197,1.1215097383902828
47.3,4416.0,76.0,78.0,74.98417052652165,1.0227812302986252,226.48382023554444,252.16394801068867,2747.0,1337.0,2230.0,2059.392436594203,2470306.0,16.712870598472854,34.659053651246744,1.0,0.921279388059617,248.0,4168.0,4286.0,4.0,72.0,73.66666666666667,3.0,75.0,76.0,49.0,2698.0,2724.6666666666665,213595.0,2256711.0,2374683.6666666665,-0.024828022237935565,0.9461074102975525,0.9338721167928475,126.62036161413492,43.86364071869576,12.065644533855043,32.78522839622761,42.50180243485369,8,0.32361111111111107,0.8949343616020252,-0.44619781310980844,-0.7986355100472923,-0.6018150231520489,0.7639980025854765,0.7404405404012134,1.50443854298669,1.1224395416939517
47.5,4401.0,75.0,78.0,74.85671136497683,1.0171390409093655,226.84454759390695,252.18829980417786,2725.0,1339.0,2197.0,2042.9250170415814,2389432.0,14.369333735175244,30.083217912982647,1.0,0.9342086320096157,-15.0,4416.0,4328.333333333333,-1.0,76.0,74.33333333333333,0.0,78.0,77.0,-22.0,2747.0,2723.3333333333335,-80874.0,2470306.0,2372149.6666666665,0.012929243949998726,0.921279388059617,0.933865143455595,126.69638480927973,43.62284093590074,11.991240144480932,32.58944521376975,42.321851715974354,8,0.3263888888888889,0.8870108331782218,-0.4617486132350338,-0.8191520442889916,-0.5735764363510464,0.7240352743959994,0.7789866663171141,1.5030219407131136,1.1410043035151138
47.699999999999996,4448.0,75.0,77.0,75.25536190187384,1.0182394948056468,226.60350473743114,252.3904993585901,2760.0,1334.0,2196.0100000000093,2049.4233363309354,2443854.0,16.93061714726095,34.81738071710737,1.0,0.9278303859395856,47.0,4401.0,4421.666666666667,0.0,75.0,75.33333333333333,-1.0,78.0,77.66666666666667,35.0,2725.0,2744.0,54422.0,2389432.0,2434530.6666666665,-0.006378246070030125,0.9342086320096157,0.9277728020029393,126.77240800442455,43.38204115310572,11.916835755106826,32.39366203131189,42.14190099709502,8,0.3291666666666666,0.8788171126619656,-0.4771587602596081,-0.8386705679454236,-0.5446390350150278,0.7671049874508205,0.7848538050640232,1.5519587925148437,1.1684062987894335
47.9,4598.0,77.0,80.0,76.51375972132253,1.021956763801459,226.72519111407942,252.3656349849594,2808.0,1347.0,2227.0100000000093,2062.7074815137016,2587351.0,17.121667771143652,35.30580688781946,1.0,0.9188544577059703,150.0,4448.0,4482.333333333333,2.0,75.0,75.66666666666667,3.0,77.0,78.33333333333333,48.0,2760.0,2764.3333333333335,143497.0,2443854.0,2473545.6666666665,-0.00897592823361526,0.9278303859395856,0.9269644918850571,126.84843119956936,43.141241370310695,11.842431365732715,32.197878848854025,41.96195027821569,8,0.33194444444444443,0.8703556959398997,-0.492423560103467,-0.8571673007021121,-0.5150380749100544,0.834979977034891,0.7889830390436439,1.6239630160785348,1.2064730275610893
48.099999999999994,4330.0,76.0,77.0,74.25043588224418,1.0047202397233175,226.65065755708974,253.10567930515322,2715.0,1325.0,2175.0,2041.7912240184758,2345980.0,16.496140540967332,34.2235299172952,1.0,0.9321528742785531,-268.0,4598.0,4458.666666666667,-1.0,77.0,76.0,-3.0,80.0,78.0,-93.0,2808.0,2761.0,-241371.0,2587351.0,2459061.6666666665,0.013298416572582794,0.9188544577059703,0.9262792393080362,126.92445439471418,42.90044158751567,11.768026976358609,32.00209566639617,41.78199955933636,8,0.33472222222222214,0.8616291604415262,-0.5075383629607035,-0.8746197071393951,-0.4848096202463384,0.7481012555196226,0.8060638710906372,1.5541651266102596,1.1801144988504484
48.3,4461.0,75.0,77.0,75.36525465400857,1.0110598706878782,226.60152901386914,252.22241875036354,2751.0,1347.0,2182.0,2039.5158036314729,2406801.0,13.73411591503683,29.0,1.0,0.9273400667525068,131.0,4330.0,4463.0,-1.0,76.0,76.0,0.0,77.0,78.0,36.0,2715.0,2758.0,60821.0,2345980.0,2446710.6666666665,-0.004812807526046292,0.9321528742785531,0.92611579957901,127.00047758985899,42.65964180472064,11.6936225869845,31.806312483938306,41.60204884045703,8,0.33749999999999997,0.8526401643540923,-0.5224985647159488,-0.8910065241883678,-0.45399049973954697,0.7242569579716421,0.7959228092371745,1.5201797672088166,1.1580512882229956
48.5,4379.0,75.0,76.0,74.66937770194203,1.0257059848701695,226.81844876630353,252.2471733496281,2727.0,1335.0,2178.0,2041.89312628454,2372983.0,15.428905238351772,32.09750769140807,1.0,0.9250453964482679,-82.0,4461.0,4390.0,0.0,75.0,75.33333333333333,-1.0,77.0,76.66666666666667,-24.0,2751.0,2731.0,-33818.0,2406801.0,2375254.6666666665,-0.0022946703042389105,0.9273400667525068,0.9281794458264425,127.0765007850038,42.41884202192562,11.619218197610389,31.610529301480444,41.42209812157769,8,0.3402777777777778,0.8433914458128856,-0.537299608346824,-0.90630778703665,-0.42261826174069916,0.7673338750192509,0.7661644472959855,1.5334983223152365,1.149831384805611
48.699999999999996,4479.0,77.0,77.0,75.51714984603692,1.0121937243920276,226.52599955946943,253.04054693442657,2766.0,1347.0,2218.0,2054.4471980352755,2483447.0,14.5623510416889,30.700162866017504,1.0,0.9306874678622092,100.0,4379.0,4439.666666666667,2.0,75.0,75.66666666666667,1.0,76.0,76.66666666666667,39.0,2727.0,2748.0,110464.0,2372983.0,2421077.0,0.005642071413941352,0.9250453964482679,0.9276909770209946,127.15252398014862,42.1780422391306,11.544813808236283,31.41474611902259,41.242147402698365,8,0.3430555555555555,0.8338858220671684,-0.5519369853120578,-0.9205048534524399,-0.39073112848927466,0.7948731643332202,0.7539984882729979,1.548871652606218,1.151435070439608
48.9,4379.0,74.0,76.0,74.66937770194203,1.0310289844756662,226.67550269005181,252.79817434087644,2738.0,1335.0,2194.0100000000093,2044.0698789678008,2382491.0,15.440470487788803,32.202484376209235,1.0,0.9382738486735102,-100.0,4479.0,4412.333333333333,-3.0,77.0,75.33333333333333,-1.0,77.0,76.33333333333333,-28.0,2766.0,2743.6666666666665,-100956.0,2483447.0,2412973.6666666665,0.007586380811300919,0.9306874678622092,0.9313355709946625,127.22854717529343,41.93724245633557,11.470409418862172,31.218962936564726,41.06219668381903,8,0.3458333333333333,0.8241261886220158,-0.5664062369248326,-0.9335804264972015,-0.3583679495453007,0.7593729046664044,0.7613824394516947,1.5207553441180992,1.141068891784897
49.099999999999994,4421.0,75.0,78.0,75.02660879497456,1.007989578315847,226.3830452034519,252.57164659007395,2774.0,1335.0,2194.0,2050.6132096810675,2434274.0,16.890940553965926,34.88911004883902,1.0,0.9292659741672465,42.0,4379.0,4426.333333333333,1.0,74.0,75.33333333333333,2.0,76.0,77.0,36.0,2738.0,2759.3333333333335,51783.0,2382491.0,2433404.0,-0.009007874506263613,0.9382738486735102,0.932742430234322,127.30457037043824,41.69644267354055,11.396005029488066,31.023179754106867,40.882245964939706,8,0.34861111111111104,0.8141155183563195,-0.5807029557109394,-0.9455185755993165,-0.3255681544571575,0.7410694088672745,0.7481663797769036,1.489235788644178,1.118701084210541
49.3,4809.0,78.0,80.0,78.2496579585585,1.019472679152718,226.67492117847524,252.32576785026254,2879.0,1374.0,2267.0,2081.2516115616554,2795479.0,16.156065161737597,33.425289826716536,1.0,0.9127484055505336,388.0,4421.0,4536.333333333333,3.0,75.0,75.66666666666667,2.0,78.0,78.0,105.0,2774.0,2797.0,361205.0,2434274.0,2537414.6666666665,-0.01651756861671294,0.9292659741672465,0.9267627427970968,127.38059356558306,41.45564289074552,11.321600640113957,30.827396571649004,40.702295246060366,8,0.35138888888888886,0.8038568606172174,-0.5948227867513411,-0.9563047559630353,-0.2923717047227371,0.7693395049112259,0.7222186155479663,1.4915581204591921,1.1068883680035793
49.5,4336.0,74.0,77.0,74.30186179344139,1.0104045406416937,226.90503278290433,252.6776256677999,2700.0,1331.0,2160.0100000000093,2031.8450184501844,2306080.0,14.248467938646103,29.90819285747636,1.0,0.9308679664192049,-473.0,4809.0,4522.0,-4.0,78.0,75.66666666666667,-3.0,80.0,78.33333333333333,-179.0,2879.0,2784.3333333333335,-489399.0,2795479.0,2511944.3333333335,0.01811956086867128,0.9127484055505336,0.924294115378995,127.45661676072787,41.21484310795049,11.247196250739846,30.63161338919114,40.52234452718103,8,0.3541666666666667,0.7933533402912352,-0.6087614290087207,-0.9659258262890683,-0.25881904510252063,0.7726646873522519,0.7315118841085434,1.5041765714607953,1.1178442277846694
49.699999999999996,4526.0,76.0,79.0,75.91233219623375,1.011864127141315,226.89968251760467,252.47433859182084,2764.0,1342.0,2184.0100000000093,2046.44454264251,2473219.0,15.479626561311028,32.16364407215078,1.0,0.923452795728967,190.0,4336.0,4557.0,2.0,74.0,76.0,2.0,77.0,78.66666666666667,64.0,2700.0,2781.0,167139.0,2306080.0,2524926.0,-0.007415170690237893,0.9308679664192049,0.922356389232902,127.53263995587268,40.97404332515548,11.17279186136574,30.435830206733282,40.34239380830171,8,0.3569444444444444,0.7826081568524142,-0.6225146366376191,-0.9743700647852349,-0.22495105434386614,0.754055107537922,0.7382878322908891,1.492342939828811,1.1153153860598501
49.9,4363.0,76.0,77.0,74.53283929704754,1.0079102851185284,226.57365239404106,252.50111039006052,2759.0,1337.0,2213.0100000000093,2048.8549163419666,2394662.0,15.496450868295355,31.976553910638962,1.0,0.927115392485453,-163.0,4526.0,4408.333333333333,0.0,76.0,75.33333333333333,-2.0,79.0,77.66666666666667,-5.0,2764.0,2741.0,-78557.0,2473219.0,2391320.3333333335,0.0036625967564860584,0.923452795728967,0.9271453848778749,127.6086631510175,40.73324354236045,11.09838747199163,30.24004702427542,40.162443089422375,8,0.3597222222222222,0.7716245833877199,-0.6360782202777641,-0.981627183447664,-0.1908089953765446,0.7376144425137905,0.7486038597665591,1.4862183022803497,1.1174110810234543
50.099999999999994,4290.0,74.0,77.0,73.90668201802762,1.0120313208191158,226.8757976939462,252.38072751506616,2671.0,1325.0,2176.0,2038.3013986013987,2309331.0,14.088797864926113,29.427877939124322,1.0,0.9365850975888688,-73.0,4363.0,4393.0,-2.0,76.0,75.33333333333333,0.0,77.0,77.66666666666667,-88.0,2759.0,2731.3333333333335,-85331.0,2394662.0,2392404.0,0.009469705103415715,0.927115392485453,0.929051095267763,127.68468634616231,40.49244375956543,11.023983082617523,30.044263841817564,39.98249237054304,8,0.36249999999999993,0.7604059656000313,-0.6494480483301832,-0.9876883405951375,-0.15643446504023192,0.7263067988449059,0.768659949985975,1.4949667488308809,1.131813349408428
50.3,4601.0,76.0,78.0,76.53871664279774,1.0175088748478827,226.6680262662852,252.43997796858912,2782.0,1355.0,2206.0100000000093,2052.845251032384,2543642.0,14.690411526666436,30.84234102658227,1.0,0.9206311265500412,311.0,4290.0,4418.0,2.0,74.0,75.33333333333333,1.0,77.0,77.33333333333333,111.0,2671.0,2737.3333333333335,234311.0,2309331.0,2415878.3333333335,-0.015953971038827564,0.9365850975888688,0.9281105388747877,127.76070954130712,40.2516439767704,10.949578693243414,29.8484806593597,39.80254165166371,8,0.36527777777777776,0.7489557207890023,-0.6626200482157373,-0.992546151641322,-0.12186934340514805,0.7019172182523554,0.7663697539596966,1.468286972212052,1.1173283630858744
50.5,4549.0,77.0,79.0,76.10497151303754,1.0184475820723322,226.50960074797558,252.25283640833987,2794.0,1364.0,2280.0,2080.9775774895584,2642953.0,14.962206436489103,30.923494291944994,1.0,0.9286373991516308,-52.0,4601.0,4480.0,1.0,76.0,75.66666666666667,1.0,78.0,78.0,12.0,2782.0,2749.0,99311.0,2543642.0,2498642.0,0.008006272601589592,0.9206311265500412,0.9286178744301802,127.83673273645194,40.01084419397537,10.875174303869303,29.652697476901835,39.62259093278438,8,0.3680555555555556,0.7372773368101241,-0.6755902076156602,-0.9961946980917455,-0.08715574274765825,0.6885753491501856,0.747788584885796,1.4363639340359817,1.0920762594608888
50.699999999999996,4374.0,73.0,77.0,74.62673628580846,1.0263038579820618,226.65873409570852,252.49604486985328,2728.0,1332.0,2189.0,2039.6902149062644,2360619.0,15.471413627750916,31.78049716414141,1.0,0.9260846413588978,-175.0,4549.0,4508.0,-4.0,77.0,75.33333333333333,-2.0,79.0,78.0,-66.0,2794.0,2768.0,-282334.0,2642953.0,2515738.0,-0.002552757792733007,0.9286373991516308,0.9251177223535233,127.91275593159675,39.77004441118036,10.800769914495197,29.45691429444398,39.44264021390505,8,0.3708333333333333,0.7253743710122877,-0.6883545756937538,-0.9986295347545738,-0.052335956242944306,0.758582866889191,0.702604420091982,1.4611872869811728,1.0818958535365775
50.9,4463.0,76.0,77.0,75.38214701209452,1.00742837969979,226.58890979835886,252.53631184133624,2755.0,1340.0,2195.0100000000093,2044.0123235491822,2427951.0,15.41168402826605,31.89043743820395,1.0,0.9255240324042784,89.0,4374.0,4462.0,3.0,73.0,75.33333333333333,0.0,77.0,77.66666666666667,27.0,2728.0,2759.0,67332.0,2360619.0,2477174.3333333335,-0.0005606089546194015,0.9260846413588978,0.9267486909716024,127.98877912674156,39.52924462838533,10.726365525121087,29.261131111986117,39.26268949502572,8,0.3736111111111111,0.7132504491541816,-0.7009092642998509,-0.9998476951563913,-0.017452406437283498,0.7705965404771499,0.6865691472052653,1.457165687682415,1.07186741744384
51.099999999999994,4417.0,75.0,77.0,74.99266010147403,1.0171111845440999,226.97859330386737,252.56128212984063,2726.0,1333.0,2196.0100000000093,2046.083088068825,2412083.0,16.709016567057475,34.61574786134195,1.0,0.9349027375923631,-46.0,4463.0,4418.0,-1.0,76.0,74.66666666666667,0.0,77.0,77.0,-29.0,2755.0,2736.3333333333335,-15868.0,2427951.0,2400217.6666666665,0.009378705188084702,0.9255240324042784,0.9288371371185131,128.06480232188636,39.288444845590305,10.65196113574698,29.06534792952826,39.082738776146385,8,0.37638888888888883,0.7009092642998513,-0.7132504491541811,-0.9998476951563913,0.017452406437282242,0.7055724137954379,0.7308995076259281,1.436471921421366,1.083685714523647
51.3,4540.0,76.0,78.0,76.02964903968477,1.0055615445560424,226.8309064763136,252.51279759288212,2805.0,1345.0,2251.0100000000093,2068.7244493392072,2582038.0,18.802773172019474,38.5,1.0,0.9310769245069205,123.0,4417.0,4473.333333333333,1.0,75.0,75.66666666666667,1.0,77.0,77.33333333333333,79.0,2726.0,2762.0,169955.0,2412083.0,2474024.0,-0.0038258130854426087,0.9349027375923631,0.9305012315011872,128.14082551703117,39.04764506279528,10.57755674637287,28.869564747070395,38.90278805726705,8,0.37916666666666665,0.6883545756937542,-0.7253743710122874,-0.9986295347545739,0.05233595624294306,0.7273180304335216,0.730740387290916,1.4580584177244376,1.0943994025076766
51.5,4339.0,74.0,76.0,74.3275614062904,1.0084678135243483,227.0054061338714,252.40383782351736,2716.0,1334.0,2198.0100000000093,2050.6621341322884,2389354.0,15.316809145273789,31.78049716414141,1.0,0.9395100098185535,-201.0,4540.0,4432.0,-2.0,76.0,75.0,-2.0,78.0,77.0,-89.0,2805.0,2749.0,-192684.0,2582038.0,2461158.3333333335,0.008433085311633004,0.9310769245069205,0.9351632239726123,128.216848712176,38.80684528000025,10.50315235699876,28.673781564612533,38.72283733838772,8,0.3819444444444444,0.6755902076156604,-0.737277336810124,-0.9961946980917455,0.08715574274765789,0.7236291818828999,0.719508594298628,1.4431377761815278,1.081323185240078
51.699999999999996,4356.0,74.0,77.0,74.47302502830384,1.0206895391235753,226.32363680906445,252.23957372531007,2765.0,1340.0,2232.0,2062.24173553719,2449150.0,15.569530486613298,32.202484376209235,1.0,0.9326345875099524,17.0,4339.0,4411.666666666667,0.0,74.0,74.66666666666667,1.0,76.0,77.0,49.0,2716.0,2762.0,59796.0,2389354.0,2473514.0,-0.0068754223086010535,0.9395100098185535,0.9344071739451421,128.2928719073208,38.56604549720523,10.428747967624654,28.477998382154677,38.542886619508394,8,0.3847222222222222,0.6626200482157377,-0.748955720789002,-0.9925461516413221,0.12186934340514681,0.6804121089552596,0.7163729566849775,1.396785065640237,1.0565790111626072
51.9,4377.0,76.0,77.0,74.65232405830248,1.0094503530979935,226.6588084975866,252.64935571170574,2733.0,1334.0,2200.0,2052.7029929175233,2419189.0,16.71712968826694,34.659053651246744,1.0,0.9342325051907892,21.0,4356.0,4357.333333333333,2.0,74.0,74.66666666666667,0.0,77.0,76.66666666666667,-32.0,2765.0,2738.0,-29961.0,2449150.0,2419231.0,0.0015979176808367246,0.9326345875099524,0.9354590341730984,128.36889510246561,38.32524571441021,10.354343578250544,28.282215199696815,38.362935900629054,8,0.38749999999999996,0.6494480483301841,-0.7604059656000306,-0.9876883405951379,0.15643446504022981,0.6958895575930605,0.6947227606136541,1.3906123182067145,1.0426675394101843
52.099999999999994,4265.0,74.0,74.0,73.69102155822966,1.0183878373799957,226.53466736263294,252.72021056502177,2737.0,1332.0,2201.0100000000093,2054.7514654161782,2366067.0,15.578109552484506,32.16364407215078,1.0,0.942689704053182,-112.0,4377.0,4332.666666666667,-2.0,76.0,74.66666666666667,-3.0,77.0,76.0,4.0,2733.0,2745.0,-53122.0,2419189.0,2411468.6666666665,0.008457198862392823,0.9342325051907892,0.936518932251308,128.28452140848324,38.294244344374576,10.332019712319378,28.213222728045956,38.228696620771615,8,0.3902777777777777,0.6360782202777642,-0.7716245833877198,-0.9816271834476641,0.19080899537654425,0.7526167368024174,0.7010420426008489,1.4536587794032663,1.0773504110020575
52.3,4646.0,78.0,78.0,76.91209868960517,1.0143447500064737,226.4798264877702,252.73507389897838,2831.0,1365.0,2279.0,2082.580284115368,2706762.0,17.43860779650364,36.00694377477767,1.0,0.9259957100033176,381.0,4265.0,4429.333333333333,4.0,74.0,76.0,4.0,74.0,76.33333333333333,94.0,2737.0,2767.0,340695.0,2366067.0,2497339.3333333335,-0.01669399404986438,0.942689704053182,0.9343059730824296,128.177233873197,38.29321417616171,10.317135921165773,28.16234321508181,38.100987546488724,8,0.3930555555555555,0.62251463663762,-0.7826081568524136,-0.9743700647852355,0.22495105434386403,0.7624511354326573,0.7233448364581988,1.4857959718908562,1.1045704041745275
52.5,4325.0,75.0,77.0,74.20755373261929,1.0225255726582039,226.5731910802027,252.74858247840842,2708.0,1333.0,2187.0,2041.529710982659,2342129.0,14.4226187760583,30.103986446980738,1.0,0.9304914460305133,-321.0,4646.0,4412.0,-3.0,78.0,75.66666666666667,-1.0,78.0,76.33333333333333,-123.0,2831.0,2758.6666666666665,-364633.0,2706762.0,2471652.6666666665,0.0044957360271956626,0.9259957100033176,0.9330589533623376,128.06994633791072,38.29218400794884,10.302252130012167,28.11146370211766,37.97327847220583,8,0.3958333333333333,0.6087614290087209,-0.793353340291235,-0.9659258262890684,0.2588190451025203,0.7398381281532388,0.735983467350621,1.4758215955038598,1.1059025314272404
52.699999999999996,4312.0,74.0,75.0,74.09594399761718,1.006212953739757,226.67821262841932,252.8271857785585,2736.0,1333.0,2202.0,2051.3376623376626,2377376.0,15.36345623884125,31.976553910638962,1.0,0.9404906922590285,-13.0,4325.0,4427.666666666667,-1.0,75.0,75.66666666666667,-2.0,77.0,76.66666666666667,28.0,2708.0,2758.3333333333335,35247.0,2342129.0,2475422.3333333335,0.009999246228515224,0.9304914460305133,0.932325949430953,127.96265880262446,38.291153839735976,10.287368338858565,28.060584189153516,37.845569397922944,8,0.398611111111111,0.5948227867513417,-0.8038568606172171,-0.9563047559630358,0.2923717047227359,0.7478304084982257,0.7391537387617264,1.486984147259952,1.1130689430108394
52.9,4238.0,73.0,76.0,73.45739711280015,1.0293806225050108,226.87051008921676,252.5120995733419,2659.0,1324.0,2165.0,2032.6359131665881,2257315.0,13.336747995277896,27.95084971874737,1.0,0.934212105975462,-74.0,4312.0,4291.666666666667,-1.0,74.0,74.0,1.0,75.0,76.0,-77.0,2736.0,2701.0,-120061.0,2377376.0,2325606.6666666665,-0.0062785862835664785,0.9404906922590285,0.9350647480883346,127.8553712673382,38.29012367152311,10.27248454770496,28.00970467618937,37.717860323640046,8,0.40138888888888885,0.5807029557109399,-0.8141155183563191,-0.945518575599317,0.3255681544571563,0.8079563896228278,0.7113775428018261,1.5193339324246538,1.11535573761324
53.099999999999994,4721.0,77.0,79.0,77.53040623326247,1.0250218002610196,226.25892288818673,252.4975896394841,2861.0,1372.0,2299.0,2090.6771870366447,2788996.0,16.18257704014138,33.30540496676178,1.0,0.9100450484690548,483.0,4238.0,4423.666666666667,4.0,73.0,74.66666666666667,3.0,76.0,76.66666666666667,202.0,2659.0,2752.0,531681.0,2257315.0,2474562.3333333335,-0.02416705750640724,0.934212105975462,0.928249282234515,127.74808373205194,38.28909350331025,10.257600756551355,27.958825163225224,37.590151249357156,8,0.40416666666666656,0.5664062369248335,-0.8241261886220153,-0.9335804264972023,0.3583679495452987,0.8796600029451326,0.6603232538276437,1.5399832567727763,1.10015325530021
53.3,4819.0,79.0,81.0,78.33097322310472,1.0168972907220526,226.5481238831201,252.59163578277185,2902.0,1387.0,2337.0,2101.863249636854,2902098.0,16.359645780214684,33.84154251803543,1.0,0.9235683977591383,98.0,4721.0,4592.666666666667,2.0,77.0,76.33333333333333,2.0,79.0,78.66666666666667,41.0,2861.0,2807.3333333333335,113102.0,2788996.0,2649469.6666666665,0.013523349290083586,0.9100450484690548,0.9226085174012183,127.64079619676568,38.288063335097384,10.24271696539775,27.907945650261077,37.462442175074266,8,0.4069444444444444,0.5519369853120587,-0.8338858220671679,-0.9205048534524408,0.39073112848927266,0.834471754968847,0.6658329169963522,1.5003046719651991,1.0830687944807758
53.5,4280.0,75.0,76.0,73.82049343824855,1.0139719642132539,226.89467074225038,252.52255098988948,2725.0,1326.0,2215.0100000000093,2056.9983644859813,2383967.0,16.754726253709105,34.659053651246744,1.0,0.941670333523912,-539.0,4819.0,4606.666666666667,-4.0,79.0,77.0,-5.0,81.0,78.66666666666667,-177.0,2902.0,2829.3333333333335,-518131.0,2902098.0,2691687.0,0.018101935764773702,0.9235683977591383,0.9250945932507016,127.5335086614794,38.28703316688452,10.227833174244147,27.85706613729693,37.334733100791375,8,0.4097222222222222,0.5372996083468241,-0.8433914458128855,-0.9063077870366503,0.42261826174069883,0.756517208694808,0.6943260998698204,1.4508433085646284,1.0725847042172245
53.699999999999996,4466.0,77.0,77.0,75.40747845397854,1.0148855483740014,226.50763407051878,252.571691305304,2777.0,1344.0,2223.0,2055.9081952530228,2482692.0,15.735281945915636,32.60751447136074,1.0,0.9319383959025123,186.0,4280.0,4521.666666666667,2.0,75.0,77.0,1.0,76.0,78.0,52.0,2725.0,2801.3333333333335,98725.0,2383967.0,2589585.6666666665,-0.009731937621399789,0.941670333523912,0.9323923757285209,127.42622112619316,38.286002998671655,10.212949383090542,27.806186624332785,37.207024026508485,8,0.4124999999999999,0.5224985647159494,-0.852640164354092,-0.8910065241883683,0.4539904997395458,0.8191655535258999,0.6114096769913754,1.4305752305172754,1.0209924537543253
53.9,4447.0,76.0,76.0,75.24690196571065,1.0153279189986761,226.59926400516076,252.69074451465556,2761.0,1341.0,2203.0,2052.1592084551385,2455465.0,15.534165021145187,32.16364407215078,1.0,0.929722476190864,-19.0,4466.0,4397.666666666667,-1.0,77.0,76.0,-1.0,77.0,76.33333333333333,-16.0,2777.0,2754.3333333333335,-27227.0,2482692.0,2440708.0,-0.002215919711648251,0.9319383959025123,0.9344437352057627,127.31893359090688,38.28497283045879,10.198065591936938,27.755307111368637,37.079314952225594,8,0.41527777777777775,0.5075383629607044,-0.8616291604415256,-0.8746197071393961,0.4848096202463365,0.8841582950665496,0.5673230578582916,1.4514813529248414,1.0094022053915666
54.099999999999994,4511.0,78.0,78.0,75.7864340518824,1.0341426786190653,226.91508909353357,252.4765557914825,2785.0,1353.0,2241.0100000000093,2064.081800044336,2544584.0,14.631179592976029,30.504098085339287,1.0,0.9352066978335162,64.0,4447.0,4474.666666666667,2.0,76.0,77.0,2.0,76.0,77.0,24.0,2761.0,2774.3333333333335,89119.0,2455465.0,2494247.0,0.005484221642652165,0.929722476190864,0.9322891899756308,127.21164605562062,38.28394266224593,10.183181800783334,27.704427598404493,36.951605877942704,8,0.41805555555555546,0.49242356010346755,-0.8703556959398995,-0.8571673007021128,0.5150380749100534,0.8188005663092115,0.668090772585279,1.4868913388944907,1.077491055739885
54.3,4539.0,76.0,78.0,76.02127526918306,1.014769648546679,226.7844967344481,252.44501482236325,2806.0,1357.0,2244.0100000000093,2070.760079312624,2590719.0,15.71231746752539,32.65348373451139,1.0,0.9267184129193479,28.0,4511.0,4499.0,-2.0,78.0,76.66666666666667,0.0,78.0,77.33333333333333,21.0,2785.0,2784.0,46135.0,2544584.0,2530256.0,-0.00848828491416831,0.9352066978335162,0.9305491956479094,127.10435852033436,38.28291249403306,10.16829800962973,27.653548085440345,36.823896803659814,8,0.4208333333333333,0.4771587602596086,-0.8788171126619653,-0.8386705679454243,0.5446390350150266,0.792044245443811,0.7623925124171941,1.5544367578610052,1.1584146351390996
54.5,4263.0,74.0,75.0,73.67374144975942,1.0108933637409463,226.6991671080856,252.76970518552716,2666.0,1314.0,2146.0,2027.4292751583391,2248431.0,16.230137556592783,33.734255586866,1.0,0.9353442467213804,-276.0,4539.0,4437.666666666667,-2.0,76.0,76.0,-3.0,78.0,77.0,-140.0,2806.0,2752.3333333333335,-342288.0,2590719.0,2461244.6666666665,0.008625833802032523,0.9267184129193479,0.9324231191580815,126.9970709850481,38.2818823258202,10.153414218476126,27.6026685724762,36.696187729376916,8,0.4236111111111111,0.4617486132350339,-0.8870108331782217,-0.8191520442889918,0.573576436351046,0.8010018786818431,0.7773305882642259,1.578332466946069,1.1778315276051474
54.699999999999996,4261.0,74.0,77.0,73.65645728730462,1.0170633453096827,226.82520784097878,252.43112869819785,2681.0,1323.0,2157.0,2027.0093874677307,2245588.0,14.115636282429104,29.60152023123137,1.0,0.9423082061357649,-2.0,4263.0,4354.333333333333,0.0,74.0,74.66666666666667,2.0,75.0,76.66666666666667,15.0,2666.0,2717.6666666666665,-2843.0,2248431.0,2361579.3333333335,0.006963959414384546,0.9353442467213804,0.9347902885921644,126.88978344976184,38.28085215760733,10.138530427322522,27.551789059512053,36.56847865509403,8,0.4263888888888888,0.4461978131098094,-0.8949343616020248,-0.7986355100472936,0.6018150231520473,0.7378584175865318,0.723736754984817,1.4615951725713487,1.092665963778083
54.9,4287.0,74.0,75.0,73.88083600149393,1.013106956603335,226.73681506037113,252.38448541799522,2706.0,1319.0,2161.0,2031.1210636808958,2276916.0,16.522691448589928,34.21257078911201,1.0,0.932394519604588,26.0,4261.0,4270.333333333333,0.0,74.0,74.0,-2.0,77.0,75.66666666666667,25.0,2681.0,2684.3333333333335,31328.0,2245588.0,2256978.3333333335,-0.009913686531176968,0.9423082061357649,0.9366823241539111,126.78249591447558,38.27982198939446,10.123646636168917,27.500909546547906,36.440769580811136,8,0.42916666666666664,0.4305110968082955,-0.9025852843498604,-0.7771459614569713,0.6293203910498368,0.7425528092060276,0.6609995928327679,1.4035524020387955,1.0322759974357818
55.099999999999994,4459.0,75.0,78.0,75.34835850882281,1.0114172721586532,226.82283199772206,252.544258453462,2749.0,1336.0,2186.0,2048.1776183000675,2444328.0,16.787010649929627,34.9463875100131,1.0,0.9231044278836555,172.0,4287.0,4335.666666666667,1.0,74.0,74.33333333333333,3.0,75.0,76.66666666666667,43.0,2706.0,2712.0,167412.0,2276916.0,2322277.3333333335,-0.009290091720932425,0.932394519604588,0.9326023845413361,126.67520837918931,38.2787918211816,10.108762845015313,27.45003003358376,36.31306050652825,8,0.43194444444444435,0.4146932426562396,-0.909961270876543,-0.7547095802227728,0.6560590289905064,0.781712592206322,0.6319734390496283,1.4136860312559505,1.0228297351527895
55.3,4366.0,74.0,79.0,74.55845929412517,1.004350262946577,226.9245140616999,252.3862930690985,2733.0,1334.0,2200.0,2048.3815849748053,2394246.0,15.524350114619395,31.815876539866068,1.0,0.932779672598388,-93.0,4459.0,4370.666666666667,-1.0,75.0,74.33333333333333,1.0,78.0,77.33333333333333,-16.0,2749.0,2729.3333333333335,-50082.0,2444328.0,2371830.0,0.009675244714732467,0.9231044278836555,0.9294262066955438,126.56792084390305,38.277761652968735,10.09387905386171,27.399150520619614,36.185351432245355,8,0.4347222222222222,0.39874906892524653,-0.9170600743851239,-0.7313537016191709,0.681998360062498,0.7663692635768969,0.6529256300645334,1.4192948936414302,1.0361102618529818
55.5,4369.0,75.0,77.0,74.58407049060762,1.0165399397671002,226.48930848886118,252.33590016230622,2753.0,1331.0,2192.0,2049.557564660105,2401070.0,16.90096095397818,34.713109915419565,1.0,0.932102770847997,3.0,4366.0,4398.0,1.0,74.0,74.66666666666667,-2.0,79.0,78.0,20.0,2733.0,2745.0,6824.0,2394246.0,2413214.6666666665,-0.0006769017503910346,0.932779672598388,0.9293289571100135,126.46063330861678,38.27673148475587,10.078995262708103,27.34827100765547,36.057642357962465,8,0.4375,0.3826834323650899,-0.9238795325112867,-0.7071067811865477,0.7071067811865474,0.766653081059057,0.672226082069644,1.438879163128701,1.0555526225991725
55.699999999999996,4441.0,76.0,77.0,75.19612236125515,1.013176011411054,226.6588946951395,252.4235718421492,2752.0,1338.0,2206.0,2057.2886737221347,2474935.0,16.79545444325705,34.90701935141412,1.0,0.9292934965968803,72.0,4369.0,4392.0,1.0,75.0,75.0,0.0,77.0,77.66666666666667,-1.0,2753.0,2746.0,73865.0,2401070.0,2423417.0,-0.0028092742511166557,0.932102770847997,0.9313919800144218,126.35334577333052,38.27570131654301,10.0641114715545,27.297391494691322,35.929933283679574,8,0.4402777777777777,0.3665012267242976,-0.9304175679820245,-0.6819983600624989,0.73135370161917,0.8156881672305568,0.6668407815353342,1.482528948765891,1.0746848651506127
55.9,4409.0,75.0,76.0,74.92471656761427,1.0170712139174831,226.93002855305127,252.85062150447484,2754.0,1338.0,2199.0,2050.7965525062373,2428467.0,15.456852931793588,32.0,1.0,0.9349054362278755,-32.0,4441.0,4406.333333333333,-1.0,76.0,75.33333333333333,-1.0,77.0,76.66666666666667,2.0,2752.0,2753.0,-46468.0,2474935.0,2434824.0,0.005611939630995155,0.9292934965968803,0.9321005678909176,126.24605823804426,38.27467114833014,10.049227680400895,27.246511981727178,35.802224209396684,8,0.44305555555555554,0.35020738125946754,-0.9366721892483976,-0.6560590289905074,0.7547095802227719,0.810169722661657,0.6853661518045872,1.4955358744662441,1.0904510131354157
56.099999999999994,4284.0,74.0,76.0,73.85498093998426,1.012709767232818,226.88403201930123,251.93394749766045,2657.0,1323.0,2170.0100000000093,2033.2917833800186,2284683.0,15.121281510793642,31.184932259025352,1.0,0.9392580940112917,-125.0,4409.0,4378.0,-1.0,75.0,75.0,0.0,76.0,76.33333333333333,-97.0,2754.0,2721.0,-143784.0,2428467.0,2396028.3333333335,0.004352657783416203,0.9349054362278755,0.9344856756120158,126.138770702758,38.27364098011728,10.03434388924729,27.19563246876303,35.67451513511379,8,0.44583333333333325,0.33380685923377157,-0.9426414910921782,-0.6293203910498385,0.77714596145697,0.8094253806265582,0.6911950940169206,1.5006204746434788,1.0959077843301996
56.3,4655.0,77.0,80.0,76.98655779252753,1.0273230138103517,226.6763373645574,252.71604129123068,2821.0,1349.0,2223.0,2064.089366272825,2625881.0,20.618835379355204,41.97618372363071,1.0,0.9140410399405,371.0,4284.0,4449.333333333333,3.0,74.0,75.33333333333333,4.0,76.0,77.33333333333333,164.0,2657.0,2744.0,341198.0,2284683.0,2446343.6666666665,-0.025217054070791667,0.9392580940112917,0.9294015233932225,126.03148316747173,38.272610811904414,10.019460098093687,27.144752955798886,35.5468060608309,8,0.44861111111111107,0.3173046564050926,-0.9483236552061992,-0.601815023152049,0.7986355100472923,0.8238785132229401,0.6817118475867616,1.5055903608097017,1.0936511041982317
56.5,4510.0,75.0,78.0,75.77803340517346,1.0136666517351056,226.68518612570256,252.7517279991487,2770.0,1344.0,2198.0,2050.089578713969,2480913.0,15.556686887456323,32.31098884280702,1.0,0.9244004122675805,-145.0,4655.0,4483.0,-2.0,77.0,75.33333333333333,-2.0,80.0,78.0,-51.0,2821.0,2749.3333333333335,-144968.0,2625881.0,2463825.6666666665,0.010359372327080507,0.9140410399405,0.9258998487397907,125.92419563218547,38.27158064369155,10.004576306940082,27.093873442834738,35.419096986548006,8,0.4513888888888889,0.30070579950427334,-0.9537169507482268,-0.5735764363510465,0.8191520442889916,0.7553902392360263,0.6768294353597516,1.4322196745957778,1.0545245549777646
56.699999999999996,4501.0,76.0,78.0,75.70238563515001,1.0023708623556997,226.73081567040342,253.20109028098312,2767.0,1340.0,2211.0,2056.4301266385246,2504510.0,18.62473499680816,38.28837943815329,1.0,0.9305253323005298,-9.0,4510.0,4555.333333333333,1.0,75.0,76.0,0.0,78.0,78.66666666666667,-3.0,2770.0,2786.0,23597.0,2480913.0,2537101.3333333335,0.006124920032949288,0.9244004122675805,0.9229889281695368,125.81690809689921,38.270550475478686,9.989692515786478,27.042993929870594,35.29138791226512,8,0.4541666666666666,0.28401534470392303,-0.9588197348681929,-0.5446390350150278,0.8386705679454236,0.7134278221245611,0.6815135003282575,1.3949413224528187,1.038227411390538
56.9,4573.0,76.0,79.0,76.30546794348292,1.0049967478171578,226.77928940669338,252.74159109284898,2788.0,1352.0,2211.0,2057.413732779357,2549067.0,15.651129925769967,32.44225639501667,1.0,0.9242860230821709,72.0,4501.0,4528.0,0.0,76.0,75.66666666666667,1.0,78.0,78.33333333333333,21.0,2767.0,2775.0,44557.0,2504510.0,2511496.6666666665,-0.006239309218358913,0.9305253323005298,0.9264039225500937,125.70962056161295,38.26952030726582,9.974808724632874,26.992114416906446,35.163678837982225,8,0.45694444444444443,0.267238376078257,-0.963630453208623,-0.5150380749100545,0.8571673007021121,0.7487106900383492,0.6720823185574493,1.4207930085957985,1.046437663576624
57.099999999999994,4592.0,77.0,79.0,76.46382144141023,1.0241975552568081,226.58681640145528,252.68746757727504,2827.0,1363.0,2251.0,2072.169207317073,2627571.0,14.763521352417836,31.196954979612993,1.0,0.9298979932416669,19.0,4573.0,4555.333333333333,1.0,76.0,76.33333333333333,0.0,79.0,78.66666666666667,39.0,2788.0,2794.0,78504.0,2549067.0,2560382.6666666665,0.005611970159495994,0.9242860230821709,0.928236449541456,125.60233302632669,38.26849013905295,9.95992493347927,26.941234903942302,35.03596976369934,8,0.45972222222222214,0.2503800040544422,-0.9681476403781075,-0.48480962024633845,0.8746197071393951,0.840175589640778,0.6093310335808761,1.449506623221654,1.029418828401265
57.3,4353.0,75.0,76.0,74.44737563025417,1.0182387793399719,226.6069397195154,252.86328052090607,2725.0,1331.0,2170.0,2037.8600964851826,2341306.0,15.354597891189155,31.78049716414141,1.0,0.9306515252598336,-239.0,4592.0,4506.0,-2.0,77.0,76.0,-3.0,79.0,78.0,-102.0,2827.0,2780.0,-286265.0,2627571.0,2505981.3333333335,0.0007535320181667471,0.9298979932416669,0.9282785138612238,125.49504549104043,38.267459970840086,9.945041142325666,26.890355390978154,34.908260689416444,8,0.46249999999999997,0.23344536385590553,-0.9723699203976766,-0.45399049973954697,0.8910065241883678,0.8731040649984964,0.5911456046753606,1.464249669673857,1.0276976371746087
57.5,4266.0,74.0,76.0,73.69966009311172,1.0121882271690652,227.03009756251578,252.6078989328113,2688.0,1319.0,2158.0,2034.548523206751,2280403.0,16.51035311344098,34.0147027033899,1.0,0.9435003374403559,-87.0,4353.0,4403.666666666667,-1.0,75.0,75.33333333333333,0.0,76.0,77.0,-37.0,2725.0,2746.6666666666665,-60903.0,2341306.0,2416426.6666666665,0.012848812180522251,0.9306515252598336,0.9346832853139522,125.38775795575415,38.26642980262722,9.930157351172062,26.839475878014007,34.780551615133554,8,0.4652777777777778,0.21643961393810274,-0.9762960071199334,-0.4226182617406992,0.90630778703665,0.810562418094578,0.6502170181220505,1.4607794362166284,1.0554982271693394
57.699999999999996,4382.0,74.0,77.0,74.69495086703975,1.0091771133170093,226.76606101748405,252.8160657020331,2722.0,1333.0,2193.0,2055.3473299863076,2433535.0,16.751817031204176,34.630189141845584,1.0,0.934141896459266,116.0,4266.0,4333.666666666667,0.0,74.0,74.33333333333333,1.0,76.0,76.33333333333333,34.0,2688.0,2711.6666666666665,153132.0,2280403.0,2351748.0,-0.009358440981089844,0.9435003374403559,0.9360979197198186,125.28047042046789,38.26539963441436,9.915273560018457,26.788596365049862,34.65284254085066,8,0.4680555555555555,0.1993679344171977,-0.9799247046208295,-0.3907311284892747,0.9205048534524399,0.7776157365711888,0.678409553663602,1.4560252902347908,1.0672174219491963
57.9,4470.0,76.0,78.0,75.44124047870751,1.011938238089011,227.00918660177982,252.65021449790876,2736.0,1342.0,2195.0,2049.43355704698,2455974.0,14.39230868137391,30.004166377354995,1.0,0.9297533280075441,88.0,4382.0,4372.666666666667,2.0,74.0,74.66666666666667,1.0,77.0,77.0,14.0,2722.0,2715.3333333333335,22439.0,2433535.0,2389970.6666666665,-0.004388568451721975,0.934141896459266,0.9357985206357221,125.17318288518163,38.264369466201494,9.900389768864853,26.737716852085715,34.52513346656777,8,0.4708333333333333,0.18223552549214772,-0.9832549075639545,-0.35836794954530077,0.9335804264972015,0.7521705371454652,0.6771646178208434,1.4293351549663085,1.053249886393576
58.099999999999994,4419.0,76.0,77.0,75.00963636883387,1.01969411134911,226.86688473653751,252.66164706548045,2721.0,1331.0,2182.0,2043.9038243946595,2403517.0,16.686616332235104,34.61574786134195,1.0,0.9307889230656575,-51.0,4470.0,4423.666666666667,0.0,76.0,75.33333333333333,-1.0,78.0,77.33333333333333,-15.0,2736.0,2726.3333333333335,-52457.0,2455974.0,2431008.6666666665,0.0010355950581134588,0.9297533280075441,0.9315613825108225,125.06589534989537,38.26333929798863,9.885505977711249,26.68683733912157,34.39742439228488,8,0.47361111111111104,0.1650476058606781,-0.9862856015372313,-0.32556815445715753,0.9455185755993165,0.7216631429130058,0.6710907841157691,1.392753927028775,1.031922355572272
58.3,4551.0,76.0,78.0,76.12169971886942,1.0102392767694397,226.4967190881339,252.5427371195387,2780.0,1348.0,2204.0100000000093,2048.9092507141286,2498101.0,14.569535125704139,30.528675044947494,1.0,0.9222881700940034,132.0,4419.0,4480.0,0.0,76.0,76.0,1.0,77.0,77.66666666666667,59.0,2721.0,2745.6666666666665,94584.0,2403517.0,2452530.6666666665,-0.00850075297165409,0.9307889230656575,0.9276101403890683,124.95860781460911,38.262309129775765,9.870622186557645,26.635957826157423,34.26971531800199,8,0.47638888888888886,0.14780941112961082,-0.9890158633619168,-0.29237170472273716,0.9563047559630353,0.6807291574798048,0.6959670393594907,1.3766961968392954,1.0363316180993931
58.5,4609.0,76.0,79.0,76.60522868371561,1.0079110527801514,226.48075170410132,252.38597976376087,2789.0,1357.0,2236.0,2065.3979171186807,2605948.0,15.952123073259866,32.86715685908959,1.0,0.9213115534154941,58.0,4551.0,4526.333333333333,0.0,76.0,76.0,1.0,78.0,78.0,9.0,2780.0,2763.3333333333335,107847.0,2498101.0,2502522.0,-0.0009766166785093455,0.9222881700940034,0.9247962155250516,125.66941092817098,38.24652624916269,9.87506233970994,26.61140773493564,34.26231941404608,8,0.4791666666666667,0.13052619222005157,-0.9914448613738104,-0.2588190451025207,0.9659258262890683,0.654364506324407,0.7264093279345674,1.3807738342589744,1.0535915810967709
58.699999999999996,4692.0,78.0,80.0,77.29191383254386,1.0080851015243044,226.87538769234376,252.41793014795337,2859.0,1376.0,2278.0,2081.621483375959,2729219.0,14.8526730231622,31.5045630547762,1.0,0.9229640420940936,83.0,4609.0,4617.333333333333,2.0,76.0,76.66666666666667,1.0,79.0,79.0,70.0,2789.0,2809.3333333333335,123271.0,2605948.0,2611089.3333333335,0.001652488678599462,0.9213115534154941,0.9221879218678636,126.55374842179151,38.22761400531321,9.883601511351367,26.592442672568296,34.28044448561408,8,0.4819444444444444,0.11320321376790733,-0.9935718556765875,-0.2249510543438662,0.9743700647852349,0.6927180764142924,0.7179403818655096,1.4106584582798019,1.0642994200726557
58.9,4422.0,74.0,77.0,75.0350935684023,1.0178339872534556,226.40115546057459,252.68993856850997,2760.0,1340.0,2183.0100000000093,2045.8125282677522,2413625.0,14.417120061162434,30.265491900843113,1.0,0.9273308819721373,-270.0,4692.0,4574.333333333333,-4.0,78.0,76.0,-3.0,80.0,78.66666666666667,-99.0,2859.0,2802.6666666666665,-315594.0,2729219.0,2582930.6666666665,0.00436683987804376,0.9229640420940936,0.9238688258272417,127.43808591541209,38.20870176146373,9.892140682992794,26.573477610200953,34.298569557182084,8,0.4847222222222222,0.09584575252022391,-0.9953961983671789,-0.19080899537654467,0.981627183447664,0.7098631952245867,0.704249704633465,1.4141128998580517,1.0591813022457583
59.099999999999994,4638.0,77.0,81.0,76.84585225294651,1.018676690963531,226.7141609582678,252.38356066283492,2799.0,1349.0,2216.0,2056.9918068132815,2583339.0,17.03772299012424,35.35533905932738,1.0,0.9202907554912461,216.0,4422.0,4584.0,3.0,74.0,76.33333333333333,4.0,77.0,79.33333333333333,39.0,2760.0,2806.0,169714.0,2413625.0,2575394.3333333335,-0.007040126480891251,0.9273308819721373,0.9235285598524924,128.32242340903264,38.189789517614244,9.900679854634221,26.554512547833614,34.316694628750085,8,0.48749999999999993,0.07845909572784551,-0.996917333733128,-0.15643446504023198,0.9876883405951375,0.688458447694161,0.7007775958909992,1.38923604358516,1.0450068197380795
59.3,4644.0,77.0,79.0,76.89554243095041,1.0177321070100709,226.7635227116491,252.5762393761534,2804.0,1357.0,2207.0,2055.995908699397,2582055.0,14.633469168904572,31.016124838541646,1.0,0.9184060757807251,6.0,4638.0,4568.0,0.0,77.0,76.0,-2.0,81.0,79.0,5.0,2799.0,2787.6666666666665,-1284.0,2583339.0,2526339.6666666665,-0.0018846797105209756,0.9202907554912461,0.9220092377480361,129.2067609026532,38.170877273764766,9.909219026275649,26.53554748546627,34.334819700318086,8,0.49027777777777776,0.06104853953485719,-0.9981347984218669,-0.12186934340514811,0.992546151641322,0.7202960216781173,0.6927664329892752,1.4130624546673924,1.0529144438283338
59.5,4492.0,75.0,78.0,75.62666219628069,1.0265101881986667,226.50655487905001,252.71744234924765,2758.0,1341.0,2169.0,2042.3081032947462,2436048.0,15.497917676749337,32.16364407215078,1.0,0.9187372334206879,-152.0,4644.0,4591.333333333333,-2.0,77.0,76.33333333333333,-1.0,79.0,79.33333333333333,-46.0,2804.0,2787.0,-146007.0,2582055.0,2533814.0,0.0003311576399628313,0.9184060757807251,0.9191446882308864,130.0910983962738,38.15196502991528,9.917758197917076,26.516582423098928,34.35294477188609,8,0.4930555555555556,0.04361938736533607,-0.9990482215818578,-0.08715574274765832,0.9961946980917455,0.775973139028071,0.6905861157474112,1.4665592547754822,1.0785726852614468
59.699999999999996,4706.0,78.0,81.0,77.40713983557121,1.0117437121338648,226.78276189775062,252.66971179479629,2834.0,1369.0,2245.0,2071.513387165321,2689685.0,14.86342016046383,31.662280397975127,1.0,0.9172706097554174,214.0,4492.0,4614.0,3.0,75.0,76.66666666666667,3.0,78.0,79.33333333333333,76.0,2758.0,2798.6666666666665,253637.0,2436048.0,2569262.6666666665,-0.0014666236652705056,0.9187372334206879,0.9181379729856101,130.97543588989433,38.133052786065804,9.926297369558503,26.497617360731585,34.37106984345409,8,0.4958333333333333,0.026176948307873423,-0.9996573249755573,-0.05233595624294437,0.9986295347545738,0.8031146136351804,0.6921825510826736,1.495297164717854,1.0937398579002637
59.9,4525.0,76.0,79.0,75.90394548326596,1.027291418868618,226.4308352508108,252.21949946131465,2795.0,1341.0,2215.0100000000093,2059.16773480663,2530245.0,16.99184456409396,35.11765937530575,1.0,0.9147695183667984,-181.0,4706.0,4574.333333333333,-2.0,78.0,76.33333333333333,-2.0,81.0,79.33333333333333,-39.0,2834.0,2795.6666666666665,-159440.0,2689685.0,2551992.6666666665,-0.002501091388618981,0.9172706097554174,0.916925787180968,131.8597733835149,38.11414054221632,9.93483654119993,26.478652298364242,34.38919491502209,8,0.4986111111111111,0.008726535498373959,-0.9999619230641713,-0.01745240643728356,0.9998476951563913,0.8101150820375258,0.6913515574014885,1.5014666394390144,1.0964090984202515
60.099999999999994,4667.0,78.0,80.0,77.08572471786852,1.0039932677359902,226.7955969071608,252.3687717646049,2808.0,1364.0,2223.0,2059.251982001286,2610053.0,13.936614274783357,29.5,1.0,0.9213027474921007,142.0,4525.0,4632.666666666667,2.0,76.0,77.33333333333333,1.0,79.0,80.0,13.0,2795.0,2812.3333333333335,79808.0,2530245.0,2609994.3333333335,0.006533229125302298,0.9147695183667984,0.9177809585381055,132.74411087713545,38.095228298366834,9.943375712841357,26.459687235996903,34.40731998659008,8,0.5013888888888888,-0.008726535498373269,-0.9999619230641713,0.017452406437282183,0.9998476951563913,0.7829829590706628,0.7051355807595304,1.4881185398301933,1.0966270602948618
60.3,4556.0,76.0,77.0,76.16350415923235,1.0016721599977088,226.863743551657,253.0217852626508,2786.0,1354.0,2181.0,2046.7405618964003,2490985.0,12.94605903563464,27.51363298439521,1.0,0.924196251683571,-111.0,4667.0,4582.666666666667,-2.0,78.0,76.66666666666667,-3.0,80.0,78.66666666666667,-22.0,2808.0,2796.3333333333335,-119068.0,2610053.0,2543761.0,0.0028935041914702753,0.9213027474921007,0.92008950584749,133.62844837075602,38.076316054517356,9.951914884482784,26.44072217362956,34.42544505815808,8,0.5041666666666667,-0.026176948307872733,-0.9996573249755573,0.052335956242942995,0.9986295347545739,0.7524482597795509,0.7097322140674779,1.4621804738470288,1.0859563439572533
60.5,4614.0,78.0,80.0,76.64676939968207,1.0142511657529785,226.611479018399,252.92315506611834,2801.0,1354.0,2199.0,2057.478543563069,2572248.0,15.790454335479001,32.89756829919196,1.0,0.9241371749535815,58.0,4556.0,4612.333333333333,2.0,76.0,77.33333333333333,3.0,77.0,79.0,15.0,2786.0,2798.3333333333335,81263.0,2490985.0,2557762.0,-5.907672998950453e-05,0.924196251683571,0.9232120580430844,134.5127858643766,38.05740381066787,9.960454056124211,26.421757111262217,34.44357012972608,8,0.5069444444444444,-0.04361938736533583,-0.9990482215818578,0.08715574274765783,0.9961946980917455,0.7470567011147433,0.6933967024371582,1.4404534035519017,1.06692505299453
60.699999999999996,4504.0,74.0,79.0,75.72760995493766,1.0311405473547686,226.62877987904386,252.48692979163724,2773.0,1340.0,2173.0,2038.8900976909413,2427171.0,15.460306029659437,32.26840560052511,1.0,0.9224216175951344,-110.0,4614.0,4558.0,-4.0,78.0,76.0,-1.0,80.0,78.66666666666667,-28.0,2801.0,2786.6666666666665,-145077.0,2572248.0,2496801.3333333335,-0.001715557358447084,0.9241371749535815,0.9235850147440957,135.39712335799715,38.038491566818394,9.968993227765637,26.402792048894874,34.461695201294084,8,0.5097222222222222,-0.0610485395348565,-0.998134798421867,0.12186934340514674,0.9925461516413221,0.7620569992071066,0.6623734036477579,1.4244304028548644,1.043401903251311
60.9,4794.0,78.0,80.0,78.12752637489793,1.0247915372860597,226.61151497154788,252.62899330898793,2866.0,1375.0,2228.0,2068.293909052983,2724638.0,14.089227725860153,29.614185789921695,1.0,0.9101502658334796,290.0,4504.0,4637.333333333333,4.0,74.0,76.66666666666667,1.0,79.0,79.66666666666667,93.0,2773.0,2813.3333333333335,297467.0,2427171.0,2574685.6666666665,-0.012271351761654836,0.9224216175951344,0.9189030194607318,136.2814608516177,38.01957932296891,9.977532399407066,26.38382698652753,34.479820272862085,8,0.5125,-0.07845909572784437,-0.9969173337331281,0.15643446504022973,0.9876883405951379,0.788904155468069,0.644235314393745,1.433139469861814,1.0386873921277795
61.099999999999994,4667.0,77.0,81.0,77.08572471786852,1.014005610874488,226.82584976145935,252.64901538824475,2825.0,1364.0,2204.0,2057.6818084422544,2602737.0,14.62650974569403,30.90792758460506,1.0,0.9216701495387356,-127.0,4794.0,4655.0,-1.0,78.0,76.33333333333333,1.0,80.0,80.0,-41.0,2866.0,2821.3333333333335,-121901.0,2724638.0,2584848.6666666665,0.011519883705256029,0.9101502658334796,0.9180806776557833,137.16579834523827,38.00066707911943,9.986071571048491,26.36486192416019,34.497945344430086,8,0.5152777777777777,-0.09584575252022366,-0.9953961983671789,0.19080899537654417,0.9816271834476641,0.8160840191738788,0.6542228635887744,1.470306882762653,1.0622648731757138
61.3,4321.0,75.0,76.0,74.17323016291415,1.0159042878949305,227.27573635417542,252.20532329478564,2672.0,1315.0,2147.0,2032.14603101134,2299407.0,17.84808003337125,36.74914965002592,1.0,0.939639220024989,-346.0,4667.0,4594.0,-2.0,77.0,76.66666666666667,-5.0,81.0,79.0,-153.0,2825.0,2787.6666666666665,-303330.0,2602737.0,2542260.6666666665,0.017969070486253402,0.9216701495387356,0.9238198784657348,138.05013583885884,37.981754835269946,9.994610742689918,26.34589686179285,34.51607041599809,8,0.5180555555555555,-0.11320321376790621,-0.9935718556765876,0.22495105434386398,0.9743700647852355,0.7588805491113436,0.7094183291807733,1.468298878292117,1.0888586037364452
61.5,4384.0,75.0,76.0,74.71199478075093,1.0136824429760705,226.8305323930719,253.15962762450806,2749.0,1344.0,2248.0100000000093,2070.9055656934306,2502860.0,16.85963226872406,35.106979363083916,1.0,0.9394804343830657,63.0,4321.0,4457.333333333333,0.0,75.0,75.66666666666667,0.0,76.0,77.66666666666667,77.0,2672.0,2748.6666666666665,203453.0,2299407.0,2468334.6666666665,-0.00015878564192328692,0.939639220024989,0.9335966013155969,138.9344733324794,37.96284259142046,10.003149914331345,26.326931799425505,34.53419548756609,8,0.5208333333333334,-0.13052619222005177,-0.9914448613738104,0.2588190451025211,0.9659258262890682,0.6509701947152057,0.7714910535171323,1.422461248232338,1.096976150874735
61.699999999999996,4274.0,74.0,77.0,73.76873195465735,1.0204704741082606,226.9678381999225,252.38841129745654,2645.0,1310.0,2122.0100000000093,2012.0561534861956,2188547.0,15.056799842589815,31.216982557575932,1.0,0.9412340699103103,-110.0,4384.0,4326.333333333333,-1.0,75.0,74.66666666666667,1.0,76.0,76.33333333333333,-104.0,2749.0,2688.6666666666665,-314313.0,2502860.0,2330271.3333333335,0.0017536355272446125,0.9394804343830657,0.9401179081061217,139.81881082609996,37.94393034757098,10.011689085972773,26.307966737058162,34.55232055913409,8,0.523611111111111,-0.14780941112961016,-0.9890158633619169,0.2923717047227358,0.9563047559630358,0.6337900364869978,0.7834325275459559,1.4172225640329537,1.1003275457894548
61.9,4697.0,78.0,81.0,77.33308568537181,1.0092523798728679,226.8657280374252,252.5055617316874,2839.0,1361.0,2217.0,2063.2295081967213,2645535.0,15.881514626775042,33.15493930020081,1.0,0.9198687600050651,423.0,4274.0,4451.666666666667,4.0,74.0,75.66666666666667,4.0,77.0,78.0,194.0,2645.0,2744.3333333333335,456988.0,2188547.0,2445647.3333333335,-0.02136530990524521,0.9412340699103103,0.933527754766147,140.70314831972053,37.9250181037215,10.0202282576142,26.28900167469082,34.57044563070209,8,0.5263888888888889,-0.16504760586067743,-0.9862856015372314,0.32556815445715626,0.945518575599317,0.6738211072679646,0.7659747014490489,1.4397958087170135,1.1028852550830313
62.1,4672.0,77.0,81.0,77.12700663841869,1.0222684812859175,226.43267675165927,252.5324318231318,2830.0,1359.0,2211.0,2060.1648116438355,2617123.0,15.780155440395665,33.094561486745825,1.0,0.9136081873110282,-25.0,4697.0,4547.666666666667,-1.0,78.0,76.33333333333333,0.0,81.0,79.66666666666667,-9.0,2839.0,2771.3333333333335,-28412.0,2645535.0,2483735.0,-0.006260572694036903,0.9198687600050651,0.9249036724088012,141.5874858133411,37.90610585987202,10.028767429255627,26.270036612323477,34.58857070227009,8,0.5291666666666667,-0.18223552549214747,-0.9832549075639546,0.3583679495453003,0.9335804264972017,0.6914049294614805,0.7417172719278282,1.4331222013893088,1.0874197366585685
62.3,4535.0,75.0,78.0,75.9877709593719,1.027743178135684,226.5673749152663,253.0941527881128,2794.0,1348.0,2191.0,2045.8438809261302,2475406.0,14.61384925340524,30.777426793024787,1.0,0.9225387673779574,-137.0,4672.0,4634.666666666667,-2.0,77.0,76.66666666666667,-3.0,81.0,80.0,-36.0,2830.0,2821.0,-141717.0,2617123.0,2579354.6666666665,0.00893058006692915,0.9136081873110282,0.9186719048980169,142.47182330696165,37.887193616022536,10.037306600897054,26.251071549956137,34.606695773838084,8,0.5319444444444444,-0.199367934417197,-0.9799247046208297,0.39073112848927344,0.9205048534524405,0.7479298232022512,0.6954941820053382,1.4434240052075893,1.0694590936064636
62.5,4624.0,78.0,80.0,76.72978336249486,1.0128888536804386,226.6995859204423,253.28375748418858,2811.0,1355.0,2213.0100000000093,2057.945285467128,2579979.0,15.760356386088963,32.7566787083184,1.0,0.9189125182801876,89.0,4535.0,4610.333333333333,3.0,75.0,76.66666666666667,2.0,78.0,79.66666666666667,17.0,2794.0,2811.6666666666665,104573.0,2475406.0,2557502.6666666665,-0.0036262490977697626,0.9225387673779574,0.9183531576563911,143.35616080058222,37.86828137217306,10.045845772538481,26.232106487588794,34.624820845406084,8,0.5347222222222222,-0.21643961393810252,-0.9762960071199335,0.4226182617406988,0.9063077870366503,0.8142839125423424,0.6531953239528924,1.467479236495235,1.0603372802240636
62.699999999999996,4488.0,76.0,78.0,75.59298298632889,1.0116261435631975,226.47613975869618,253.28622054805302,2752.0,1345.0,2187.0,2046.440953654189,2452476.0,14.562413796630548,30.528675044947494,1.0,0.9269937809788964,-136.0,4624.0,4549.0,-2.0,78.0,76.33333333333333,-2.0,80.0,78.66666666666667,-59.0,2811.0,2785.6666666666665,-127503.0,2579979.0,2502620.3333333335,0.008081262698708791,0.9189125182801876,0.9228150222123471,144.24049829420275,37.84936912832357,10.054384944179908,26.21314142522145,34.642945916974085,8,0.5375,-0.23344536385590528,-0.9723699203976767,0.4539904997395466,0.891006524188368,0.8447266035472911,0.6385214440422107,1.4832480475895018,1.0608847458158563
62.9,3792.0,69.0,71.0,69.4847058973105,1.01294173651187,226.99793265794386,252.32918453986008,2622.0,1305.0,2226.0,2048.258966244726,2079020.0,14.095691844551082,29.0,1.0,0.9683447008686785,-696.0,4488.0,4301.333333333333,-7.0,76.0,74.33333333333333,-7.0,78.0,76.33333333333333,-130.0,2752.0,2728.3333333333335,-373456.0,2452476.0,2370491.6666666665,0.04135091988978212,0.9269937809788964,0.9380836667092541,145.12483578782334,37.830456884474096,10.062924115821335,26.194176362854108,34.661070988542086,8,0.5402777777777777,-0.2503800040544411,-0.9681476403781079,0.48480962024633645,0.8746197071393961,0.8316166622902083,0.6603098118603073,1.4919264741505156,1.0761181430054114
63.1,4134.0,72.0,75.0,72.55048089389321,1.0164650238796535,226.49538681515924,252.16626702411637,2754.0,1342.0,2312.0,2089.7464925012096,2438047.0,14.762495267620631,30.108138434649195,1.0,0.9517129899464613,342.0,3792.0,4138.0,3.0,69.0,72.33333333333333,4.0,71.0,74.66666666666667,132.0,2622.0,2709.3333333333335,359027.0,2079020.0,2323181.0,-0.01663171092221727,0.9683447008686785,0.9490171572646787,146.0091732814439,37.81154464062461,10.071463287462763,26.175211300486765,34.67919606011009,8,0.5430555555555556,-0.26723837607825723,-0.963630453208623,0.5150380749100548,0.8571673007021119,0.7986683609877125,0.6909794326633962,1.4896477936511088,1.0903136131572526
63.3,4230.0,74.0,76.0,73.38803222753515,1.0179781618357628,226.48622490076488,252.29673378068742,2787.0,1341.0,2274.0,2077.883451536643,2444513.0,15.746143728312553,32.26840560052511,1.0,0.9441238397995838,96.0,4134.0,4052.0,2.0,72.0,71.66666666666667,1.0,75.0,74.0,33.0,2754.0,2721.0,6466.0,2438047.0,2320526.6666666665,-0.007589150146877444,0.9517129899464613,0.9547271768715745,146.89351077506447,37.792632396775126,10.08000245910419,26.156246238119426,34.69732113167809,8,0.5458333333333333,-0.28401534470392237,-0.9588197348681932,0.5446390350150266,0.8386705679454244,0.7802057234036179,0.6893635753547904,1.4695692987584084,1.0794664370565994
63.5,4160.0,75.0,74.0,72.77826946347568,1.0331126784967186,226.86542407667886,252.68478482139685,2749.0,1330.0,2254.0,2075.075721153846,2392372.0,16.798296736505783,34.590461112855955,1.0,0.9543808404378583,-70.0,4230.0,4174.666666666667,1.0,74.0,73.66666666666667,-2.0,76.0,75.0,-38.0,2787.0,2763.3333333333335,-52141.0,2444513.0,2424977.3333333335,0.010257000638274505,0.9441238397995838,0.9500725567279678,147.77784826868503,37.77372015292565,10.088541630745617,26.137281175752083,34.71544620324609,8,0.5486111111111112,-0.30070579950427306,-0.9537169507482269,0.573576436351046,0.8191520442889918,0.7585187595028193,0.682721902356174,1.4412406618589935,1.0619812821075838
63.699999999999996,4095.0,73.0,74.0,72.20745069375107,1.0187073160571947,226.6600225184957,252.1698853628861,2664.0,1311.0,2155.0,2032.6783882783882,2181354.0,14.953048197597912,30.805843601498726,1.0,0.9468999529649933,-65.0,4160.0,4161.666666666667,-2.0,75.0,74.0,0.0,74.0,74.66666666666667,-85.0,2749.0,2733.3333333333335,-211018.0,2392372.0,2339413.0,-0.0074808874728650165,0.9543808404378583,0.9484682110674784,148.66218576230557,37.75480790907616,10.097080802387044,26.11831611338474,34.73357127481409,8,0.5513888888888888,-0.3173046564050915,-0.9483236552061995,0.6018150231520472,0.7986355100472937,0.7825959199090698,0.6661358650698302,1.4487317849789,1.0574338250243651
63.9,4223.0,75.0,74.0,73.3272841268282,1.0320439780743138,226.83243858270816,252.7635735937738,2694.0,1327.0,2221.0100000000093,2053.3895335069856,2336997.0,16.66577998133034,34.121107836645635,1.0,0.949400020624759,128.0,4095.0,4159.333333333333,2.0,73.0,74.33333333333333,0.0,74.0,74.0,30.0,2664.0,2702.3333333333335,155643.0,2181354.0,2303574.3333333335,0.0025000676597657367,0.9468999529649933,0.9502269380092035,149.54652325592616,37.735895665226685,10.105619974028471,26.099351051017397,34.75169634638209,8,0.5541666666666667,-0.33380685923377096,-0.9426414910921784,0.6293203910498375,0.7771459614569709,0.8077805812974324,0.6546469245514178,1.46242750584885,1.058537215200134
64.1,4402.0,76.0,77.0,74.86521539356036,1.0119877339891228,226.49683350872178,252.23101137739687,2766.0,1342.0,2212.0,2050.0436165379374,2421316.0,14.548695370332187,30.20761493398643,1.0,0.9352220032412126,179.0,4223.0,4240.0,1.0,75.0,74.66666666666667,3.0,74.0,75.0,72.0,2694.0,2708.0,84319.0,2336997.0,2313222.3333333335,-0.014178017383546404,0.949400020624759,0.943840658943655,150.4308607495467,37.7169834213772,10.114159145669896,26.080385988650058,34.769821417950084,8,0.5569444444444444,-0.3502073812594669,-0.9366721892483978,0.6560590289905064,0.7547095802227728,0.794522575387138,0.6696937972867154,1.4642163726738533,1.0669550849802842
64.3,4420.0,76.0,77.0,75.01812306189365,1.0204038046240032,226.50165916167495,252.0387060402929,2745.0,1345.0,2193.0,2046.1925339366517,2414211.0,14.46814634422824,30.528675044947494,1.0,0.931617410408618,18.0,4402.0,4348.333333333333,0.0,76.0,75.66666666666667,0.0,77.0,76.0,-21.0,2766.0,2735.0,-7105.0,2421316.0,2390841.3333333335,-0.003604592832594622,0.9352220032412126,0.9387464780915299,151.31519824316726,37.69807117752772,10.122698317311324,26.061420926282715,34.787946489518085,8,0.5597222222222222,-0.36650122672429736,-0.9304175679820245,0.6819983600624986,0.7313537016191703,0.7498276906708878,0.7089571774183024,1.4587848680891902,1.0838710227537462
64.5,4682.0,78.0,79.0,77.20950426242894,1.0134182653887656,226.52146172136935,252.5197826664996,2804.0,1370.0,2227.0,2059.0653566851774,2617590.0,13.212115923409545,28.040149785619906,1.0,0.9130887572156067,262.0,4420.0,4501.333333333333,2.0,76.0,76.66666666666667,2.0,77.0,77.66666666666667,59.0,2745.0,2771.6666666666665,203379.0,2414211.0,2484372.3333333335,-0.018528653193011335,0.931617410408618,0.9266427236218124,152.19953573678785,37.67915893367824,10.13123748895275,26.04245586391537,34.806071561086085,8,0.5625,-0.38268343236508967,-0.9238795325112868,0.7071067811865474,0.7071067811865477,0.7369078770332375,0.7309859429996176,1.467893820032855,1.0994398815162363
64.69999999999999,4463.0,77.0,78.0,75.38214701209452,1.0098171770892916,226.59944567961884,253.0375591723372,2737.0,1337.0,2170.0,2042.294644857719,2420281.0,15.503267169969698,32.2490309931942,1.0,0.9289801473465271,-219.0,4682.0,4521.666666666667,-1.0,78.0,77.0,-1.0,79.0,78.0,-67.0,2804.0,2762.0,-197309.0,2617590.0,2484027.3333333335,0.015891390130920446,0.9130887572156067,0.9245621049902506,153.08387323040836,37.66024668982876,10.139776660594178,26.02349080154803,34.824196632654086,8,0.5652777777777777,-0.3987490689252455,-0.9170600743851244,0.7313537016191695,0.6819983600624997,0.7491926705090574,0.7348564343188169,1.484049104827874,1.1094527695733456
64.9,4459.0,76.0,78.0,75.34835850882281,1.0063436947633706,226.6767469638595,252.22863204608996,2764.0,1335.2499999999418,2188.0,2046.1787396277193,2435427.0,15.542028569583712,32.26840560052511,1.0,0.9263036830913018,-4.0,4463.0,4534.666666666667,-1.0,77.0,77.0,0.0,78.0,78.33333333333333,27.0,2737.0,2768.3333333333335,15146.0,2420281.0,2491099.3333333335,-0.002676464255225275,0.9289801473465271,0.9227908625511452,152.00881085589032,37.56277592714858,10.091622690464174,25.962918082462267,34.74519049531532,8,0.5680555555555556,-0.41469324265623936,-0.9099612708765431,0.7547095802227725,0.6560590289905067,0.7717287087923336,0.7242746686810106,1.4960033774733443,1.1101390230771775
65.1,4341.0,75.0,75.0,74.34468954602838,1.0235709231505763,226.826347962801,253.08302286849587,2715.0,1336.0,2179.0,2043.445519465561,2359105.0,14.170592466069206,29.732137494637012,1.0,0.9410005065480341,-118.0,4459.0,4421.0,-1.0,76.0,76.0,-3.0,78.0,77.0,-49.0,2764.0,2738.6666666666665,-76322.0,2435427.0,2404937.6666666665,0.014696823456732289,0.9263036830913018,0.9320947789952877,150.36489045513852,37.44249785254981,10.027009421110208,25.89026572110342,34.63798497474556,8,0.5708333333333333,-0.43051109680829486,-0.9025852843498607,0.7771459614569706,0.629320391049838,0.800251500055842,0.6984752130343849,1.4987267130902269,1.098600963062306
65.3,4408.0,75.0,76.0,74.91621929323848,1.0006730057606927,226.91838207896683,252.3070232245875,2734.0,1329.0,2153.0,2034.5694192377496,2356386.0,15.369205827458511,31.81980515339464,1.0,0.9334480853306716,67.0,4341.0,4402.666666666667,0.0,75.0,75.33333333333333,1.0,75.0,76.33333333333333,19.0,2715.0,2737.6666666666665,-2719.0,2359105.0,2383639.3333333335,-0.007552421217362548,0.9410005065480341,0.9335840916566691,148.72097005438658,37.32221977795104,9.962396151756238,25.817613359744573,34.530779454175786,8,0.5736111111111111,-0.4461978131098084,-0.8949343616020253,0.7986355100472923,0.601815023152049,0.7926282059012949,0.6952432689412722,1.4878714748425672,1.0915573718919198
65.5,4398.0,75.0,77.0,74.83119348069525,1.0275317179691321,226.88600320765488,252.19879974322032,2707.0,1334.0,2190.0,2043.6914506593907,2391156.0,15.54195460477823,31.976553910638962,1.0,0.9337885106617887,-10.0,4408.0,4382.333333333333,0.0,75.0,75.0,1.0,76.0,76.0,-27.0,2734.0,2718.6666666666665,34770.0,2356386.0,2368882.3333333335,0.00034042533111711126,0.9334480853306716,0.9360790341801648,147.07704965363465,37.201941703352276,9.897782882402268,25.74496099838572,34.42357393360602,8,0.5763888888888888,-0.46174861323503374,-0.8870108331782218,0.8191520442889916,0.5735764363510465,0.7801701177662356,0.7070932472224116,1.4872633649886473,1.0971783061055294
65.69999999999999,4657.0,78.0,81.0,77.00309448218073,1.0312383738915456,226.74030725084498,252.69657337310397,2808.0,1358.0,2214.0,2059.1434399828217,2603945.0,15.699477391709847,32.68830061692128,1.0,0.9144759201903266,259.0,4398.0,4487.666666666667,3.0,75.0,76.0,4.0,77.0,78.0,101.0,2707.0,2749.6666666666665,212789.0,2391156.0,2450495.6666666665,-0.019312590471462054,0.9337885106617887,0.9272375053942623,145.43312925288285,37.08166362875351,9.833169613048302,25.672308637026877,34.31636841303626,8,0.5791666666666665,-0.47715876025960724,-0.878817112661966,0.8386705679454226,0.5446390350150293,0.7901313347757348,0.7023175244793827,1.4924488592551175,1.09738319186725
65.9,4548.0,77.0,79.0,76.0966060311202,1.004473457113928,226.7262207695608,252.6997896375102,2762.0,1346.0,2195.0,2050.4173262972736,2503321.0,15.551149167585256,32.38826948140329,1.0,0.926642248437176,-109.0,4657.0,4534.333333333333,-1.0,78.0,76.66666666666667,-2.0,81.0,79.0,-46.0,2808.0,2759.0,-100624.0,2603945.0,2499474.0,0.012166328246849378,0.9144759201903266,0.9249688930964304,143.7892088521308,36.96138555415473,9.768556343694327,25.59965627566802,34.20916289246648,8,0.5819444444444445,-0.49242356010346733,-0.8703556959398996,0.8571673007021126,0.5150380749100538,0.8097472171516844,0.6816882970197138,1.4914355141713982,1.086561905595556
66.1,4574.0,77.0,79.0,76.31381053006483,1.0170436276953883,226.84087033860467,252.26862499157696,2771.0,1349.0,2200.0,2054.8052033231306,2537691.0,15.76122011285476,32.69556544854363,1.0,0.9265261215806022,26.0,4548.0,4593.0,0.0,77.0,77.33333333333333,0.0,79.0,79.66666666666667,9.0,2762.0,2780.3333333333335,34370.0,2503321.0,2548319.0,-0.00011612685657380606,0.926642248437176,0.922548096736035,142.14528845137897,36.841107479555966,9.70394307434036,25.527003914309176,34.101957371896724,8,0.5847222222222221,-0.5075383629607034,-0.8616291604415262,0.874619707139395,0.4848096202463385,0.8233698179928763,0.6805756620389259,1.5039454800318024,1.0922605710353641
66.3,4536.0,77.0,78.0,75.99614842160554,1.0086850705792532,227.1649577449808,252.31389016918124,2751.0,1345.0,2202.0100000000093,2047.194003527337,2482087.0,14.48820116405955,30.549140740780256,1.0,0.9286342501290245,-38.0,4574.0,4552.666666666667,0.0,77.0,77.0,-1.0,79.0,78.66666666666667,-20.0,2771.0,2761.3333333333335,-55604.0,2537691.0,2507699.6666666665,0.002108128548422239,0.9265261215806022,0.9272675400489342,140.50136805062706,36.7208294049572,9.63932980498639,25.454351552950328,33.99475185132695,8,0.5874999999999999,-0.5224985647159484,-0.8526401643540925,0.8910065241883673,0.45399049973954786,0.8056603425704556,0.7094969834416417,1.5151573260120974,1.1123271547268696
66.5,4486.0,76.0,77.0,75.57613775314229,1.008208134763316,226.88042252018695,252.29041191758415,2744.0,1335.0,2195.0100000000093,2051.6861346411056,2474887.0,16.81167947443159,34.73110997362451,1.0,0.9294367783256366,-50.0,4536.0,4532.0,-1.0,77.0,76.66666666666667,-1.0,78.0,78.0,-7.0,2751.0,2755.3333333333335,-7200.0,2482087.0,2498221.6666666665,0.0008025281966121955,0.9286342501290245,0.9281990500117545,138.85744764987513,36.60055133035843,9.57471653563242,25.38169919159148,33.88754633075718,8,0.5902777777777778,-0.5372996083468239,-0.8433914458128856,0.90630778703665,0.4226182617406993,0.7763835113223836,0.7264918587559912,1.5028753700783748,1.114683614417183
66.69999999999999,4407.0,75.0,77.0,74.9077210549611,1.0181153622296484,226.62365852648318,252.3471778083035,2728.0,1323.0,2159.0,2031.409348763331,2341929.0,16.663309393948886,34.34020966738555,1.0,0.9310909937918699,-79.0,4486.0,4476.333333333333,-1.0,76.0,76.0,0.0,77.0,77.33333333333333,-16.0,2744.0,2741.0,-132958.0,2474887.0,2432967.6666666665,0.0016542154662332331,0.9294367783256366,0.929720674082177,137.21352724912333,36.48027325575966,9.510103266278454,25.309046830232635,33.78034081018742,8,0.5930555555555554,-0.5519369853120574,-0.8338858220671688,0.9205048534524396,0.39073112848927555,0.7664484239177068,0.7060477680037498,1.4724961919214568,1.0892719799626032
66.9,4561.0,77.0,79.0,76.20528566665882,1.0110526284500205,226.78092422720312,252.37317049643923,2784.0,1345.0,2220.0,2059.149747862311,2550315.0,16.972368581301872,35.30580688781946,1.0,0.9274230830309197,154.0,4407.0,4484.666666666667,2.0,75.0,76.0,2.0,77.0,77.66666666666667,56.0,2728.0,2752.0,208386.0,2341929.0,2455710.3333333335,-0.003667910760950188,0.9310909937918699,0.929316951716142,135.56960684837128,36.35999518116088,9.44548999692448,25.23639446887378,33.67313528961765,8,0.5958333333333334,-0.5664062369248333,-0.8241261886220154,0.9335804264972022,0.35836794954529916,0.7084066908769558,0.7074072193753115,1.4158139102522673,1.0616105648137895
67.1,4429.0,76.0,78.0,75.0944601394273,1.024419897327189,226.46761684603342,252.13190486118103,2744.0,1332.0,2182.0,2040.4183788665614,2393517.0,16.802858081825775,34.659053651246744,1.0,0.9280080316956177,-132.0,4561.0,4465.666666666667,-1.0,77.0,76.0,-1.0,79.0,78.0,-40.0,2784.0,2752.0,-156798.0,2550315.0,2428587.0,0.0005849486646980484,0.9274230830309197,0.9288407028394691,133.92568644761946,36.239717106562125,9.380876727570515,25.163742107514935,33.565929769047884,8,0.598611111111111,-0.580702955710939,-0.8141155183563198,0.9455185755993162,0.3255681544571584,0.6976135218383448,0.7139833297453102,1.411596851583655,1.0627900906644827
67.3,4408.0,75.0,78.0,74.91621929323848,1.0237503769185876,226.88440907299108,252.72062326462452,2759.0,1328.0,2198.0,2053.056488203267,2437882.0,18.23608640791629,37.473323845103465,1.0,0.9305315023450684,-21.0,4429.0,4466.0,-1.0,76.0,76.0,0.0,78.0,78.33333333333333,15.0,2744.0,2762.3333333333335,44365.0,2393517.0,2460571.3333333335,0.0025234706494506876,0.9280080316956177,0.9286542056905353,132.28176604686755,36.11943903196335,9.316263458216545,25.091089746156083,33.45872424847811,8,0.6013888888888889,-0.5948227867513411,-0.8038568606172175,0.9563047559630353,0.2923717047227372,0.7133721842377655,0.7070803996540721,1.4204525838918376,1.0637664917729548
67.5,4378.0,74.0,77.0,74.66085136703533,1.016251926579366,226.4285992913565,252.18827728199375,2746.0,1327.0,2175.0,2041.0577889447236,2368773.0,16.639459693168153,34.659053651246744,1.0,0.9230783194506186,-30.0,4408.0,4405.0,-1.0,75.0,75.0,-1.0,78.0,77.66666666666667,-13.0,2759.0,2749.6666666666665,-69109.0,2437882.0,2400057.3333333335,-0.00745318289444985,0.9305315023450684,0.9272059511637684,130.6378456461156,35.99916095736458,9.251650188862573,25.018437384797235,33.35151872790835,8,0.6041666666666666,-0.6087614290087203,-0.7933533402912354,0.9659258262890681,0.2588190451025216,0.7191434834561441,0.7024144044621713,1.4215578879183155,1.0619861461902433
67.69999999999999,4366.0,76.0,77.0,74.55845929412517,1.02764277108795,226.90805817207533,252.29815454916306,2721.0,1334.0,2185.0,2045.7453046266605,2382742.0,15.371123236679859,31.894356867634123,1.0,0.9434315591029159,-12.0,4378.0,4384.0,2.0,74.0,75.0,0.0,77.0,77.33333333333333,-25.0,2746.0,2742.0,13969.0,2368773.0,2396465.6666666665,0.020353239652297295,0.9230783194506186,0.9323471269662008,128.99392524536378,35.87888288276582,9.187036919508609,24.94578502343839,33.244313207338585,8,0.6069444444444443,-0.6225146366376187,-0.7826081568524146,0.9743700647852347,0.2249510543438671,0.7262782164778573,0.7211414963668819,1.4474197128447392,1.0842806046058104
67.9,4661.0,77.0,79.0,77.03615721212081,1.0071147602045207,226.8535507931404,253.05412146148086,2783.0,1359.0,2231.0,2057.166916970607,2596987.0,14.706369076235054,30.83018001893599,1.0,0.9215552484475279,295.0,4366.0,4468.333333333333,1.0,76.0,75.66666666666667,2.0,77.0,77.66666666666667,62.0,2721.0,2750.0,214245.0,2382742.0,2449500.6666666665,-0.021876310655387976,0.9434315591029159,0.9293550423336874,127.35000484461175,35.75860480816704,9.122423650154634,24.873132662079534,33.13710768676881,8,0.6097222222222223,-0.636078220277764,-0.7716245833877199,0.981627183447664,0.19080899537654472,0.7435365425956653,0.7367949109672103,1.4803314535628755,1.1085631822650428
68.1,4697.0,79.0,80.0,77.33308568537181,1.016219714505653,226.7739504399834,252.64839497858435,2836.0,1368.0,2256.0,2072.824355971897,2690702.0,15.926513597378172,33.10966626228661,1.0,0.9141740705585383,36.0,4661.0,4574.666666666667,2.0,77.0,77.33333333333333,1.0,79.0,78.66666666666667,53.0,2783.0,2780.0,93715.0,2596987.0,2556810.3333333335,-0.007381177888989621,0.9215552484475279,0.9263869593696606,125.70608444385994,35.63832673356828,9.057810380800667,24.80048030072069,33.02990216619905,8,0.6124999999999999,-0.6494480483301832,-0.7604059656000314,0.9876883405951375,0.15643446504023203,0.7746071803597501,0.7178860740722145,1.4924932544319647,1.1051896642520895
68.3,4311.0,75.0,76.0,74.08735166918363,1.0092401606629195,226.5587593775047,252.31834004001342,2745.0,1341.0,2239.0,2062.9053583855252,2426686.0,15.689849033385503,32.101401838549044,1.0,0.9410381071139818,-386.0,4697.0,4556.333333333333,-4.0,79.0,77.0,-4.0,80.0,78.33333333333333,-91.0,2836.0,2788.0,-264016.0,2690702.0,2571458.3333333335,0.02686403655544356,0.9141740705585383,0.9255891420400161,124.06216404310801,35.518048658969505,8.993197111446698,24.727827939361838,32.92269664562928,8,0.6152777777777777,-0.6626200482157368,-0.7489557207890026,0.9925461516413219,0.12186934340514906,0.8060011754952198,0.6793419117841574,1.4853430872793771,1.0823424995317672
68.5,4338.0,74.0,78.0,74.31899585611431,1.0222203589599288,226.5867826932153,252.30523637665806,2741.0,1338.0,2218.0,2058.7662517289073,2423968.0,15.575855515106127,32.06633748964793,1.0,0.9378820182444653,27.0,4311.0,4448.666666666667,-1.0,75.0,76.0,2.0,76.0,78.0,-4.0,2745.0,2774.0,-2718.0,2426686.0,2513785.3333333335,-0.003156088869516571,0.9410381071139818,0.9310313986389951,122.41824364235607,35.39777058437074,8.928583842092728,24.65517557800299,32.81549112505951,8,0.6180555555555556,-0.6755902076156601,-0.7372773368101241,0.9961946980917455,0.08715574274765837,0.8008199407484655,0.65590114266291,1.4567210834113755,1.0563111130371428
68.7,4449.0,74.0,76.0,75.26382088710844,1.0147585724236254,226.63952582051465,252.45801241478182,2764.0,1349.0,2234.0100000000093,2060.0238255787817,2491566.0,14.603839687592004,30.450779957170226,1.0,0.9314053892210762,111.0,4338.0,4366.0,0.0,74.0,74.33333333333333,-2.0,78.0,76.66666666666667,23.0,2741.0,2750.0,67598.0,2423968.0,2447406.6666666665,-0.00647662902338908,0.9378820182444653,0.9367751715265077,120.77432324160415,35.27749250977197,8.863970572738758,24.582523216644137,32.70828560448974,8,0.6208333333333333,-0.6883545756937541,-0.7253743710122875,0.9986295347545739,0.05233595624294354,0.7739478860560864,0.6436847634434989,1.4176326494995852,1.030658706471542
68.9,4522.0,76.0,78.0,75.8787797825743,1.0224361781319158,226.60118336766882,252.1129800263954,2769.0,1352.0,2199.0,2049.5975232198143,2485288.0,13.72200102329256,29.025850547399983,1.0,0.9197622166927938,73.0,4449.0,4436.333333333333,2.0,74.0,74.66666666666667,2.0,76.0,77.33333333333333,5.0,2764.0,2758.0,-6278.0,2491566.0,2466940.6666666665,-0.011643172528282397,0.9314053892210762,0.9296832080527784,119.13040284085223,35.157214435173195,8.799357303384786,24.50987085528529,32.601080083919975,8,0.6236111111111112,-0.7009092642998511,-0.7132504491541813,0.9998476951563913,0.017452406437282734,0.7278384214278429,0.6776695668886665,1.4055079883165094,1.041588777602588
69.1,4510.0,76.0,77.0,75.77803340517346,1.0136599408388318,226.43890228706942,252.66746493026247,2786.0,1345.0,2199.0,2051.640798226164,2487931.0,15.857496678674629,32.55764119219941,1.0,0.9230131382261003,-12.0,4522.0,4493.666666666667,0.0,76.0,75.33333333333333,-1.0,78.0,77.0,17.0,2769.0,2773.0,2643.0,2485288.0,2488261.6666666665,0.0032509215333065278,0.9197622166927938,0.9247269147133235,117.48648244010042,35.03693636057443,8.734744034030822,24.437218493926444,32.49387456335021,8,0.6263888888888888,-0.7132504491541811,-0.7009092642998513,0.9998476951563913,-0.01745240643728212,0.694090350377945,0.7204854625495057,1.4145758129274506,1.0675306377384781
69.3,4413.0,74.0,78.0,74.95869603265703,1.0239596931311727,226.83228573214694,252.56141532434515,2747.0,1331.0,2178.0100000000093,2043.7230908678903,2399482.0,16.748920492094406,34.713109915419565,1.0,0.9271467758457868,-97.0,4510.0,4481.666666666667,-2.0,76.0,75.33333333333333,1.0,77.0,77.66666666666667,-39.0,2786.0,2767.3333333333335,-88449.0,2487931.0,2457567.0,0.004133637619686437,0.9230131382261003,0.9233073769215604,115.84256203934848,34.916658285975664,8.67013076467685,24.364566132567592,32.38666904278044,8,0.6291666666666667,-0.7253743710122873,-0.6883545756937544,0.9986295347545739,-0.05233595624294293,0.7182978890569403,0.7213773510938878,1.4396752401508282,1.080526295622358
69.5,4544.0,77.0,79.0,76.06313490303026,1.00356071132912,226.29891581944068,252.31618574304116,2810.0,1361.0,2252.0,2067.8657570422533,2580642.0,15.833234531312765,32.7566787083184,1.0,0.9241909571339225,131.0,4413.0,4489.0,3.0,74.0,75.66666666666667,1.0,78.0,78.0,63.0,2747.0,2781.0,181160.0,2399482.0,2489351.6666666665,-0.002955818711864233,0.9271467758457868,0.9247836237352699,114.19864163859656,34.79638021137689,8.60551749532288,24.291913771208744,32.279463522210676,8,0.6319444444444444,-0.7372773368101239,-0.6755902076156604,0.9961946980917455,-0.08715574274765776,0.7157568647370228,0.7259615426565527,1.4417184073935756,1.083839975025064
69.7,4455.0,76.0,78.0,75.31455484695604,1.0218328567006216,226.3733351740545,252.28401458075902,2767.0,1345.0,2230.0,2059.321436588103,2491825.0,15.655629651395088,32.33032632065442,1.0,0.9307832612643344,-89.0,4544.0,4470.666666666667,-1.0,77.0,75.66666666666667,-1.0,79.0,78.33333333333333,-43.0,2810.0,2774.6666666666665,-88817.0,2580642.0,2490649.6666666665,0.006592304130411897,0.9241909571339225,0.9273736647480145,112.55472123784463,34.67610213677812,8.54090422596891,24.219261409849896,32.172258001640905,8,0.6347222222222223,-0.7489557207890025,-0.6626200482157372,0.9925461516413219,-0.12186934340514845,0.6979577270155204,0.7439178765834004,1.4418756035989206,1.0928967400911604
69.9,4538.0,77.0,77.0,76.01290057620594,1.012944986942983,226.3778694361325,252.83657103500875,2799.0,1352.0,2239.0,2066.3133539003966,2569963.0,16.974524674391102,35.106979363083916,1.0,0.9186392955851893,83.0,4455.0,4512.333333333333,1.0,76.0,76.66666666666667,-1.0,78.0,78.0,32.0,2767.0,2792.0,78138.0,2491825.0,2547476.6666666665,-0.012143965679145108,0.9307832612643344,0.9245378379944821,110.9108008370927,34.55582406217935,8.47629095661494,24.146609048491044,32.065052481071135,8,0.6375000000000001,-0.7604059656000312,-0.6494480483301834,0.9876883405951377,-0.15643446504023145,0.7746876420690202,0.725394220838011,1.5000818629070312,1.112738041872521
70.1,4328.0,75.0,76.0,74.23328599498869,1.0146516913790191,226.47210358348372,251.97434927070364,2737.0,1331.0,2217.0,2059.863447319778,2423089.0,16.74996250025694,34.61574786134195,1.0,0.9304854258345443,-210.0,4538.0,4440.333333333333,-2.0,77.0,76.0,-1.0,77.0,77.0,-62.0,2799.0,2767.6666666666665,-146874.0,2569963.0,2494959.0,0.011846130249354991,0.9186392955851893,0.9266359942280227,109.26688043634088,34.43554598758059,8.411677687260974,24.0739566871322,31.957846960501374,8,0.6402777777777777,-0.7716245833877194,-0.6360782202777646,0.9816271834476643,-0.19080899537654325,0.817149987431585,0.6890129749834029,1.5061629624149877,1.0975879686991954
70.3,4402.0,75.0,76.0,74.86521539356036,1.0109675809851788,226.45012389034665,252.48088794070705,2771.0,1346.0,2229.0,2062.6503861880965,2476833.0,15.691757555774625,32.380549717384355,1.0,0.9295745817340128,74.0,4328.0,4422.666666666667,0.0,75.0,75.66666666666667,0.0,76.0,76.33333333333333,34.0,2737.0,2769.0,53744.0,2423089.0,2489961.6666666665,-0.0009108441005315493,0.9304854258345443,0.9262331010512487,107.62296003558896,34.31526791298182,8.347064417907005,24.00130432577335,31.850641439931607,8,0.6430555555555555,-0.7826081568524133,-0.6225146366376203,0.9743700647852357,-0.22495105434386306,0.8058217691190254,0.6724315607828864,1.4782533299019118,1.075342445342399
70.5,4467.0,75.0,77.0,75.41592037714564,1.0101306053630101,227.21558439561267,252.50002205564255,2732.0,1338.0,2222.0,2053.1728229236624,2471032.0,16.802938485786697,34.659053651246744,1.0,0.9338584040999873,65.0,4402.0,4399.0,0.0,75.0,75.0,1.0,76.0,76.33333333333333,-39.0,2771.0,2746.6666666666665,-5801.0,2476833.0,2456984.6666666665,0.004283822365974577,0.9295745817340128,0.931306137222848,105.97903963483704,34.194989838383044,8.282451148553035,23.9286519644145,31.743435919361836,8,0.6458333333333334,-0.7933533402912349,-0.6087614290087209,0.9659258262890684,-0.2588190451025202,0.8051015458650892,0.6854353316328217,1.4905368774979109,1.0879861045653663
70.7,4626.0,77.0,79.0,76.74637537985011,1.0212130696846378,227.1648999421965,252.8134064573453,2793.0,1360.0,2257.0100000000093,2068.8130134025077,2631648.0,15.82020858936396,32.7566787083184,1.0,0.9356798477607947,159.0,4467.0,4498.333333333333,2.0,75.0,75.66666666666667,2.0,77.0,77.33333333333333,61.0,2732.0,2765.3333333333335,160616.0,2471032.0,2526504.3333333335,0.001821443660807387,0.9338584040999873,0.933037611198265,104.3351192340851,34.07471176378427,8.217837879199063,23.85599960305565,31.63623039879207,8,0.6486111111111111,-0.8038568606172175,-0.5948227867513409,0.9563047559630352,-0.29237170472273744,0.7708097173835688,0.7366428088188919,1.5074525262024607,1.1220476675106763
70.9,4094.0,73.0,73.0,72.19863361688887,1.0198122371165053,226.98678227253754,253.14882330694277,2649.0,1307.0,2201.0100000000093,2047.6834391792868,2242230.0,19.978749303264294,40.512343797909296,1.0,0.9465184213929883,-532.0,4626.0,4395.666666666667,-4.0,77.0,75.0,-6.0,79.0,76.33333333333333,-144.0,2793.0,2724.6666666666665,-389418.0,2631648.0,2448303.3333333335,0.010838573632193538,0.9356798477607947,0.9386855577512568,102.69119883333317,33.95443368918551,8.153224609845093,23.7833472416968,31.529024878222298,8,0.651388888888889,-0.8141155183563198,-0.5807029557109389,0.9455185755993161,-0.3255681544571587,0.7596992459534074,0.7592573484739585,1.518956594427366,1.1391069714506623
71.1,4358.0,75.0,77.0,74.49011972037526,1.013407542571298,226.50888095789128,252.76463857794235,2745.0,1345.0,2245.0,2065.1468563561266,2462979.0,15.611449950784131,32.16364407215078,1.0,0.9427384480338646,264.0,4094.0,4359.333333333333,2.0,73.0,75.0,4.0,73.0,76.33333333333333,96.0,2649.0,2729.0,220749.0,2242230.0,2445619.0,-0.0037799733591236118,0.9465184213929883,0.9416455723958825,101.04727843258136,33.83415561458674,8.088611340491129,23.710694880337954,31.421819357652538,8,0.6541666666666666,-0.8241261886220151,-0.5664062369248336,0.9335804264972024,-0.3583679495452986,0.7475229446983408,0.768946400010646,1.5164693447089868,1.1427078723598163
71.3,4514.0,77.0,76.0,75.81163040678207,1.014421334422151,226.71219008690213,252.62383804248256,2809.0,1360.0,2293.0,2091.2926451041203,2669237.0,17.270733958642772,35.6931365951495,1.0,0.9381875794468607,156.0,4358.0,4322.0,2.0,75.0,75.0,-1.0,77.0,75.33333333333333,64.0,2745.0,2734.3333333333335,206258.0,2462979.0,2458148.6666666665,-0.004550868587003931,0.9427384480338646,0.9424814829579046,101.16538494903381,34.30363240983907,8.106150101364653,23.792723587734816,31.514659594788643,8,0.6569444444444444,-0.8338858220671681,-0.5519369853120584,0.9205048534524405,-0.3907311284892734,0.7458473220891538,0.7651421619962805,1.5109894840854343,1.1380658230408573
71.5,4645.0,79.0,79.0,76.90382100581759,1.006448263800673,226.6677540004675,252.59093007526457,2835.0,1366.0,2296.0,2087.579332615716,2729627.0,17.295067479394156,35.59845502265512,1.0,0.9225124898017202,131.0,4514.0,4505.666666666667,2.0,77.0,77.0,3.0,76.0,77.33333333333333,26.0,2809.0,2796.3333333333335,60390.0,2669237.0,2620614.3333333335,-0.015675089645140527,0.9381875794468607,0.9344795057608152,101.95184650304664,34.99680932813839,8.15484997715206,23.933424424659712,31.68337925726147,8,0.6597222222222222,-0.8433914458128855,-0.5372996083468242,0.9063077870366503,-0.4226182617406987,0.7585506667479192,0.7449890871476763,1.5035397538955955,1.1242644205216359
71.7,4516.0,75.0,78.0,75.82842332545228,1.0087703813936917,226.74435822567256,252.68154010087716,2772.0,1352.0,2216.0,2056.719884853853,2514163.0,14.670097774781688,30.76117683054405,1.0,0.9269824589734238,-129.0,4645.0,4558.333333333333,-4.0,79.0,77.0,-1.0,79.0,77.66666666666667,-63.0,2835.0,2805.3333333333335,-215464.0,2729627.0,2637675.6666666665,0.004469969171703614,0.9225124898017202,0.929227509407335,102.73830805705946,35.68998624643772,8.203549852939465,24.07412526158461,31.852098919734296,8,0.6625000000000001,-0.8526401643540924,-0.5224985647159486,0.8910065241883676,-0.4539904997395473,0.7552722884195162,0.7413936528970566,1.4966659413165728,1.1190297971068146
71.9,4492.0,75.0,78.0,75.62666219628069,1.017352920859224,226.5373898809853,252.34234505881182,2777.0,1350.0,2234.0,2063.322350845948,2530479.0,15.697787079118084,32.5,1.0,0.9307143034974801,-24.0,4516.0,4551.0,0.0,75.0,76.33333333333333,0.0,78.0,78.33333333333333,5.0,2772.0,2794.6666666666665,16316.0,2514163.0,2591423.0,0.0037318445240562825,0.9269824589734238,0.9267364174242081,103.52476961107227,36.38316316473704,8.252249728726872,24.214826098509505,32.02081858220713,8,0.6652777777777779,-0.8616291604415258,-0.5075383629607041,0.8746197071393957,-0.48480962024633717,0.7340677705537104,0.7472772761181193,1.4813450466718299,1.1143111613949745
72.1,4276.0,74.0,76.0,73.78598981708896,1.0248720795671027,226.71298025720043,252.59205627433295,2692.0,1319.0,2158.0100000000093,2027.8830682881198,2257238.0,16.56118107921902,34.12477106150311,1.0,0.9354901875655115,-216.0,4492.0,4428.0,-1.0,75.0,74.66666666666667,-2.0,78.0,77.33333333333333,-85.0,2777.0,2747.0,-273241.0,2530479.0,2433960.0,0.004775884068031422,0.9307143034974801,0.9310623166788051,104.31123116508505,37.07634008303632,8.300949604514276,24.35552693543439,32.18953824467994,8,0.6680555555555555,-0.8703556959398996,-0.4924235601034672,0.8571673007021124,-0.515038074910054,0.718798303606649,0.7258335706828032,1.4446318742894522,1.0852327224861278
72.3,4641.0,77.0,78.0,76.87070135699226,1.0100097965747545,226.3587874017107,252.47390214462678,2858.0,1366.0,2248.0,2074.2768799827622,2665325.0,15.88796994962299,33.0,1.0,0.9173459146633149,365.0,4276.0,4469.666666666667,3.0,74.0,75.33333333333333,2.0,76.0,77.33333333333333,166.0,2692.0,2775.6666666666665,408087.0,2257238.0,2484347.3333333335,-0.018144272902196557,0.9354901875655115,0.9278501352421022,105.09769271909786,37.76951700133564,8.349649480301682,24.49622777235929,32.35825790715277,8,0.6708333333333333,-0.8788171126619653,-0.4771587602596087,0.8386705679454244,-0.5446390350150265,0.7475553249905327,0.7078805231016158,1.4554358480921483,1.081658185596882
72.5,4768.0,78.0,80.0,77.91537813100348,1.0160222636053644,226.5501337122821,252.7064347576027,2869.0,1369.0,2255.0,2074.7088926174497,2740533.0,15.965465008423728,33.30540496676178,1.0,0.9111063431821474,127.0,4641.0,4561.666666666667,1.0,77.0,76.33333333333333,2.0,78.0,78.0,11.0,2858.0,2806.3333333333335,75208.0,2665325.0,2554365.3333333335,-0.006239571481167494,0.9173459146633149,0.9213141484703247,105.8841542731107,38.46269391963497,8.398349356089089,24.636928609284187,32.52697756962559,8,0.6736111111111112,-0.8870108331782218,-0.4617486132350336,0.8191520442889914,-0.5735764363510467,0.7163130287655346,0.7165652683845408,1.4328782971500753,1.0747217827673081
72.7,4469.0,77.0,78.0,75.43280138919303,1.019164872893755,226.7509602791477,252.65368431996785,2749.0,1338.0,2197.0,2044.5081673752518,2433430.0,16.824750623514078,35.0,1.0,0.9286085895217862,-299.0,4768.0,4626.0,-1.0,78.0,77.33333333333333,-2.0,80.0,78.66666666666667,-120.0,2869.0,2825.3333333333335,-307103.0,2740533.0,2613096.0,0.017502246339638705,0.9111063431821474,0.9190202824557495,106.67061582712351,39.155870837934295,8.447049231876495,24.777629446209083,32.69569723209842,8,0.6763888888888889,-0.8949343616020251,-0.44619781310980866,0.7986355100472926,-0.6018150231520486,0.7132771698118153,0.707322333910609,1.4205995037224242,1.0639609188165164
72.9,4278.0,74.0,75.0,73.80324364400948,1.0100817666939426,227.40441319410542,252.5412656651194,2680.0,1311.0,2156.0,2031.4824684431978,2273684.0,17.788874001290555,36.5,1.0,0.942899716935159,-191.0,4469.0,4505.0,-3.0,77.0,76.33333333333333,-3.0,78.0,77.66666666666667,-69.0,2749.0,2766.0,-159746.0,2433430.0,2482549.0,0.014291127413372795,0.9286085895217862,0.9275382165463641,107.45707738113633,39.84904775623362,8.495749107663903,24.91833028313398,32.86441689457125,8,0.6791666666666667,-0.9025852843498606,-0.43051109680829514,0.7771459614569709,-0.6293203910498374,0.806222737596706,0.6894348095471783,1.4956575471438842,1.0925461783455312
73.1,4606.0,75.0,79.0,76.58029343799983,1.0259990477775034,226.85433939873263,252.46616675310128,2786.0,1348.0,2231.0100000000093,2060.5542770299608,2581937.0,16.960277108297014,35.106979363083916,1.0,0.929312760148679,328.0,4278.0,4451.0,1.0,74.0,75.33333333333333,4.0,75.0,77.33333333333333,106.0,2680.0,2738.3333333333335,308253.0,2273684.0,2429683.6666666665,-0.01358695678647992,0.942899716935159,0.9336070222018747,108.2435389351491,40.542224674532896,8.544448983451305,25.059031120058865,33.03313655704406,8,0.6819444444444444,-0.9099612708765428,-0.4146932426562401,0.7547095802227735,-0.6560590289905056,0.939012437812885,0.6800989964508544,1.6191114342637394,1.1496052153572969
73.3,4527.0,78.0,77.0,75.92071798274883,1.027459471000019,226.36790896329921,252.53632638633,2761.0,1352.0,2240.0100000000093,2059.910315882483,2534760.0,15.615885425388807,32.25678223257862,1.0,0.9274605879846612,-79.0,4606.0,4470.333333333333,3.0,75.0,75.66666666666667,-2.0,79.0,77.0,-25.0,2786.0,2742.3333333333335,-47177.0,2581937.0,2463460.3333333335,-0.0018521721640177846,0.929312760148679,0.9332243550228331,109.03000048916192,41.23540159283222,8.593148859238712,25.199731956983765,33.20185621951689,8,0.6847222222222222,-0.9170600743851239,-0.3987490689252466,0.731353701619171,-0.6819983600624979,0.9419479982752291,0.6811643004935367,1.6231122987687658,1.1521382996311513
73.5,4576.0,77.0,78.0,76.33049296780484,1.0199859770677961,226.7669020007944,252.65687193825497,2796.0,1345.0,2225.0,2061.1844405594406,2568004.0,18.457070463748313,38.0,1.0,0.9275779944268,49.0,4527.0,4569.666666666667,-1.0,78.0,76.66666666666667,1.0,77.0,78.0,35.0,2761.0,2781.0,33244.0,2534760.0,2561567.0,0.00011740644213875662,0.9274605879846612,0.9281171141867134,109.81646204317475,41.92857851113155,8.64184873502612,25.34043279390866,33.370575881989716,8,0.6875,-0.9238795325112865,-0.38268343236509034,0.7071067811865485,-0.7071067811865467,0.8568400091144055,0.6956216976262196,1.552461706740625,1.1240417021834224
73.7,4446.0,75.0,78.0,75.2384410782981,1.0149096843937755,226.58039439195974,252.89834681441178,2745.0,1335.0,2185.0,2043.0157444894287,2414273.0,15.519662894443819,32.17530108639234,1.0,0.9261152322044773,-130.0,4576.0,4516.333333333333,-2.0,77.0,76.66666666666667,0.0,78.0,77.66666666666667,-51.0,2796.0,2767.3333333333335,-153731.0,2568004.0,2505679.0,-0.0014627622223226666,0.9275779944268,0.9270512715386463,110.60292359718757,42.62175542943087,8.690548610813526,25.481133630833558,33.53929554446254,8,0.6902777777777778,-0.9304175679820246,-0.3665012267242972,0.6819983600624984,-0.7313537016191706,0.8014859706825085,0.7055036301738133,1.5069896008563217,1.1062466155150674
73.9,4530.0,76.0,77.0,75.94586978664664,1.0299090363969936,226.3046054416134,252.33723855646622,2777.0,1351.0,2225.0100000000093,2062.3494481236203,2547457.0,15.682471501979803,32.26840560052511,1.0,0.9209509718907914,84.0,4446.0,4517.333333333333,1.0,75.0,76.0,-1.0,78.0,77.66666666666667,32.0,2745.0,2772.6666666666665,133184.0,2414273.0,2509911.3333333335,-0.005164260313685887,0.9261152322044773,0.9248813995073563,111.38938515120039,43.3149323477302,8.739248486600932,25.621834467758454,33.70801520693537,8,0.6930555555555556,-0.9366721892483979,-0.35020738125946677,0.6560590289905062,-0.754709580222773,0.7714711435154518,0.7031974792440547,1.4746686227595065,1.0889330510017805
74.1,4684.0,76.0,80.0,77.22599321173864,1.0155373832057997,226.6436300937971,252.39180283671402,2855.0,1359.0,2243.0,2074.900512382579,2692894.0,18.887145260051476,38.64081339418534,1.0,0.9155228538516555,154.0,4530.0,4553.333333333333,0.0,76.0,75.66666666666667,3.0,77.0,78.33333333333333,78.0,2777.0,2792.3333333333335,145437.0,2547457.0,2551541.3333333335,-0.0054281180391358985,0.9209509718907914,0.9208630193156414,112.17584670521316,44.00810926602947,8.787948362388335,25.76253530468334,33.87673486940818,8,0.6958333333333333,-0.9426414910921783,-0.33380685923377124,0.629320391049838,-0.7771459614569705,0.752054929857621,0.6869371544372825,1.4389920842949036,1.062964619366093
74.3,4523.0,75.0,78.0,75.88716927674362,1.011077128201097,226.76008920981243,252.56120949074779,2768.0,1349.0,2185.0100000000093,2044.342471810745,2462067.0,14.452948906763881,30.64718584144391,1.0,0.9249922930610743,-161.0,4684.0,4579.0,-1.0,76.0,75.66666666666667,-2.0,80.0,78.33333333333333,-87.0,2855.0,2800.0,-230827.0,2692894.0,2567472.6666666665,0.009469439209418784,0.9155228538516555,0.9204887062678404,112.96230825922598,44.7012861843288,8.836648238175743,25.90323614160824,34.04545453188101,8,0.6986111111111111,-0.9483236552061992,-0.31730465640509264,0.6018150231520492,-0.7986355100472923,0.7464503376356112,0.6863316530996928,1.432781990735304,1.0595568219174984
74.5,4678.0,78.0,80.0,77.17651579509851,1.0129488335996153,226.68528270350456,252.96946539695597,2818.0,1365.0,2214.0,2057.1094484822574,2606225.0,14.74742304688386,31.00403199585499,1.0,0.9184160999146275,155.0,4523.0,4628.333333333333,3.0,75.0,76.33333333333333,2.0,78.0,79.33333333333333,50.0,2768.0,2813.6666666666665,144158.0,2462067.0,2587062.0,-0.006576193146446863,0.9249922930610743,0.9196437489424524,113.74876981323881,45.39446310262812,8.885348113963149,26.043936978533136,34.21417419435384,8,0.7013888888888888,-0.9537169507482267,-0.3007057995042738,0.5735764363510473,-0.819152044288991,0.7218333572767612,0.7286327611935594,1.4504661184703205,1.0895494398319399
74.7,4640.0,77.0,80.0,76.86241921492685,1.0062096410289638,226.84202394642284,252.27934536787038,2814.0,1350.0,2208.0100000000093,2056.432543103448,2581876.0,16.975180635076907,35.20298282816387,1.0,0.9253302637307136,-38.0,4678.0,4613.666666666667,-1.0,78.0,76.66666666666667,0.0,80.0,79.33333333333333,-4.0,2818.0,2800.0,-24349.0,2606225.0,2550056.0,0.006914163816086116,0.9184160999146275,0.9229128855688051,114.53523136725163,46.08764002092745,8.934047989750555,26.184637815458032,34.38289385682666,8,0.7041666666666667,-0.958819734868193,-0.28401534470392265,0.5446390350150271,-0.838670567945424,0.7027211022405183,0.7463863356814167,1.4491074379219349,1.0977468868016758
74.9,4550.0,76.0,79.0,76.11333607551958,1.0221012731539556,226.49636019175574,252.2223352135595,2817.0,1347.0,2224.0100000000093,2063.2164835164835,2562656.0,16.980235065258427,35.106979363083916,1.0,0.9187366544709864,-90.0,4640.0,4622.666666666667,-1.0,77.0,77.0,-1.0,80.0,79.66666666666667,3.0,2814.0,2816.3333333333335,-19220.0,2581876.0,2583585.6666666665,-0.0065936092597271845,0.9253302637307136,0.9208276727054425,115.32169292126444,46.780816939226774,8.982747865537961,26.32533865238293,34.551613519299494,8,0.7069444444444445,-0.963630453208623,-0.26723837607825707,0.5150380749100546,-0.857167300702112,0.722198334552567,0.7249634184312589,1.4471617529838259,1.0860625857075423
75.1,4426.0,76.0,77.0,75.069023072089,1.020202074417999,226.61223786138854,252.27439615703636,2725.0,1330.0,2145.0200000000186,2031.4376412110257,2352145.0,15.335125459010811,31.800943197693027,1.0,0.9290996090802225,-124.0,4550.0,4538.666666666667,0.0,76.0,76.33333333333333,-2.0,79.0,78.66666666666667,-92.0,2817.0,2785.3333333333335,-210511.0,2562656.0,2498892.3333333335,0.010362954609236086,0.9187366544709864,0.9243888424273075,116.10815447527722,47.473993857526054,9.031447741325366,26.466039489307818,34.72033318177231,8,0.7097222222222221,-0.9681476403781076,-0.25038000405444183,0.4848096202463378,-0.8746197071393954,0.8086439685596074,0.6836116337324857,1.492255602292093,1.0879336180122894
75.3,4626.0,76.0,79.0,76.74637537985011,1.0199251637368145,227.14709005618846,252.61696558506188,2785.0,1348.0,2180.0,2045.1513186338088,2521901.0,15.600633439003705,32.42298567374695,1.0,0.9240192220075253,200.0,4426.0,4534.0,0.0,76.0,76.0,2.0,77.0,78.33333333333333,60.0,2725.0,2775.6666666666665,169756.0,2352145.0,2478900.6666666665,-0.005080387072697201,0.9290996090802225,0.923951828519578,116.89461602929003,48.167170775825376,9.080147617112772,26.606740326232714,34.889052844245136,8,0.7124999999999999,-0.9723699203976764,-0.233445363855906,0.4539904997395479,-0.8910065241883673,0.8788499799106964,0.6615404531779523,1.5403904330886486,1.1009654431333005
75.5,4691.0,77.0,80.0,77.28367682992734,1.0127892337821054,226.44974635662442,253.1311139990114,2864.0,1357.0,2239.0100000000093,2069.6979322106163,2672467.0,17.1378945080745,35.77708763999664,1.0,0.9120932082603826,65.0,4626.0,4581.0,1.0,76.0,76.33333333333333,1.0,79.0,78.66666666666667,79.0,2785.0,2791.3333333333335,150566.0,2521901.0,2515504.3333333335,-0.011926013747142639,0.9240192220075253,0.9217373464493769,117.68107758330287,48.860347694124705,9.128847492900178,26.74744116315761,35.05777250671796,8,0.7152777777777778,-0.9762960071199334,-0.21643961393810282,0.42261826174069933,-0.90630778703665,0.907938321454444,0.666797356630407,1.574735678084851,1.1207665173576289
75.7,4443.0,77.0,77.0,75.21305270535379,1.0115919765587036,226.56528735765494,253.57814294069598,2735.0,1336.0,2181.0,2043.3724960612199,2414204.0,15.487606267831303,32.14051180802207,1.0,0.9279066723441763,-248.0,4691.0,4586.666666666667,0.0,77.0,76.66666666666667,-3.0,80.0,78.66666666666667,-129.0,2864.0,2794.6666666666665,-258263.0,2672467.0,2536190.6666666665,0.015813464083793694,0.9120932082603826,0.9213397008706948,118.46753913731568,49.55352461242403,9.177547368687584,26.888142000082507,35.22649216919079,8,0.7180555555555556,-0.9799247046208296,-0.1993679344171973,0.390731128489274,-0.9205048534524403,0.9183008897283409,0.6454389944442543,1.5637398841725954,1.1045894393084248
75.9,4437.0,75.0,77.0,75.1622502323468,1.014357183835752,226.87566753485623,253.11931422984281,2718.0,1331.0,2180.0,2043.0723461798511,2409631.0,16.7264752403096,34.713109915419565,1.0,0.9321838073962362,-6.0,4443.0,4523.666666666667,-2.0,77.0,76.33333333333333,0.0,77.0,78.0,-17.0,2735.0,2772.3333333333335,-4573.0,2414204.0,2498767.3333333335,0.004277135052059844,0.9279066723441763,0.9240612293335984,119.2540006913285,50.24670153072335,9.226247244474992,27.028842837007403,35.395211831663616,8,0.7208333333333334,-0.9832549075639547,-0.18223552549214692,0.3583679495452992,-0.9335804264972022,0.8987172834794068,0.6469160042920088,1.5456332877714156,1.0962746460317123
76.1,4610.0,77.0,79.0,76.61353862881612,1.0019928534241584,226.71345059448475,253.01327856137112,2812.0,1351.0,2196.0,2054.29978308026,2555369.0,15.7648071574633,32.7566787083184,1.0,0.9224464255455865,173.0,4437.0,4496.666666666667,2.0,75.0,76.33333333333333,2.0,77.0,77.66666666666667,94.0,2718.0,2755.0,145738.0,2409631.0,2459734.6666666665,-0.009737381850649651,0.9321838073962362,0.9275123017619996,120.04046224534127,50.93987844902263,9.274947120262395,27.169543673932292,35.56393149413643,8,0.723611111111111,-0.9862856015372312,-0.16504760586067904,0.3255681544571593,-0.9455185755993158,0.8413610179137933,0.6794768075104929,1.5208378254242862,1.1001573164673895
76.3,4566.0,76.0,79.0,76.24704427884896,1.01378879655469,227.02064482629308,252.8674553112109,2767.0,1343.0,2185.0,2046.6333771353482,2495939.0,15.405356157149907,32.202484376209235,1.0,0.9224916955101867,-44.0,4610.0,4537.666666666667,-1.0,77.0,76.0,0.0,79.0,78.33333333333333,-45.0,2812.0,2765.6666666666665,-59430.0,2555369.0,2486979.6666666665,4.526996460019195e-05,0.9224464255455865,0.9257073094840033,120.82692379935409,51.63305536732195,9.323646996049801,27.31024451085719,35.73265115660926,8,0.7263888888888889,-0.9890158633619167,-0.14780941112961132,0.2923717047227381,-0.9563047559630351,0.8378534600732878,0.6882355102409106,1.5260889703141982,1.1071622402775545
76.5,4816.0,80.0,81.0,78.30658750989309,1.0124569718507421,226.69225382520935,252.55650541014404,2853.0,1376.0,2228.0,2056.8550664451827,2681886.0,13.234989701568932,28.30635970943632,1.0,0.9096307598458696,250.0,4566.0,4664.0,4.0,76.0,77.66666666666667,2.0,79.0,79.66666666666667,86.0,2767.0,2810.6666666666665,185947.0,2495939.0,2577731.3333333335,-0.012860935664317119,0.9224916955101867,0.9181896269672142,121.61338535336692,52.32623228562128,9.372346871837207,27.450945347782085,35.90137081908208,8,0.7291666666666666,-0.9914448613738104,-0.13052619222005163,0.2588190451025208,-0.9659258262890683,0.8378824539314101,0.7085699971736068,1.546452451105017,1.127511224139312
76.7,4643.0,77.0,79.0,76.88726296471582,1.009354107668891,226.86417638500905,252.75299878065596,2802.0,1350.0,2203.0,2056.044798621581,2581729.0,16.852677954656556,35.106979363083916,1.0,0.9233544651665608,-173.0,4816.0,4675.0,-3.0,80.0,77.66666666666667,-2.0,81.0,79.66666666666667,-51.0,2853.0,2807.3333333333335,-100157.0,2681886.0,2586518.0,0.013723705320691226,0.9096307598458696,0.9184923068408724,122.39984690737974,53.0194092039206,9.421046747624615,27.59164618470698,36.070090481554914,8,0.7319444444444445,-0.9935718556765876,-0.11320321376790607,0.22495105434386373,-0.9743700647852356,0.8010150987826012,0.7139789226651736,1.5149940214477748,1.1144864720564742
76.9,4539.0,78.0,79.0,76.02127526918306,1.009939143122091,226.72726356948985,252.34371796607547,2766.0,1348.0,2183.0,2046.760079312624,2481761.0,14.625846876928216,30.886890422961002,1.0,0.926081520339791,-104.0,4643.0,4666.0,1.0,77.0,78.33333333333333,0.0,79.0,79.66666666666667,-36.0,2802.0,2807.0,-99968.0,2581729.0,2581792.0,0.0027270551732301307,0.9233544651665608,0.9196889151174071,123.18630846139256,53.71258612221993,9.469746623412021,27.732347021631877,36.23881014402774,8,0.7347222222222223,-0.9953961983671789,-0.09584575252022354,0.19080899537654392,-0.9816271834476641,0.7528697597286398,0.670633592809956,1.4235033525385958,1.047068472674276
77.1,4583.0,77.0,79.0,76.38885280930229,1.0107085436247907,226.9303857683381,252.5573606553522,2777.0,1347.0,2200.0,2047.4451232816932,2508941.0,15.460406531999935,32.380549717384355,1.0,0.9284112300767535,44.0,4539.0,4588.333333333333,-1.0,78.0,77.33333333333333,0.0,79.0,79.0,11.0,2766.0,2781.6666666666665,27180.0,2481761.0,2524143.6666666665,0.0023297097369625597,0.926081520339791,0.925949071861035,123.97277001540533,54.405763040519204,9.518446499199424,27.873047858556767,36.407529806500555,8,0.7374999999999999,-0.996917333733128,-0.07845909572784557,0.1564344650402321,-0.9876883405951375,0.7608527313126463,0.6424295200288634,1.4032822513415097,1.0228558856851866
77.3,4662.0,77.0,79.0,77.04442067765406,1.025135000542882,226.69319244710016,252.6233481692689,2823.0,1357.0,2214.0100000000093,2063.9161304161303,2629000.0,15.70682395839178,32.86715685908959,1.0,0.9148984404716622,79.0,4583.0,4594.666666666667,0.0,77.0,77.33333333333333,0.0,79.0,79.0,46.0,2777.0,2788.6666666666665,120059.0,2508941.0,2539900.6666666665,-0.01351278960509128,0.9284112300767535,0.9231303969627356,124.75923156941815,55.098939958818534,9.56714637498683,28.013748695481663,36.57624946897338,8,0.7402777777777777,-0.9981347984218669,-0.06104853953485769,0.12186934340514911,-0.9925461516413219,0.805928116787824,0.6124163746183658,1.4183444914061898,1.0153804330122778
77.5,4599.0,77.0,80.0,76.52207959953135,1.0314607914505167,226.9996594696656,252.44111301061287,2785.0,1348.0,2170.0,2035.7260273972602,2463822.0,14.539572156035097,30.463092423455635,1.0,0.917695352992221,-63.0,4662.0,4614.666666666667,0.0,77.0,77.0,1.0,79.0,79.33333333333333,-38.0,2823.0,2795.0,-165178.0,2629000.0,2533921.0,0.002796912520558803,0.9148984404716622,0.9203350078468789,125.54569312343098,55.792116877117856,9.615846250774238,28.15444953240656,36.744969131446204,8,0.7430555555555556,-0.9990482215818578,-0.04361938736533613,0.08715574274765844,-0.9961946980917455,0.7957415737955184,0.6267599253184647,1.422501499113983,1.024630712216224
77.7,4705.0,78.0,81.0,77.39891509561966,1.021169566976097,226.46557519830972,252.17862152736075,2833.0,1366.0,2227.0100000000093,2062.726036131775,2647766.0,14.804322435671045,31.144823004794873,1.0,0.9094081576695222,106.0,4599.0,4655.333333333333,1.0,77.0,77.33333333333333,1.0,80.0,80.0,48.0,2785.0,2813.6666666666665,183944.0,2463822.0,2580196.0,-0.008287195322698837,0.917695352992221,0.9140006503778019,125.90550888313994,55.99385738398506,9.678547413403559,28.335978774212776,36.99605170650637,8,0.7458333333333333,-0.9996573249755573,-0.026176948307873482,0.052335956242944494,-0.9986295347545738,0.6680059131715186,0.7209933932853386,1.388999306456857,1.054996349871098
77.9,4188.0,74.0,74.0,73.02278557649565,1.016974969920327,226.7858237531183,252.5518482982398,2693.0,1330.0,2205.0100000000093,2047.4976122254059,2292942.0,14.356664107717675,29.84354870500318,1.0,0.9466702603031389,-517.0,4705.0,4497.333333333333,-4.0,78.0,76.33333333333333,-7.0,81.0,78.33333333333333,-140.0,2833.0,2770.3333333333335,-354824.0,2647766.0,2468176.6666666665,0.037262102633616734,0.9094081576695222,0.9245912569882941,126.05990259373968,55.95898035942199,9.74798993636417,28.537166136887777,37.286790498738206,8,0.7486111111111112,-0.9999619230641713,-0.008726535498373576,0.017452406437282793,-0.9998476951563913,0.6457136109448028,0.7354699413299072,1.38118355227471,1.0583267468023085
78.1,4314.0,74.0,77.0,74.11312566602149,1.0314249359428806,227.110668915736,252.88519743619776,2704.0,1323.0,2184.0100000000093,2042.2665739452943,2339343.0,16.538470890937848,34.03307215048327,1.0,0.931330292308567,126.0,4188.0,4402.333333333333,0.0,74.0,75.33333333333333,3.0,74.0,77.33333333333333,11.0,2693.0,2743.3333333333335,46401.0,2292942.0,2426683.6666666665,-0.015339967994571935,0.9466702603031389,0.9291362367604094,126.21429630433938,55.924103334858934,9.81743245932478,28.738353499562766,37.57752929097003,8,0.7513888888888888,-0.9999619230641713,0.008726535498373208,-0.017452406437282058,-0.9998476951563913,0.7596867284880466,0.681011266779,1.4406979952670467,1.0608546310230234
78.3,4692.0,79.0,79.0,77.29191383254386,1.0128600862447035,226.6400590796055,252.00436605189205,2828.0,1367.0,2230.0,2067.9622762148338,2664954.0,14.801856810945834,31.38470965295043,1.0,0.9159272542790607,378.0,4314.0,4398.0,5.0,74.0,75.66666666666667,2.0,77.0,76.66666666666667,124.0,2704.0,2741.6666666666665,325611.0,2339343.0,2432413.0,-0.015403038029506266,0.931330292308567,0.9313092689635889,126.36869001493912,55.88922631029587,9.886874982285391,28.939540862237767,37.86826808320186,8,0.7541666666666667,-0.9996573249755573,0.026176948307873114,-0.05233595624294376,-0.9986295347545738,0.8123882552723672,0.6754390473724113,1.4878273026447786,1.081633175008595
78.5,4063.0,72.0,73.0,71.92476812794717,1.036533476951213,226.8924875715271,252.49838302504418,2655.0,1309.0,2169.0,2036.3202067437853,2179077.0,15.08947258336374,31.132780152116194,1.0,0.9503918402149166,-629.0,4692.0,4356.333333333333,-7.0,79.0,75.0,-6.0,79.0,76.33333333333333,-173.0,2828.0,2729.0,-485877.0,2664954.0,2394458.0,0.034464585935855885,0.9159272542790607,0.9325497956008482,126.52308372553884,55.8543492857328,9.956317505246004,29.140728224912767,38.159006875433704,8,0.7569444444444444,-0.9990482215818578,0.043619387365335764,-0.08715574274765771,-0.9961946980917455,0.7065843900339855,0.7234655718603983,1.4300499618943838,1.076757766877391
78.7,4441.0,77.0,77.0,75.19612236125515,1.005084256931219,226.32536847506745,252.1679354958792,2768.0,1340.0,2230.0,2067.3895519027246,2519789.0,16.926658578944938,35.106979363083916,1.0,0.9281971625401968,378.0,4063.0,4398.666666666667,5.0,72.0,76.0,4.0,73.0,76.33333333333333,113.0,2655.0,2750.3333333333335,340712.0,2179077.0,2454606.6666666665,-0.02219467767471983,0.9503918402149166,0.9315054190113914,126.67747743613857,55.819472261169736,10.025760028206616,29.341915587587767,38.44974566766554,8,0.7597222222222223,-0.9981347984218669,0.061048539534857324,-0.12186934340514839,-0.9925461516413219,0.6509744445397506,0.7596966260534374,1.410671070593188,1.0851838483233127
78.9,4396.0,75.0,77.0,74.81417672243526,1.0355580151837187,226.24900593540607,252.59239128634692,2743.0,1333.0,2191.0,2049.43949044586,2415336.0,16.756181332809497,34.64823227814083,1.0,0.9244072046290868,-45.0,4441.0,4300.0,-2.0,77.0,74.66666666666667,0.0,77.0,75.66666666666667,-25.0,2768.0,2722.0,-104453.0,2519789.0,2371400.6666666665,-0.0037899579111100312,0.9281971625401968,0.9343320691280667,126.8318711467383,55.78459523660667,10.095202551167228,29.543102950262767,38.740484459897374,8,0.7625000000000001,-0.996917333733128,0.07845909572784521,-0.15643446504023137,-0.9876883405951377,0.6503136858416493,0.7707094996579267,1.421023185499576,1.0958663425787514
79.1,4525.0,77.0,77.0,75.90394548326596,1.0141073074226095,226.64075739363398,252.3112118801146,2768.0,1349.0,2204.0100000000093,2053.582099447514,2505023.0,14.571770165668964,30.549140740780256,1.0,0.9248006904527424,129.0,4396.0,4454.0,2.0,75.0,76.33333333333333,0.0,77.0,77.0,25.0,2743.0,2759.6666666666665,89687.0,2415336.0,2480049.3333333335,0.0003934858236556149,0.9244072046290868,0.9258016858740087,126.98626485733801,55.74971821204361,10.164645074127836,29.744290312937753,39.031223252129195,8,0.7652777777777777,-0.9953961983671789,0.09584575252022316,-0.1908089953765432,-0.9816271834476643,0.6661915655611169,0.7586966042741711,1.424888169835288,1.0917923870547295
79.3,4602.0,76.0,80.0,76.54703380844498,1.0204849733453438,226.4821031854704,252.22526886260485,2800.0,1355.0,2196.0100000000093,2050.6723163841807,2534239.0,14.650292779953338,31.016124838541646,1.0,0.9222346432203119,77.0,4525.0,4507.666666666667,-1.0,77.0,76.0,3.0,77.0,78.0,32.0,2768.0,2770.3333333333335,29216.0,2505023.0,2484866.0,-0.0025660472324304795,0.9248006904527424,0.923814179434047,127.14065856793773,55.714841187480545,10.234087597088449,29.945477675612757,39.32196204436103,8,0.7680555555555555,-0.9935718556765876,0.1132032137679057,-0.224951054343863,-0.9743700647852357,0.6868565016360537,0.7348521777079537,1.4217086793440075,1.0782804285259806
79.5,4462.0,75.0,79.0,75.37370130627987,1.0062008769814266,226.73257378328515,252.47092089016897,2738.0,1334.0,2169.0,2034.7319587628865,2385992.0,16.787948829509872,34.659053651246744,1.0,0.9296745336949999,-140.0,4602.0,4529.666666666667,-1.0,76.0,76.0,-1.0,80.0,78.66666666666667,-62.0,2800.0,2768.6666666666665,-148247.0,2534239.0,2475084.6666666665,0.00743989047468796,0.9222346432203119,0.9255699557893514,127.29505227853747,55.67996416291748,10.30353012004906,30.146665038287757,39.61270083659287,8,0.7708333333333334,-0.9914448613738105,0.13052619222005127,-0.25881904510252013,-0.9659258262890684,0.6649707663331396,0.7435202969329031,1.4084910632660428,1.076005680099473
79.7,4611.0,77.0,80.0,76.62184767266994,1.0215304373394372,226.36341266421945,252.9018574079736,2798.0,1362.0,2215.0,2058.245716764259,2575144.0,13.852209788728842,29.300170647967224,1.0,0.9210731516373454,149.0,4462.0,4558.333333333333,2.0,75.0,76.0,1.0,79.0,79.66666666666667,60.0,2738.0,2778.6666666666665,189152.0,2385992.0,2498458.3333333335,-0.008601382057654483,0.9296745336949999,0.9243274428508856,127.44944598913719,55.64508713835441,10.372972643009673,30.347852400962758,39.90343962882471,8,0.7736111111111111,-0.9890158633619168,0.14780941112961096,-0.2923717047227374,-0.9563047559630353,0.63854231496813,0.7655020891557768,1.4040444041239066,1.0847732466398416
79.9,4372.0,74.0,77.0,74.6096728955578,1.0241528997032983,226.61543809092652,252.47020206856925,2730.0,1331.0,2139.0,2025.4437328453796,2297250.0,14.198948932858638,30.066592756745816,1.0,0.9244252911089346,-239.0,4611.0,4481.666666666667,-3.0,77.0,75.33333333333333,-3.0,80.0,78.66666666666667,-68.0,2798.0,2755.3333333333335,-277894.0,2575144.0,2419462.0,0.0033521394715891883,0.9210731516373454,0.9250576588137599,127.60383969973692,55.610210113791354,10.442415165970287,30.549039763637758,40.19417842105655,8,0.776388888888889,-0.9862856015372312,0.16504760586067868,-0.32556815445715864,-0.9455185755993162,0.6750215417513019,0.7692680397508287,1.4442895815021306,1.1067788106264795
80.1,4661.0,78.0,79.0,77.03615721212081,1.006911816244027,226.34159192659467,251.78988681865866,2826.0,1368.0,2277.0100000000093,2080.810984767217,2707812.0,15.918804604377007,33.24530041975858,1.0,0.9191088598469909,289.0,4372.0,4548.0,4.0,74.0,76.33333333333333,2.0,77.0,78.66666666666667,96.0,2730.0,2784.6666666666665,410562.0,2297250.0,2526735.3333333335,-0.005316431261943699,0.9244252911089346,0.9215357675310902,127.75823341033664,55.57533308922829,10.511857688930894,30.750227126312744,40.48491721328836,8,0.7791666666666666,-0.9832549075639547,0.18223552549214656,-0.35836794954529855,-0.9335804264972024,0.7037072451668386,0.772755001731912,1.4764622468987507,1.1246086243153313
80.3,4502.0,76.0,78.0,75.7107946755131,1.0105677271505644,226.49560130491008,251.90164969975538,2740.0,1338.0,2196.0,2043.2783207463349,2445882.0,15.517951015763497,32.16364407215078,1.0,0.9207974873685648,-159.0,4661.0,4511.666666666667,-2.0,78.0,76.0,-1.0,79.0,78.0,-86.0,2826.0,2765.3333333333335,-261930.0,2707812.0,2483648.0,0.0016886275215739488,0.9191088598469909,0.9214438794414969,127.91262712093636,55.54045606466522,10.581300211891506,30.951414488987744,40.775656005520204,8,0.7819444444444444,-0.9799247046208297,0.19936793441719694,-0.3907311284892733,-0.9205048534524405,0.6689191311709922,0.8150217194531177,1.48394085062411,1.1494812850386138
80.5,4532.0,77.0,78.0,75.96263302927142,1.0055017199730845,226.75366039841686,252.25009254539876,2768.0,1342.0,2205.0,2056.726831421006,2523088.0,16.76185590503673,34.81738071710737,1.0,0.9253755715218811,30.0,4502.0,4565.0,1.0,76.0,77.0,0.0,78.0,78.33333333333333,28.0,2740.0,2778.0,77206.0,2445882.0,2558927.3333333335,0.004578084153316286,0.9207974873685648,0.9217606395791456,128.0670208315361,55.50557904010216,10.65074273485212,31.152601851662745,41.06639479775204,8,0.7847222222222222,-0.9762960071199335,0.21643961393810246,-0.42261826174069866,-0.9063077870366504,0.6691918827255581,0.8288762092904637,1.4980680920160219,1.1634721506532428
80.7,4450.0,76.0,78.0,75.27227892173502,1.0135161940938224,226.6278258373543,252.3732211964974,2744.0,1334.0,2183.0,2035.4880898876404,2382928.0,15.521580050313752,32.16364407215078,1.0,0.9341171869229787,-82.0,4532.0,4494.666666666667,-1.0,77.0,76.33333333333333,0.0,78.0,78.0,-24.0,2768.0,2750.6666666666665,-140160.0,2523088.0,2450632.6666666665,0.008741615401097635,0.9253755715218811,0.9267634152711416,128.22141454213582,55.470702015539096,10.720185257812732,31.35378921433775,41.357133589983874,8,0.7875000000000001,-0.9723699203976766,0.23344536385590567,-0.45399049973954725,-0.8910065241883677,0.7415126011291013,0.7879684312183505,1.5294810323474517,1.158724731782901
80.9,4516.0,76.0,78.0,75.82842332545228,1.0172702161201281,226.79917916403747,252.28842326473085,2766.0,1343.0,2205.0,2051.2969441984055,2489696.0,15.603887299854277,32.23740063962974,1.0,0.9271027466807192,66.0,4450.0,4499.333333333333,0.0,76.0,76.33333333333333,0.0,78.0,78.0,22.0,2744.0,2759.3333333333335,106768.0,2382928.0,2465237.3333333335,-0.007014440242259501,0.9341171869229787,0.928865168375193,128.37580825273554,55.43582499097603,10.789627780773344,31.55497657701275,41.647872382215716,8,0.7902777777777779,-0.9681476403781077,0.25038000405444144,-0.4848096202463371,-0.8746197071393957,0.8185681705527513,0.7219394078037045,1.540507578356456,1.1312234930800802
81.1,4722.0,78.0,80.0,77.53861702557919,1.0074860238762808,226.35722725569622,252.8154463893224,2861.0,1362.0,2260.0,2074.253282507412,2711797.0,17.266037690079862,36.062445840513924,1.0,0.9175823264057007,206.0,4516.0,4562.666666666667,2.0,76.0,76.66666666666667,2.0,78.0,78.66666666666667,95.0,2766.0,2790.3333333333335,222101.0,2489696.0,2528140.3333333335,-0.009520420275018537,0.9271027466807192,0.9262674200031329,128.53020196333526,55.40094796641297,10.85907030373395,31.756163939687735,41.93861117444753,8,0.7930555555555555,-0.9636304532086231,0.26723837607825673,-0.5150380749100539,-0.8571673007021124,0.7681796968633147,0.7251824045802915,1.493362101443606,1.1092722530119488
81.3,4454.0,76.0,79.0,75.30610156056689,1.0062610753955674,226.72931876676387,252.7501407851431,2737.0,1341.0,2180.0100000000093,2038.228558599012,2397376.0,14.537105674369778,30.335622624235025,1.0,0.9261158867027951,-268.0,4722.0,4564.0,-2.0,78.0,76.66666666666667,-1.0,80.0,79.0,-124.0,2861.0,2788.0,-314421.0,2711797.0,2532956.3333333335,0.0085335602970944,0.9175823264057007,0.9236003199297383,128.68459567393498,55.366070941849905,10.928512826694565,31.957351302362735,42.22934996667937,8,0.7958333333333333,-0.9588197348681932,0.2840153447039223,-0.5446390350150265,-0.8386705679454244,0.6806629143956026,0.794308989173891,1.4749719035694935,1.1346404463716921
81.5,4436.0,74.0,79.0,75.15377981475837,1.014323456208816,226.77386720902845,252.67160593470635,2755.0,1333.0,2186.0100000000093,2046.873985572588,2425963.0,16.78272589674274,34.61574786134195,1.0,0.927078030456359,-18.0,4454.0,4537.333333333333,-2.0,76.0,76.0,0.0,79.0,79.33333333333333,18.0,2737.0,2784.3333333333335,28587.0,2397376.0,2511712.0,0.0009621437535638488,0.9261158867027951,0.9235920811882848,128.83898938453473,55.33119391728684,10.997955349655177,32.15853866503774,42.52008875891121,8,0.7986111111111112,-0.9537169507482268,0.30070579950427345,-0.5735764363510467,-0.8191520442889914,0.7067040527157832,0.8077491544750732,1.5144532071908565,1.161101180832965
81.7,4447.0,76.0,78.0,75.24690196571065,1.0124359658821223,226.76922891343932,252.66590072401263,2722.0,1334.0,2158.0,2031.2943557454464,2362686.0,15.394302770298381,31.78049716414141,1.0,0.9282621558683634,11.0,4436.0,4445.666666666667,2.0,74.0,75.33333333333333,-1.0,79.0,78.66666666666667,-33.0,2755.0,2738.0,-63277.0,2425963.0,2395341.6666666665,0.001184125412004411,0.927078030456359,0.9271520243425059,128.99338309513445,55.29631689272377,11.067397872615789,32.35972602771274,42.81082755114305,8,0.8013888888888889,-0.9483236552061993,0.31730465640509226,-0.6018150231520485,-0.7986355100472926,0.7865098413143654,0.7309052061902708,1.5174150475046362,1.1241601268474535
81.9,4512.0,77.0,79.0,75.79483376751382,1.021365794983701,226.91442274241422,252.4305340467971,2787.0,1346.0,2237.0,2071.4554521276596,2578455.0,16.91352046553129,35.106979363083916,1.0,0.9376704266702347,65.0,4447.0,4465.0,1.0,76.0,75.66666666666667,1.0,78.0,78.66666666666667,65.0,2722.0,2754.6666666666665,215769.0,2362686.0,2455701.3333333335,0.009408270801871343,0.9282621558683634,0.9310035376649856,129.14777680573417,55.26143986816071,11.136840395576401,32.56091339038774,43.101566343374884,8,0.8041666666666667,-0.9426414910921784,0.3338068592337709,-0.6293203910498374,-0.7771459614569709,0.7311010459007431,0.7202870260993184,1.4513880720000616,1.0858375490496899
82.1,4335.0,75.0,77.0,74.29329328026138,1.0117467945087428,226.6422741512401,252.17301274841043,2706.0,1330.0,2183.0,2044.0938869665513,2358682.0,15.38909329548346,31.9100297712177,1.0,0.9301016415099619,-177.0,4512.0,4431.333333333333,-2.0,77.0,76.0,-2.0,79.0,78.0,-81.0,2787.0,2738.3333333333335,-219773.0,2578455.0,2433274.3333333335,-0.007568785160272817,0.9376704266702347,0.9320114080161866,129.3021705163339,55.22656284359765,11.20628291853701,32.762100753062725,43.392305135606705,8,0.8069444444444444,-0.936672189248398,0.3502073812594664,-0.6560590289905056,-0.7547095802227735,0.6625214116531952,0.7604502868937457,1.422971698546941,1.0917109927203432
82.3,4822.0,80.0,80.0,78.35535134700727,1.004282043252331,226.43522859149903,253.23774068359089,2871.0,1379.0,2310.0100000000093,2093.0997511406053,2860699.0,16.410054114297804,33.95585369269929,1.0,0.9162386535598467,487.0,4335.0,4556.333333333333,5.0,75.0,77.33333333333333,3.0,77.0,78.66666666666667,165.0,2706.0,2788.0,502017.0,2358682.0,2599278.6666666665,-0.013862987950115202,0.9301016415099619,0.9280035739133478,129.4565642269336,55.19168581903458,11.275725441497622,32.963288115737726,43.68304392783854,8,0.8097222222222222,-0.9304175679820247,0.36650122672429686,-0.6819983600624978,-0.7313537016191711,0.6857634650444359,0.7697225737984321,1.455486038842868,1.11260430632065
82.5,4489.0,76.0,78.0,75.60140419539934,1.0198987890138074,226.53291979531903,252.82413787492985,2756.0,1342.0,2207.0100000000093,2047.6631766540431,2458473.0,15.675963775997115,32.26840560052511,1.0,0.925155167455571,-333.0,4822.0,4548.666666666667,-4.0,80.0,77.0,-2.0,80.0,78.33333333333333,-115.0,2871.0,2777.6666666666665,-402226.0,2860699.0,2559284.6666666665,0.008916513895724343,0.9162386535598467,0.9238318208417932,129.61095793753333,55.156808794471516,11.345167964458234,33.164475478412726,43.97378272007038,8,0.8125,-0.9238795325112866,0.38268343236509,-0.7071067811865479,-0.7071067811865472,0.7605700274432243,0.7177004208788617,1.4782704483220859,1.0979854346004738
82.7,4522.0,76.0,79.0,75.8787797825743,1.0298630315355202,226.6036020113187,252.823181646183,2789.0,1348.0,2222.0,2059.28505086245,2529113.0,15.709987084110628,32.745228660065884,1.0,0.9218682597416564,33.0,4489.0,4611.0,0.0,76.0,77.33333333333333,1.0,78.0,79.0,33.0,2756.0,2805.3333333333335,70640.0,2458473.0,2616095.0,-0.0032869077139145997,0.925155167455571,0.921087360252358,129.76535164813308,55.12193176990845,11.414610487418846,33.365662841087726,44.26452151230222,8,0.8152777777777778,-0.917060074385124,0.39874906892524625,-0.7313537016191706,-0.6819983600624985,0.7802444560739946,0.6831094078659112,1.463353863939906,1.0732316359029086
82.9,4478.0,75.0,78.0,75.5087192403901,1.0115853216202215,226.72189826343222,252.79598755258493,2765.0,1336.0,2187.0100000000093,2047.4033050468959,2451302.0,16.760747711047,34.70230539892127,1.0,0.930430440639301,-44.0,4522.0,4496.333333333333,-1.0,76.0,75.66666666666667,-1.0,79.0,78.33333333333333,-24.0,2789.0,2770.0,-77811.0,2529113.0,2479629.3333333335,0.0085621808976446,0.9218682597416564,0.9258179559455094,129.9197453587328,55.08705474534539,11.48405301037946,33.566850203762726,44.55526030453405,8,0.8180555555555556,-0.9099612708765429,0.4146932426562397,-0.754709580222773,-0.6560590289905062,0.750641924198528,0.6895954085756039,1.440237332774132,1.0649163706748679
83.1,4475.0,77.0,78.0,75.4834217738561,1.0134731414173668,226.5350528850599,253.02372129111106,2782.0,1338.2499999999418,2213.0100000000093,2055.859217877095,2487493.0,16.856052541963965,35.106979363083916,1.0,0.9249083314003296,-3.0,4478.0,4491.666666666667,2.0,75.0,76.0,0.0,78.0,78.33333333333333,17.0,2765.0,2778.6666666666665,36191.0,2451302.0,2489302.6666666665,-0.005522109238971451,0.930430440639301,0.925735677260429,130.07413906933252,55.052177720782325,11.553495533340067,33.76803756643771,44.84599909676587,8,0.8208333333333333,-0.9025852843498607,0.4305110968082948,-0.7771459614569705,-0.629320391049838,0.7667452494664991,0.6818478192263258,1.448593068692825,1.0652204439595754
83.3,4563.0,76.0,80.0,76.22199185685551,1.0099598853164273,226.68670554092589,252.4600729841027,2790.0,1352.0,2217.0,2054.4304185842648,2529891.0,14.678522589170543,31.00403199585499,1.0,0.9260924680154204,88.0,4475.0,4505.333333333333,-1.0,77.0,76.0,2.0,78.0,78.66666666666667,8.0,2782.0,2779.0,42398.0,2487493.0,2489562.0,0.0011841366150908694,0.9249083314003296,0.927143746685017,130.22853277993224,55.01730069621926,11.62293805630068,33.96922492911271,45.13673788899771,8,0.8236111111111111,-0.8949343616020253,0.44619781310980833,-0.7986355100472922,-0.6018150231520492,0.8148142338166336,0.6734235423758586,1.4882377761924923,1.0808306592841754
83.5,4479.0,76.0,77.0,75.51714984603692,1.0079438711737392,226.65281892481852,253.00861525965786,2742.0,1337.0,2195.0,2049.7599910694353,2462395.0,16.847059686379907,35.0,1.0,0.9251663522708582,-84.0,4563.0,4505.666666666667,0.0,76.0,76.33333333333333,-3.0,80.0,78.33333333333333,-48.0,2790.0,2771.3333333333335,-67496.0,2529891.0,2493259.6666666665,-0.0009261157445622503,0.9260924680154204,0.9253890505622028,130.38292649053196,54.9824236716562,11.692380579261291,34.17041229178771,45.42747668122955,8,0.8263888888888888,-0.887010833178222,0.46174861323503325,-0.8191520442889909,-0.5735764363510473,0.8114728801534157,0.695112416859678,1.5065852970130935,1.1008488569363857
83.7,4585.0,76.0,80.0,76.40551886225707,1.0279224598634364,226.78303581268284,252.48943600293106,2798.0,1346.0,2221.0,2064.033805888768,2586100.0,16.970358355525292,35.30580688781946,1.0,0.9283051699470245,106.0,4479.0,4542.333333333333,0.0,76.0,76.0,3.0,77.0,79.0,56.0,2742.0,2776.6666666666665,123705.0,2462395.0,2526128.6666666665,0.0031388176761663056,0.9251663522708582,0.9265213300777676,130.53732020113168,54.947546647093134,11.761823102221905,34.37159965446272,45.718215473461385,8,0.8291666666666667,-0.8788171126619654,0.47715876025960835,-0.8386705679454239,-0.5446390350150272,0.7334929233572666,0.6969679204923016,1.430460843849568,1.063714382170935
83.9,4746.0,79.0,80.0,77.73541586248241,1.0089544956304488,226.55209423006576,252.7996070853,2840.0,1370.0,2216.0200000000186,2058.137589549094,2648980.0,13.928764135181293,29.5,1.0,0.9141458221655128,161.0,4585.0,4603.333333333333,3.0,76.0,77.0,0.0,80.0,79.0,42.0,2798.0,2793.3333333333335,62880.0,2586100.0,2565825.0,-0.014159347781511733,0.9283051699470245,0.9225391147944652,130.69171391173143,54.91266962253007,11.831265625182517,34.57278701713772,46.00895426569323,8,0.8319444444444445,-0.8703556959398998,0.4924235601034669,-0.857167300702112,-0.5150380749100546,0.7756840003917472,0.6637702998880278,1.439454300279775,1.0516123000839015
84.1,4499.0,77.0,78.0,75.68556475156605,1.010916725382926,226.7451192377195,252.33541934501068,2743.0,1332.0,2173.0100000000093,2041.3267392753946,2435433.0,16.782727644020696,34.702845624746054,1.0,0.9229590795558736,-247.0,4746.0,4610.0,-2.0,79.0,77.33333333333333,-2.0,80.0,79.33333333333333,-97.0,2840.0,2793.6666666666665,-213547.0,2648980.0,2556837.6666666665,0.008813257390360874,0.9141458221655128,0.9218033572228036,130.40099015561748,54.78291508871869,11.82040279761197,34.58092967871556,45.93273949899452,8,0.8347222222222221,-0.861629160441526,0.5075383629607038,-0.8746197071393954,-0.48480962024633784,0.8438874564294131,0.6549810840601363,1.4988685404895494,1.076924812274843
84.3,4621.0,77.0,78.0,76.70488860705807,1.0081186551884533,226.74775501460826,252.37207732110636,2790.0,1357.0,2199.0,2051.591214022939,2548933.0,14.705777115269116,31.00403199585499,1.0,0.9215185334412478,122.0,4499.0,4622.0,0.0,77.0,77.66666666666667,0.0,78.0,78.66666666666667,47.0,2743.0,2791.0,113500.0,2435433.0,2544448.6666666665,-0.0014405461146258514,0.9229590795558736,0.9195411450542115,129.84319591947536,54.596234049358316,11.761356759722737,34.47324551963513,45.63635259693752,8,0.8374999999999999,-0.8526401643540925,0.5224985647159484,-0.8910065241883672,-0.45399049973954797,0.8448402863001544,0.6703108233833941,1.5151511096835486,1.0927309665334715
84.5,4550.0,77.0,79.0,76.11333607551958,1.0247895819373574,226.83903295729633,252.809014999288,2766.0,1353.0,2225.0,2055.630769230769,2528180.0,14.656361448419984,30.5,1.0,0.9302304424526735,-71.0,4621.0,4556.666666666667,0.0,77.0,77.0,1.0,78.0,78.33333333333333,-24.0,2790.0,2766.3333333333335,-20753.0,2548933.0,2504182.0,0.008711909011425711,0.9215185334412478,0.9249026851499317,129.28540168333322,54.40955300999794,11.702310721833502,34.36556136055469,45.33996569488052,8,0.8402777777777778,-0.8433914458128857,0.5372996083468239,-0.90630778703665,-0.4226182617406994,0.8559863918481005,0.6467447611266841,1.5027311529747847,1.0747379570507345
84.7,4489.0,77.0,79.0,75.60140419539934,1.0126726935462589,226.48923244853614,252.3818614184796,2743.0,1342.0,2180.0,2042.8614390732903,2436921.0,14.422968719035724,30.37268509697488,1.0,0.9274962134595254,-61.0,4550.0,4553.333333333333,0.0,77.0,77.0,0.0,79.0,78.66666666666667,-23.0,2766.0,2766.3333333333335,-91259.0,2528180.0,2504678.0,-0.0027342289931481245,0.9302304424526735,0.9264150631178155,128.7276074471911,54.22287197063757,11.643264683944269,34.257877201474265,45.04357879282352,8,0.8430555555555556,-0.8338858220671683,0.551936985312058,-0.9205048534524402,-0.39073112848927405,0.9909374897246244,0.5010539634599648,1.4919914531845893,0.996522708322277
84.9,4354.0,75.0,77.0,74.45592641138043,1.0143518525118904,226.64365360031695,252.58952821825721,2710.0,1331.0,2146.0,2032.1649058337161,2317056.0,14.158726520736515,29.740544715926102,1.0,0.9352255620925864,-135.0,4489.0,4464.333333333333,-2.0,77.0,76.33333333333333,-2.0,79.0,78.33333333333333,-33.0,2743.0,2739.6666666666665,-119865.0,2436921.0,2427385.6666666665,0.007729348633061073,0.9274962134595254,0.9309840726682618,128.16981321104896,54.0361909312772,11.584218646055033,34.15019304239383,44.74719189076652,8,0.8458333333333334,-0.8241261886220154,0.5664062369248333,-0.9335804264972021,-0.35836794954529927,0.9133394591693224,0.5801034314783674,1.4934428906476898,1.0367731610630286
85.1,4439.0,76.0,78.0,75.17918820444517,1.015170491968738,226.45371974725217,252.1193734402379,2730.0,1323.0,2153.0,2030.3277765262446,2354129.0,16.444017382625713,34.40930106817051,1.0,0.9200290213492973,85.0,4354.0,4427.333333333333,1.0,75.0,76.0,1.0,77.0,78.0,20.0,2710.0,2727.6666666666665,37073.0,2317056.0,2369368.6666666665,-0.015196540743289133,0.9352255620925864,0.9275835989671363,127.61201897490687,53.84950989191684,11.525172608165803,34.0425088833134,44.45080498870954,8,0.848611111111111,-0.81411551835632,0.5807029557109386,-0.9455185755993158,-0.3255681544571594,0.8007782052436138,0.688450041907975,1.4892282471515887,1.0888391445297818
85.3,4369.0,74.0,77.0,74.58407049060762,1.0116636835494877,227.05281863963515,252.49391315624527,2703.0,1325.0,2148.0100000000093,2029.49187457084,2313413.0,16.577310823394214,34.40930106817051,1.0,0.9330046126653564,-70.0,4439.0,4387.333333333333,-2.0,76.0,75.0,-1.0,78.0,77.33333333333333,-27.0,2730.0,2714.3333333333335,-40716.0,2354129.0,2328199.3333333335,0.012975591316059076,0.9200290213492973,0.9294197320357468,127.05422473876474,53.66282885255646,11.46612657027657,33.93482472423297,44.15441808665254,8,0.8513888888888889,-0.8038568606172177,0.5948227867513407,-0.956304755963035,-0.29237170472273816,0.7972033141959304,0.6687786318536866,1.4659819460496168,1.0673802889516517
85.5,4548.0,76.0,79.0,76.0966060311202,1.0240280050850115,226.97690905399887,252.5537465258613,2748.0,1344.0,2177.0100000000093,2039.3856640281442,2453133.0,14.481433496217369,30.529084441160272,1.0,0.9237742103669063,179.0,4369.0,4452.0,2.0,74.0,75.33333333333333,2.0,77.0,78.0,45.0,2703.0,2727.0,139720.0,2313413.0,2373558.3333333335,-0.009230402298450069,0.9330046126653564,0.9256026147938533,126.49643050262262,53.476147813196086,11.407080532387335,33.82714056515254,43.85803118459554,8,0.8541666666666666,-0.7933533402912352,0.6087614290087207,-0.9659258262890682,-0.2588190451025209,0.8068679382499406,0.6249373002915019,1.4318052385414426,1.0283712694164722
85.7,4560.0,76.0,79.0,76.19693119799736,1.0089159420912461,226.57291788437246,252.67360415240444,2780.0,1351.0,2217.0100000000093,2060.9094298245614,2557769.0,15.761462272829716,32.7566787083184,1.0,0.9222900895272403,12.0,4548.0,4492.333333333333,0.0,76.0,75.33333333333333,0.0,79.0,78.33333333333333,32.0,2748.0,2743.6666666666665,104636.0,2453133.0,2441438.3333333335,-0.001484120839665981,0.9237742103669063,0.9263563041865011,125.93863626648049,53.28946677383571,11.348034494498101,33.719456406072105,43.56164428253854,8,0.8569444444444445,-0.7826081568524136,0.6225146366376201,-0.9743700647852355,-0.22495105434386378,0.7594080628933729,0.6446956199634069,1.4041036828567799,1.0243996514100933
85.9,4727.0,79.0,79.0,77.57965795208892,1.01073935305424,226.66031592571574,252.05235146025544,2810.0,1365.0,2242.0100000000093,2065.856991749524,2674845.0,14.789974340110819,31.216982557575932,1.0,0.9203609928799613,167.0,4560.0,4611.666666666667,3.0,76.0,77.0,0.0,79.0,79.0,30.0,2780.0,2779.3333333333335,117076.0,2557769.0,2561915.6666666665,-0.0019290966472790272,0.9222900895272403,0.922141764258036,125.38084203033836,53.10278573447534,11.288988456608866,33.61177224699167,43.265257380481536,8,0.8597222222222223,-0.7716245833877197,0.6360782202777643,-0.9816271834476641,-0.19080899537654397,0.6468392147003506,0.7411340903088556,1.387973305009206,1.0645536976590309
86.1,4512.0,77.0,78.0,75.79483376751382,1.015450725708021,226.8077078636128,252.49938036361988,2759.0,1347.0,2197.0,2047.4284131205675,2470013.0,15.463245819875477,32.17530108639234,1.0,0.9279364116707078,-215.0,4727.0,4599.666666666667,-2.0,79.0,77.33333333333333,-1.0,79.0,78.66666666666667,-51.0,2810.0,2783.0,-204832.0,2674845.0,2567542.3333333335,0.007575418790746524,0.9203609928799613,0.9235291646926366,124.82304779419627,52.91610469511498,11.229942418719636,33.50408808791125,42.968870478424556,8,0.8624999999999999,-0.7604059656000314,0.6494480483301832,-0.9876883405951375,-0.15643446504023217,0.6505987227782566,0.7627816232365806,1.413380346014837,1.088080984625709
86.3,4593.0,78.0,79.0,76.47214675271384,1.007046378037049,226.72102156236036,252.7137342886213,2793.0,1352.0,2201.0,2054.01110385369,2544606.0,15.743616241881085,32.63816784073518,1.0,0.9281594085685564,81.0,4512.0,4610.666666666667,1.0,77.0,78.0,1.0,78.0,78.66666666666667,34.0,2759.0,2787.3333333333335,74593.0,2470013.0,2563154.6666666665,0.0002229968978485486,0.9279364116707078,0.9254856043730753,124.26525355805414,52.72942365575461,11.170896380830403,33.396403928830814,42.672483576367554,8,0.8652777777777777,-0.7489557207890026,0.6626200482157368,-0.9925461516413219,-0.12186934340514917,0.7171073954990729,0.7558861252176865,1.4729935207167593,1.1144398229672228
86.5,4665.0,77.0,79.0,77.0692057581336,1.0167244506972817,226.38330710064892,252.76387562988654,2832.0,1359.0,2250.0100000000093,2067.651875669882,2648166.0,17.222352383338432,35.6931365951495,1.0,0.9213591595088827,72.0,4593.0,4590.0,-1.0,78.0,77.33333333333333,0.0,79.0,78.66666666666667,39.0,2793.0,2794.6666666666665,103560.0,2544606.0,2554261.6666666665,-0.006800249059673691,0.9281594085685564,0.9258183265827156,123.70745932191201,52.542742616394236,11.111850342941167,33.28871976975038,42.37609667431056,8,0.8680555555555556,-0.7372773368101242,0.6755902076156601,-0.9961946980917455,-0.0871557427476585,0.790809976224241,0.7327716132161418,1.5235815894403828,1.1281766013282624
86.7,4652.0,79.0,78.0,76.96174609575836,1.0236601024559957,226.54650101333837,252.859216288825,2820.0,1351.0,2245.0,2070.104256233878,2652130.0,18.609656515644108,38.5,1.0,0.9233793215264712,-13.0,4665.0,4636.666666666667,2.0,77.0,78.0,-1.0,79.0,78.66666666666667,-12.0,2832.0,2815.0,3964.0,2648166.0,2614967.3333333335,0.0020201620175884782,0.9213591595088827,0.9242992965346368,123.14966508576988,52.35606157703386,11.052804305051934,33.181035610669944,42.07970977225356,8,0.8708333333333333,-0.7253743710122879,0.6883545756937537,-0.9986295347545738,-0.052335956242944556,0.8577193203437463,0.6730463354019676,1.5307656557457139,1.1019059955738406
86.9,4346.0,74.0,77.0,74.38749264102815,1.0099012144746418,226.7392361151173,252.55939596182583,2716.0,1324.0,2169.0100000000093,2038.45306028532,2340123.0,16.588301244815764,34.2235299172952,1.0,0.9293609780340606,-306.0,4652.0,4554.333333333333,-5.0,79.0,76.66666666666667,-1.0,78.0,78.0,-104.0,2820.0,2789.3333333333335,-312007.0,2652130.0,2546806.3333333335,0.005981656507589417,0.9233793215264712,0.9246998196898049,122.59187084962775,52.16938053767349,10.993758267162699,33.07335145158952,41.78332287019656,8,0.8736111111111112,-0.7132504491541813,0.7009092642998511,-0.9998476951563913,-0.017452406437282856,0.9012813816002399,0.5787458400893111,1.480027221689551,1.029386530889431
87.1,4483.0,76.0,78.0,75.55086286104041,1.010156984199583,226.62940099136773,252.3804139241535,2752.0,1340.0,2182.0200000000186,2035.292215034575,2399719.0,14.365150563036662,30.23243291566195,1.0,0.9243844800162019,137.0,4346.0,4493.666666666667,2.0,74.0,76.33333333333333,1.0,77.0,77.66666666666667,36.0,2716.0,2762.6666666666665,59596.0,2340123.0,2463990.6666666665,-0.00497649801785871,0.9293609780340606,0.9257082598589111,122.03407661348567,51.98269949831313,10.934712229273469,32.96566729250909,41.486935968139576,8,0.8763888888888888,-0.7009092642998515,0.7132504491541811,-0.9998476951563913,0.017452406437282,0.828847498555545,0.6053177983349449,1.4341652968904899,1.0197415476127174
87.3,4382.0,75.0,77.0,74.69495086703975,1.0062924482633653,226.9816662321385,252.4260655395497,2697.0,1330.2499999999418,2153.0,2026.9324509356459,2309030.0,13.46275211747647,28.429737951659,1.0,0.9337271494956757,-101.0,4483.0,4403.666666666667,-1.0,76.0,75.0,-1.0,78.0,77.33333333333333,-55.0,2752.0,2721.6666666666665,-90689.0,2399719.0,2349624.0,0.00934266947947382,0.9243844800162019,0.929157535848646,121.47628237734354,51.79601845895275,10.875666191384235,32.857983133428654,41.190549066082575,8,0.8791666666666667,-0.688354575693754,0.7253743710122876,-0.9986295347545738,0.052335956242943696,0.796756665388593,0.6556750176998997,1.4524316830884927,1.0540533503941962
87.5,4404.0,75.0,77.0,74.88222055343749,1.012150007022377,226.9062518576138,252.7032225247243,2733.0,1326.0,2156.0100000000093,2034.780199818347,2355175.0,16.469014690356435,34.27097897638759,1.0,0.929777617374505,22.0,4382.0,4423.0,0.0,75.0,75.33333333333333,0.0,77.0,77.33333333333333,36.0,2697.0,2727.3333333333335,46145.0,2309030.0,2354641.3333333335,-0.0039495321211706624,0.9337271494956757,0.9292964156287941,120.91848814120141,51.60933741959238,10.816620153495,32.75029897434822,40.89416216402557,8,0.8819444444444444,-0.6755902076156605,0.7372773368101239,-0.9961946980917455,0.08715574274765764,0.827336178207486,0.6377047623253856,1.4650409405328715,1.0513728514291285
87.7,4542.0,76.0,79.0,76.04639381448084,1.0222422859539573,226.7836411299281,252.68727468656803,2778.0,1340.0,2181.0,2043.0568031704095,2466576.0,15.422399385285054,32.202484376209235,1.0,0.9250645429129287,138.0,4404.0,4442.666666666667,1.0,75.0,75.33333333333333,2.0,77.0,77.66666666666667,45.0,2733.0,2736.0,111401.0,2355175.0,2376927.0,-0.0047130744615763165,0.929777617374505,0.9295231032610364,120.36069390505928,51.422656380232006,10.757574115605767,32.64261481526779,40.59777526196857,8,0.8847222222222223,-0.6626200482157372,0.7489557207890024,-0.992546151641322,0.12186934340514832,0.7752831258815692,0.6534622464387482,1.4287453723203174,1.0411038093795328
87.9,4441.0,76.0,76.0,75.19612236125515,1.0222723815484207,227.04954773644607,253.09489787932077,2743.0,1341.0,2239.0,2063.902724611574,2504307.0,16.859596375294718,34.659594551020255,1.0,0.9410327887116077,-101.0,4542.0,4462.333333333333,0.0,76.0,75.66666666666667,-3.0,79.0,77.33333333333333,-35.0,2778.0,2751.3333333333335,37731.0,2466576.0,2442019.3333333335,0.01596824579867895,0.9250645429129287,0.9319583163330138,119.80289966891715,51.23597534087163,10.698528077716531,32.534930656187356,40.30138835991157,8,0.8875000000000001,-0.6494480483301834,0.760405965600031,-0.9876883405951377,0.1564344650402313,0.6806094881078187,0.7321661699789017,1.4127756580867206,1.0724709140328113
88.1,4329.0,75.0,75.0,74.24186143381993,1.0092811025086734,226.68491237942368,253.26446162200844,2690.0,1323.0,2145.0,2028.7371217371217,2288904.0,15.147043682126855,31.2929704566377,1.0,0.9328910255738118,-112.0,4441.0,4437.333333333333,-1.0,76.0,75.66666666666667,-1.0,76.0,76.66666666666667,-53.0,2743.0,2737.0,-215403.0,2504307.0,2419929.0,-0.00814176313779591,0.9410327887116077,0.9329961190661161,119.24510543277506,51.049294301511274,10.639482039827302,32.42724649710693,40.0050014578546,8,0.8902777777777777,-0.6360782202777646,0.7716245833877194,-0.9816271834476643,0.19080899537654314,0.7427976595268759,0.7033400967628944,1.4461377562897704,1.0747389265263325
88.3,4659.0,77.0,79.0,77.01962762128315,1.0192338638488014,226.75691416142251,253.09456633584492,2788.0,1354.0,2207.0,2049.644773556557,2560804.0,15.654756678460602,32.5,1.0,0.9218846893397542,330.0,4329.0,4476.333333333333,2.0,75.0,76.0,4.0,75.0,76.66666666666667,98.0,2690.0,2740.3333333333335,271900.0,2288904.0,2451338.3333333335,-0.011006336234057557,0.9328910255738118,0.9319361678750578,118.68731119663293,50.8626132621509,10.580436001938068,32.31956233802649,39.708614555797595,8,0.8930555555555555,-0.6225146366376204,0.7826081568524133,-0.9743700647852357,0.22495105434386295,0.8340858507646334,0.6387661189951794,1.4728519697598128,1.0558090443774961
88.5,4293.0,76.0,75.0,73.9325189990714,1.0236957476340212,227.07964633460088,252.6350344457139,2681.0,1335.0,2197.0,2046.4057768460284,2345730.0,13.437422815501593,28.20017730440715,1.0,0.9435902682746948,-366.0,4659.0,4427.0,-1.0,77.0,76.0,-4.0,79.0,76.33333333333333,-107.0,2788.0,2719.6666666666665,-215074.0,2560804.0,2398479.3333333335,0.021705578934940628,0.9218846893397542,0.9327886610627537,118.1295169604908,50.67593222279053,10.521389964048833,32.211878178946066,39.412227653740594,8,0.8958333333333334,-0.6087614290087209,0.7933533402912349,-0.9659258262890685,0.2588190451025201,0.7706478417361147,0.6876861281491612,1.4583339698852757,1.0730100490172185
88.7,4375.0,74.0,76.0,74.63526651802307,1.0143769183480953,226.55504162306624,252.99460482996574,2747.0,1329.0,2169.0,2043.682057142857,2378615.0,16.60475777183453,34.471002306286366,1.0,0.9276049297595449,82.0,4293.0,4442.333333333333,-2.0,76.0,75.66666666666667,1.0,75.0,76.66666666666667,66.0,2681.0,2738.6666666666665,32885.0,2345730.0,2428383.0,-0.01598533851514994,0.9435902682746948,0.9310266291246646,117.57172272434867,50.489251183430156,10.4623439261596,32.10419401986563,39.11584075168359,8,0.8986111111111111,-0.594822786751341,0.8038568606172175,-0.9563047559630353,0.2923717047227373,0.7037143945452778,0.74026712223946,1.4439815167847379,1.0921243195120989
88.9,4519.0,77.0,78.0,75.85360573274154,1.0068446518578085,226.8509258132413,252.85849471804642,2784.0,1337.0,2205.0100000000093,2054.5861916353174,2506201.0,18.471912464952492,37.85515155803919,1.0,0.9263219510326586,144.0,4375.0,4395.666666666667,3.0,74.0,75.66666666666667,2.0,76.0,76.33333333333333,37.0,2747.0,2737.3333333333335,127586.0,2378615.0,2410182.0,-0.001282978726886319,0.9276049297595449,0.9325057163556328,117.01392848820655,50.30257014406978,10.403297888270364,31.9965098607852,38.81945384962659,8,0.901388888888889,-0.5807029557109389,0.8141155183563198,-0.9455185755993162,0.3255681544571586,0.6642622043683589,0.7679451384671515,1.4322073428355104,1.100076240651331
89.1,4774.0,80.0,81.0,77.96438665548307,1.0132465910943294,226.76251571351833,252.7164386014461,2842.0,1371.0,2235.0,2067.376413908672,2708722.0,14.804792720459963,31.32491021535417,1.0,0.9136315945305572,255.0,4519.0,4556.0,3.0,77.0,77.0,3.0,78.0,78.33333333333333,58.0,2784.0,2791.0,202521.0,2506201.0,2531179.3333333335,-0.012690356502101374,0.9263219510326586,0.9225194917742536,116.45613425206446,50.11588910470942,10.344251850381134,31.88882570170477,38.52306694756961,8,0.9041666666666666,-0.5664062369248336,0.8241261886220151,-0.9335804264972024,0.3583679495452985,0.6581987987695461,0.7557452494503359,1.4139440482198822,1.0848446488351091
89.3,4581.0,76.0,79.0,76.3721831194564,1.0058728909603218,226.75491686307328,252.80816649606675,2780.0,1345.0,2207.0,2054.0497707924033,2538143.0,16.988084312155056,35.14612354157995,1.0,0.9231414463251283,-193.0,4774.0,4624.666666666667,-4.0,80.0,77.66666666666667,-2.0,81.0,79.33333333333333,-62.0,2842.0,2802.0,-170579.0,2708722.0,2584355.3333333335,0.00950985179457109,0.9136315945305572,0.9210316639627814,115.89834001592233,49.929208065349044,10.2852058124919,31.78114154262434,38.22668004551261,8,0.9069444444444444,-0.5519369853120584,0.833885822067168,-0.9205048534524405,0.39073112848927327,0.6558792518247469,0.7414249160138379,1.397304167838585,1.0693645419262114
89.5,4619.0,77.0,80.0,76.68828761376614,1.0186450759104788,226.65252285467773,252.55215204077302,2798.0,1348.0,2198.0,2051.0309590820525,2545212.0,15.586214648165434,32.315050662026586,1.0,0.9168627210621355,38.0,4581.0,4658.0,1.0,76.0,77.66666666666667,1.0,79.0,80.0,18.0,2780.0,2806.6666666666665,7069.0,2538143.0,2597359.0,-0.006278725262992779,0.9231414463251283,0.9178785873059403,115.3405457797802,49.74252702598867,10.226159774602666,31.673457383543905,37.93029314345561,8,0.9097222222222222,-0.5372996083468242,0.8433914458128855,-0.9063077870366504,0.4226182617406986,0.7003582243662237,0.7152520187824556,1.4156102431486794,1.0654311309655675
89.7,4676.0,79.0,81.0,77.16001627255933,1.0239654981964972,226.6460691946878,252.8093911198556,2827.0,1357.0,2225.0100000000093,2063.2562018819503,2634015.0,17.26560167559225,35.77708763999664,1.0,0.916948081161269,57.0,4619.0,4625.333333333333,2.0,77.0,77.33333333333333,1.0,80.0,80.0,29.0,2798.0,2801.6666666666665,88803.0,2545212.0,2572456.6666666665,8.53600991335135e-05,0.9168627210621355,0.9189840828495109,114.78275154363807,49.5558459866283,10.167113736713432,31.565773224463474,37.63390624139861,8,0.9125000000000001,-0.5224985647159487,0.8526401643540923,-0.8910065241883677,0.4539904997395472,0.7753294771527757,0.6937061424276688,1.4690356195804446,1.0813708810040568
89.9,4531.0,77.0,77.0,75.95425187041883,1.0246022166176734,226.49910666756531,252.99154532587565,2779.0,1346.0,2187.0100000000093,2046.8552195983227,2477811.0,15.519329513212078,32.26840560052511,1.0,0.9249765216152483,-145.0,4676.0,4608.666666666667,-2.0,79.0,77.66666666666667,-4.0,81.0,79.33333333333333,-48.0,2827.0,2801.3333333333335,-156204.0,2634015.0,2552346.0,0.008028440453979324,0.916948081161269,0.9195957746128843,114.22495730749594,49.369164947267926,10.108067698824197,31.45808906538304,37.33751933934161,8,0.9152777777777779,-0.5075383629607042,0.8616291604415257,-0.8746197071393957,0.48480962024633706,0.7707086445623237,0.6995506119749676,1.4702592565372912,1.0849049342561294
90.1,4519.0,76.0,78.0,75.85360573274154,1.0122518475513413,226.57539272673876,252.56285896486125,2738.0,1341.0,2186.0,2036.4753263996458,2424359.0,15.456022729678953,32.101401838549044,1.0,0.9242876158192743,-12.0,4531.0,4575.333333333333,-1.0,77.0,77.33333333333333,1.0,77.0,78.66666666666667,-41.0,2779.0,2781.3333333333335,-53452.0,2477811.0,2512061.6666666665,-0.0006889057959740263,0.9249765216152483,0.9220707395319305,113.66716307135385,49.18248390790757,10.049021660934967,31.350404906302614,37.04113243728463,8,0.9180555555555555,-0.4924235601034673,0.8703556959398996,-0.8571673007021124,0.5150380749100539,0.7257010943689766,0.7273254691568807,1.4530265635258572,1.090176016341369
90.3,4549.0,76.0,79.0,76.10497151303754,1.0100145691809772,226.86560071828694,252.6473044878414,2758.0,1349.0,2196.0,2045.0059353704112,2479271.0,14.577740540952579,30.675723300355934,1.0,0.9275061096588473,30.0,4519.0,4533.0,0.0,76.0,76.33333333333333,1.0,78.0,78.0,20.0,2738.0,2758.3333333333335,54912.0,2424359.0,2460480.3333333335,0.0032184938395729557,0.9242876158192743,0.9255900823644567,113.10936883521173,48.995802868547194,9.989975623045733,31.24272074722218,36.74474553522763,8,0.9208333333333333,-0.47715876025960874,0.8788171126619652,-0.8386705679454244,0.5446390350150264,0.6057463074820715,0.8110789007860366,1.416825208268108,1.1139520545270725
90.5,4357.0,74.0,77.0,74.48157286477712,1.0145470474080986,226.57333058680388,252.67354129984318,2706.0,1320.0,2146.0,2024.7927473031903,2286522.0,16.553906812666153,34.03307215048327,1.0,0.9265215904329808,-192.0,4549.0,4475.0,-2.0,76.0,75.33333333333333,-2.0,79.0,78.0,-52.0,2758.0,2734.0,-192749.0,2479271.0,2396717.3333333335,-0.0009845192258665092,0.9275061096588473,0.9261051053037009,112.96041338255529,48.727930230381844,9.995419017163455,31.211992565831714,36.70051395664707,8,0.9236111111111112,-0.46174861323503363,0.8870108331782218,-0.8191520442889915,0.5735764363510466,0.5680824213903107,0.8178043268536386,1.3858867482439494,1.1018455375487939
90.7,4547.0,78.0,78.0,76.08823962946433,1.0152973857071979,226.28528330340524,252.49359684621308,2770.0,1357.0,2246.0,2063.5040686166703,2562289.0,14.665803012197232,30.76117683054405,1.0,0.9160492824970173,190.0,4357.0,4484.333333333333,4.0,74.0,76.0,1.0,77.0,78.0,64.0,2706.0,2744.6666666666665,275767.0,2286522.0,2442694.0,-0.010472307935963432,0.9265215904329808,0.9233589941962818,113.11364311769265,48.40004641049106,10.048528513199367,31.238144889690364,36.84265805194043,8,0.9263888888888889,-0.4461978131098087,0.8949343616020251,-0.7986355100472927,0.6018150231520485,0.6166265984092865,0.7677718691465023,1.3843984675557888,1.0760851683511454
90.9,4556.0,77.0,78.0,76.16350415923235,1.019490089926909,226.59787238778247,252.31847640216253,2792.0,1352.0,2250.0,2071.9561018437225,2605839.0,17.251082413872727,35.711342605560745,1.0,0.926812823048546,9.0,4547.0,4486.666666666667,-1.0,78.0,76.33333333333333,0.0,78.0,77.66666666666667,22.0,2770.0,2756.0,43550.0,2562289.0,2484883.3333333335,0.010763540551528616,0.9160492824970173,0.9231278986595147,113.26687285283,48.07216259060028,10.101638009235279,31.264297213549014,36.98480214723379,8,0.9291666666666667,-0.43051109680829525,0.9025852843498606,-0.777145961456971,0.6293203910498373,0.6788210881990857,0.7073789823194084,1.386200070518494,1.0467895264189513
91.1,4486.0,76.0,78.0,75.57613775314229,1.0213775834143166,227.177526551503,252.20903238922094,2725.0,1338.0,2204.0,2046.0706642888988,2449680.0,15.414804236467837,32.06633748964793,1.0,0.9338705463570752,-70.0,4556.0,4529.666666666667,-1.0,77.0,77.0,0.0,78.0,78.0,-67.0,2792.0,2762.3333333333335,-156159.0,2605839.0,2539269.3333333335,0.007057723308529273,0.926812823048546,0.9255775506342129,113.42010258796736,47.74427877070952,10.154747505271187,31.290449537407664,37.12694624252715,8,0.9319444444444444,-0.4146932426562401,0.9099612708765428,-0.7547095802227736,0.6560590289905055,0.7155837412929907,0.6828954268939025,1.398479168186893,1.0406872975403978
91.3,4610.0,78.0,79.0,76.61353862881612,1.0215718846611024,226.71790224315012,252.62288037236112,2802.0,1360.0,2262.0100000000093,2075.6546637744036,2653782.0,15.84406668201266,32.86715685908959,1.0,0.9259019768767743,124.0,4486.0,4550.666666666667,2.0,76.0,77.0,1.0,78.0,78.33333333333333,77.0,2725.0,2773.0,204102.0,2449680.0,2569767.0,-0.007968569480300891,0.9338705463570752,0.9288617820941317,113.57333232310472,47.41639495081874,10.207857001307099,31.31660186126631,37.269090337820515,8,0.9347222222222222,-0.39874906892524664,0.9170600743851238,-0.7313537016191711,0.6819983600624978,0.7504531139825351,0.6780634588210928,1.4285165728036278,1.0532900158123604
91.5,4689.0,78.0,80.0,77.26720019039888,1.012586836739366,226.89544782469767,252.4404154493212,2794.0,1363.0,2244.0,2058.632757517594,2619485.0,14.806618499045676,31.00403199585499,1.0,0.9243859002819257,79.0,4610.0,4595.0,0.0,78.0,77.33333333333333,1.0,79.0,79.0,-8.0,2802.0,2773.6666666666665,-34297.0,2653782.0,2574315.6666666665,-0.0015160765948486477,0.9259019768767743,0.9280528078385918,113.72656205824208,47.08851113092796,10.260966497343013,31.34275418512496,37.411234433113876,8,0.9375,-0.3826834323650904,0.9238795325112865,-0.7071067811865485,0.7071067811865466,0.7584006830621248,0.6852095831286644,1.4436102661907892,1.064409924659727
91.7,4627.0,79.0,80.0,76.75467004351981,1.00754059489482,226.94171828959884,252.39695781277754,2801.0,1357.0,2241.0,2068.2215258266697,2629195.0,15.733076528401957,32.65348373451139,1.0,0.9268916911830427,-62.0,4689.0,4642.0,1.0,78.0,78.33333333333333,0.0,80.0,79.66666666666667,7.0,2794.0,2799.0,9710.0,2619485.0,2634154.0,0.002505790901117022,0.9243859002819257,0.925726522780581,113.87979179337945,46.76062731103718,10.314075993378925,31.36890650898361,37.55337852840724,8,0.9402777777777778,-0.36650122672429725,0.9304175679820246,-0.6819983600624985,0.7313537016191705,0.7403843124384869,0.7027758371426821,1.443160149581169,1.0729679933619256
91.9,4541.0,76.0,77.0,76.03802188801583,1.023092754413265,226.70446833645173,252.39441794776997,2763.0,1342.0,2190.0,2049.1772737282536,2493849.0,16.82783031467104,34.81738071710737,1.0,0.9266892261720737,-86.0,4627.0,4619.0,-3.0,79.0,77.66666666666667,-3.0,80.0,79.0,-38.0,2801.0,2786.0,-135346.0,2629195.0,2580843.0,-0.0002024650109689885,0.9268916911830427,0.9259889392123474,114.03302152851681,46.432743491146404,10.367185489414837,31.39505883284226,37.6955226237006,8,0.9430555555555556,-0.3502073812594668,0.9366721892483979,-0.6560590289905063,0.7547095802227729,0.7688972746254851,0.6934914932246692,1.4623887678501541,1.0779401305374117
92.1,4570.0,77.0,79.0,76.28043470929943,1.010506526949057,226.67277246163093,252.64227894378004,2790.0,1354.0,2224.0,2057.481181619256,2547709.0,14.628590564384593,30.700162866017504,1.0,0.9263416661793007,29.0,4541.0,4579.333333333333,1.0,76.0,77.33333333333333,2.0,77.0,78.66666666666667,27.0,2763.0,2784.6666666666665,53860.0,2493849.0,2556917.6666666665,-0.00034755999277302774,0.9266892261720737,0.926640861178139,114.18625126365417,46.104859671255646,10.420294985450745,31.421211156700906,37.83766671899395,8,0.9458333333333333,-0.3338068592337713,0.9426414910921783,-0.6293203910498381,0.7771459614569703,0.7900148830050341,0.6681074296963007,1.4581223127013347,1.0631148711988176
92.3,4609.0,77.0,80.0,76.60522868371561,1.007957954495317,226.4524496337085,252.75511696218487,2798.0,1359.0,2225.0,2059.074202646995,2576815.0,14.784435928007651,30.923292192132454,1.0,0.9269998040216314,39.0,4570.0,4573.333333333333,0.0,77.0,76.66666666666667,1.0,79.0,78.66666666666667,8.0,2790.0,2783.6666666666665,29106.0,2547709.0,2539457.6666666665,0.0006581378423307083,0.9263416661793007,0.9266768987910018,114.33948099879153,45.77697585136486,10.473404481486657,31.447363480559556,37.97981081428731,8,0.9486111111111111,-0.3173046564050927,0.9483236552061991,-0.6018150231520493,0.7986355100472922,0.7797538215911073,0.6526218704999599,1.432375692091067,1.0424987812955135
92.5,4345.0,74.0,77.0,74.37893399259148,1.0031770147927113,227.07401106582392,252.53528133840024,2687.0,1325.0,2152.0,2025.987341772152,2285418.0,14.075538367740664,29.702693480558292,1.0,0.9396092968551049,-264.0,4609.0,4508.0,-3.0,77.0,76.0,-3.0,80.0,78.66666666666667,-111.0,2798.0,2758.3333333333335,-291397.0,2576815.0,2469980.6666666665,0.012609492833473457,0.9269998040216314,0.930983589018679,114.49271073392889,45.44909203147408,10.52651397752257,31.473515804418206,38.12195490958067,8,0.9513888888888888,-0.30070579950427384,0.9537169507482267,-0.5735764363510474,0.8191520442889909,0.772896604054798,0.6620945190383566,1.4349911230931545,1.0485428210657555
92.7,4446.0,75.0,78.0,75.2384410782981,1.0188882994793182,226.81274043060762,252.62002864519675,2740.0,1336.0,2176.0,2041.943094916779,2409520.0,15.50729638638502,32.07023542164915,1.0,0.9247468375444072,101.0,4345.0,4466.666666666667,1.0,74.0,75.33333333333333,1.0,77.0,78.33333333333333,53.0,2687.0,2741.6666666666665,124102.0,2285418.0,2423917.6666666665,-0.014862459310697629,0.9396092968551049,0.9304519794737146,114.64594046906625,45.1212082115833,10.579623473558483,31.499668128276856,38.26409900487404,8,0.9541666666666667,-0.2840153447039227,0.958819734868193,-0.5446390350150272,0.8386705679454239,0.7844914260693355,0.6876892740348116,1.4721807001041471,1.0799349870694794
92.9,4444.0,76.0,77.0,75.2215164484409,1.0182272828608874,226.625664529476,253.032409013928,2752.0,1340.0,2168.0,2042.764401440144,2412065.0,14.392718830587382,30.438462510448847,1.0,0.9337571748688365,-2.0,4446.0,4411.666666666667,1.0,75.0,75.0,-1.0,78.0,77.33333333333333,12.0,2740.0,2726.3333333333335,2545.0,2409520.0,2369001.0,0.00901033732442924,0.9247468375444072,0.9327044364227829,114.79917020420362,44.79332439169252,10.632732969594395,31.525820452135505,38.4062431001674,8,0.9569444444444445,-0.2672383760782571,0.963630453208623,-0.5150380749100547,0.857167300702112,0.7611896315352176,0.7098821412656262,1.4710717728008438,1.090476957033235
93.1,4700.0,78.0,79.0,77.35777827895049,1.0057871088847472,226.51748482853355,252.9587394799245,2867.0,1367.0,2244.0,2080.0712765957446,2726383.0,17.321915996599895,35.9339672176619,1.0,0.9144778998401912,256.0,4444.0,4530.0,2.0,76.0,76.33333333333333,2.0,77.0,78.0,115.0,2752.0,2786.3333333333335,314318.0,2412065.0,2515989.3333333335,-0.019279275028645237,0.9337571748688365,0.9243273040844784,114.95239993934096,44.465440571801764,10.685842465630303,31.55197277599415,38.548387195460755,8,0.9597222222222221,-0.2503800040544419,0.9681476403781076,-0.4848096202463379,0.8746197071393953,0.7261057333123764,0.7182268357635126,1.444332569075889,1.081279702419701
93.3,4543.0,77.0,78.0,76.05476481938423,1.017328671981842,226.70498152816046,252.81735115338213,2761.0,1348.0,2207.0,2051.3744221879815,2504903.0,15.627389989469904,32.31485726411305,1.0,0.933115972953843,-157.0,4700.0,4562.333333333333,-1.0,78.0,77.0,-1.0,79.0,78.0,-106.0,2867.0,2793.3333333333335,-221480.0,2726383.0,2547783.6666666665,0.018638073113651732,0.9144778998401912,0.9271170158876236,115.10562967447834,44.137556751910985,10.738951961666215,31.5781250998528,38.690531290754116,8,0.9624999999999999,-0.23344536385590609,0.9723699203976764,-0.453990499739548,0.8910065241883672,0.7672803241486251,0.714747348158671,1.482027672307296,1.0983875102329836
93.5,4374.0,75.0,77.0,74.62673628580846,1.0047874402589585,227.10761539697762,252.58842083141278,2692.0,1324.2499999999418,2138.0,2017.8244170096023,2264964.0,14.107480147032513,29.60152023123137,1.0,0.933641329398613,-169.0,4543.0,4539.0,-2.0,77.0,76.66666666666667,-1.0,78.0,78.0,-69.0,2761.0,2773.3333333333335,-239939.0,2504903.0,2498750.0,0.000525356444770031,0.933115972953843,0.9270784007308824,115.2588594096157,43.809672932020206,10.792061457702127,31.60427742371145,38.83267538604748,8,0.9652777777777778,-0.21643961393810288,0.9762960071199334,-0.42261826174069944,0.9063077870366499,0.7918136580066024,0.7236674049905468,1.5154810629971491,1.119574233993848
93.7,4432.0,76.0,78.0,75.11988859327629,1.012101259527705,227.11563068018245,252.69618680091278,2721.0,1339.0,2169.0100000000093,2034.5175992779784,2368982.0,14.269431282937449,30.103986446980738,1.0,0.9354296486845405,58.0,4374.0,4449.666666666667,1.0,75.0,76.0,1.0,77.0,77.66666666666667,29.0,2692.0,2724.6666666666665,104018.0,2264964.0,2379616.3333333335,0.0017883192859274866,0.933641329398613,0.9340623170123322,115.41208914475305,43.48178911212942,10.845170953738041,31.6304297475701,38.97481948134084,8,0.9680555555555556,-0.19936793441719736,0.9799247046208296,-0.3907311284892741,0.9205048534524402,0.8155166973368707,0.7145855376400615,1.5301022349769322,1.122343886308497
93.9,4190.0,74.0,75.0,73.0402196905262,1.0135977480636598,226.9305685320306,252.66942503064436,2685.0,1317.0,2174.0100000000093,2033.8792362768497,2236978.0,16.253446941389715,33.712015662075146,1.0,0.9424214274793941,-242.0,4432.0,4332.0,-2.0,76.0,75.0,-3.0,78.0,76.66666666666667,-36.0,2721.0,2699.3333333333335,-132004.0,2368982.0,2290308.0,0.006991778794853576,0.9354296486845405,0.9371641351875158,115.56531887989041,43.15390529223864,10.898280449773953,31.65658207142875,39.116963576634205,8,0.9708333333333334,-0.18223552549214697,0.9832549075639547,-0.3583679495452993,0.9335804264972021,0.8481397496535891,0.6809491023752285,1.5290888520288177,1.1050189772020231
94.1,4265.0,76.0,75.0,73.69102155822966,1.0099183463356607,226.48281974242198,252.31829873406022,2743.0,1335.0,2246.0100000000093,2068.2658851113715,2423654.0,15.573814227890043,32.16364407215078,1.0,0.9387709631820383,75.0,4190.0,4295.666666666667,2.0,74.0,75.33333333333333,0.0,75.0,76.0,58.0,2685.0,2716.3333333333335,186676.0,2236978.0,2343204.6666666665,-0.0036504642973557155,0.9424214274793941,0.9388740131153243,115.71854861502777,42.82602147234788,10.951389945809861,31.682734395287397,39.25910767192755,8,0.973611111111111,-0.1650476058606791,0.9862856015372312,-0.3255681544571595,0.9455185755993158,0.8004433135301181,0.6881789381621768,1.488622251692295,1.088400594927236
94.3,4497.0,76.0,78.0,75.6687401287614,1.0064644513653787,226.4051024050907,252.42606409023432,2795.0,1356.0,2243.0,2069.9588614631975,2563134.0,14.807476508032035,30.700162866017504,1.0,0.92672095957527,232.0,4265.0,4317.333333333333,0.0,76.0,75.33333333333333,3.0,75.0,76.0,52.0,2743.0,2741.0,139480.0,2423654.0,2407922.0,-0.012050003606768334,0.9387709631820383,0.9359711167455674,115.87177835016513,42.4981376524571,11.004499441845773,31.708886719146047,39.40125176722092,8,0.9763888888888889,-0.14780941112961138,0.9890158633619167,-0.2923717047227382,0.956304755963035,0.6906675764951924,0.7358050978861181,1.4264726743813105,1.0811388861337143
94.5,4494.0,76.0,78.0,75.64349617805765,1.01000927624166,226.478320831251,252.53006140866432,2766.0,1343.0,2201.0100000000093,2046.326435246996,2455202.0,14.346267483571678,30.23243291566195,1.0,0.9261282778362024,-3.0,4497.0,4418.666666666667,0.0,76.0,76.0,0.0,78.0,77.0,-29.0,2795.0,2768.0,-107932.0,2563134.0,2480663.3333333335,-0.0005926817390675687,0.92672095957527,0.9305400668645035,116.0250080853025,42.170253832566324,11.057608937881685,31.735039043004697,39.54339586251428,8,0.9791666666666666,-0.13052619222005168,0.9914448613738104,-0.25881904510252096,0.9659258262890682,0.7367613988254185,0.7476407293186814,1.4844021281441,1.1160214287313908
94.7,4746.0,79.0,81.0,77.73541586248241,1.0139203390574225,226.40309995970506,252.90517492613833,2848.0,1378.0,2250.0100000000093,2066.827644332069,2690306.0,13.282918547299767,28.044607324760317,1.0,0.9172079309937234,252.0,4494.0,4579.0,3.0,76.0,77.0,3.0,78.0,79.0,82.0,2766.0,2803.0,235104.0,2455202.0,2569547.3333333335,-0.008920346842478999,0.9261282778362024,0.9233523894683987,116.17823782043986,41.842370012675545,11.110718433917599,31.761191366863347,39.68553995780764,8,0.9819444444444445,-0.11320321376790612,0.9935718556765876,-0.22495105434386384,0.9743700647852355,0.8296802860981841,0.7150043447019017,1.544684630800086,1.1298444877509937
94.9,4398.0,75.0,77.0,74.83119348069525,1.0098082124299292,226.74158036596228,252.8102085612456,2728.0,1342.0,2194.0,2048.0825375170534,2410482.0,14.394077295147133,30.64718584144391,1.0,0.9329204698479391,-348.0,4746.0,4546.0,-4.0,79.0,76.66666666666667,-4.0,81.0,78.66666666666667,-120.0,2848.0,2780.6666666666665,-279824.0,2690306.0,2518663.3333333335,0.01571253885421564,0.9172079309937234,0.9254188928926217,116.33146755557722,41.514486192784766,11.163827929953511,31.787343690721997,39.827684053101,8,0.9847222222222223,-0.09584575252022359,0.9953961983671789,-0.19080899537654403,0.9816271834476641,0.7615199591672703,0.7235252956876292,1.4850452548548996,1.1042852752712644
95.1,4511.0,77.0,79.0,75.7864340518824,1.0079611660000005,226.8091039809441,252.56950940670384,2748.0,1349.0,2210.0,2054.854577698958,2502981.0,14.5951188634922,30.438462510448847,1.0,0.929539217437128,113.0,4398.0,4551.666666666667,2.0,75.0,77.0,2.0,77.0,79.0,20.0,2728.0,2774.6666666666665,92499.0,2410482.0,2534589.6666666665,-0.0033812524108111086,0.9329204698479391,0.9265558727595969,116.48469729071458,41.18660237289401,11.21693742598942,31.813496014580643,39.969828148394356,8,0.9874999999999999,-0.07845909572784562,0.996917333733128,-0.15643446504023223,0.9876883405951375,0.6666339124720718,0.7421779925666887,1.4088119050387604,1.0754949488027246
95.3,4467.0,76.0,78.0,75.41592037714564,1.0130090148309634,226.6712924959667,252.08070367553017,2726.0,1342.0,2176.0,2035.6122677412134,2392580.0,13.535359438841159,28.635642126552707,1.0,0.9301498800458083,-44.0,4511.0,4458.666666666667,-1.0,77.0,76.0,-1.0,79.0,78.0,-22.0,2748.0,2734.0,-110401.0,2502981.0,2435347.6666666665,0.0006106626086803679,0.929539217437128,0.9308698557769585,116.63792702585194,40.85871855300323,11.270046922025331,31.839648338439293,40.11197224368772,8,0.9902777777777777,-0.061048539534857754,0.9981347984218669,-0.12186934340514924,0.9925461516413219,0.642309634155871,0.7304437487675733,1.3727533829234444,1.051598565845509
95.5,4381.0,75.0,77.0,74.68642745161097,1.0080371168347573,227.12169297276606,252.52960935561495,2690.0,1330.0,2154.0,2027.1141291942479,2309351.0,14.311891103163411,30.01666203960727,1.0,0.9358928114435614,-86.0,4467.0,4453.0,-1.0,76.0,76.0,-1.0,78.0,78.0,-36.0,2726.0,2721.3333333333335,-83229.0,2392580.0,2401637.3333333335,0.005742931397753059,0.9301498800458083,0.9318606363088326,116.7911567609893,40.53083473311244,11.323156418061243,31.865800662297943,40.25411633898108,8,0.9930555555555556,-0.043619387365336194,0.9990482215818578,-0.08715574274765855,0.9961946980917455,0.6689544691518875,0.7246014115243762,1.3935558806762636,1.0590786461003199
95.7,4406.0,76.0,77.0,74.89922185245403,1.0177381595312252,226.50863466038535,253.11210874554166,2709.0,1328.0,2188.0,2043.2480708125283,2393564.0,16.632296587081324,34.61574786134195,1.0,0.9300148230839034,25.0,4381.0,4418.0,1.0,75.0,75.66666666666667,0.0,77.0,77.33333333333333,19.0,2690.0,2708.3333333333335,84213.0,2309351.0,2365165.0,-0.005877988359658026,0.9358928114435614,0.9320191715244244,116.94438649612667,40.20295091322166,11.376265914097155,31.891952986156593,40.396260434274446,8,0.9958333333333333,-0.026176948307873545,0.9996573249755573,-0.05233595624294462,0.9986295347545738,0.682294830779946,0.7388806877810623,1.4211755185610082,1.0800281031710353
95.9,4382.0,75.0,77.0,74.69495086703975,1.0081027609443478,226.7486641206923,252.66371936059528,2744.0,1327.0,2168.0,2042.4659972615243,2377120.0,16.64894540514816,34.52535300326414,1.0,0.9307826277175743,-24.0,4406.0,4389.666666666667,-1.0,76.0,75.33333333333333,0.0,77.0,77.0,35.0,2709.0,2714.3333333333335,-16444.0,2393564.0,2360011.6666666665,0.0007678046336708766,0.9300148230839034,0.932230087415013,117.09761623126403,39.875067093330884,11.42937541013307,31.918105310015243,40.538404529567806,8,0.9986111111111112,-0.008726535498373636,0.9999619230641713,-0.017452406437282915,0.9998476951563913,0.6516674810155353,0.7818067329330038,1.433474213948539,1.1076404734407714
