x_mm,hot_area_px,bbox_width_px,bbox_height_px,equivalent_diameter_px,elongation,centroid_row_px,centroid_col_px,max_temperature,p95_temperature,p99_temperature,hot_mean_temperature,thermal_mass,gradient_mean,gradient_p95,right_left_asymmetry,rear_front_asymmetry,delta_hot_area_px,lag1_hot_area_px,roll3_hot_area_px,delta_bbox_width_px,lag1_bbox_width_px,roll3_bbox_width_px,delta_bbox_height_px,lag1_bbox_height_px,roll3_bbox_height_px,delta_max_temperature,lag1_max_temperature,roll3_max_temperature,delta_thermal_mass,lag1_thermal_mass,roll3_thermal_mass,delta_rear_front_asymmetry,lag1_rear_front_asymmetry,roll3_rear_front_asymmetry,sem_mean,sem_std,sem_gradient_mean,sem_gradient_p95,sem_laplacian_std,track_id,x_scaled,x_sin_1,x_cos_1,x_sin_2,x_cos_2,width_mm,left_mm,right_mm,center_mm
25.5,3575.0,68.0,69.0,67.4672614860586,1.0041960437121973,226.35175404188294,252.75516188310036,2616.0,1294.0,2147.0100000000093,2051.947972027972,1973228.0,13.311750128122801,27.459060435491963,1.0,0.9600765851690732,55.0,3520.0,3555.6666666666665,0.0,68.0,68.33333333333333,2.0,67.0,68.0,-17.0,2633.0,2629.0,-26425.0,1999653.0,1996717.3333333333,-0.0052443980215103325,0.9653209831905836,0.9633991794066428,146.91878489774234,41.29036791111004,11.952079989977774,31.470408481897902,42.150298817743426,10,0.020833333333333332,0.13052619222005157,0.9914448613738104,0.25881904510252074,0.9659258262890683,0.7771643062549121,0.43620629451689086,1.213370600771803,0.824788447644347
25.700000000000003,3573.0,68.0,69.0,67.44838688463007,1.0114364086412868,226.21321419018437,252.75637375139243,2653.0,1285.0,2162.0,2066.0657710607334,2022556.0,16.648258588637727,34.38386249390839,1.0,0.963797294116949,-2.0,3575.0,3556.0,0.0,68.0,68.0,0.0,69.0,68.33333333333333,37.0,2616.0,2634.0,49328.0,1973228.0,1998479.0,0.003720708947875795,0.9600765851690732,0.9630649541588686,147.50656271589503,41.505238857946374,11.99239311421188,31.55442090238651,42.26525223748304,10,0.023611111111111152,0.14780941112961088,0.9890158633619168,0.2923717047227372,0.9563047559630353,0.7960882727932089,0.4072698224612023,1.2033580952544112,0.8053139588578068
25.89999999999999,3529.0,67.0,69.0,67.03180106017135,1.012943074646558,226.45831692873438,252.50089599551902,2625.0,1276.0,2139.0100000000093,2058.51289317087,1970994.0,16.53114873358079,33.97793401606401,1.0,0.9614641140460093,-44.0,3573.0,3559.0,-1.0,68.0,67.66666666666667,0.0,69.0,69.0,-28.0,2653.0,2631.3333333333335,-51562.0,2022556.0,1988926.0,-0.0023331800709397443,0.963797294116949,0.9617793311106771,148.0943405340477,41.720109804782695,12.032706238445984,31.638433322875116,42.38020565722265,10,0.02638888888888877,0.1650476058606769,0.9862856015372315,0.32556815445715526,0.9455185755993173,0.7912116529312534,0.41341765915648204,1.2046293120877354,0.8090234856221087
26.099999999999994,3781.0,69.0,71.0,69.3838505608016,1.0124357647402833,226.08059429949645,252.73159039539308,2773.0,1311.3499999999185,2258.0100000000093,2108.816979635017,2301944.0,17.24350102612638,35.5,1.0,0.9503341523512301,252.0,3529.0,3627.6666666666665,2.0,67.0,68.0,2.0,69.0,69.66666666666667,148.0,2625.0,2683.6666666666665,330950.0,1970994.0,2098498.0,-0.0111299616947792,0.9614641140460093,0.9585318535047295,148.68211835220038,41.93498075161902,12.07301936268009,31.722445743363725,42.49515907696227,10,0.029166666666666587,0.18223552549214697,0.9832549075639547,0.3583679495452993,0.9335804264972021,0.7883272123172544,0.4487759300247066,1.237103142341961,0.8429395361833338
26.299999999999997,3411.0,67.0,66.0,65.90159396472622,1.0018821397165227,226.69990406910932,252.57806369441965,2573.0,1261.0,2106.0,2040.0032248607447,1841951.0,16.290868169892697,33.354160160315836,1.0,0.9699188523473209,-370.0,3781.0,3573.6666666666665,-2.0,69.0,67.66666666666667,-5.0,71.0,68.66666666666667,-200.0,2773.0,2657.0,-459993.0,2301944.0,2038296.3333333333,0.019584699996090804,0.9503341523512301,0.9605723729148533,149.2205081285268,42.13666467313878,12.108682609005744,31.796913056229517,42.59862645702729,10,0.03194444444444441,0.19936793441719694,0.9799247046208297,0.39073112848927327,0.9205048534524405,0.766316001751611,0.4867815182610215,1.2530975200126324,0.869939519136827
26.5,3478.0,67.0,68.0,66.54567706912971,1.005279577024962,226.4681326283803,252.52680639779467,2593.0,1286.0,2120.0,2040.2774583093733,1879086.0,13.050297785536868,26.879360111431225,1.0,0.9664634827783295,67.0,3411.0,3556.6666666666665,0.0,67.0,67.66666666666667,2.0,66.0,68.33333333333333,20.0,2573.0,2646.3333333333335,37135.0,1841951.0,2007660.3333333333,-0.0034553695689913955,0.9699188523473209,0.9622388291589602,149.1497787223292,42.17570861575415,12.08699736112715,31.753657375080543,42.56043268110556,10,0.034722222222222224,0.21643961393810288,0.9762960071199334,0.42261826174069944,0.9063077870366499,0.7460655573594176,0.5157992230865105,1.2618647804459282,0.8888320017662193
27.5,3561.0,69.0,68.0,67.3350281710932,1.0044381481122724,226.18826239443393,252.79190445456263,2665.0,1292.0,2192.0100000000093,2073.4585790508286,2042092.0,15.419061359393131,31.78049716414141,1.0,0.9635187836786981,-75.0,3636.0,3600.6666666666665,0.0,69.0,68.66666666666667,-1.0,69.0,68.66666666666667,-9.0,2674.0,2663.6666666666665,-64988.0,2107080.0,2070804.0,0.002952502379459432,0.9605662812992387,0.9627791353187347,148.79613169134106,42.37092832883094,11.978571121734184,31.537378969335677,42.369463801496934,10,0.04861111111111111,0.3007057995042731,0.9537169507482269,0.573576436351046,0.8191520442889918,0.8291088226175352,0.4977610847828365,1.3268699074003716,0.912315496091604
27.700000000000003,3463.0,67.0,68.0,66.40202213350034,1.0076847704580696,226.55204801357925,252.47474487378616,2609.0,1288.0,2170.0,2060.723072480508,1941802.0,13.284570842484188,27.060118255469618,1.0,0.9681182736447898,-98.0,3561.0,3553.3333333333335,-2.0,69.0,68.33333333333333,0.0,68.0,68.33333333333333,-56.0,2665.0,2649.3333333333335,-100290.0,2042092.0,2030324.6666666667,0.004599489966091608,0.9635187836786981,0.9640677795409088,148.72540228514345,42.4099722714463,11.956885873855592,31.494123288186703,42.331270025575215,10,0.05138888888888893,0.31730465640509237,0.9483236552061992,0.6018150231520486,0.7986355100472926,0.8139420516252849,0.5146353431796559,1.3285773948049409,0.9216063689922984
27.89999999999999,3577.0,69.0,69.0,67.48613080861635,1.0068111202836312,226.2594743972298,252.38410189332228,2655.0,1294.0,2183.0,2074.507128878949,2055038.0,15.515503825736232,31.976553910638962,1.0,0.9611024224369573,114.0,3463.0,3533.6666666666665,2.0,67.0,68.33333333333333,1.0,68.0,68.33333333333333,46.0,2609.0,2643.0,113236.0,1941802.0,2012977.3333333333,-0.007015851207832435,0.9681182736447898,0.9642464932534818,148.65467287894583,42.44901621406166,11.935200625977,31.450867607037733,42.29307624965349,10,0.05416666666666655,0.33380685923377024,0.9426414910921787,0.6293203910498363,0.7771459614569718,0.8212174559887717,0.5225379614670568,1.3437554174558286,0.9331466894614426
28.099999999999994,3526.0,69.0,68.0,67.00330316287537,1.0201499591982794,226.19105528551754,252.67330689751904,2661.0,1294.0,2193.0100000000093,2080.3216108905276,2046248.0,15.484104341936915,31.78049716414141,1.0,0.9670861010004652,-51.0,3577.0,3522.0,0.0,69.0,68.33333333333333,-1.0,69.0,68.33333333333333,6.0,2655.0,2641.6666666666665,-8790.0,2055038.0,2014362.6666666667,0.005983678563507899,0.9611024224369573,0.9654355990274041,148.5839434727482,42.48806015667702,11.913515378098406,31.40761192588876,42.25488247373176,10,0.05694444444444437,0.350207381259467,0.9366721892483978,0.6560590289905065,0.7547095802227727,0.8283440658932321,0.5634681885688291,1.391812254462061,0.977640221515445
28.299999999999997,3521.0,67.0,68.0,66.95577971327425,1.0159605570666663,226.38453613807167,252.55401142398634,2621.0,1284.0,2171.0100000000093,2063.4964498721956,1984078.0,15.219853832812488,31.32491021535417,1.0,0.9687623168040772,-5.0,3526.0,3541.3333333333335,-2.0,69.0,68.33333333333333,0.0,68.0,68.33333333333333,-40.0,2661.0,2645.6666666666665,-62170.0,2046248.0,2028454.6666666667,0.0016762158036119912,0.9670861010004652,0.9656502800804999,148.51321406655057,42.52710409929238,11.891830130219812,31.364356244739785,42.21668869781004,10,0.059722222222222184,0.366501226724297,0.9304175679820247,0.6819983600624981,0.7313537016191709,0.7093207664782479,0.6252162406071707,1.3345370070854188,0.9798766238462948
28.5,3499.0,67.0,69.0,66.7462745554262,1.0060679110471895,226.3509953166011,252.29175879766098,2621.0,1286.0,2162.0,2068.0648756787655,1987663.0,15.258881874964649,31.2929704566377,1.0,0.9630591302449157,-22.0,3521.0,3515.3333333333335,0.0,67.0,67.66666666666667,1.0,68.0,68.33333333333333,0.0,2621.0,2634.3333333333335,3585.0,1984078.0,2005996.3333333333,-0.005703186559161466,0.9687623168040772,0.9663025160164861,148.44248466035296,42.56614804190774,11.870144882341219,31.32110056359081,42.178494921888316,10,0.0625,0.3826834323650898,0.9238795325112867,0.7071067811865475,0.7071067811865476,0.6826529659047205,0.5705178363045089,1.2531708022092294,0.9118443192568692
28.700000000000003,3505.0,67.0,68.0,66.80347748655564,1.0094685692964154,226.42877229873898,252.6650016874106,2622.0,1275.0,2157.0,2063.8804564907277,1976401.0,16.48859506882835,33.771289581536564,1.0,0.9650485908477076,6.0,3499.0,3508.3333333333335,0.0,67.0,67.0,-1.0,69.0,68.33333333333333,1.0,2621.0,2621.3333333333335,-11262.0,1987663.0,1982714.0,0.001989460602791815,0.9630591302449157,0.9656233459655669,148.37175525415532,42.6051919845231,11.848459634462627,31.277844882441837,42.14030114596659,10,0.06527777777777782,0.3987490689252465,0.9170600743851239,0.7313537016191709,0.681998360062498,0.8119008944677126,0.43888955929931805,1.2507904537670307,0.8448400065331744
28.89999999999999,3623.0,69.0,69.0,67.91867836299153,1.011685000204615,226.3166643933216,252.71560840034866,2656.0,1306.0,2180.0100000000093,2070.6425614131936,2067444.0,13.481246027221593,27.55449146690971,1.0,0.9612971379152229,118.0,3505.0,3542.3333333333335,2.0,67.0,67.66666666666667,1.0,68.0,68.66666666666667,34.0,2622.0,2633.0,91043.0,1976401.0,2010502.6666666667,-0.003751452932484689,0.9650485908477076,0.9631349530026153,148.3010258479577,42.64423592713846,11.826774386584034,31.234589201292867,42.10210737004487,10,0.06805555555555544,0.41469324265623836,0.9099612708765435,0.754709580222771,0.6560590289905084,0.8599475486598663,0.42357951140742617,1.2835270600672926,0.8535532857373593
29.099999999999994,3627.0,68.0,69.0,67.95616108017312,1.0185812455943923,226.17017820762848,252.67482856280415,2678.0,1307.0,2197.0,2082.7411083540114,2113626.0,14.407900572597613,29.614185789921695,1.0,0.9602654395810801,4.0,3623.0,3585.0,-1.0,69.0,68.0,0.0,69.0,68.66666666666667,22.0,2656.0,2652.0,46182.0,2067444.0,2052490.3333333333,-0.0010316983341427388,0.9612971379152229,0.9622037227813368,148.2302964417601,42.68327986975382,11.80508913870544,31.191333520143893,42.06391359412314,10,0.07083333333333325,0.43051109680829464,0.9025852843498609,0.7771459614569701,0.6293203910498383,0.9282896786734604,0.4630088031788777,1.3912984818523382,0.927153642515608
29.299999999999997,3487.0,67.0,68.0,66.63172136821555,1.014916104317873,226.27545710281575,252.6196050851987,2619.0,1277.0,2147.0,2062.3252079151134,1960835.0,16.51156708510026,33.88952640566109,1.0,0.9637633967161949,-140.0,3627.0,3579.0,-1.0,68.0,68.0,-1.0,69.0,68.66666666666667,-59.0,2678.0,2651.0,-152791.0,2113626.0,2047301.6666666667,0.0034979571351148042,0.9602654395810801,0.9617753247374994,148.15956703556245,42.72232381236918,11.783403890826847,31.14807783899492,42.025719818201416,10,0.07361111111111107,0.44619781310980855,0.8949343616020252,0.7986355100472925,0.6018150231520487,0.9549806199489089,0.475962113002435,1.430942732951344,0.9534524229768895
29.5,3569.0,67.0,69.0,67.41062182742269,1.0079010792516208,226.17134620933948,252.69977783947525,2617.0,1310.0,2184.0100000000093,2064.1381339310733,2013410.0,11.839568097090188,24.60182920028509,1.0,0.9615140483061075,82.0,3487.0,3561.0,0.0,67.0,67.33333333333333,1.0,68.0,68.66666666666667,-2.0,2619.0,2638.0,52575.0,1960835.0,2029290.3333333333,-0.002249348410087393,0.9637633967161949,0.9618476282011276,148.08883762936483,42.76136775498454,11.761718642948253,31.104822157845945,41.98752604227969,10,0.0763888888888889,0.4617486132350339,0.8870108331782217,0.8191520442889918,0.573576436351046,0.7626544743121005,0.5162339403552229,1.2788884146673234,0.8975611775112731
29.700000000000003,3578.0,69.0,68.0,67.49556349170227,1.0161105548222233,226.2289187461877,252.52032413720758,2667.0,1295.0,2180.0,2075.4969256567915,2059138.0,15.45067684968197,31.945265689926575,1.0,0.9628087092754347,9.0,3569.0,3544.6666666666665,2.0,67.0,67.66666666666667,-1.0,69.0,68.33333333333333,50.0,2617.0,2634.3333333333335,45728.0,2013410.0,2011127.6666666667,0.0012946609693271771,0.9615140483061075,0.9626953847659124,148.01810822316722,42.8004116975999,11.740033395069661,31.06156647669697,41.94933226635797,10,0.0791666666666667,0.4771587602596086,0.8788171126619653,0.8386705679454243,0.5446390350150266,0.6447790757201514,0.5803710350536763,1.2251501107738276,0.902760572913752
29.89999999999999,3582.0,70.0,69.0,67.53328104898615,1.0189667931014377,226.1662893726772,252.47544180024175,2673.0,1306.0,2201.0,2086.893076493579,2102292.0,14.560791013400198,29.614185789921695,1.0,0.9645501195837686,4.0,3578.0,3576.3333333333335,1.0,69.0,68.66666666666667,1.0,68.0,68.66666666666667,6.0,2667.0,2652.3333333333335,43154.0,2059138.0,2058280.0,0.0017414103083338572,0.9628087092754347,0.9629576257217702,147.94737881696958,42.839455640215256,11.718348147191069,31.018310795548,41.911138490436244,10,0.08194444444444432,0.4924235601034664,0.8703556959399001,0.8571673007021114,0.5150380749100557,0.6510464657375228,0.6034866822278203,1.254533147965343,0.9290099150965816
30.099999999999994,3517.0,67.0,68.0,66.91773665354775,1.0183432788085482,226.369511975615,252.61610017202867,2657.0,1289.0,2186.0,2078.158089280637,2033398.0,15.471799835041997,31.78049716414141,1.0,0.9620005527693054,-65.0,3582.0,3559.0,-3.0,70.0,68.66666666666667,-1.0,69.0,68.33333333333333,-16.0,2673.0,2665.6666666666665,-68894.0,2102292.0,2064942.6666666667,-0.0025495668144631667,0.9645501195837686,0.9631197938761696,147.87664941077196,42.87849958283062,11.696662899312475,30.975055114399026,41.87294471451452,10,0.08472222222222214,0.5075383629607038,0.861629160441526,0.8746197071393953,0.4848096202463379,0.6319152255108349,0.6307528950523142,1.2626681205631491,0.9467105078077317
30.299999999999997,3649.0,69.0,69.0,68.16194758616136,1.0056208191610043,226.23748009996078,252.46474067355433,2674.0,1314.0,2207.0,2080.112359550562,2116854.0,13.60500187545045,27.90161285660741,1.0,0.9594785469380506,132.0,3517.0,3582.6666666666665,2.0,67.0,68.66666666666667,1.0,68.0,68.66666666666667,17.0,2657.0,2668.0,83456.0,2033398.0,2084181.3333333333,-0.0025220058312548366,0.9620005527693054,0.9620097397637082,147.80592000457435,42.91754352544598,11.674977651433881,30.931799433250053,41.8347509385928,10,0.08749999999999997,0.5224985647159487,0.8526401643540923,0.8910065241883677,0.45399049973954725,0.577787023082247,0.6739859266353263,1.2517729497175734,0.9628794381764498
30.5,3518.0,68.0,69.0,66.9272494457848,1.0035253955857517,226.5719913307798,252.5869166059589,2618.0,1283.0,2163.0100000000093,2063.0474701534963,1980816.0,15.236234955602376,31.32491021535417,1.0,0.9646781932294569,-131.0,3649.0,3561.3333333333335,-1.0,69.0,68.0,0.0,69.0,68.66666666666667,-56.0,2674.0,2649.6666666666665,-136038.0,2116854.0,2043689.3333333333,0.005199646291406346,0.9594785469380506,0.9620524309789377,147.7351905983767,42.956587468061336,11.65329240355529,30.88854375210108,41.79655716267107,10,0.09027777777777778,0.5372996083468239,0.8433914458128857,0.9063077870366499,0.42261826174069944,0.5551061843039673,0.6742009398583456,1.229307124162313,0.9517540320103293
30.700000000000003,3505.0,68.0,68.0,66.80347748655564,1.0097237787865612,226.53275528764894,252.70580094436392,2596.0,1269.0,2127.0,2049.6079885877316,1926380.0,16.463155827058586,33.38244178460794,1.0,0.9663347833760733,-13.0,3518.0,3557.3333333333335,0.0,68.0,68.33333333333333,-1.0,69.0,68.66666666666667,-22.0,2618.0,2629.3333333333335,-54436.0,1980816.0,2008016.6666666667,0.0016565901466163435,0.9646781932294569,0.963497174514527,147.6644611921791,42.9956314106767,11.631607155676695,30.845288070952105,41.758363386749345,10,0.0930555555555556,0.5519369853120584,0.8338858220671681,0.9205048534524405,0.39073112848927327,0.5856463269591563,0.648961091107145,1.2346074180663011,0.941784254586723
30.89999999999999,3479.0,67.0,67.0,66.55524304015148,1.0122476536597835,226.4180738572655,252.73643449931308,2632.0,1284.0,2161.0,2064.484622017821,1963850.0,15.240743696782243,31.5,1.0,0.9654118186215852,-26.0,3505.0,3500.6666666666665,-1.0,68.0,67.66666666666667,-1.0,68.0,68.0,36.0,2596.0,2615.3333333333335,37470.0,1926380.0,1957015.3333333333,-0.0009229647544880537,0.9663347833760733,0.9654749317423718,147.59373178598148,43.03467535329206,11.609921907798103,30.802032389803134,41.720169610827625,10,0.09583333333333321,0.5664062369248323,0.824126188622016,0.9335804264972012,0.35836794954530166,0.6609374636997017,0.6195309637978011,1.280468427497503,0.949999695647652
31.099999999999994,3402.0,67.0,67.0,65.81459512288306,1.0269695270785557,226.5867381543852,252.5603338867598,2599.0,1287.0,2165.0,2065.1287477954143,1922581.0,13.194317880368535,27.064737205448715,1.0,0.9725213137964018,-77.0,3479.0,3462.0,0.0,67.0,67.33333333333333,0.0,67.0,67.33333333333333,-33.0,2632.0,2609.0,-41269.0,1963850.0,1937603.6666666667,0.007109495174816627,0.9654118186215852,0.9680893052646867,147.52300237978386,43.073719295907416,11.58823665991951,30.75877670865416,41.6819758349059,10,0.09861111111111104,0.5807029557109393,0.8141155183563195,0.9455185755993165,0.3255681544571576,0.7188376549249451,0.5739086507798381,1.2927463057047832,0.9333274782423107
31.299999999999997,3671.0,69.0,70.0,68.36711467308521,1.013241605215318,226.1954451897729,252.62528524659848,2713.0,1310.0,2193.0,2084.4489239989102,2145534.0,14.619681571066534,30.05474159941971,1.0,0.9591402420096815,269.0,3402.0,3517.3333333333335,2.0,67.0,67.66666666666667,3.0,67.0,68.0,114.0,2599.0,2648.0,222953.0,1922581.0,2010655.0,-0.013381071786720322,0.9725213137964018,0.9656911248092229,147.45227297358622,43.112763238522774,11.566551412040916,30.715521027505186,41.64378205898417,10,0.10138888888888885,0.5948227867513411,0.8038568606172175,0.9563047559630353,0.29237170472273716,0.752593344563753,0.5423339240910279,1.2949272686547808,0.9186305963729043
31.5,3597.0,69.0,70.0,67.67453466712853,1.0020792893924269,226.39135398244895,252.56467487631886,2650.0,1290.0,2178.0,2064.9824854045037,2032253.0,15.31356417670382,31.5,1.0,0.9615471105221643,-74.0,3671.0,3556.6666666666665,0.0,69.0,68.33333333333333,0.0,70.0,69.0,-63.0,2713.0,2654.0,-113281.0,2145534.0,2033456.0,0.0024068685124828404,0.9591402420096815,0.9644028887760826,147.3815435673886,43.15180718113814,11.544866164162324,30.672265346356212,41.605588283062445,10,0.10416666666666667,0.6087614290087207,0.7933533402912352,0.9659258262890683,0.25881904510252074,0.7642189011395432,0.5157043489872173,1.2799232501267606,0.8978137995569889
31.700000000000003,3593.0,69.0,69.0,67.63689587964132,1.0063053592436388,226.20981870024812,252.48522312555065,2662.0,1306.0,2194.0100000000093,2077.4550514890066,2074796.0,14.42000369533602,29.516944286290883,1.0,0.9624136541616621,-4.0,3597.0,3620.3333333333335,0.0,69.0,69.0,-1.0,70.0,69.66666666666667,12.0,2650.0,2675.0,42543.0,2032253.0,2084194.3333333333,0.0008665436394977855,0.9615471105221643,0.9610336688978359,147.31081416119096,43.1908511237535,11.52318091628373,30.62900966520724,41.567394507140726,10,0.10694444444444448,0.6225146366376197,0.7826081568524138,0.9743700647852354,0.2249510543438645,0.750960533110012,0.49988367574796416,1.250844208857976,0.8753639423029701
31.89999999999999,3649.0,69.0,69.0,68.16194758616136,1.0048016081827638,226.19898618513253,252.4940051624407,2684.0,1304.0,2176.0100000000093,2072.3614688955877,2088572.0,14.463163908934028,29.820923736389528,1.0,0.9560752514157999,56.0,3593.0,3613.0,0.0,69.0,69.0,0.0,69.0,69.33333333333333,22.0,2662.0,2665.3333333333335,13776.0,2074796.0,2065207.0,-0.006338402745862282,0.9624136541616621,0.9600120053665421,147.24008475499335,43.229895066368854,11.501495668405138,30.585753984058268,41.529200731219,10,0.10972222222222211,0.6360782202777634,0.7716245833877204,0.9816271834476636,0.19080899537654622,0.7472509282885428,0.4876330398747517,1.2348839681632946,0.8612585040190232
32.099999999999994,3536.0,68.0,68.0,67.09824908433555,1.005109029180671,226.25570857755935,252.35496475651027,2645.0,1290.0,2179.0,2073.579185520362,2028182.0,15.357469937275525,31.41157956938014,1.0,0.9613042616491025,-113.0,3649.0,3592.6666666666665,-1.0,69.0,68.66666666666667,-1.0,69.0,68.66666666666667,-39.0,2684.0,2663.6666666666665,-60390.0,2088572.0,2063850.0,0.005229010233302689,0.9560752514157999,0.9599310557421882,147.16935534879573,43.26893900898422,11.479810420526544,30.542498302909294,41.49100695529727,10,0.11249999999999992,0.6494480483301832,0.7604059656000314,0.9876883405951375,0.156434465040232,0.7115272852068498,0.491249768192044,1.2027770533988937,0.8470134107954689
32.3,3308.0,66.0,66.0,64.89897082376514,1.0261967511881713,226.61175075397435,252.51494658283494,2632.0,1289.0,2188.0,2091.3845223700123,1956315.0,14.35429670393747,29.0,1.0,0.9797987542905923,-228.0,3536.0,3497.6666666666665,-2.0,68.0,67.66666666666667,-2.0,68.0,67.66666666666667,-13.0,2645.0,2653.6666666666665,-71867.0,2028182.0,2024356.3333333333,0.018494492641489724,0.9613042616491025,0.9657260891184981,147.09862594259812,43.30798295159958,11.45812517264795,30.49924262176032,41.45281317937555,10,0.11527777777777774,0.6626200482157373,0.7489557207890023,0.992546151641322,0.12186934340514793,0.6303250005225647,0.5630847702799541,1.1934097708025189,0.8782472705412365
32.5,3244.0,65.0,66.0,64.26810315483777,1.0140412591458574,226.39598336510727,252.69839517467716,2556.0,1252.0,2114.0100000000093,2042.8104192355117,1760885.0,16.09366644928133,33.0,1.0,0.9764493422341607,-64.0,3308.0,3362.6666666666665,-1.0,66.0,66.33333333333333,0.0,66.0,66.66666666666667,-76.0,2632.0,2611.0,-195430.0,1956315.0,1915127.3333333333,-0.0033494120564315777,0.9797987542905923,0.9725174527246185,147.02789653640048,43.347026894214935,11.436439924769358,30.455986940611346,41.41461940345383,10,0.11805555555555555,0.6755902076156601,0.7372773368101241,0.9961946980917455,0.08715574274765836,0.6044998673821063,0.6139027174968716,1.218402584878978,0.9161526511879248
32.7,3644.0,69.0,69.0,68.11523251824758,1.0142342459485982,226.2555276385428,252.71209510931587,2700.0,1297.0,2203.0,2087.942096597146,2142485.0,17.010463607473216,34.92849839314596,1.0,0.9603628496815614,400.0,3244.0,3398.6666666666665,4.0,65.0,66.66666666666667,3.0,66.0,67.0,144.0,2556.0,2629.3333333333335,381600.0,1760885.0,1953228.3333333333,-0.016086492552599307,0.9764493422341607,0.9722036487354382,146.951953762434,43.38277517841417,11.415181367037786,30.413574216064546,41.37652419612071,10,0.12083333333333338,0.6883545756937541,0.7253743710122874,0.9986295347545739,0.0523359562429433,0.6366743406520764,0.6313102777865647,1.2679846184386412,0.9496474481126029
32.89999999999999,3480.0,68.0,68.0,66.56480763645581,1.0143508819171088,226.48179828708552,252.5638607098892,2608.0,1277.0,2147.0,2057.6635057471262,1940674.0,15.214668144485943,31.016124838541646,1.0,0.9663168569270264,-164.0,3644.0,3456.0,-1.0,69.0,67.33333333333333,-1.0,69.0,67.66666666666667,-92.0,2700.0,2621.3333333333335,-201811.0,2142485.0,1948014.6666666667,0.005954007245465021,0.9603628496815614,0.9677096829475827,146.67268964548225,43.28999278438462,11.41056372504001,30.404036799002395,41.34227316374361,10,0.12361111111111099,0.7009092642998503,0.7132504491541821,0.9998476951563912,0.017452406437285153,0.5938671091094111,0.666820024804898,1.260687133914309,0.9637535793596035
33.099999999999994,3496.0,68.0,68.0,66.7176546979443,1.0062361608648247,226.44003990567748,252.73396024979917,2609.0,1276.0,2137.0100000000093,2051.9307780320364,1929556.0,15.090628290194285,31.0,1.0,0.9664420208586846,16.0,3480.0,3540.0,0.0,68.0,68.33333333333333,0.0,68.0,68.33333333333333,1.0,2608.0,2639.0,-11118.0,1940674.0,2004238.3333333333,0.00012516393165817874,0.9663168569270264,0.9643739091557574,146.39342552853049,43.19721039035507,11.405946083042235,30.394499381940246,41.3080221313665,10,0.1263888888888888,0.7132504491541812,0.7009092642998513,0.9998476951563913,-0.017452406437282367,0.5800292930323522,0.6574287848386786,1.237458077871031,0.9474434313548548
33.3,3337.0,66.0,66.0,65.18282258986058,1.0097295339706274,226.37183271886673,252.66362339374186,2568.0,1271.0,2120.0100000000093,2046.5400059934072,1823826.0,13.928202322825038,28.622543562723422,1.0,0.9727616559913062,-159.0,3496.0,3437.6666666666665,-2.0,68.0,67.33333333333333,-2.0,68.0,67.33333333333333,-41.0,2609.0,2595.0,-105730.0,1929556.0,1898018.6666666667,0.0063196351326215705,0.9664420208586846,0.9685068445923392,146.11416141157872,43.10442799632551,11.401328441044459,30.384961964878094,41.27377109898939,10,0.12916666666666662,0.7253743710122874,0.6883545756937542,0.9986295347545739,-0.052335956242943175,0.6354648254638179,0.594454712741518,1.2299195382053358,0.9121871254734268
33.5,3428.0,66.0,67.0,66.06561253293681,1.0052462007534373,226.45824411134905,252.57210323005722,2585.0,1257.0,2124.0,2049.0110851808636,1882020.0,17.78899172374302,36.1178626167164,1.0,0.9664605052018576,91.0,3337.0,3420.3333333333335,0.0,66.0,66.66666666666667,1.0,66.0,67.0,17.0,2568.0,2587.3333333333335,58194.0,1823826.0,1878467.3333333333,-0.006301150789448595,0.9727616559913062,0.968554727350616,145.83489729462696,43.01164560229596,11.396710799046684,30.375424547815946,41.239520066612286,10,0.13194444444444445,0.7372773368101241,0.6755902076156602,0.9961946980917455,-0.08715574274765824,0.6081868524577445,0.5975568580512133,1.2057437105089577,0.9016502842800855
33.7,3575.0,69.0,69.0,67.4672614860586,1.0034212027415808,226.20501340534324,252.64118570842425,2654.0,1288.0,2159.0,2065.1644755244756,2020482.0,15.268140318105349,31.752952618614856,1.0,0.9588939668851294,147.0,3428.0,3446.6666666666665,3.0,66.0,67.0,2.0,67.0,67.33333333333333,69.0,2585.0,2602.3333333333335,138462.0,1882020.0,1908776.0,-0.007566538316728155,0.9664605052018576,0.966038709359431,145.5556331776752,42.91886320826641,11.392093157048908,30.365887130753794,41.20526903423517,10,0.13472222222222227,0.7489557207890023,0.6626200482157373,0.992546151641322,-0.12186934340514803,0.5420251126111337,0.6375129163762709,1.1795380289874047,0.9085254726818378
33.89999999999999,3529.0,68.0,69.0,67.03180106017135,1.00221862012886,226.12052283673506,252.6900860036129,2640.0,1284.0,2150.0,2062.985831680363,1986777.0,15.316869489929667,31.5,1.0,0.9587905436795373,-46.0,3575.0,3510.6666666666665,-1.0,69.0,67.66666666666667,0.0,69.0,68.33333333333333,-14.0,2654.0,2626.3333333333335,-33705.0,2020482.0,1963093.0,-0.00010342320559209028,0.9588939668851294,0.9613816719221747,145.27636906072345,42.82608081423686,11.387475515051133,30.356349713691646,41.17101800185807,10,0.13749999999999987,0.7604059656000304,0.6494480483301843,0.987688340595138,-0.15643446504022926,0.5396595204392164,0.6562430135109185,1.1959025339501348,0.9260727737305267
34.099999999999994,3462.0,67.0,68.0,66.39243408606988,1.0061673311766999,226.31054563637568,252.56847191854575,2606.0,1280.0,2144.0,2053.4006354708263,1915873.0,14.020286653935525,28.74456470360962,1.0,0.9638024023513041,-67.0,3529.0,3522.0,-1.0,68.0,68.0,-1.0,69.0,68.66666666666667,-34.0,2640.0,2633.3333333333335,-70904.0,1986777.0,1974377.3333333333,0.005011858671766789,0.9587905436795373,0.960495637638657,144.9971049437717,42.733298420207305,11.382857873053357,30.346812296629498,41.13676696948096,10,0.1402777777777777,0.7716245833877196,0.6360782202777644,0.9816271834476642,-0.1908089953765437,0.5943171164827563,0.6330433644717228,1.2273604809544791,0.930201922713101
34.3,3601.0,68.0,70.0,67.71215253255004,1.009031876107143,226.29633419375952,252.68750607467393,2662.0,1289.0,2162.0,2068.5740072202166,2047435.0,15.386099674266609,31.752952618614856,1.0,0.956696061169219,139.0,3462.0,3530.6666666666665,1.0,67.0,67.66666666666667,2.0,68.0,69.0,56.0,2606.0,2636.0,131562.0,1915873.0,1983361.6666666667,-0.007106341182085085,0.9638024023513041,0.95976300240002,144.71784082681992,42.64051602617775,11.378240231055582,30.337274879567346,41.10251593710385,10,0.14305555555555552,0.7826081568524137,0.6225146366376197,0.9743700647852354,-0.22495105434386437,0.6810875446145144,0.5646114876723023,1.2456990322868167,0.9051552599795595
34.5,3484.0,66.0,68.0,66.60305228634276,1.008368062998384,226.17257135033415,252.7877299249334,2633.0,1280.0,2146.0,2057.6371986222734,1942834.0,15.229708939602359,31.32491021535417,1.0,0.9630066181670693,-117.0,3601.0,3515.6666666666665,-2.0,68.0,67.0,-2.0,70.0,68.66666666666667,-29.0,2662.0,2633.6666666666665,-104601.0,2047435.0,1968714.0,0.006310556997850325,0.956696061169219,0.9611683605625307,144.43857670986816,42.547733632148194,11.373622589057806,30.327737462505198,41.068264904726746,10,0.14583333333333334,0.7933533402912352,0.6087614290087207,0.9659258262890683,-0.25881904510252085,0.7394470091727382,0.48520103245694296,1.2246480416296812,0.8549245370433121
34.7,3474.0,67.0,67.0,66.50739942600339,1.0174404572172626,226.52356583952135,252.33474445123713,2604.0,1284.0,2160.0,2062.6698330454806,1954715.0,15.221068141449619,31.32491021535417,1.0,0.968305353977434,-10.0,3484.0,3519.6666666666665,1.0,66.0,67.0,-1.0,68.0,68.33333333333333,-29.0,2633.0,2633.0,11881.0,1942834.0,1981661.3333333333,0.005298735810364663,0.9630066181670693,0.9626693444379075,144.1593125929164,42.454951238118646,11.36900494706003,30.318200045443046,41.03401387234964,10,0.14861111111111114,0.8038568606172174,0.5948227867513411,0.9563047559630354,-0.29237170472273705,0.5997006576203192,0.6007031888814801,1.2004038465017992,0.9005535176916397
34.89999999999999,3557.0,68.0,68.0,67.29719950059567,1.01717487428373,226.43903237252692,252.53449636037303,2661.0,1294.0,2181.0100000000093,2071.2507731234186,2031939.0,14.312259795235514,29.47032405658275,1.0,0.9665944696174442,83.0,3474.0,3505.0,1.0,67.0,67.0,1.0,67.0,67.66666666666667,57.0,2604.0,2632.6666666666665,77224.0,1954715.0,1976496.0,-0.0017108843599897838,0.968305353977434,0.9659688139206493,143.88004847596466,42.3621688440891,11.364387305062255,30.308662628380898,40.99976283997253,10,0.15138888888888877,0.8141155183563188,0.5807029557109404,0.9455185755993173,-0.32556815445715515,0.5409176088292479,0.6644421391558893,1.2053597479851372,0.9349009435705133
35.099999999999994,3256.0,65.0,65.0,64.38686168511158,1.0093087503541711,226.48193635552678,252.54513812344894,2504.0,1248.0,2061.0,2008.5162776412776,1655730.0,13.311771780921857,27.5,1.0,0.977426271191559,-301.0,3557.0,3429.0,-3.0,68.0,66.66666666666667,-3.0,68.0,66.66666666666667,-157.0,2661.0,2589.6666666666665,-376209.0,2031939.0,1880794.6666666667,0.010831801574114786,0.9665944696174442,0.9707753649288123,143.6007843590129,42.26938645005954,11.35976966306448,30.299125211318746,40.96551180759542,10,0.1541666666666666,0.8241261886220154,0.5664062369248333,0.9335804264972022,-0.3583679495452992,0.6357227382803061,0.6342187455102408,1.269941483790547,0.9520801146503939
35.3,3580.0,67.0,68.0,67.514424904252,1.01236468970008,226.4322176570148,252.45934238040135,2641.0,1286.0,2156.0,2059.313687150838,2002343.0,15.460813297841192,31.5,1.0,0.962301164186156,324.0,3256.0,3464.3333333333335,2.0,65.0,66.66666666666667,3.0,65.0,67.0,137.0,2504.0,2602.0,346613.0,1655730.0,1896670.6666666667,-0.015125107005403038,0.977426271191559,0.9687739683317197,143.32152024206113,42.17660405602999,11.355152021066704,30.289587794256597,40.93126077521831,10,0.15694444444444441,0.8338858220671681,0.5519369853120584,0.9205048534524405,-0.3907311284892734,0.819036508726645,0.5506120674310248,1.3696485761576698,0.9601303217943473
35.5,3538.0,68.0,67.0,67.11722215104709,1.020063761179154,226.31911172950362,252.741309366408,2610.0,1290.0,2129.0100000000093,2051.3219332956473,1950590.0,13.280451755250443,27.294688127912362,1.0,0.9635648701162213,-42.0,3580.0,3458.0,1.0,67.0,66.66666666666667,-1.0,68.0,66.66666666666667,-31.0,2641.0,2585.0,-51753.0,2002343.0,1869554.3333333333,0.0012637059300653064,0.962301164186156,0.9677641018313121,143.04225612510936,42.08382166200043,11.350534379068929,30.280050377194446,40.897009742841206,10,0.1597222222222222,0.8433914458128856,0.5372996083468239,0.90630778703665,-0.42261826174069933,0.7831335771025423,0.5448652300207106,1.327998807123253,0.9364320185719818
35.7,3621.0,68.0,69.0,67.89992924507376,1.0056932082990475,226.3254551315932,252.94838187049226,2661.0,1298.0,2179.0100000000093,2067.9654791494063,2056603.0,14.398056909967481,29.516944286290883,1.0,0.960885012809959,83.0,3538.0,3579.6666666666665,0.0,68.0,67.66666666666667,2.0,67.0,68.0,51.0,2610.0,2637.3333333333335,106013.0,1950590.0,2003178.6666666667,-0.002679857306262301,0.9635648701162213,0.9622503490374456,142.7629920081576,41.99103926797088,11.345916737071153,30.270512960132297,40.8627587104641,10,0.16250000000000003,0.8526401643540923,0.5224985647159487,0.8910065241883677,-0.45399049973954714,0.6804721879355469,0.6113861548673055,1.2918583428028525,0.951622248835079
35.89999999999999,3576.0,68.0,69.0,67.4766968069195,1.002452186393757,226.42742120684878,252.67971387185176,2646.0,1292.0,2166.0,2066.2267897091724,2024831.0,14.302046408966145,29.231831964486933,1.0,0.960742402699287,-45.0,3621.0,3578.3333333333335,0.0,68.0,68.0,0.0,69.0,68.33333333333333,-15.0,2661.0,2639.0,-31772.0,2056603.0,2010674.6666666667,-0.00014261011067195906,0.960885012809959,0.9617307618751557,142.48372789120586,41.898256873941335,11.341299095073378,30.26097554307015,40.82850767808699,10,0.16527777777777766,0.8616291604415254,0.5075383629607048,0.8746197071393965,-0.48480962024633584,0.7227448764102836,0.6283709313417682,1.3511158077520518,0.98974336954691
36.099999999999994,3477.0,67.0,67.0,66.5361097227976,1.0073372337353133,226.39425685475825,252.6715770432131,2607.0,1274.0,2122.0,2046.2890422778257,1899468.0,15.096420673600166,31.064449134018133,1.0,0.9648048822091239,-99.0,3576.0,3558.0,-1.0,68.0,67.66666666666667,-2.0,69.0,68.33333333333333,-39.0,2646.0,2638.0,-125363.0,2024831.0,1993634.0,0.004062479509836847,0.960742402699287,0.9621440992394567,142.2044637742541,41.80547447991178,11.336681453075602,30.251438126007997,40.79425664570988,10,0.16805555555555549,0.8703556959398995,0.4924235601034675,0.8571673007021128,-0.5150380749100535,0.682911622462761,0.6314851150070544,1.3143967374698153,0.9729409262384349
36.3,3609.0,68.0,69.0,67.7873256365023,1.0079035265981566,226.2552881154491,252.56998545774292,2677.0,1292.0,2178.0,2073.5189803269604,2069866.0,15.468988568836794,31.945265689926575,1.0,0.9617540459140833,132.0,3477.0,3554.0,1.0,67.0,67.66666666666667,2.0,67.0,68.33333333333333,70.0,2607.0,2643.3333333333335,170398.0,1899468.0,1998055.0,-0.0030508362950405488,0.9648048822091239,0.9624337769408314,141.92519965730233,41.712692085882225,11.332063811077827,30.24190070894585,40.76000561333277,10,0.17083333333333328,0.8788171126619652,0.4771587602596088,0.8386705679454245,-0.5446390350150264,0.6335736596270158,0.6291915052927834,1.2627651649197993,0.9459783351062914
36.5,3539.0,68.0,69.0,67.12670667340788,1.0153274252426892,226.43733426191307,252.65451881561611,2626.0,1282.0,2158.0,2059.0983328623906,1978651.0,15.295088308462995,31.5,1.0,0.9653764104938163,-70.0,3609.0,3541.6666666666665,0.0,68.0,67.66666666666667,0.0,69.0,68.33333333333333,-51.0,2677.0,2636.6666666666665,-91215.0,2069866.0,1982661.6666666667,0.003622364579732973,0.9617540459140833,0.9639784462056745,141.64593554035056,41.61990969185267,11.327446169080051,30.232363291883697,40.725754580955666,10,0.1736111111111111,0.8870108331782216,0.4617486132350341,0.819152044288992,-0.5735764363510458,0.6350172572088476,0.6203507267407089,1.2553679839495564,0.9378593553451327
36.699999999999996,3649.0,69.0,69.0,68.16194758616136,1.011820996975416,226.39203722076266,252.66943343273442,2678.0,1305.0,2195.0,2079.243354343656,2113666.0,14.434808445457314,29.516944286290883,1.0,0.9608963762486599,110.0,3539.0,3599.0,1.0,68.0,68.33333333333333,0.0,69.0,69.0,52.0,2626.0,2660.3333333333335,135015.0,1978651.0,2054061.0,-0.004480034245156417,0.9653764104938163,0.9626756108855198,141.36667142339883,41.52712729782312,11.322828527082276,30.22282587482155,40.69150354857856,10,0.17638888888888882,0.8949343616020248,0.4461978131098093,0.7986355100472935,-0.6018150231520474,0.6349112452699721,0.6111117459639984,1.2460229912339704,0.9285673685989844
36.9,3746.0,69.0,70.0,69.06196735235625,1.0140014175833416,226.21124034952726,252.55229858461996,2735.0,1303.0,2199.0,2090.134276561666,2210654.0,17.059700926843405,35.131894341182345,1.0,0.9504888598577615,97.0,3649.0,3644.6666666666665,0.0,69.0,68.66666666666667,1.0,69.0,69.33333333333333,57.0,2678.0,2679.6666666666665,96988.0,2113666.0,2100990.3333333335,-0.01040751639089832,0.9608963762486599,0.9589205488667458,141.08740730644706,41.434344903793566,11.3182108850845,30.213288457759397,40.657252516201446,10,0.17916666666666664,0.9025852843498605,0.43051109680829525,0.777145961456971,-0.6293203910498373,0.6014862117005957,0.6111962305315277,1.2126824422321234,0.9119393363818256
37.099999999999994,3526.0,68.0,68.0,67.00330316287537,1.0007753400151214,226.3247114002868,252.5777427455831,2624.0,1280.0,2129.0,2051.222064662507,1943609.0,15.123755571238267,31.304951684997057,1.0,0.962712664944441,-220.0,3746.0,3640.3333333333335,-1.0,69.0,68.66666666666667,-2.0,70.0,69.0,-111.0,2735.0,2679.0,-267045.0,2210654.0,2089309.6666666667,0.012223805086679418,0.9504888598577615,0.9580326336836208,140.8081431894953,41.34156250976402,11.313593243086725,30.20375104069725,40.62300148382434,10,0.18194444444444435,0.909961270876543,0.4146932426562395,0.7547095802227727,-0.6560590289905065,0.5667995786501461,0.6431848754893678,1.209984454139514,0.9265846648144409
37.3,3551.0,67.0,69.0,67.24041659117351,1.01631272969626,226.4587980835733,252.40406222099267,2631.0,1283.0,2145.0,2059.8634187552802,1988075.0,15.305783739009447,31.48412298286233,1.0,0.9637538825245526,25.0,3526.0,3607.6666666666665,-1.0,68.0,68.0,1.0,68.0,69.0,7.0,2624.0,2663.3333333333335,44466.0,1943609.0,2047446.0,0.001041217580111664,0.962712664944441,0.9589851357755851,140.52887907254353,41.24878011573446,11.30897560108895,30.194213623635097,40.58875045144723,10,0.18472222222222218,0.9170600743851239,0.3987490689252465,0.7313537016191709,-0.6819983600624981,0.5666525236713315,0.6579780570085204,1.2246305806798519,0.9413043188441861
37.5,3553.0,68.0,69.0,67.25934955412544,1.0083202462808694,226.35484027721418,252.69615699452845,2640.0,1285.0,2151.0,2061.8198705319446,1996158.0,15.232109812473395,31.38470965295043,1.0,0.9605021245813207,2.0,3551.0,3543.3333333333335,1.0,67.0,67.66666666666667,0.0,69.0,68.66666666666667,9.0,2631.0,2631.6666666666665,8083.0,1988075.0,1975947.3333333333,-0.0032517579432319588,0.9637538825245526,0.9623228906834381,140.24961495559177,41.15599772170491,11.304357959091174,30.18467620657295,40.554499419070126,10,0.1875,0.9238795325112867,0.38268343236508984,0.7071067811865476,-0.7071067811865475,0.6144932245002943,0.6280683895012811,1.2425616140015754,0.9353150017514282
37.699999999999996,3475.0,67.0,67.0,66.51697090182844,1.0120648348968326,226.3411578706432,252.59232225583642,2608.0,1270.0,2134.0,2055.701294964029,1931075.0,16.432823701931977,33.8710791088799,1.0,0.9637528319718291,-78.0,3553.0,3526.3333333333335,-1.0,68.0,67.33333333333333,-2.0,69.0,68.33333333333333,-32.0,2640.0,2626.3333333333335,-65083.0,1996158.0,1971769.3333333333,0.0032507073905084782,0.9605021245813207,0.9626696130259008,139.97035083864003,41.06321532767536,11.299740317093399,30.175138789510797,40.52024838669302,10,0.1902777777777777,0.9304175679820244,0.3665012267242977,0.6819983600624991,-0.7313537016191698,0.6331725956696618,0.6224477386075652,1.255620334277227,0.9390340364423961
37.9,3514.0,67.0,68.0,66.88919015954194,1.0097633178910128,226.39967373981125,252.59122062581451,2638.0,1267.0,2154.0100000000093,2068.1747296528174,1996566.0,20.377275632926263,41.59341894544158,1.0,0.9623203039619026,39.0,3475.0,3514.0,0.0,67.0,67.33333333333333,1.0,67.0,68.0,30.0,2608.0,2628.6666666666665,65491.0,1931075.0,1974599.6666666667,-0.001432528009926548,0.9637528319718291,0.9621917535050174,139.69108672168827,40.9704329336458,11.295122675095623,30.16560137244865,40.485997354315906,10,0.19305555555555554,0.9366721892483976,0.35020738125946765,0.6560590289905076,-0.7547095802227717,0.5771241388258871,0.6615965799002538,1.2387207187261409,0.9501586493131973
38.099999999999994,3728.0,71.0,70.0,68.89584183949484,1.0158849594107673,226.23994427496552,252.5203866465638,2723.0,1311.0,2223.0,2094.581008583691,2216599.0,15.822221886598781,32.5,1.0,0.9567661990283313,214.0,3514.0,3572.3333333333335,4.0,67.0,68.33333333333333,2.0,68.0,68.33333333333333,85.0,2638.0,2656.3333333333335,220033.0,1996566.0,2048080.0,-0.0055541049335713355,0.9623203039619026,0.9609464449873544,139.4118226047365,40.877650539616255,11.290505033097848,30.1560639553865,40.4517463219388,10,0.19583333333333325,0.9426414910921782,0.3338068592337715,0.6293203910498385,-0.7771459614569701,0.5516609651838396,0.6739522038112058,1.2256131689950454,0.9497826864031256
38.3,3576.0,68.0,68.0,67.4766968069195,1.0099070996917026,226.28291719638025,252.58382979023594,2635.0,1291.0,2140.0,2054.9672818791946,1984565.0,14.210815999984549,29.231831964486933,1.0,0.9598491357048018,-152.0,3728.0,3606.0,-3.0,71.0,68.66666666666667,-2.0,70.0,68.66666666666667,-88.0,2723.0,2665.3333333333335,-232034.0,2216599.0,2065910.0,0.003082936676470527,0.9567661990283313,0.9596452128983453,139.13255848778473,40.7848681455867,11.285887391100072,30.14652653832435,40.41749528956169,10,0.19861111111111107,0.9483236552061992,0.31730465640509253,0.6018150231520489,-0.7986355100472924,0.5781322907833355,0.6566859599106143,1.2348182506939498,0.945752105302282
38.5,3693.0,69.0,70.0,68.57166790086818,1.0049851617615901,226.56790155055822,252.58812875231695,2675.0,1302.0,2196.0100000000093,2081.8681288924995,2148841.0,15.717957543393938,32.190837205639745,1.0,0.9600389233079599,117.0,3576.0,3665.6666666666665,1.0,68.0,69.33333333333333,2.0,68.0,69.33333333333333,40.0,2635.0,2677.6666666666665,164276.0,1984565.0,2116668.3333333335,0.00018978760315813137,0.9598491357048018,0.9588847526803642,138.85329437083297,40.692085751557144,11.281269749102297,30.1369891212622,40.383244257184586,10,0.2013888888888889,0.9537169507482269,0.30070579950427306,0.5735764363510459,-0.8191520442889919,0.6264261768947046,0.629245837323803,1.2556720142185076,0.9424589257711553
38.699999999999996,3654.0,69.0,70.0,68.20863065963343,1.0251431441949672,226.03191549077542,252.5437036294784,2688.0,1312.0,2219.0,2089.9285714285716,2155610.0,14.614708834975056,29.95413160150032,1.0,0.9599445168652957,-39.0,3693.0,3641.0,0.0,69.0,68.66666666666667,0.0,70.0,69.33333333333333,13.0,2675.0,2666.0,6769.0,2148841.0,2096338.6666666667,-9.440644266422993e-05,0.9600389233079599,0.9599441919593525,138.57403025388123,40.599303357527596,11.276652107104521,30.12745170420005,40.34899322480748,10,0.2041666666666666,0.9588197348681929,0.2840153447039229,0.5446390350150276,-0.8386705679454236,0.6343525438956357,0.6094738305527514,1.243826374448387,0.9266501025005692
38.9,3495.0,67.0,68.0,66.70811201682591,1.0065231460598563,226.05911940450576,252.67465473600515,2641.0,1280.0,2176.0,2072.885836909871,2002236.0,16.622004815087937,34.0,1.0,0.9577891916836976,-159.0,3654.0,3614.0,-2.0,69.0,68.33333333333333,-2.0,70.0,69.33333333333333,-47.0,2688.0,2668.0,-153374.0,2155610.0,2102229.0,-0.002155325181598111,0.9599445168652957,0.9592575439523178,138.29476613692947,40.50652096349804,11.272034465106746,30.1179142871379,40.314742192430366,10,0.20694444444444443,0.963630453208623,0.26723837607825696,0.5150380749100544,-0.8571673007021122,0.6707805596588069,0.5492442643497674,1.2200248240085743,0.8846345441791708
39.099999999999994,3528.0,67.0,68.0,67.02230310744069,1.0248832096186988,226.00732176243784,252.59743693359115,2653.0,1283.0,2160.0100000000093,2067.453798185941,2001977.0,16.57726442267975,34.438350715445125,1.0,0.9590714578639016,33.0,3495.0,3559.0,0.0,67.0,67.66666666666667,0.0,68.0,68.66666666666667,12.0,2641.0,2660.6666666666665,-259.0,2002236.0,2053274.3333333333,0.0012822661802039947,0.9577891916836976,0.958935055470965,138.0155020199777,40.41373856946849,11.26741682310897,30.108376870075748,40.28049116005326,10,0.20972222222222214,0.9681476403781076,0.25038000405444194,0.48480962024633795,-0.8746197071393953,0.7529216227520914,0.47763262506273196,1.2305542478148235,0.8540934364387778
39.3,3568.0,68.0,68.0,67.40117725689264,1.0157597274248822,226.2734431768946,252.57769531845676,2657.0,1303.0,2199.0,2078.9419843049327,2065694.0,14.401545025669874,29.449108645254444,1.0,0.9647343701438839,40.0,3528.0,3530.3333333333335,1.0,67.0,67.33333333333333,0.0,68.0,68.0,4.0,2653.0,2650.3333333333335,63717.0,2001977.0,2023302.3333333333,0.0056629122799822795,0.9590714578639016,0.9605316732304944,138.21521955147347,40.3894849961741,11.3099221131013,30.19622760769444,40.416634290458134,10,0.21249999999999997,0.9723699203976766,0.23344536385590567,0.4539904997395473,-0.8910065241883676,0.7242593038920947,0.5356929116509401,1.259952215543035,0.8978225635969875
39.5,3549.0,67.0,68.0,67.22147829574334,1.0094633134160793,226.33565218518186,252.60833749935827,2639.0,1279.0,2164.0,2065.3167089320937,2006314.0,16.693970457829746,34.077118422777474,1.0,0.9638132415962806,-19.0,3568.0,3548.3333333333335,-1.0,68.0,67.33333333333333,0.0,68.0,68.0,-18.0,2657.0,2649.6666666666665,-59380.0,2065694.0,2024661.6666666667,-0.0009211285476032893,0.9647343701438839,0.962539689868022,138.42721866369865,40.36698857212933,11.353635683401068,30.286575477484433,40.55714650195999,10,0.2152777777777778,0.9762960071199334,0.2164396139381029,0.4226182617406995,-0.9063077870366499,0.6327512919444638,0.6532720641745113,1.2860233561189751,0.9696477101467432
39.699999999999996,3551.0,67.0,69.0,67.24041659117351,1.0052169886399824,226.4278503663938,252.5484504980146,2651.0,1283.0,2167.0100000000093,2071.263024500141,2028591.0,16.62335211610096,34.12513732501547,1.0,0.9639947135721296,2.0,3549.0,3556.0,0.0,67.0,67.33333333333333,1.0,68.0,68.33333333333333,12.0,2639.0,2649.0,22277.0,2006314.0,2033533.0,0.00018147197584905683,0.9638132415962806,0.964180775104098,138.6392177759238,40.34449214808456,11.397349253700835,30.376923347274428,40.697658713461834,10,0.2180555555555555,0.9799247046208295,0.19936793441719763,0.3907311284892746,-0.9205048534524399,0.6325585977418962,0.6561547370709907,1.2887133348128867,0.9724340359419388
39.9,3662.0,69.0,70.0,68.28325719252243,1.0089478312716635,226.3426181008278,252.57107652895405,2684.0,1301.0,2170.0100000000093,2071.3489896231567,2092312.0,14.433878738356707,29.740544715926102,1.0,0.9559214878087016,111.0,3551.0,3587.3333333333335,2.0,67.0,67.66666666666667,1.0,69.0,69.0,33.0,2651.0,2658.0,63721.0,2028591.0,2042405.6666666667,-0.00807322576342806,0.9639947135721296,0.9612431476590372,138.851216888149,40.32199572403979,11.441062824000603,30.46727121706442,40.838170924963684,10,0.22083333333333333,0.9832549075639545,0.18223552549214767,0.35836794954530066,-0.9335804264972016,0.649053795128216,0.6435541971372211,1.2926079922654372,0.9680810947013292
40.099999999999994,3690.0,69.0,70.0,68.54381022435761,1.0028257358585768,226.2646955164456,252.76309571141684,2722.0,1300.0,2199.0100000000093,2088.2322493224933,2170592.0,17.063156477490683,35.19232870953555,1.0,0.9578520514219162,28.0,3662.0,3634.3333333333335,0.0,69.0,68.33333333333333,0.0,70.0,69.66666666666667,38.0,2684.0,2685.6666666666665,78280.0,2092312.0,2097165.0,0.001930563613214642,0.9559214878087016,0.9592560842675825,139.06321600037415,40.29949929999502,11.48477639430037,30.557619086854412,40.978683136465534,10,0.22361111111111104,0.9862856015372313,0.16504760586067826,0.32556815445715787,-0.9455185755993164,0.687565077427409,0.6587187294032377,1.3462838068306469,1.0025012681169423
40.3,3442.0,67.0,67.0,66.20038151686461,1.014475974915708,226.51626683086894,252.46217781955235,2564.0,1279.0,2104.0,2035.0467751307378,1841631.0,13.017128975347756,26.627053911388696,1.0,0.9683302463957221,-248.0,3690.0,3598.0,-2.0,69.0,68.33333333333333,-3.0,70.0,69.0,-158.0,2722.0,2656.6666666666665,-328961.0,2170592.0,2034845.0,0.010478194973805866,0.9578520514219162,0.9607012618754466,139.27521511259934,40.277002875950245,11.528489964600139,30.64796695664441,41.119195347967384,10,0.22638888888888886,0.9890158633619168,0.14780941112961077,0.29237170472273705,-0.9563047559630354,0.6571652740697855,0.683270077461158,1.3404353515309435,1.0118527144960507
40.5,3803.0,70.0,72.0,69.585415056805,1.0052634221400758,226.47226551771868,252.61503490127237,2746.0,1323.0,2229.0100000000093,2098.3973179069158,2275744.0,14.731027798389885,30.59411708155671,1.0,0.9534244625054488,361.0,3442.0,3645.0,3.0,67.0,68.66666666666667,5.0,67.0,69.66666666666667,182.0,2564.0,2677.3333333333335,434113.0,1841631.0,2095989.0,-0.014905783890273305,0.9683302463957221,0.9598689201076956,139.48721422482453,40.25450645190548,11.572203534899907,30.738314826434404,41.259707559469234,10,0.22916666666666666,0.9914448613738104,0.1305261922200517,0.258819045102521,-0.9659258262890682,0.5717989849342903,0.6875203569565624,1.2593193418908528,0.9734198494237076
40.699999999999996,3564.0,68.0,69.0,67.363385733172,1.0127534288947038,226.47665003651858,252.7060220267258,2655.0,1289.0,2159.0,2063.186868686869,2007200.0,14.267677310341853,29.34706118165838,1.0,0.9646353128736549,-239.0,3803.0,3603.0,-2.0,70.0,68.33333333333333,-3.0,72.0,69.33333333333333,-91.0,2746.0,2655.0,-268544.0,2275744.0,2041525.0,0.011210850368206127,0.9534244625054488,0.9621300072582754,139.69921333704968,40.2320100278607,11.615917105199674,30.828662696224395,41.400219770971084,10,0.2319444444444444,0.9935718556765875,0.11320321376790704,0.22495105434386564,-0.9743700647852351,0.5397230714423139,0.6715314900846042,1.2112545615269181,0.9413930258057612
40.9,3457.0,66.0,68.0,66.34447306407262,1.0130655879210981,226.59354830767123,252.66436683662928,2581.0,1279.0,2111.0100000000093,2040.4263812554238,1868254.0,13.915042236200197,28.5,1.0,0.9640584203218621,-107.0,3564.0,3608.0,-2.0,68.0,68.0,-1.0,69.0,69.66666666666667,-74.0,2655.0,2660.6666666666665,-138946.0,2007200.0,2050399.3333333333,-0.0005768925517928292,0.9646353128736549,0.9607060652336553,139.91121244927487,40.209513603815935,11.659630675499443,30.91901056601439,41.540731982472934,10,0.2347222222222222,0.9953961983671787,0.09584575252022429,0.19080899537654541,-0.9816271834476639,0.5699227722549985,0.6539963965118147,1.2239191687668134,0.9389577826393141
41.099999999999994,3525.0,67.0,69.0,66.99380116989518,1.016983432068952,226.434741633627,252.6004298273717,2619.0,1270.0,2145.0100000000093,2061.3997163120566,1978938.0,18.095126534854472,36.830693721405794,1.0,0.9647518012186335,68.0,3457.0,3515.3333333333335,1.0,66.0,67.0,1.0,68.0,68.66666666666667,38.0,2581.0,2618.3333333333335,110684.0,1868254.0,1951464.0,0.0006933808967714006,0.9640584203218621,0.9644818448047169,140.12321156150006,40.18701717977116,11.70334424579921,31.009358435804383,41.68124419397478,10,0.23749999999999993,0.996917333733128,0.07845909572784544,0.15643446504023187,-0.9876883405951375,0.5446401612029992,0.6679605970866028,1.2126007582896021,0.9402806776881025
41.3,3471.0,66.0,68.0,66.47867673002938,1.079358021074728,225.8533364574287,252.4291304912555,2655.0,1274.0,2130.0,2065.6107749927974,1963236.0,16.60409791878533,34.04776057246644,1.0,0.9583646591647668,-54.0,3525.0,3484.3333333333335,-1.0,67.0,66.33333333333333,-1.0,69.0,68.33333333333333,36.0,2619.0,2618.3333333333335,-15702.0,1978938.0,1936809.3333333333,-0.006387142053866701,0.9647518012186335,0.9623916269017542,140.33521067372521,40.16452075572639,11.747057816098978,31.099706305594378,41.821756405476634,10,0.24027777777777773,0.9981347984218669,0.06104853953485713,0.12186934340514799,-0.992546151641322,0.5846580976861798,0.645864996171339,1.230523093857519,0.9381940450144289
41.5,3550.0,67.0,69.0,67.23094811029982,1.0097034784628152,226.2604904497321,252.65541882019807,2633.0,1284.0,2151.0,2057.878309859155,1980471.0,15.287650779424805,31.32491021535417,1.0,0.9619565244833174,79.0,3471.0,3515.3333333333335,1.0,66.0,66.66666666666667,1.0,68.0,68.66666666666667,-22.0,2655.0,2635.6666666666665,17235.0,1963236.0,1974215.0,0.003591865318550602,0.9583646591647668,0.9616909949555725,140.5472097859504,40.14202433168162,11.790771386398745,31.190054175384372,41.962268616978484,10,0.24305555555555555,0.9990482215818578,0.04361938736533601,0.0871557427476582,-0.9961946980917455,0.7124605909485547,0.5752964214112297,1.2877570123597846,0.9315267168855071
41.699999999999996,3544.0,68.0,69.0,67.1741091979746,1.0144658532810005,226.47402478395105,252.50488287740342,2633.0,1285.0,2156.0,2060.418735891648,1986137.0,15.281542591427034,31.5,1.0,0.9664393745245167,-6.0,3550.0,3521.6666666666665,1.0,67.0,67.0,0.0,69.0,68.66666666666667,0.0,2633.0,2640.3333333333335,5666.0,1980471.0,1976614.6666666667,0.004482850041199304,0.9619565244833174,0.9622535193908669,140.7592088981756,40.11952790763685,11.834484956698512,31.280402045174366,42.10278082848033,10,0.24583333333333326,0.9996573249755573,0.026176948307873583,0.052335956242944695,-0.9986295347545738,0.7661033023428725,0.5525888783780313,1.3186921807209038,0.9356405295494675
41.9,3740.0,70.0,71.0,69.00663661786095,1.0040948919525634,226.1138001581727,252.82280471678624,2713.0,1309.0,2210.0,2087.593048128342,2197598.0,15.877124603536192,32.59601202601324,1.0,0.9521222716802619,196.0,3544.0,3611.3333333333335,2.0,68.0,68.33333333333333,2.0,69.0,69.66666666666667,80.0,2633.0,2659.6666666666665,211461.0,1986137.0,2054735.3333333333,-0.014317102844254803,0.9664393745245167,0.9601727235626987,140.97120801040077,40.097031483592076,11.87819852699828,31.37074991496436,42.243293039982184,10,0.2486111111111111,0.9999619230641713,0.008726535498374119,0.017452406437283883,-0.9998476951563913,0.7783331025593092,0.6152046888244731,1.3935377913837823,1.0043712401041276
42.099999999999994,3425.0,66.0,68.0,66.03669768180366,1.0219083752190379,226.14893257761386,252.532330480747,2561.0,1276.0,2097.0,2027.3909489051096,1806314.0,13.054784363127398,26.57559969124494,1.0,0.9656028796765125,-315.0,3740.0,3569.6666666666665,-4.0,70.0,68.0,-3.0,71.0,69.33333333333333,-152.0,2713.0,2635.6666666666665,-391284.0,2197598.0,1996683.0,0.013480607996250615,0.9521222716802619,0.9613881752937637,141.18320712262593,40.07453505954731,11.921912097298048,31.46109778475435,42.38380525148403,10,0.25138888888888883,0.9999619230641713,-0.008726535498373553,-0.01745240643728275,-0.9998476951563913,0.7667789888913669,0.6753487861268451,1.442127775018212,1.0587382805725285
42.3,3460.0,67.0,68.0,66.373253836042,1.0151152203523515,226.62590997242324,252.46075676844578,2588.0,1277.0,2130.0,2045.2985549132948,1886743.0,15.040111623199685,31.0,1.0,0.969901571120179,35.0,3425.0,3541.6666666666665,1.0,66.0,67.66666666666667,0.0,68.0,69.0,27.0,2561.0,2620.6666666666665,80429.0,1806314.0,1963551.6666666667,0.004298691443666569,0.9656028796765125,0.9625422408256511,141.39520623485112,40.052038635502534,11.965625667597816,31.551445654544345,42.52431746298588,10,0.25416666666666665,0.9996573249755573,-0.026176948307873017,-0.052335956242943564,-0.9986295347545738,0.6404325944624305,0.6948940443237089,1.3353266387861396,1.0151103415549243
42.5,3558.0,68.0,69.0,67.30665866144084,1.0079957865206441,226.42899581333893,252.5445272925556,2639.0,1283.0,2149.0,2060.2793704328274,1993474.0,15.304443467817828,31.5,1.0,0.9613940287156993,98.0,3460.0,3481.0,1.0,67.0,67.0,1.0,68.0,68.33333333333333,51.0,2588.0,2596.0,106731.0,1886743.0,1895510.3333333333,-0.008507542404479707,0.969901571120179,0.9656328265041303,141.6072053470763,40.029542211457766,12.009339237897585,31.641793524334343,42.66482967448773,10,0.2569444444444444,0.9990482215818578,-0.04361938736533589,-0.08715574274765794,-0.9961946980917455,0.5434558600164654,0.716871636586203,1.2603274966026685,0.9885995665944358
42.699999999999996,3719.0,69.0,71.0,68.81262868740062,1.0028073685540628,226.2396217713205,252.505428125188,2748.0,1323.0,2241.0100000000093,2103.426996504437,2244163.0,14.794724089507628,30.23243291566195,1.0,0.9566261452488077,161.0,3558.0,3579.0,1.0,68.0,68.0,2.0,69.0,69.33333333333333,109.0,2639.0,2658.3333333333335,250689.0,1993474.0,2041460.0,-0.004767883466891609,0.9613940287156993,0.9626405816948953,141.81920445930146,40.00704578741299,12.053052808197352,31.732141394124334,42.80534188598958,10,0.2597222222222222,0.998134798421867,-0.06104853953485656,-0.12186934340514687,-0.9925461516413221,0.5029613338578504,0.7282050547562582,1.2311663886141087,0.9796857216851834
42.9,3699.0,70.0,70.0,68.6273493293699,1.0191589951994533,226.30821409278033,252.597835404765,2711.0,1308.0,2225.0,2093.5177074885105,2195426.0,15.856826935557613,32.5,1.0,0.9610134889538522,-20.0,3719.0,3658.6666666666665,1.0,69.0,69.0,-1.0,71.0,70.0,-37.0,2748.0,2699.3333333333335,-48737.0,2244163.0,2144354.3333333335,0.004387343705044455,0.9566261452488077,0.9596778876394532,142.03120357152665,39.984549363368224,12.09676637849712,31.822489263914328,42.94585409749143,10,0.26249999999999996,0.996917333733128,-0.07845909572784467,-0.1564344650402303,-0.9876883405951378,0.561555999215542,0.6636428809645548,1.2251988801800968,0.9444208805723258
43.099999999999994,3695.0,70.0,70.0,68.59023339948936,1.0053038935313163,226.21595977396052,252.4739924043965,2735.0,1313.0,2218.0,2094.959945872801,2198394.0,14.504737131514888,29.832867780352597,1.0,0.9581048711013586,-4.0,3699.0,3704.3333333333335,0.0,70.0,69.66666666666667,0.0,70.0,70.33333333333333,24.0,2711.0,2731.3333333333335,2968.0,2195426.0,2212661.0,-0.0029086178524936335,0.9610134889538522,0.958581501768006,142.2432026837518,39.962052939323456,12.140479948796887,31.912837133704322,43.08636630899328,10,0.2652777777777777,0.9953961983671789,-0.09584575252022351,-0.19080899537654386,-0.9816271834476641,0.6374461788951823,0.6014447152981035,1.238890894193286,0.9201678047456947
43.3,3506.0,68.0,68.0,66.81300654694024,1.008961838392802,226.28646599001522,252.71780555184853,2599.0,1282.0,2119.0100000000093,2042.8676554478038,1903294.0,14.032033053353324,28.844410203711913,1.0,0.9631060676910661,-189.0,3695.0,3633.3333333333335,-2.0,70.0,69.33333333333333,-2.0,70.0,69.33333333333333,-136.0,2735.0,2681.6666666666665,-295100.0,2198394.0,2099038.0,0.005001196589707546,0.9581048711013586,0.9607414759154257,142.455201795977,39.93955651527868,12.184193519096656,32.003185003494316,43.22687852049513,10,0.2680555555555555,0.9935718556765876,-0.11320321376790626,-0.2249510543438641,-0.9743700647852355,0.6954825106809833,0.5775062599102513,1.2729887705912346,0.9252475152507429
43.5,3665.0,69.0,70.0,68.31122112401718,1.0152013568846576,226.41799298495116,252.65882111625427,2702.0,1314.0,2238.0,2098.5961800818554,2193860.0,14.803084041597694,30.153772566629204,1.0,0.960796951491891,159.0,3506.0,3622.0,1.0,68.0,69.0,2.0,68.0,69.33333333333333,103.0,2599.0,2678.6666666666665,290566.0,1903294.0,2098516.0,-0.0023091161991750653,0.9631060676910661,0.9606692967614384,142.66720090820218,39.917060091233914,12.227907089396425,32.09353287328431,43.36739073199698,10,0.2708333333333333,0.9914448613738105,-0.13052619222005138,-0.25881904510252035,-0.9659258262890684,0.6915803840207466,0.6186138266898199,1.3101942107105666,0.9644040187001932
43.699999999999996,3668.0,70.0,71.0,68.33917361285968,1.013224592421921,226.02344657559502,252.56325020999532,2682.0,1311.0,2200.0,2079.6723009814614,2126259.0,14.735441793743899,30.18691769624716,1.0,0.9581198715678569,3.0,3665.0,3613.0,1.0,69.0,69.0,1.0,70.0,69.66666666666667,-20.0,2702.0,2661.0,-67601.0,2193860.0,2074471.0,-0.002677079924034098,0.960796951491891,0.9606742969169381,142.87920002042733,39.89456366718914,12.271620659696191,32.183880743074305,43.50790294349883,10,0.273611111111111,0.9890158633619169,-0.14780941112961,-0.2923717047227355,-0.9563047559630359,0.6301260618547225,0.6918653651993516,1.321991427054074,1.0069283961267128
43.9,3542.0,68.0,69.0,67.15515220332648,1.0164394590157007,226.40191893169654,252.7342302637905,2640.0,1293.0,2164.0,2063.7312252964425,1996738.0,14.349100314268773,29.34706118165838,1.0,0.9665865025857173,-126.0,3668.0,3625.0,-2.0,70.0,69.0,-2.0,71.0,70.0,-42.0,2682.0,2674.6666666666665,-129521.0,2126259.0,2105619.0,0.008466631017860382,0.9581198715678569,0.9618344418818218,143.09119913265252,39.87206724314437,12.31533422999596,32.2742286128643,43.64841515500068,10,0.27638888888888885,0.9862856015372314,-0.16504760586067727,-0.3255681544571559,-0.9455185755993171,0.6274469974592489,0.6849657795619735,1.3124127770212224,0.9986892782915979
44.099999999999994,3580.0,69.0,69.0,67.514424904252,1.0180328897068691,226.31680042151453,252.5475629224484,2647.0,1309.0,2179.0,2068.315083798883,2034579.0,12.660329760913415,26.086394921491163,1.0,0.966000828672664,38.0,3542.0,3596.6666666666665,1.0,68.0,69.0,0.0,69.0,69.66666666666667,7.0,2640.0,2656.3333333333335,37841.0,1996738.0,2052525.3333333333,-0.0005856739130533084,0.9665865025857173,0.9635690676087462,143.3031982448777,39.8495708190996,12.359047800295727,32.36457648265429,43.78892736650252,10,0.27916666666666656,0.9832549075639547,-0.18223552549214667,-0.35836794954529877,-0.9335804264972023,0.6204174702810783,0.6652898277518656,1.2857072980329438,0.9754985628924047
44.3,3570.0,69.0,69.0,67.42006507490579,1.0136362599171298,226.40049767438495,252.31573244214897,2658.0,1288.0,2193.0100000000093,2080.8529411764707,2073649.0,16.789863243421294,34.38386249390839,1.0,0.9652390544397822,-10.0,3580.0,3564.0,0.0,69.0,68.66666666666667,0.0,69.0,69.0,11.0,2647.0,2648.3333333333335,39070.0,2034579.0,2034988.6666666667,-0.0007617742328818178,0.966000828672664,0.9659421285660544,143.51519735710286,39.82707439505483,12.402761370595494,32.45492435244429,43.92943957800437,10,0.2819444444444444,0.9799247046208297,-0.19936793441719686,-0.3907311284892731,-0.9205048534524406,0.5559986038248057,0.6697585935414895,1.225757197366295,0.9477578954538923
44.5,3477.0,67.0,68.0,66.5361097227976,1.0129653449461944,226.26408083057473,252.55958605788484,2619.0,1270.0,2138.0,2055.8625251653725,1932734.0,16.46601561871794,33.61547262794322,1.0,0.9649801783380434,-93.0,3570.0,3542.3333333333335,-2.0,69.0,68.33333333333333,-1.0,69.0,68.66666666666667,-39.0,2658.0,2641.3333333333335,-140915.0,2073649.0,2013654.0,-0.00025887610173880304,0.9652390544397822,0.9654066871501632,143.72719646932805,39.804577971010055,12.446474940895262,32.54527222223428,44.06995178950623,10,0.2847222222222222,0.9762960071199334,-0.2164396139381028,-0.4226182617406993,-0.90630778703665,0.5209891183352526,0.6792947060659127,1.2002838244011653,0.939789265233539
44.699999999999996,3506.0,67.0,67.0,66.81300654694024,1.0114350225358764,226.25487280643398,252.66139288375737,2619.0,1271.0,2150.0100000000093,2063.785795778665,1976633.0,18.204361818056828,36.87817782917155,1.0,0.9630371444775029,29.0,3477.0,3517.6666666666665,0.0,67.0,67.66666666666667,-1.0,68.0,68.0,0.0,2619.0,2632.0,43899.0,1932734.0,1994338.6666666667,-0.0019430338605405106,0.9649801783380434,0.9644187924184427,143.93919558155324,39.78208154696529,12.49018851119503,32.635620092024276,44.21046400100807,10,0.2874999999999999,0.9723699203976767,-0.23344536385590492,-0.45399049973954586,-0.8910065241883683,0.5365054811599528,0.6919391970593816,1.2284446782193343,0.960191937639358
44.9,3394.0,67.0,67.0,65.73716616063658,1.0143517630747576,226.5024357854386,252.523106518698,2570.0,1273.0,2121.0,2044.0268120212138,1846429.0,13.964020557994868,28.635642126552707,1.0,0.9725849193226492,-112.0,3506.0,3459.0,0.0,67.0,67.0,0.0,67.0,67.33333333333333,-49.0,2619.0,2602.6666666666665,-130204.0,1976633.0,1918598.6666666667,0.00954777484514635,0.9630371444775029,0.9668674140460652,144.15119469377842,39.75958512292051,12.533902081494798,32.72596796181427,44.35097621250992,10,0.29027777777777775,0.9681476403781079,-0.25038000405444116,-0.48480962024633656,-0.8746197071393961,0.5875206574430977,0.6742733400936075,1.2617939975367052,0.9680336688151563
45.099999999999994,3558.0,68.0,68.0,67.30665866144084,1.0238020681574242,226.34125254492085,252.61642836029543,2668.0,1285.0,2177.0,2076.211916807195,2050171.0,16.81042837191522,34.44198019858905,1.0,0.9619095187669712,164.0,3394.0,3486.0,1.0,67.0,67.33333333333333,1.0,67.0,67.33333333333333,98.0,2570.0,2619.0,203742.0,1846429.0,1957744.3333333333,-0.01067540055567806,0.9725849193226492,0.9658438608557077,144.36319380600358,39.737088698875745,12.577615651794565,32.81631583160426,44.49148842401177,10,0.29305555555555546,0.9636304532086232,-0.26723837607825623,-0.515038074910053,-0.857167300702113,0.6372655567227463,0.6246242826852786,1.261889839408025,0.9432570610466517
45.3,3649.0,69.0,69.0,68.16194758616136,1.0194834710269038,226.32570436321677,252.60048125865035,2682.0,1293.0,2190.0,2080.942175938613,2119873.0,16.98720494372774,34.90701935141412,1.0,0.9602070501393244,91.0,3558.0,3533.6666666666665,1.0,68.0,68.0,1.0,68.0,68.0,14.0,2668.0,2640.0,69702.0,2050171.0,2005491.0,-0.0017024686276467804,0.9619095187669712,0.9649004960763149,144.57519291822877,39.71459227483097,12.621329222094333,32.90666370139425,44.63200063551362,10,0.2958333333333333,0.9588197348681932,-0.2840153447039222,-0.5446390350150263,-0.8386705679454245,0.6547845962454484,0.5815250293596548,1.2363096256051032,0.908917327482379
45.5,3519.0,68.0,69.0,66.93676088610083,1.0227440379701487,226.57469545966418,252.52208208429457,2606.0,1285.0,2148.0,2055.4143222506395,1954509.0,15.23915159891569,31.32491021535417,1.0,0.9678333535430126,-130.0,3649.0,3575.3333333333335,-1.0,69.0,68.33333333333333,0.0,69.0,68.66666666666667,-76.0,2682.0,2652.0,-165364.0,2119873.0,2041517.6666666667,0.007626303403688195,0.9602070501393244,0.9633166408164361,144.78719203045395,39.6920958507862,12.665042792394102,32.99701157118425,44.77251284701547,10,0.2986111111111111,0.9537169507482269,-0.30070579950427295,-0.5735764363510458,-0.819152044288992,0.6274022004070037,0.5924352225952267,1.2198374230022304,0.9061363227987286
45.699999999999996,3585.0,68.0,69.0,67.56155539858122,1.0057194481079523,226.4099197539027,252.42254675719664,2649.0,1292.0,2166.0,2061.105160390516,2011574.0,15.3056105765895,31.5,1.0,0.9622862494742923,66.0,3519.0,3584.3333333333335,0.0,68.0,68.33333333333333,0.0,69.0,69.0,43.0,2606.0,2645.6666666666665,57065.0,1954509.0,2028652.0,-0.005547104068720277,0.9678333535430126,0.9634422177188764,144.66485617472446,39.685991701162024,12.649948102573914,32.97886691168889,44.75278676190726,10,0.3013888888888888,0.9483236552061995,-0.31730465640509153,-0.6018150231520473,-0.7986355100472936,0.6539540731215885,0.6290922311266305,1.283046304248219,0.9560692676874247
45.9,3596.0,69.0,69.0,67.66512693306387,1.0138716949258244,226.20610802819985,252.6745949932334,2663.0,1302.0,2208.0,2082.9596774193546,2096366.0,15.544538891185175,31.81980515339464,1.0,0.9635655224326286,11.0,3585.0,3566.6666666666665,1.0,68.0,68.33333333333333,0.0,69.0,69.0,14.0,2649.0,2639.3333333333335,84792.0,2011574.0,2020816.3333333333,0.0012792729583362972,0.9622862494742923,0.9645617084833112,144.51541207835,39.68121665486925,12.630085175446702,32.95192556062985,44.72006838247932,10,0.30416666666666664,0.9426414910921784,-0.3338068592337708,-0.6293203910498373,-0.7771459614569711,0.6879619732644718,0.6462833850231424,1.3342453582876144,0.9902643716553784
46.099999999999994,3623.0,69.0,69.0,67.91867836299153,1.0059572984410639,226.44313488543585,252.52095203256192,2656.0,1294.0,2187.0,2071.9332045266356,2072121.0,15.407581412310899,31.76476034853718,1.0,0.9606181299258103,27.0,3596.0,3601.3333333333335,0.0,69.0,68.66666666666667,0.0,69.0,69.0,-7.0,2663.0,2656.0,-24245.0,2096366.0,2060020.3333333333,-0.0029473925068183027,0.9635655224326286,0.9621566339442437,144.36596798197556,39.676441608576475,12.61022224831949,32.92498420957082,44.68735000305137,10,0.30694444444444435,0.9366721892483978,-0.35020738125946693,-0.6560590289905064,-0.7547095802227727,0.6249574692846557,0.6814717974233369,1.3064292667079926,0.9939505320656647
46.3,3553.0,68.0,69.0,67.25934955412544,1.0109016783104448,226.34243550677868,252.65821879018318,2664.0,1289.0,2171.0100000000093,2069.5316633830566,2023557.0,15.38597055358616,31.78049716414141,1.0,0.9627497520455317,-70.0,3623.0,3590.6666666666665,-1.0,69.0,68.66666666666667,0.0,69.0,69.0,8.0,2656.0,2661.0,-48564.0,2072121.0,2064014.6666666667,0.002131622119721399,0.9606181299258103,0.9623111348013236,144.2165238856011,39.6716665622837,12.590359321192278,32.898042858511786,44.65463162362343,10,0.3097222222222222,0.9304175679820247,-0.36650122672429697,-0.681998360062498,-0.7313537016191709,0.5265697234868769,0.707728640598799,1.234298364085676,0.9710135023422375
46.5,3607.0,68.0,69.0,67.76854017801868,1.024201919661746,226.34276639136183,252.7543722793362,2681.0,1296.0,2193.0,2084.275575270308,2107482.0,15.667854336700723,31.988279103446626,1.0,0.9593135315034719,54.0,3553.0,3594.3333333333335,0.0,68.0,68.33333333333333,0.0,69.0,69.0,17.0,2664.0,2667.0,83925.0,2023557.0,2067720.0,-0.0034362205420598313,0.9627497520455317,0.9608938044916046,144.06707978922665,39.666891515990926,12.570496394065064,32.87110150745275,44.62191324419548,10,0.3125,0.9238795325112867,-0.3826834323650897,-0.7071067811865475,-0.7071067811865477,0.5138730766672988,0.7049067023830855,1.2187797790503843,0.9618432407167349
46.699999999999996,3631.0,70.0,69.0,67.99362313433059,1.0359395845576185,226.20585137812793,252.37884173182567,2678.0,1294.0,2193.0,2080.2877995042686,2107027.0,16.854630909090925,34.64823227814083,1.0,0.9622909435901865,24.0,3607.0,3597.0,2.0,68.0,68.66666666666667,0.0,69.0,69.0,-3.0,2681.0,2674.3333333333335,-455.0,2107482.0,2079355.3333333333,0.002977412086714648,0.9593135315034719,0.9614514090463967,143.9176356928522,39.66211646969815,12.550633466937853,32.84416015639371,44.58919486476754,10,0.3152777777777777,0.9170600743851243,-0.39874906892524575,-0.7313537016191698,-0.6819983600624993,0.511741136180976,0.7171813476412313,1.2289224838222073,0.9730519157317192
46.9,3491.0,68.0,67.0,66.66992763360744,1.013684965381295,226.34879887531852,252.4513221283593,2614.0,1275.0,2179.0100000000093,2070.517043826984,1991685.0,16.597044200254885,34.0,1.0,0.966430434531565,-140.0,3631.0,3576.3333333333335,-2.0,70.0,68.66666666666667,-2.0,69.0,68.33333333333333,-64.0,2678.0,2657.6666666666665,-115342.0,2107027.0,2068731.3333333333,0.004139490941378443,0.9622909435901865,0.9626783032084077,143.76819159647778,39.65734142340538,12.53077053981064,32.817218805334676,44.556476485339594,10,0.31805555555555554,0.9099612708765433,-0.4146932426562388,-0.7547095802227717,-0.6560590289905076,0.5130958395030146,0.7143275940765685,1.227423433579583,0.9708755138280758
47.099999999999994,3478.0,69.0,67.0,66.54567706912971,1.041414117806675,226.10738388178444,252.68056251832775,2631.0,1277.0,2154.0,2063.779470960322,1960831.0,18.062215944272488,36.54107278118693,1.0,0.9702595481201592,-13.0,3491.0,3533.3333333333335,1.0,68.0,69.0,0.0,67.0,67.66666666666667,17.0,2614.0,2641.0,-30854.0,1991685.0,2019847.6666666667,0.0038291135885942795,0.966430434531565,0.9663269754139702,143.61874750010332,39.6525663771126,12.510907612683429,32.79027745427564,44.52375810591165,10,0.32083333333333325,0.9025852843498609,-0.4305110968082945,-0.77714596145697,-0.6293203910498385,0.5322605623587777,0.6774878685980271,1.209748430956805,0.9436181497774161
47.3,3464.0,68.0,67.0,66.41160879667503,1.014871475840257,226.33442590873847,252.4563416285355,2591.0,1283.0,2143.0,2051.7857967667437,1911396.0,14.064120061312476,28.74456470360962,1.0,0.9686020060730481,-14.0,3478.0,3477.6666666666665,-1.0,69.0,68.33333333333333,0.0,67.0,67.0,-40.0,2631.0,2612.0,-49435.0,1960831.0,1954637.3333333333,-0.0016575420471111046,0.9702595481201592,0.9684306629082574,143.46930340372887,39.64779133081982,12.491044685556215,32.7633361032166,44.491039726483706,10,0.32361111111111107,0.8949343616020252,-0.44619781310980844,-0.7986355100472923,-0.6018150231520489,0.5769440687959846,0.6647672048731288,1.2417112736691134,0.9532392392711211
47.5,3531.0,68.0,67.0,67.05079292938943,1.0222627660698733,226.16391662717746,252.68357363412113,2625.0,1285.0,2156.0,2058.1993769470405,1971007.0,15.31534035903714,31.32491021535417,1.0,0.9628291528137647,67.0,3464.0,3491.0,0.0,68.0,68.33333333333333,0.0,67.0,67.0,34.0,2591.0,2615.6666666666665,59611.0,1911396.0,1947744.6666666667,-0.00577285325928345,0.9686020060730481,0.9672302356689908,143.31985930735442,39.64301628452705,12.471181758429003,32.736394752157565,44.45832134705576,10,0.3263888888888889,0.8870108331782218,-0.4617486132350338,-0.8191520442889916,-0.5735764363510464,0.6112178961473151,0.6620830185515211,1.2733009146988363,0.9676919666251786
47.699999999999996,3708.0,70.0,70.0,68.71078686696859,1.0131170598064043,226.39522737087225,252.7684396620367,2717.0,1328.0,2243.0,2092.035598705502,2195270.0,13.797017996295276,28.040149785619906,1.0,0.9663476474420003,177.0,3531.0,3567.6666666666665,2.0,68.0,68.66666666666667,3.0,67.0,68.0,92.0,2625.0,2644.3333333333335,224263.0,1971007.0,2025891.0,0.0035184946282356133,0.9628291528137647,0.9659262687762711,143.17041521097997,39.63824123823427,12.45131883130179,32.70945340109853,44.42560296762782,10,0.3291666666666666,0.8788171126619656,-0.4771587602596081,-0.8386705679454236,-0.5446390350150278,0.6418864097068988,0.6163137873041439,1.2582001970110428,0.9372569921575933
47.9,3635.0,70.0,70.0,68.03106455959893,1.0298366496624902,226.41339776754845,252.42943512066125,2670.0,1304.0,2189.0,2075.7020632737276,2092683.0,14.32123714936338,29.516944286290883,1.0,0.963282542076368,-73.0,3708.0,3624.6666666666665,0.0,70.0,69.33333333333333,0.0,70.0,69.0,-47.0,2717.0,2670.6666666666665,-102587.0,2195270.0,2086320.0,-0.0030651053656323146,0.9663476474420003,0.964153114110711,143.02097111460552,39.6334661919415,12.431455904174578,32.68251205003949,44.39288458819987,10,0.33194444444444443,0.8703556959398997,-0.492423560103467,-0.8571673007021121,-0.5150380749100544,0.6736618541155065,0.5769424638564997,1.250604317972006,0.9137733909142529
48.099999999999994,3664.0,70.0,70.0,68.30190108561867,1.0030638922027764,226.3863127568218,252.53390777912875,2679.0,1304.0,2207.0,2079.572598253275,2123577.0,15.538887796115345,31.81980515339464,1.0,0.9607567797164878,29.0,3635.0,3669.0,0.0,70.0,70.0,0.0,70.0,70.0,9.0,2670.0,2688.6666666666665,30894.0,2092683.0,2137176.6666666665,-0.0025257623598802237,0.963282542076368,0.9634623230782854,142.87152701823106,39.62869114564872,12.411592977047366,32.65557069898046,44.36016620877192,10,0.33472222222222214,0.8616291604415262,-0.5075383629607035,-0.8746197071393951,-0.4848096202463384,0.6293110114112166,0.6323126888711009,1.2616237002823176,0.9469681945767092
48.3,3446.0,66.0,67.0,66.23883657762545,1.0166312847961927,226.09259213514582,252.74655266719935,2645.0,1290.0,2193.0,2075.6340684852003,1983642.0,15.459160811657034,31.5,1.0,0.9723690061008993,-218.0,3664.0,3581.6666666666665,-4.0,70.0,68.66666666666667,-3.0,70.0,69.0,-34.0,2679.0,2664.6666666666665,-139935.0,2123577.0,2066634.0,0.011612226384411506,0.9607567797164878,0.9654694426312517,142.7220829218566,39.623916099355945,12.391730049920154,32.628629347921425,44.32744782934398,10,0.33749999999999997,0.8526401643540923,-0.5224985647159488,-0.8910065241883678,-0.45399049973954697,0.7043113300988821,0.6368791672476315,1.3411904973465136,0.9890348322970726
48.5,3570.0,68.0,68.0,67.42006507490579,1.009549671517704,226.09674444226715,252.727454140456,2644.0,1297.0,2162.0,2060.3518207282914,2000458.0,14.443625558851375,29.5,1.0,0.9592863234319341,124.0,3446.0,3560.0,2.0,66.0,68.0,1.0,67.0,68.33333333333333,-1.0,2645.0,2656.0,16816.0,1983642.0,2035892.3333333333,-0.013082682668965173,0.9723690061008993,0.9641373697497736,142.57263882548216,39.619141053063174,12.371867122792942,32.60168799686239,44.294729449916034,10,0.3402777777777778,0.8433914458128856,-0.537299608346824,-0.90630778703665,-0.42261826174069916,0.8716942780359443,0.6361306484133241,1.5078249264492685,1.0719777874312963
48.699999999999996,3589.0,68.0,70.0,67.5992361351406,1.0075331214933108,226.31797021558992,252.45251485560942,2651.0,1298.0,2172.0,2067.222903315687,2035780.0,14.394067760725697,29.516944286290883,1.0,0.9627936221006199,19.0,3570.0,3535.0,0.0,68.0,67.33333333333333,2.0,68.0,68.33333333333333,7.0,2644.0,2646.6666666666665,35322.0,2000458.0,2006626.6666666667,0.003507298668685821,0.9592863234319341,0.9648163172111511,142.4231947291077,39.614366006770396,12.35200419566573,32.57474664580335,44.26201107048809,10,0.3430555555555555,0.8338858220671684,-0.5519369853120578,-0.9205048534524399,-0.39073112848927466,0.8126829278619089,0.6479558121921559,1.4606387400540648,1.0542972761231104
48.9,3651.0,69.0,69.0,68.1806246512019,1.007297897663425,226.27977848979725,252.61396483502006,2691.0,1300.0,2196.0,2082.1446179129007,2125410.0,16.924378966294693,34.785054261852174,1.0,0.9598364550839603,62.0,3589.0,3603.3333333333335,1.0,68.0,68.33333333333333,-1.0,70.0,69.0,40.0,2651.0,2662.0,89630.0,2035780.0,2053882.6666666667,-0.002957167016659601,0.9627936221006199,0.9606388002055047,142.27375063273325,39.60959096047762,12.332141268538518,32.547805294744315,44.229292691060145,10,0.3458333333333333,0.8241261886220158,-0.5664062369248326,-0.9335804264972015,-0.3583679495453007,0.7211489140681373,0.6584133037810845,1.3795622178492217,1.0189877608151532
49.099999999999994,3561.0,69.0,69.0,67.3350281710932,1.0133052498004307,226.33593312463114,252.4565040522063,2653.0,1292.0,2196.0,2078.1395675372087,2058761.0,16.70928137529333,34.04776057246644,1.0,0.9658445055059816,-90.0,3651.0,3600.3333333333335,0.0,69.0,68.66666666666667,0.0,69.0,69.33333333333333,-38.0,2691.0,2665.0,-66649.0,2125410.0,2073317.0,0.006008050422021238,0.9598364550839603,0.962824860896854,142.12430653635883,39.60481591418485,12.312278341411306,32.52086394368528,44.1965743116322,10,0.34861111111111104,0.8141155183563195,-0.5807029557109394,-0.9455185755993165,-0.3255681544571575,0.6777385943188838,0.6834417890822573,1.3611803834011411,1.0223110862416993
49.3,3523.0,69.0,67.0,66.97479313967291,1.0263943275553264,226.2093533153788,252.56539396737077,2649.0,1289.0,2178.0,2074.9318762418393,2025488.0,15.417357754255768,31.62672920173694,1.0,0.967701610673576,-38.0,3561.0,3578.3333333333335,0.0,69.0,69.0,-2.0,69.0,68.33333333333333,-4.0,2653.0,2664.3333333333335,-33273.0,2058761.0,2069886.3333333333,0.0018571051675944084,0.9658445055059816,0.9644608570878392,141.97486243998438,39.60004086789207,12.292415414284093,32.49392259262624,44.16385593220426,10,0.35138888888888886,0.8038568606172174,-0.5948227867513411,-0.9563047559630353,-0.2923717047227371,0.6482745043973612,0.7103492711804062,1.3586237755777675,1.034486523379087
49.5,3527.0,68.0,67.0,67.01280380853288,1.0078370904688474,226.33983740642944,252.81427424908225,2668.0,1288.0,2186.0,2072.3079104054436,2018566.0,15.331121079860592,31.5,1.0,0.9673461259131483,4.0,3523.0,3537.0,-1.0,69.0,68.66666666666667,0.0,67.0,67.66666666666667,19.0,2649.0,2656.6666666666665,-6922.0,2025488.0,2034271.6666666667,-0.0003554847604276823,0.967701610673576,0.9669640806975686,141.82541834360993,39.5952658215993,12.272552487156881,32.466981241567204,44.13113755277631,10,0.3541666666666667,0.7933533402912352,-0.6087614290087207,-0.9659258262890683,-0.25881904510252063,0.6287856250487623,0.7124312155331435,1.3412168405819058,1.0268240280575247
49.699999999999996,3581.0,67.0,69.0,67.52385363482017,1.004492660111272,226.2145075119294,252.47782148308525,2629.0,1285.0,2157.0100000000093,2059.6422786931025,2004099.0,15.29584544149107,31.5,1.0,0.9600977796007083,54.0,3527.0,3543.6666666666665,-1.0,68.0,68.0,2.0,67.0,67.66666666666667,-39.0,2668.0,2648.6666666666665,-14467.0,2018566.0,2016051.0,-0.007248346312439979,0.9673461259131483,0.9650485053958109,141.67597424723547,39.59049077530652,12.252689560029669,32.44003989050817,44.09841917334837,10,0.3569444444444444,0.7826081568524142,-0.6225146366376191,-0.9743700647852349,-0.22495105434386614,0.7029739017408603,0.675903516442082,1.3788774181829424,1.0273904673125123
49.9,3393.0,65.0,67.0,65.72748112689553,1.0217115284243585,226.10106747512626,252.58477203004048,2580.0,1260.0,2103.0,2038.8544061302682,1828333.0,16.167951651234574,32.7566787083184,1.0,0.9658924276923295,-188.0,3581.0,3500.3333333333335,-2.0,67.0,66.66666666666667,-2.0,69.0,67.66666666666667,-49.0,2629.0,2625.6666666666665,-175766.0,2004099.0,1950332.6666666667,0.005794648091621224,0.9600977796007083,0.9644454444020619,141.52653015086102,39.58571572901374,12.232826632902457,32.41309853944913,44.06570079392042,10,0.3597222222222222,0.7716245833877199,-0.6360782202777641,-0.981627183447664,-0.1908089953765446,0.8511175325729978,0.6302517363566054,1.4813692689296032,1.0558105026431042
50.099999999999994,3585.0,68.0,69.0,67.56155539858122,1.0140852573548056,226.33287838602973,252.7228511686583,2659.0,1281.0,2150.0100000000093,2061.6234309623433,2013424.0,16.69927804667172,34.311076928595526,1.0,0.9622632888055372,192.0,3393.0,3519.6666666666665,3.0,65.0,66.66666666666667,2.0,67.0,68.33333333333333,79.0,2580.0,2622.6666666666665,185091.0,1828333.0,1948618.6666666667,-0.0036291388867922825,0.9658924276923295,0.9627511653661918,141.37708605448657,39.58094068272097,12.212963705775245,32.3861571883901,44.03298241449248,10,0.36249999999999993,0.7604059656000313,-0.6494480483301832,-0.9876883405951375,-0.15643446504023192,0.7794042558624922,0.6325225291180789,1.4119267849805712,1.0222246570493252
50.3,3648.0,69.0,69.0,68.15260713423864,1.0090538030959753,226.44906228805175,252.709024937124,2673.0,1307.0,2172.0,2070.689692982456,2081896.0,13.528382202338928,28.040149785619906,1.0,0.958624254045351,63.0,3585.0,3542.0,1.0,68.0,67.33333333333333,0.0,69.0,68.33333333333333,14.0,2659.0,2637.3333333333335,68472.0,2013424.0,1974551.0,-0.0036390347601862327,0.9622632888055372,0.9622599901810727,141.22764195811212,39.57616563642819,12.193100778648033,32.359215837331064,44.00026403506453,10,0.36527777777777776,0.7489557207890023,-0.6626200482157373,-0.992546151641322,-0.12186934340514805,0.6971866727091977,0.6551605294200942,1.3523472021292917,1.003753865774693
50.5,3535.0,67.0,69.0,67.08876053884734,1.0024081789472266,226.48839861799948,252.38374313991645,2620.0,1299.0,2167.0,2061.021782178218,1983225.0,13.479928222625283,27.459060435491963,1.0,0.9690393172736326,-113.0,3648.0,3589.3333333333335,-2.0,69.0,68.0,0.0,69.0,69.0,-53.0,2673.0,2650.6666666666665,-98671.0,2081896.0,2026181.6666666667,0.010415063228281563,0.958624254045351,0.9633089533748403,141.07819786173766,39.57139059013542,12.17323785152082,32.33227448627203,43.967545655636584,10,0.3680555555555556,0.7372773368101241,-0.6755902076156602,-0.9961946980917455,-0.08715574274765825,0.7325829837005055,0.6739170326869678,1.4065000163874732,1.0402085245372206
50.699999999999996,3677.0,70.0,70.0,68.4229625636832,1.0100830297701864,226.35726703010968,252.4466998840432,2699.0,1317.0,2226.0,2084.464509110688,2149081.0,13.620566467124041,27.90161285660741,1.0,0.9613955918832282,142.0,3535.0,3620.0,3.0,67.0,68.66666666666667,1.0,69.0,69.33333333333333,79.0,2620.0,2664.0,165856.0,1983225.0,2071400.6666666667,-0.007643725390404366,0.9690393172736326,0.963019721067404,140.9287537653632,39.566615543842644,12.153374924393608,32.30533313521299,43.934827276208644,10,0.3708333333333333,0.7253743710122877,-0.6883545756937538,-0.9986295347545738,-0.052335956242944306,0.7594232134860023,0.7042386746566806,1.4636618881426828,1.0839502813996817
50.9,3443.0,67.0,67.0,66.20999737594894,1.0056541712697795,226.61913891988073,252.61748630065642,2580.0,1261.0,2113.0,2040.9520766773162,1862512.0,16.387914585032732,33.455193916640205,1.0,0.9677016846065958,-234.0,3677.0,3551.6666666666665,-3.0,70.0,68.0,-3.0,70.0,68.66666666666667,-119.0,2699.0,2633.0,-286569.0,2149081.0,1998272.6666666667,0.006306092723367573,0.9613955918832282,0.9660455312544856,140.77930966898876,39.561840497549866,12.133511997266396,32.27839178415395,43.902108896780696,10,0.3736111111111111,0.7132504491541816,-0.7009092642998509,-0.9998476951563913,-0.017452406437283498,0.7050132517507605,0.7101208371244352,1.4151340888751958,1.0626274629998154
51.099999999999994,3519.0,69.0,68.0,66.93676088610083,1.0231293983091196,226.45657997408458,252.60132184963567,2618.0,1294.0,2159.0100000000093,2060.109690252913,1971050.0,14.147287535565193,28.848960104453447,1.0,0.9660515968646153,76.0,3443.0,3546.3333333333335,2.0,67.0,68.66666666666667,1.0,67.0,68.33333333333333,38.0,2580.0,2632.3333333333335,108538.0,1862512.0,1994214.3333333333,-0.0016500877419804993,0.9677016846065958,0.9650496244514798,140.6298655726143,39.557065451257095,12.113649070139184,32.25145043309492,43.869390517352755,10,0.37638888888888883,0.7009092642998513,-0.7132504491541811,-0.9998476951563913,0.017452406437282242,0.6756911919543742,0.6809850619589453,1.3566762539133195,1.0188306579361324
51.3,3833.0,71.0,71.0,69.85933849507794,1.0019094797157926,226.2845450428893,252.6505555114418,2765.0,1324.0,2252.0,2107.8358987738065,2329861.0,16.16171809626863,33.0,1.0,0.9514125520792871,314.0,3519.0,3598.3333333333335,2.0,69.0,69.0,3.0,68.0,68.66666666666667,147.0,2618.0,2654.3333333333335,358811.0,1971050.0,2054474.3333333333,-0.014639044785328181,0.9660515968646153,0.9617219445168327,140.48042147623985,39.55229040496432,12.093786143011972,32.22450908203588,43.83667213792481,10,0.37916666666666665,0.6883545756937542,-0.7253743710122874,-0.9986295347545739,0.05233595624294306,0.6917165790500688,0.6943300214525521,1.3860466005026209,1.0401883109775865
51.5,3503.0,68.0,68.0,66.78441528685622,1.0166968064947643,226.25605918734752,252.64790669453245,2642.0,1294.0,2176.0,2071.640022837568,2002461.0,14.275805083772989,29.068883707497267,1.0,0.9665581501961836,-330.0,3833.0,3618.3333333333335,-3.0,71.0,69.33333333333333,-3.0,71.0,69.0,-123.0,2765.0,2675.0,-327400.0,2329861.0,2101124.0,0.01514559811689653,0.9514125520792871,0.9613407663800286,140.3309773798654,39.54751535867154,12.073923215884758,32.19756773097684,43.80395375849686,10,0.3819444444444444,0.6755902076156604,-0.737277336810124,-0.9961946980917455,0.08715574274765789,0.6870007944191434,0.7284470157088941,1.4154478101280374,1.0719474129184658
51.699999999999996,3410.0,66.0,67.0,65.8919330991807,1.018740366263943,226.60207999667642,252.3112351884391,2588.0,1266.0,2129.0,2050.5873900293254,1877503.0,16.17362122664906,33.354160160315836,1.0,0.9709806056235329,-93.0,3503.0,3582.0,-2.0,68.0,68.33333333333333,-1.0,68.0,68.66666666666667,-54.0,2642.0,2665.0,-124958.0,2002461.0,2069941.6666666667,0.004422455427349314,0.9665581501961836,0.9629837692996679,140.18153328349098,39.54274031237877,12.054060288757546,32.170626379917806,43.77123537906892,10,0.3847222222222222,0.6626200482157377,-0.748955720789002,-0.9925461516413221,0.12186934340514681,0.6763996868897405,0.706675613879103,1.3830753007688434,1.0448754573239731
51.9,3573.0,68.0,68.0,67.44838688463007,1.009717865467082,226.27954473119365,252.44607474023732,2671.0,1286.0,2174.0100000000093,2076.8575426812204,2061112.0,16.728271301446156,34.5,1.0,0.9603553809788115,163.0,3410.0,3495.3333333333335,2.0,66.0,67.33333333333333,1.0,67.0,67.66666666666667,83.0,2588.0,2633.6666666666665,183609.0,1877503.0,1980358.6666666667,-0.010625224644721487,0.9709806056235329,0.965964712266176,140.03208918711653,39.53796526608599,12.034197361630333,32.14368502885877,43.73851699964097,10,0.38749999999999996,0.6494480483301841,-0.7604059656000306,-0.9876883405951379,0.15643446504022981,0.667315050540141,0.6894916098803685,1.3568066604205096,1.023149135150439
52.099999999999994,3536.0,69.0,68.0,67.09824908433555,1.0446648395638143,226.3494053091118,252.80910865908507,2672.0,1302.0,2202.0200000000186,2083.5715497737556,2063510.0,14.374431396417867,29.449108645254444,1.0,0.9682017533232211,-37.0,3573.0,3506.3333333333335,1.0,68.0,67.66666666666667,0.0,68.0,67.66666666666667,1.0,2671.0,2643.6666666666665,2398.0,2061112.0,2000708.3333333333,0.007846372344409658,0.9603553809788115,0.9665125799751886,140.01103389355865,39.5091540681376,12.025885202327908,32.13178149788559,43.68503250582602,10,0.3902777777777777,0.6360782202777642,-0.7716245833877198,-0.9816271834476641,0.19080899537654425,0.5813831324064177,0.7271789640428279,1.3085620964492455,1.0178705302460367
52.3,3392.0,66.0,67.0,65.71779466584124,1.0202949513147646,226.41691506918608,252.35070344405443,2606.0,1289.0,2145.0,2054.842570754717,1882026.0,12.402036225415085,25.347583711273153,1.0,0.9733574350194949,-144.0,3536.0,3500.3333333333335,-3.0,69.0,67.66666666666667,-1.0,68.0,67.66666666666667,-66.0,2672.0,2649.6666666666665,-181484.0,2063510.0,2002216.0,0.005155681696273784,0.9682017533232211,0.9673048564405091,140.00831985754598,39.4769091342384,12.019223152714735,32.12202622692468,43.628581424241496,10,0.3930555555555555,0.62251463663762,-0.7826081568524136,-0.9743700647852355,0.22495105434386403,0.5906141126616941,0.7296476541547754,1.3202617668164693,1.0249547104856225
52.5,3510.0,68.0,68.0,66.8511092056102,1.008296959946399,226.48307645622754,252.75851048660422,2622.0,1277.0,2156.0,2061.4407407407407,1970657.0,16.427728098680902,33.445290662679874,1.0,0.9657413745771081,118.0,3392.0,3479.3333333333335,2.0,66.0,67.66666666666667,1.0,67.0,67.66666666666667,16.0,2606.0,2633.3333333333335,88631.0,1882026.0,1972064.3333333333,-0.0076160604423868294,0.9733574350194949,0.9691001876399413,140.00560582153335,39.4446642003392,12.012561103101564,32.112270955963766,43.57213034265697,10,0.3958333333333333,0.6087614290087209,-0.793353340291235,-0.9659258262890684,0.2588190451025203,0.6355695055091917,0.7012548773071443,1.336824382816336,1.0190396300617401
52.699999999999996,3381.0,67.0,67.0,65.61114921070644,1.0139225026556502,226.42769112787965,252.58696133709768,2595.0,1274.0,2120.0,2046.1245193729667,1846465.0,13.926713612769992,28.53506614676055,1.0,0.9725670402634222,-129.0,3510.0,3427.6666666666665,-1.0,68.0,67.0,-1.0,68.0,67.33333333333333,-27.0,2622.0,2607.6666666666665,-124192.0,1970657.0,1899716.0,0.006825665686314153,0.9657413745771081,0.9705552832866751,140.0028917855207,39.412419266440004,12.005899053488394,32.10251568500285,43.51567926107244,10,0.398611111111111,0.5948227867513417,-0.8038568606172171,-0.9563047559630358,0.2923717047227359,0.6497430861836564,0.6801528439100121,1.3298959300936684,1.0050243870018403
52.9,3573.0,69.0,70.0,67.44838688463007,1.0185042308897247,226.36082994799875,252.46328660918013,2664.0,1287.0,2188.0,2078.0931989924434,2065531.0,16.827581749521844,34.539832078341085,1.0,0.9651837711464993,192.0,3381.0,3488.0,2.0,67.0,68.0,3.0,67.0,68.33333333333333,69.0,2595.0,2627.0,219066.0,1846465.0,1960884.3333333333,-0.007383269116922886,0.9725670402634222,0.9678307286623432,140.00017774950805,39.380174332540804,11.999237003875221,32.09276041404194,43.459228179487916,10,0.40138888888888885,0.5807029557109399,-0.8141155183563191,-0.945518575599317,0.3255681544571563,0.6856394254602766,0.6558971056446042,1.3415365311048808,0.9987168183747426
53.099999999999994,3584.0,69.0,69.0,67.55213193031604,1.0117930585242358,226.51550310509472,252.64363889579127,2663.0,1284.0,2179.0100000000093,2073.7887834821427,2056475.0,18.463596127203928,37.16517186829626,1.0,0.9642922962836893,11.0,3573.0,3512.6666666666665,0.0,69.0,68.33333333333333,-1.0,70.0,68.66666666666667,-1.0,2664.0,2640.6666666666665,-9056.0,2065531.0,1989490.3333333333,-0.0008914748628100488,0.9651837711464993,0.967347702564537,139.9974637134954,39.347929398641604,11.99257495426205,32.083005143081024,43.40277709790339,10,0.40416666666666656,0.5664062369248335,-0.8241261886220153,-0.9335804264972023,0.3583679495452987,0.7046784034111969,0.6598906327808443,1.364569036192041,1.0122298344864427
53.3,3481.0,67.0,69.0,66.57437085863525,1.0021475602127299,226.55865675011702,252.57620835939863,2598.0,1288.0,2150.0,2054.7394426888827,1931054.0,14.036524455346651,28.653097563788805,1.0,0.9682504994681661,-103.0,3584.0,3546.0,-2.0,69.0,68.33333333333333,0.0,69.0,69.33333333333333,-65.0,2663.0,2641.6666666666665,-125421.0,2056475.0,2017686.6666666667,0.003958203184476816,0.9642922962836893,0.965908855632785,139.99474967748276,39.315684464742404,11.98591290464888,32.07324987212011,43.34632601631886,10,0.4069444444444444,0.5519369853120587,-0.8338858220671679,-0.9205048534524408,0.39073112848927266,0.5893284597551072,0.7253455155374448,1.314673975292552,1.0200097454149983
53.5,3534.0,67.0,68.0,67.07927065117856,1.0043485481510344,226.3778460713541,252.6317628017357,2629.0,1287.0,2170.0,2069.9434069043577,2014206.0,15.411301936888968,31.5,1.0,0.9640185760542864,53.0,3481.0,3533.0,0.0,67.0,67.66666666666667,-1.0,69.0,68.66666666666667,31.0,2598.0,2630.0,83152.0,1931054.0,2000578.3333333333,-0.004231923413879679,0.9682504994681661,0.9655204572687138,139.9920356414701,39.28343953084321,11.979250855035707,32.06349460115919,43.28987493473434,10,0.4097222222222222,0.5372996083468241,-0.8433914458128855,-0.9063077870366503,0.42261826174069883,0.6100087228442682,0.6935172700112465,1.3035259928555147,0.9985216314333807
53.699999999999996,3561.0,68.0,68.0,67.3350281710932,1.0036682365682124,226.53169514823088,252.4916347784063,2644.0,1299.0,2169.0,2067.1305812973883,2019552.0,14.31294918064836,29.231831964486933,1.0,0.9665242588455262,27.0,3534.0,3525.3333333333335,1.0,67.0,67.33333333333333,0.0,68.0,68.33333333333333,15.0,2629.0,2623.6666666666665,5346.0,2014206.0,1988270.6666666667,0.0025056827912397495,0.9640185760542864,0.9662644447893262,139.98932160545746,39.25119459694401,11.972588805422536,32.05373933019828,43.233423853149816,10,0.4124999999999999,0.5224985647159494,-0.852640164354092,-0.8910065241883683,0.4539904997395458,0.7301682532242492,0.6050474508363809,1.33521570406063,0.9701315774485055
53.9,3620.0,69.0,69.0,67.89055274440832,1.0101979042089995,226.23203698914844,252.60499382237163,2680.0,1301.0,2180.0,2076.8453038674033,2088180.0,14.481630744812474,29.702693480558292,1.0,0.959598310490475,59.0,3561.0,3571.6666666666665,1.0,68.0,68.0,1.0,68.0,68.33333333333333,36.0,2644.0,2651.0,68628.0,2019552.0,2040646.0,-0.006925948355051226,0.9665242588455262,0.9633803817967624,139.9866075694448,39.21894966304481,11.965926755809365,32.04398405923737,43.17697277156529,10,0.41527777777777775,0.5075383629607044,-0.8616291604415256,-0.8746197071393961,0.4848096202463365,0.7479425617561494,0.5789525667859499,1.3268951285420991,0.9529238476640245
54.099999999999994,3679.0,69.0,70.0,68.44156840021029,1.0230244939184077,226.21354839215303,252.60293074269424,2705.0,1300.0,2219.0,2089.6012503397665,2169150.0,16.976397528783483,34.677622387454555,1.0,0.9584344097918539,59.0,3620.0,3620.0,0.0,69.0,68.66666666666667,1.0,69.0,69.0,25.0,2680.0,2676.3333333333335,80970.0,2088180.0,2092294.0,-0.0011639006986210454,0.959598310490475,0.9615189930426183,139.98389353343214,39.18670472914561,11.959264706196194,32.03422878827645,43.12052168998076,10,0.41805555555555546,0.49242356010346755,-0.8703556959398995,-0.8571673007021128,0.5150380749100534,0.7402881110216257,0.566297516236665,1.3065856272582907,0.9364415717474779
54.3,3566.0,68.0,68.0,67.38228414446627,1.0170294341552135,226.41700862395405,252.5725919453772,2647.0,1290.0,2183.0100000000093,2070.9683118339876,2036075.0,15.50439665903227,31.847291878588358,1.0,0.9658097074027234,-113.0,3679.0,3621.6666666666665,-1.0,69.0,68.66666666666667,-2.0,70.0,69.0,-58.0,2705.0,2677.3333333333335,-133075.0,2169150.0,2097801.6666666665,0.0073752976108695245,0.9584344097918539,0.9612808092283508,139.9811794974195,39.15445979524642,11.952602656583021,32.02447351731554,43.064070608396236,10,0.4208333333333333,0.4771587602596086,-0.8788171126619653,-0.8386705679454243,0.5446390350150266,0.7358888783355171,0.6019167942990512,1.3378056726345682,0.9698612334668097
54.5,3646.0,68.0,70.0,68.1339223889569,1.0071404971277662,226.32151931116152,252.68127816294637,2698.0,1299.0,2194.0,2081.101755348327,2118697.0,15.537134342366986,32.035136959282696,1.0,0.9574833022371769,80.0,3566.0,3630.3333333333335,0.0,68.0,68.33333333333333,2.0,68.0,69.33333333333333,51.0,2647.0,2683.3333333333335,82622.0,2036075.0,2107974.0,-0.008326405165546502,0.9658097074027234,0.9605758064772515,139.97846546140684,39.12221486134722,11.94594060696985,32.014718246354626,43.00761952681171,10,0.4236111111111111,0.4617486132350339,-0.8870108331782217,-0.8191520442889918,0.573576436351046,0.7053401177749291,0.6798786745380604,1.3852187923129895,1.032548733425525
54.699999999999996,3521.0,68.0,68.0,66.95577971327425,1.011425692535152,226.51094667631233,252.6618332137735,2623.0,1278.0,2150.0,2061.7975007100254,1978099.0,16.565768530816445,33.94112549695428,1.0,0.9654557228935458,-125.0,3646.0,3577.6666666666665,0.0,68.0,68.0,-2.0,70.0,68.66666666666667,-75.0,2698.0,2656.0,-140598.0,2118697.0,2044290.3333333333,0.007972420656368828,0.9574833022371769,0.9629162441778153,139.9757514253942,39.08996992744802,11.93927855735668,32.00496297539371,42.95116844522719,10,0.4263888888888888,0.4461978131098094,-0.8949343616020248,-0.7986355100472936,0.6018150231520473,0.6635076334273403,0.720817653110749,1.3843252865380893,1.052571469824419
54.9,3431.0,68.0,67.0,66.09451473447962,1.0191101761221375,226.33673408612904,252.6380583236269,2608.0,1284.0,2160.0,2062.7650830661614,1930847.0,14.087599124773947,29.0,1.0,0.972234982885749,-90.0,3521.0,3532.6666666666665,0.0,68.0,68.0,-1.0,68.0,68.33333333333333,-15.0,2623.0,2643.0,-47252.0,1978099.0,2009214.3333333333,0.0067792599922033014,0.9654557228935458,0.9650580026721572,139.97303738938155,39.05772499354882,11.932616507743507,31.995207704432797,42.89471736364266,10,0.42916666666666664,0.4305110968082955,-0.9025852843498604,-0.7771459614569713,0.6293203910498368,0.6201541647410111,0.7247465256564952,1.3449006903975065,1.0348236080270008
55.099999999999994,3492.0,68.0,69.0,66.67947577939698,1.0051155729174428,226.43876958000203,252.69169042644182,2636.0,1276.0,2169.0,2066.1743986254296,1977084.0,18.210361631833162,36.9120576505835,1.0,0.9653560496165059,61.0,3431.0,3481.3333333333335,0.0,68.0,68.0,2.0,67.0,68.0,28.0,2608.0,2622.3333333333335,46237.0,1930847.0,1962010.0,-0.006878933269243159,0.972234982885749,0.9676822517986002,139.9703233533689,39.025480059649624,11.925954458130336,31.98545243347188,42.838266282058136,10,0.43194444444444435,0.4146932426562396,-0.909961270876543,-0.7547095802227728,0.6560590289905064,0.580283122126714,0.7174238810415474,1.2977070031682614,1.0075654421049043
55.3,3473.0,66.0,68.0,66.49782657249197,1.0157900731645164,226.26180249884234,252.65094550650528,2594.0,1281.0,2138.0,2050.926000575871,1913376.0,14.085513193207682,28.74456470360962,1.0,0.9647074072215811,-19.0,3492.0,3465.3333333333335,-2.0,68.0,67.33333333333333,-1.0,69.0,68.0,-42.0,2636.0,2612.6666666666665,-63708.0,1977084.0,1940435.6666666667,-0.0006486423949247921,0.9653560496165059,0.9674328132412787,139.96760931735625,38.993235125750424,11.919292408517164,31.97569716251097,42.78181520047361,10,0.4347222222222222,0.39874906892524653,-0.9170600743851239,-0.7313537016191709,0.681998360062498,0.5398370168842491,0.7102316393840609,1.25006865626831,0.9801501478261855
55.5,3568.0,68.0,68.0,67.40117725689264,1.0117129358394872,226.31287190080653,252.63153950185415,2669.0,1289.0,2190.0,2081.5061659192825,2074814.0,16.861962268476994,34.30014577228499,1.0,0.9640459337559897,95.0,3473.0,3511.0,2.0,66.0,67.33333333333333,0.0,68.0,68.33333333333333,75.0,2594.0,2633.0,161438.0,1913376.0,1988424.6666666667,-0.0006614734655914223,0.9647074072215811,0.9647031301980254,139.96489528134362,38.960990191851224,11.912630358903993,31.965941891550056,42.72536411888908,10,0.4375,0.3826834323650899,-0.9238795325112867,-0.7071067811865477,0.7071067811865474,0.5473579868524053,0.694253067635048,1.2416110544874532,0.9679320610612506
55.699999999999996,3550.0,68.0,69.0,67.23094811029982,1.0101013349525467,226.36233709619245,252.65283724392768,2642.0,1298.0,2160.0,2061.5298591549295,1993447.0,13.345329402074007,27.459060435491963,1.0,0.9632024327709741,-18.0,3568.0,3530.3333333333335,0.0,68.0,67.33333333333333,1.0,68.0,68.33333333333333,-27.0,2669.0,2635.0,-81367.0,2074814.0,1993879.0,-0.0008435009850156217,0.9640459337559897,0.9639852579161815,139.96218124533095,38.92874525795202,11.905968309290822,31.95618662058914,42.668913037304556,10,0.4402777777777777,0.3665012267242976,-0.9304175679820245,-0.6819983600624989,0.73135370161917,0.5673475378868282,0.6998652094441364,1.2672127473309647,0.9835389783875506
55.9,3428.0,67.0,67.0,66.06561253293681,1.0133928901223275,226.3193034449363,252.82252558101382,2586.0,1271.0,2125.0100000000093,2051.220828471412,1889585.0,15.11935731951829,31.0,1.0,0.9660020586530905,-122.0,3550.0,3515.3333333333335,-1.0,68.0,67.66666666666667,-2.0,69.0,68.0,-56.0,2642.0,2632.3333333333335,-103862.0,1993447.0,1985948.6666666667,0.0027996258821164632,0.9632024327709741,0.9644168083933514,139.95946720931832,38.89650032405283,11.89930625967765,31.946431349628227,42.61246195572003,10,0.44305555555555554,0.35020738125946754,-0.9366721892483976,-0.6560590289905074,0.7547095802227719,0.640625309616193,0.6920431855392765,1.3326684951554695,1.012355840347373
56.099999999999994,3560.0,68.0,68.0,67.32557299612964,1.0070170001777712,226.26995447946655,252.44495558672276,2647.0,1296.0,2177.0100000000093,2070.800561797753,2032050.0,14.337442271212302,29.5,1.0,0.9638621096921828,132.0,3428.0,3512.6666666666665,1.0,67.0,67.66666666666667,1.0,67.0,68.0,61.0,2586.0,2625.0,142465.0,1889585.0,1971694.0,-0.002139948960907745,0.9660020586530905,0.9643555337054158,139.95675317330566,38.86425539015363,11.892644210064478,31.93667607866731,42.55601087413551,10,0.44583333333333325,0.33380685923377157,-0.9426414910921782,-0.6293203910498385,0.77714596145697,0.6760280791327127,0.6806285086779508,1.3566565878106636,1.0186425482443071
56.3,3505.0,69.0,68.0,66.80347748655564,1.0088318773745668,226.4194841796123,252.62099149031323,2645.0,1288.0,2177.0,2072.880741797432,2007950.0,15.45507694216265,31.5,1.0,0.9656326103737642,-55.0,3560.0,3497.6666666666665,1.0,68.0,68.0,0.0,68.0,67.66666666666667,-2.0,2647.0,2626.0,-24100.0,2032050.0,1976528.3333333333,0.0017705006815814661,0.9638621096921828,0.9651655929063457,139.954039137293,38.83201045625443,11.885982160451308,31.9269208077064,42.49955979255098,10,0.44861111111111107,0.3173046564050926,-0.9483236552061992,-0.601815023152049,0.7986355100472923,0.6337484694300118,0.6820042601786998,1.3157527296087117,0.9988784948937057
56.5,3546.0,69.0,68.0,67.19306084433784,1.010808580054003,226.38085922040767,252.66041339849804,2686.0,1284.0,2216.0,2091.44106034969,2097258.0,18.51867130040861,37.656340767525464,1.0,0.9629754660609233,41.0,3505.0,3537.0,0.0,69.0,68.66666666666667,0.0,68.0,68.0,41.0,2645.0,2659.3333333333335,89308.0,2007950.0,2045752.6666666667,-0.00265714431284092,0.9656326103737642,0.9641567287089569,139.95132510128036,38.79976552235523,11.879320110838135,31.917165536745483,42.443108710966456,10,0.4513888888888889,0.30070579950427334,-0.9537169507482268,-0.5735764363510465,0.8191520442889916,0.570402753864003,0.6924539663744921,1.262856720238495,0.9776553433064936
56.699999999999996,3720.0,70.0,70.0,68.82187956177022,1.0110249509667897,226.00314101193888,252.30727852601396,2724.0,1316.0,2234.0,2101.1349462365592,2236224.0,15.892004346756083,33.0,1.0,0.9560061961592399,174.0,3546.0,3590.3333333333335,1.0,69.0,69.33333333333333,2.0,68.0,68.66666666666667,38.0,2686.0,2685.0,138966.0,2097258.0,2113810.6666666665,-0.00696926990168345,0.9629754660609233,0.9615380908646425,139.9486110652677,38.76752058845604,11.872658061224964,31.90741026578457,42.38665762938193,10,0.4541666666666666,0.28401534470392303,-0.9588197348681929,-0.5446390350150278,0.8386705679454236,0.5757494150442952,0.6748269447486869,1.2505763597929822,0.9627016522708345
56.9,3524.0,69.0,68.0,66.98429782901896,1.007925358851535,226.2177866622212,252.69395123434944,2653.0,1279.0,2192.0100000000093,2082.1583427922815,2051530.0,18.34210257425383,37.21558813185679,1.0,0.9645854557330382,-196.0,3720.0,3596.6666666666665,-1.0,70.0,69.33333333333333,-2.0,70.0,68.66666666666667,-71.0,2724.0,2687.6666666666665,-184694.0,2236224.0,2128337.3333333335,0.008579259573798348,0.9560061961592399,0.9611890393177337,139.94589702925506,38.73527565455684,11.865996011611793,31.897654994823657,42.3302065477974,10,0.45694444444444443,0.267238376078257,-0.963630453208623,-0.5150380749100545,0.8571673007021121,0.6404674621813257,0.635302944101889,1.2757704062832147,0.9555366751925518
57.099999999999994,3471.0,67.0,67.0,66.47867673002938,1.0049537941082873,226.57737897960732,252.61166459691813,2640.0,1287.0,2183.0100000000093,2077.2008066839526,2003488.0,15.274131838287442,31.32491021535417,1.0,0.9689880847801434,-53.0,3524.0,3571.6666666666665,-2.0,69.0,68.66666666666667,-1.0,68.0,68.33333333333333,-13.0,2653.0,2672.3333333333335,-48042.0,2051530.0,2097080.6666666667,0.0044026290471052,0.9645854557330382,0.9631932455574739,139.9431829932424,38.70303072065764,11.859333961998622,31.88789972386274,42.273755466212876,10,0.45972222222222214,0.2503800040544422,-0.9681476403781075,-0.48480962024633845,0.8746197071393951,0.6437600620964946,0.6795442843114873,1.323304346407982,1.0014243153597346
57.3,3566.0,69.0,68.0,67.38228414446627,1.0188906405926055,225.97595586084094,252.65542209310124,2656.0,1288.0,2179.0100000000093,2077.0257992148063,2057674.0,16.78273200151567,34.5,1.0,0.960230823735927,95.0,3471.0,3520.3333333333335,2.0,67.0,68.33333333333333,1.0,67.0,67.66666666666667,16.0,2640.0,2649.6666666666665,54186.0,2003488.0,2037564.0,-0.008757261044216369,0.9689880847801434,0.9646014547497028,139.94046895722977,38.67078578675844,11.85267191238545,31.87814445290183,42.21730438462835,10,0.46249999999999997,0.23344536385590553,-0.9723699203976766,-0.45399049973954697,0.8910065241883678,0.6785474715495685,0.7185842245402533,1.3971316960898217,1.0578579603150375
57.5,3560.0,69.0,69.0,67.32557299612964,1.001763361672183,226.35743434596125,252.70034031114875,2636.0,1302.0,2170.0,2063.677808988764,2006703.0,13.355739464388849,27.101660465735304,1.0,0.9629461858580965,-6.0,3566.0,3532.3333333333335,0.0,69.0,68.33333333333333,1.0,68.0,68.0,-20.0,2656.0,2644.0,-50971.0,2057674.0,2022621.6666666667,0.0027153621221694957,0.960230823735927,0.9640550314580557,139.9377549212171,38.63854085285924,11.846009862772279,31.868389181940913,42.16085330304382,10,0.4652777777777778,0.21643961393810274,-0.9762960071199334,-0.4226182617406992,0.90630778703665,0.7036820578917291,0.716593782568607,1.420275840460336,1.0684348115144715
57.699999999999996,3543.0,68.0,69.0,67.16463136946916,1.0317655022124397,226.44959339111335,252.8249246711076,2681.0,1303.0,2221.0,2091.0668924640136,2094153.0,15.601667361400334,31.847291878588358,1.0,0.9700356182189172,-17.0,3560.0,3556.3333333333335,-1.0,69.0,68.66666666666667,0.0,69.0,68.66666666666667,45.0,2636.0,2657.6666666666665,87450.0,2006703.0,2052843.3333333333,0.007089432360820602,0.9629461858580965,0.9644042092709803,139.93504088520447,38.60629591896004,11.839347813159108,31.85863391098,42.1044022214593,10,0.4680555555555555,0.1993679344171977,-0.9799247046208295,-0.3907311284892747,0.9205048534524399,0.689413813107108,0.7315573699141255,1.4209711830212335,1.0762642764676795
57.9,3570.0,68.0,70.0,67.42006507490579,1.0117211904757788,226.17587737857374,252.5957169559113,2689.0,1292.0,2235.0100000000093,2099.746218487395,2141103.0,18.772008747674775,37.795502377928514,1.0,0.9636364995051616,27.0,3543.0,3557.6666666666665,0.0,68.0,68.33333333333333,1.0,69.0,69.33333333333333,8.0,2681.0,2668.6666666666665,46950.0,2094153.0,2080653.0,-0.006399118713755536,0.9700356182189172,0.9655394345273919,139.9323268491918,38.57405098506084,11.832685763545935,31.848878640019088,42.047951139874776,10,0.4708333333333333,0.18223552549214772,-0.9832549075639545,-0.35836794954530077,0.9335804264972015,0.65504541388682,0.7214589931842454,1.3765044070710655,1.0489817001276553
58.099999999999994,3465.0,67.0,68.0,66.42119407619332,1.032230936012314,225.9672476893186,252.66300867503793,2679.0,1290.0,2193.0,2083.618759018759,2022239.0,15.456431406675328,31.78049716414141,1.0,0.964284142477719,-105.0,3570.0,3526.0,-1.0,68.0,67.66666666666667,-2.0,70.0,69.0,-10.0,2689.0,2683.0,-118864.0,2141103.0,2085831.6666666667,0.0006476429725573718,0.9636364995051616,0.9659854200672658,139.92961281317918,38.54180605116164,11.826023713932765,31.83912336905817,41.99150005829025,10,0.47361111111111104,0.1650476058606781,-0.9862856015372313,-0.32556815445715753,0.9455185755993165,0.6090987521207816,0.6911066012317321,1.3002053533525137,0.995655977292123
58.3,3416.0,67.0,67.0,65.9498770644443,1.0244760969153957,226.32871416278738,252.66699251709574,2641.0,1278.0,2185.0,2077.663348946136,1973298.0,16.545692855652533,33.97793401606401,1.0,0.9735072959076632,-49.0,3465.0,3483.6666666666665,0.0,67.0,67.33333333333333,-1.0,68.0,68.33333333333333,-38.0,2679.0,2669.6666666666665,-48941.0,2022239.0,2045546.6666666667,0.009223153429944175,0.964284142477719,0.9671426459635146,139.9268987771665,38.50956111726245,11.819361664319592,31.82936809809726,41.93504897670572,10,0.47638888888888886,0.14780941112961082,-0.9890158633619168,-0.29237170472273716,0.9563047559630353,0.5752005844713767,0.6896899909068012,1.2648905753781778,0.9772902831424894
58.5,3576.0,69.0,70.0,67.4766968069195,1.0132169905664512,226.1863672554165,252.60386373833077,2647.0,1285.0,2178.0,2069.6862416107383,2037206.0,16.673644506741418,34.00018381359189,1.0,0.9624986378402577,160.0,3416.0,3485.6666666666665,2.0,67.0,67.66666666666667,3.0,67.0,68.33333333333333,6.0,2641.0,2655.6666666666665,63908.0,1973298.0,2010914.3333333333,-0.011008658067405475,0.9735072959076632,0.96676335874188,139.79225210539553,38.473298521671396,11.806908520386472,31.785959273786855,41.87511715154141,10,0.4791666666666667,0.13052619222005157,-0.9914448613738104,-0.2588190451025207,0.9659258262890683,0.5776789547128935,0.7043426607515335,1.282021615464427,0.9931821381079803
58.699999999999996,3316.0,66.0,67.0,64.97739861168498,1.0036905017354265,226.53786533254842,252.59314872365962,2558.0,1255.0,2103.0,2039.4291314837153,1788753.0,16.046454538397757,32.96209944769902,1.0,0.9725753080497979,-260.0,3576.0,3436.0,-3.0,69.0,67.33333333333333,-3.0,70.0,68.0,-89.0,2647.0,2615.3333333333335,-248453.0,2037206.0,1933085.6666666667,0.010076670209540173,0.9624986378402577,0.9695270805992395,139.62961972300917,38.43618369481237,11.793226962506695,31.73541181694777,41.81444698682988,10,0.4819444444444444,0.11320321376790733,-0.9935718556765875,-0.2249510543438662,0.9743700647852349,0.5597456302307817,0.7413113428238202,1.3010569730546018,1.021184157939211
58.9,3426.0,66.0,67.0,66.04633737205015,1.0118214388737659,226.55967424686108,252.6858428372199,2595.0,1274.0,2135.0,2047.727086981903,1876513.0,13.895634385943634,28.5,1.0,0.9712786428870996,110.0,3316.0,3439.3333333333335,0.0,66.0,67.0,0.0,67.0,68.0,37.0,2558.0,2600.0,87760.0,1788753.0,1900824.0,-0.0012966651626982184,0.9725753080497979,0.9687841962590517,139.4669873406228,38.39906886795335,11.779545404626917,31.684864360108683,41.75377682211834,10,0.4847222222222222,0.09584575252022391,-0.9953961983671789,-0.19080899537654467,0.981627183447664,0.5039732825983728,0.7733999657306276,1.2773732483290003,1.025386607029814
59.099999999999994,3608.0,68.0,70.0,67.77793355808708,1.007896670868537,226.33147691305498,252.5088237169984,2655.0,1301.0,2172.0,2069.2774390243903,2053978.0,14.373724911078101,29.516944286290883,1.0,0.9626646439251053,182.0,3426.0,3450.0,2.0,66.0,66.66666666666667,3.0,67.0,68.0,60.0,2595.0,2602.6666666666665,177465.0,1876513.0,1906414.6666666667,-0.008613998961994329,0.9712786428870996,0.9688395316206676,139.30435495823642,38.36195404109433,11.765863846747141,31.6343169032696,41.6931066574068,10,0.48749999999999993,0.07845909572784551,-0.996917333733128,-0.15643446504023198,0.9876883405951375,0.5211660353205482,0.7650120817517368,1.286178117072285,1.0255950994120109
59.3,3571.0,68.0,69.0,67.4295069998978,1.0066845163422233,226.4614790017694,252.4308718505832,2654.0,1292.0,2183.0,2072.7636516381967,2045371.0,16.675412579299497,34.38386249390839,1.0,0.9653656964922256,-37.0,3608.0,3535.0,0.0,68.0,67.33333333333333,-1.0,70.0,68.66666666666667,-1.0,2655.0,2634.6666666666665,-8607.0,2053978.0,1991954.0,0.0027010525671202767,0.9626646439251053,0.9664363277681435,139.14172257585005,38.32483921423531,11.752182288867363,31.583769446430516,41.63243649269526,10,0.49027777777777776,0.06104853953485719,-0.9981347984218669,-0.12186934340514811,0.992546151641322,0.5596662210589157,0.7590893366270466,1.3187555576859624,1.0389224471565046
59.5,3645.0,69.0,69.0,68.12457809454432,1.0089775032498671,226.16858262020307,252.59331443638698,2677.0,1293.0,2190.0,2079.8543209876543,2113572.0,17.0245558674754,35.0,1.0,0.9579034922869909,74.0,3571.0,3608.0,1.0,68.0,68.33333333333333,0.0,69.0,69.33333333333333,23.0,2654.0,2662.0,68201.0,2045371.0,2070973.6666666667,-0.00746220420523469,0.9653656964922256,0.961977944234774,138.9790901934637,38.28772438737629,11.738500730987587,31.53322198959143,41.571766327983724,10,0.4930555555555556,0.04361938736533607,-0.9990482215818578,-0.08715574274765832,0.9961946980917455,0.5728525811369239,0.760115984574133,1.332968565711057,1.046542275142595
59.699999999999996,3563.0,68.0,69.0,67.35393453905559,1.0333570570827424,226.37977160188376,252.46230820417705,2674.0,1293.0,2193.0,2079.098231827112,2063339.0,16.696863444273234,34.329833881535706,1.0,0.9660230335393263,-82.0,3645.0,3593.0,-1.0,69.0,68.33333333333333,0.0,69.0,69.0,-3.0,2677.0,2668.3333333333335,-50233.0,2113572.0,2074094.0,0.008119541252335383,0.9579034922869909,0.9630974074395141,138.8164578110773,38.25060956051727,11.724819173107809,31.482674532752345,41.51109616327219,10,0.4958333333333333,0.026176948307873423,-0.9996573249755573,-0.05233595624294437,0.9986295347545738,0.5704375126953583,0.7679006683588383,1.3383381810541966,1.0531194247065174
59.9,3642.0,69.0,70.0,68.09653751789045,1.0105774952676345,226.12948762585867,252.74473793168346,2688.0,1301.0,2211.0,2083.5804503020317,2125400.0,15.772162532607279,32.12864765283469,1.0,0.9592086195539663,79.0,3563.0,3616.6666666666665,1.0,68.0,68.66666666666667,1.0,69.0,69.33333333333333,14.0,2674.0,2679.6666666666665,62061.0,2063339.0,2100770.3333333335,-0.0068144139853599794,0.9660230335393263,0.9610450484600945,138.65382542869094,38.213494733658244,11.711137615228033,31.43212707591326,41.450425998560654,10,0.4986111111111111,0.008726535498373959,-0.9999619230641713,-0.01745240643728356,0.9998476951563913,0.5594928081704255,0.7775089572183013,1.3370017653887267,1.057255361303514
60.099999999999994,3303.0,66.0,66.0,64.8499052910661,1.0225932530219108,226.25523553252276,252.5705783668859,2567.0,1271.0,2129.0,2046.8119891008175,1806146.0,13.997734199608132,28.622543562723422,1.0,0.9772709404444602,-339.0,3642.0,3502.6666666666665,-3.0,69.0,67.66666666666667,-4.0,70.0,68.33333333333333,-121.0,2688.0,2643.0,-319254.0,2125400.0,1998295.0,0.018062320890493866,0.9592086195539663,0.9675008645125843,138.49119304630457,38.17637990679923,11.697456057348255,31.381579619074177,41.389755833849115,10,0.5013888888888888,-0.008726535498373269,-0.9999619230641713,0.017452406437282183,0.9998476951563913,0.5702066607552108,0.7681969940782696,1.3384036548334803,1.053300324455875
60.3,3383.0,67.0,67.0,65.630552182951,1.0169194124146765,226.4124301658423,252.8999699978851,2572.0,1258.0,2102.0100000000093,2040.9018622524386,1829871.0,16.262968928670073,33.06433123473088,1.0,0.9700722072758134,80.0,3303.0,3442.6666666666665,1.0,66.0,67.33333333333333,1.0,66.0,67.66666666666667,5.0,2567.0,2609.0,23725.0,1806146.0,1920472.3333333333,-0.00719873316864672,0.9772709404444602,0.9688505890914133,138.32856066391818,38.1392650799402,11.683774499468479,31.33103216223509,41.32908566913758,10,0.5041666666666667,-0.026176948307872733,-0.9996573249755573,0.052335956242942995,0.9986295347545739,0.5855630723868449,0.7435120345447331,1.329075106931578,1.0362935707381555
60.5,3634.0,68.0,70.0,68.02170613537697,1.0105570007485254,226.43233517403849,252.55369109700422,2693.0,1295.0,2223.0,2085.6772151898736,2128369.0,16.846203131590567,34.539832078341085,1.0,0.9667332121450745,251.0,3383.0,3440.0,1.0,67.0,67.0,3.0,67.0,67.66666666666667,121.0,2572.0,2610.6666666666665,298498.0,1829871.0,1921462.0,-0.0033389951307389865,0.9700722072758134,0.9713587866217828,138.16592828153182,38.102150253081184,11.6700929415887,31.280484705396006,41.26841550442604,10,0.5069444444444444,-0.04361938736533583,-0.9990482215818578,0.08715574274765783,0.9961946980917455,0.5451141806827777,0.7381067571280278,1.2832209378108055,1.0106638474694165
60.699999999999996,3452.0,67.0,67.0,66.29647734552555,1.029322462954502,226.2783967257221,252.57339077862787,2607.0,1288.0,2160.0,2057.737543453071,1925367.0,14.070133156853801,28.692333470807146,1.0,0.9710091634477999,-182.0,3634.0,3489.6666666666665,-1.0,68.0,67.33333333333333,-3.0,70.0,68.0,-86.0,2693.0,2624.0,-203002.0,2128369.0,1961202.3333333333,0.0042759513027254,0.9667332121450745,0.9692715276228959,138.00329589914546,38.06503542622216,11.656411383708924,31.229937248556922,41.207745339714506,10,0.5097222222222222,-0.0610485395348565,-0.998134798421867,0.12186934340514674,0.9925461516413221,0.5133736642056429,0.7412915573586468,1.2546652215642897,0.9979783894614682
60.9,3318.0,65.0,66.0,64.99699077212168,1.012745571587946,227.0145981556601,252.40861954049004,2593.0,1288.0,2192.0200000000186,2077.888487040386,1917441.0,13.245122159219862,26.68332812825267,1.0,0.9815451948717067,-134.0,3452.0,3468.0,-2.0,67.0,66.66666666666667,-1.0,67.0,67.66666666666667,-14.0,2607.0,2631.0,-7926.0,1925367.0,1990392.3333333333,0.0105360314239068,0.9710091634477999,0.973095856821527,137.84066351675907,38.027920599363135,11.642729825829147,31.179389791717835,41.14707517500297,10,0.5125,-0.07845909572784437,-0.9969173337331281,0.15643446504022973,0.9876883405951379,0.5044687768518993,0.7364845837029231,1.2409533605548224,0.9887189721288727
61.099999999999994,3277.0,66.0,66.0,64.59416373092176,1.0025460223105824,226.49926983662888,252.45175184191373,2636.0,1270.0,2182.0100000000093,2082.385413487946,1908495.0,16.53243717512822,33.61640200243006,1.0,0.9743693329036754,-41.0,3318.0,3349.0,1.0,65.0,66.0,0.0,66.0,66.33333333333333,43.0,2593.0,2612.0,-8946.0,1917441.0,1917101.0,-0.007175861968031216,0.9815451948717067,0.9756412304077272,137.6780311343727,37.99080577250412,11.62904826794937,31.12884233487875,41.08640501029143,10,0.5152777777777777,-0.09584575252022366,-0.9953961983671789,0.19080899537654417,0.9816271834476641,0.49168147918648974,0.732602366694014,1.2242838458805037,0.9784431062872588
61.3,3565.0,68.0,69.0,67.37283560145627,1.0124968418328766,226.2254031859131,252.55416095318344,2675.0,1301.0,2224.0100000000093,2086.8928471248246,2092276.0,15.563801414787926,31.81980515339464,1.0,0.96455821316117,288.0,3277.0,3386.6666666666665,2.0,66.0,66.33333333333333,3.0,66.0,67.0,39.0,2636.0,2634.6666666666665,183781.0,1908495.0,1972737.3333333333,-0.00981111974250548,0.9743693329036754,0.9734909136455174,137.51539875198634,37.95369094564509,11.615366710069592,31.078294878039667,41.02573484557989,10,0.5180555555555555,-0.11320321376790621,-0.9935718556765876,0.22495105434386398,0.9743700647852355,0.541146753077127,0.7139308076176357,1.2550775606947628,0.9845041841561992
61.5,3509.0,67.0,68.0,66.84158557721149,1.0232906336327943,226.34043728694613,252.62444224510594,2620.0,1286.0,2157.0100000000093,2061.208036477629,1969279.0,15.307933740209572,31.32491021535417,1.0,0.9673047851523324,-56.0,3565.0,3450.3333333333335,-1.0,68.0,67.0,-1.0,69.0,67.66666666666667,-55.0,2675.0,2643.6666666666665,-122997.0,2092276.0,1990016.6666666667,0.002746571991162461,0.96455821316117,0.9687441104057259,137.35276636959995,37.916576118786075,11.601685152189816,31.027747421200583,40.96506468086835,10,0.5208333333333334,-0.13052619222005177,-0.9914448613738104,0.2588190451025211,0.9659258262890682,0.6344393844247226,0.688698539900125,1.3231379243248476,1.0059182321124862
61.699999999999996,3553.0,69.0,68.0,67.25934955412544,1.0179752791834646,226.1027679197325,252.47370486225716,2642.0,1283.0,2156.0,2064.507177033493,2005709.0,16.68283486647334,34.133194650957975,1.0,0.9623654278860991,44.0,3509.0,3542.3333333333335,2.0,67.0,68.0,0.0,68.0,68.33333333333333,22.0,2620.0,2645.6666666666665,36430.0,1969279.0,2022421.3333333333,-0.004939357266233291,0.9673047851523324,0.9647428087332005,137.19013398721358,37.87946129192705,11.58800359431004,30.9771999643615,40.90439451615682,10,0.523611111111111,-0.14780941112961016,-0.9890158633619169,0.2923717047227358,0.9563047559630358,0.6486281613507591,0.6793868647364432,1.3280150260872021,1.0037009454118226
61.9,3365.0,66.0,67.0,65.45571837535527,1.0205873251979725,226.3490178797118,252.57465221466393,2542.0,1265.0,2099.0,2031.4032689450223,1788174.0,13.938641343819793,28.398943642325854,1.0,0.9706672840562496,-188.0,3553.0,3475.6666666666665,-3.0,69.0,67.33333333333333,-1.0,68.0,67.66666666666667,-100.0,2642.0,2601.3333333333335,-217535.0,2005709.0,1921054.0,0.008301856170150446,0.9623654278860991,0.9667791656982271,137.0275016048272,37.84234646506803,11.574322036430262,30.926652507522412,40.84372435144528,10,0.5263888888888889,-0.16504760586067743,-0.9862856015372314,0.32556815445715626,0.945518575599317,0.6352575489492769,0.7089378336530757,1.3441953826023525,1.026566608127714
62.1,3481.0,68.0,68.0,66.57437085863525,1.0116068472726307,226.50506671307932,252.48421410476024,2627.0,1291.0,2171.0100000000093,2064.487790864694,1964989.0,14.261025780566298,29.068883707497267,1.0,0.9707265536855423,116.0,3365.0,3466.3333333333335,2.0,66.0,67.66666666666667,1.0,67.0,67.66666666666667,85.0,2542.0,2603.6666666666665,176815.0,1788174.0,1919624.0,5.9269629292701964e-05,0.9706672840562496,0.9679197552092971,136.86486922244083,37.80523163820901,11.560640478550484,30.87610505068333,40.78305418673374,10,0.5291666666666667,-0.18223552549214747,-0.9832549075639546,0.3583679495453003,0.9335804264972017,0.6015969296562874,0.7714100113645009,1.3730069410207884,1.0722084761926447
62.3,3520.0,68.0,69.0,66.94627097507204,1.0162398969592452,226.12748998730567,252.56648241381882,2639.0,1286.0,2158.0,2060.155397727273,1971750.0,15.416932565597655,31.563626205731012,1.0,0.9648718143780906,39.0,3481.0,3455.3333333333335,0.0,68.0,67.33333333333333,1.0,68.0,68.0,12.0,2627.0,2602.6666666666665,6761.0,1964989.0,1908304.3333333333,-0.0058547393074517284,0.9707265536855423,0.9687552173732942,136.70223684005447,37.76811681134999,11.546958920670708,30.825557593844245,40.722384022022204,10,0.5319444444444444,-0.199367934417197,-0.9799247046208297,0.39073112848927344,0.9205048534524405,0.6174588619069326,0.7506218675027575,1.3680807294096902,1.0593512984562239
62.5,3629.0,68.0,69.0,67.97489468799422,1.0214228431675727,226.01871367777144,252.59553176567135,2664.0,1306.0,2186.0,2068.1328189583905,2061769.0,14.479303713915552,29.516944286290883,1.0,0.963929033756934,109.0,3520.0,3543.3333333333335,0.0,68.0,68.0,0.0,69.0,68.66666666666667,25.0,2639.0,2643.3333333333335,90019.0,1971750.0,1999502.6666666667,-0.0009427806211566025,0.9648718143780906,0.966509133940189,136.53960445766808,37.731001984490966,11.533277362790932,30.775010137005157,40.661713857310666,10,0.5347222222222222,-0.21643961393810252,-0.9762960071199335,0.4226182617406988,0.9063077870366503,0.6494956347884028,0.7084105446165425,1.3579061794049452,1.0331583620107438
62.699999999999996,3535.0,68.0,68.0,67.08876053884734,1.0272427224714242,226.3167382386633,252.67973962839946,2644.0,1292.0,2155.0,2065.267609618105,1998256.0,15.41682621155298,31.5,1.0,0.964572106877197,-94.0,3629.0,3561.3333333333335,0.0,68.0,68.0,-1.0,69.0,68.66666666666667,-20.0,2664.0,2649.0,-63513.0,2061769.0,2010591.6666666667,0.0006430731202630158,0.963929033756934,0.9644576516707405,136.3769720752817,37.69388715763195,11.519595804911154,30.724462680166074,40.601043692599134,10,0.5375,-0.23344536385590528,-0.9723699203976767,0.4539904997395466,0.891006524188368,0.6699247834183326,0.7066080873917631,1.3765328708100957,1.0415704791009293
62.9,3537.0,67.0,68.0,67.1077362882125,1.0019480203013662,226.3500475257344,252.70203222789544,2621.0,1294.0,2146.0,2055.32909245123,1964205.0,14.228225423552946,29.154759474226502,1.0,0.9616231503330864,2.0,3535.0,3567.0,-1.0,68.0,67.66666666666667,0.0,68.0,68.33333333333333,-23.0,2644.0,2643.0,-34051.0,1998256.0,2008076.6666666667,-0.002948956544110537,0.964572106877197,0.9633747636557392,136.21433969289535,37.656772330772924,11.505914247031377,30.67391522332699,40.540373527887596,10,0.5402777777777777,-0.2503800040544411,-0.9681476403781079,0.48480962024633645,0.8746197071393961,0.6577776612483085,0.7223618370343737,1.3801394982826822,1.051250667658528
63.1,3369.0,66.0,66.0,65.49461066540333,1.0555501457568615,226.265765972926,252.54699219894977,2557.0,1267.0,2096.0,2035.6951617690709,1804757.0,14.765962748786464,30.5,1.0,0.9712016631601927,-168.0,3537.0,3480.3333333333335,-1.0,67.0,67.0,-2.0,68.0,67.33333333333333,-64.0,2621.0,2607.3333333333335,-159448.0,1964205.0,1922406.0,0.009578512827106311,0.9616231503330864,0.9657989734568254,136.05170731050896,37.619657503913906,11.4922326891516,30.623367766487902,40.47970336317606,10,0.5430555555555556,-0.26723837607825723,-0.963630453208623,0.5150380749100548,0.8571673007021119,0.6011376106833696,0.7427727408315008,1.3439103515148703,1.0433415461731856
63.3,3526.0,67.0,68.0,67.00330316287537,1.0091297130862722,226.3173065378752,252.61079206951834,2613.0,1288.0,2163.0100000000093,2062.2024957458875,1982343.0,15.379519783529217,31.38470965295043,1.0,0.9624948861019511,157.0,3369.0,3477.3333333333335,1.0,66.0,66.66666666666667,2.0,66.0,67.33333333333333,56.0,2557.0,2597.0,177586.0,1804757.0,1917101.6666666667,-0.008706777058241633,0.9712016631601927,0.9651065665317434,135.8890749281226,37.58254267705488,11.478551131271823,30.57282030964882,40.41903319846452,10,0.5458333333333333,-0.28401534470392237,-0.9588197348681932,0.5446390350150266,0.8386705679454244,0.5749527454210037,0.7670283593177516,1.3419811047387553,1.0545047320282535
63.5,3598.0,69.0,69.0,67.68394109356454,1.0128272440519859,225.94802308376538,252.66632339280798,2674.0,1310.0,2194.0100000000093,2078.3610339077263,2080946.0,13.607410163610332,27.735356496717326,1.0,0.9599518680446297,72.0,3526.0,3497.6666666666665,2.0,67.0,67.33333333333333,1.0,68.0,67.66666666666667,61.0,2613.0,2614.6666666666665,98603.0,1982343.0,1956015.3333333333,-0.002543018057321378,0.9624948861019511,0.9645494724355913,135.72644254573623,37.545427850195864,11.464869573392045,30.522272852809735,40.35836303375298,10,0.5486111111111112,-0.30070579950427306,-0.9537169507482269,0.573576436351046,0.8191520442889918,0.6615266404425183,0.7384758047934254,1.4000024452359436,1.0692391250146844
63.699999999999996,3659.0,69.0,70.0,68.25528180431138,1.002401845797023,226.2373897678764,252.57138455724854,2684.0,1300.0,2195.0100000000093,2075.6939054386444,2106481.0,15.673309368626779,32.062828900657024,1.0,0.9599141886397267,61.0,3598.0,3594.3333333333335,0.0,69.0,68.33333333333333,1.0,69.0,69.0,10.0,2674.0,2657.0,25535.0,2080946.0,2056590.0,-3.76794049030682e-05,0.9599518680446297,0.9607869809287691,135.56381016334984,37.50831302333684,11.451188015512269,30.47172539597065,40.29769286904145,10,0.5513888888888888,-0.3173046564050915,-0.9483236552061995,0.6018150231520472,0.7986355100472937,0.6960336391868532,0.695097614046177,1.3911312532330302,1.0431144336396037
63.9,3560.0,69.0,69.0,67.32557299612964,1.0085547679232783,226.2634252079515,252.49438933757628,2632.0,1291.0,2157.0,2057.876404494382,1986040.0,15.167452856110339,31.304951684997057,1.0,0.963197115868764,-99.0,3659.0,3605.6666666666665,0.0,69.0,69.0,-1.0,70.0,69.33333333333333,-52.0,2684.0,2663.3333333333335,-120441.0,2106481.0,2057822.3333333333,0.0032829272290373357,0.9599141886397267,0.9610210575177067,135.40117778096348,37.47119819647782,11.437506457632491,30.421177939131564,40.23702270432991,10,0.5541666666666667,-0.33380685923377096,-0.9426414910921784,0.6293203910498375,0.7771459614569709,0.6409924451890727,0.6882283289484643,1.329220774137537,1.0087245515430006
64.1,3546.0,68.0,67.0,67.19306084433784,1.0095218698295008,225.9747376244067,252.8328029353875,2635.0,1290.0,2174.0100000000093,2067.6689227298366,2012954.0,15.35291048499915,31.5,1.0,0.9640538233859294,-14.0,3560.0,3588.3333333333335,-1.0,69.0,68.66666666666667,-2.0,69.0,68.66666666666667,3.0,2632.0,2650.3333333333335,26914.0,1986040.0,2035158.3333333333,0.0008567075171653782,0.963197115868764,0.9623883759648066,135.23854539857712,37.4340833696188,11.423824899752715,30.370630482292484,40.17635253961837,10,0.5569444444444444,-0.3502073812594669,-0.9366721892483978,0.6560590289905064,0.7547095802227728,0.5585707984094999,0.7142559924074696,1.2728267908169695,0.9935413916122195
64.3,3489.0,67.0,68.0,66.65082723853457,1.0192077298080837,226.19272502551712,252.65652415071688,2640.0,1283.0,2160.0,2065.8254514187447,1974169.0,15.299220721073658,31.38470965295043,1.0,0.9654092430789867,-57.0,3546.0,3531.6666666666665,-1.0,68.0,68.0,1.0,67.0,68.0,5.0,2635.0,2635.6666666666665,-38785.0,2012954.0,1991054.3333333333,0.0013554196930573026,0.9640538233859294,0.9642200607778934,135.07591301619073,37.39696854275978,11.410143341872937,30.320083025453396,40.11568237490683,10,0.5597222222222222,-0.36650122672429736,-0.9304175679820245,0.6819983600624986,0.7313537016191703,0.5844485481855132,0.7295904217330058,1.3140389699185189,1.0218146958257623
64.5,3519.0,68.0,68.0,66.93676088610083,1.0242994288327896,226.20419741481547,252.49827186358925,2649.0,1283.0,2180.0100000000093,2070.7649900539927,2008523.0,16.719434136502766,34.2527371169079,1.0,0.9660387259692819,30.0,3489.0,3518.0,1.0,67.0,67.66666666666667,0.0,68.0,67.66666666666667,9.0,2640.0,2641.3333333333335,34354.0,1974169.0,1998548.6666666667,0.0006294828902951854,0.9654092430789867,0.9651672641447325,134.91328063380436,37.359853715900755,11.39646178399316,30.269535568614312,40.055012210195294,10,0.5625,-0.38268343236508967,-0.9238795325112868,0.7071067811865474,0.7071067811865477,0.7118325205136834,0.6978000965861423,1.4096326170998257,1.053716356842984
64.69999999999999,3497.0,68.0,68.0,66.72719601436032,1.0164663764622452,226.35453088927295,252.71342324044053,2634.0,1286.0,2162.0,2066.6785816414067,1981676.0,16.513567155195872,33.47162914524082,1.0,0.9681925804218248,-22.0,3519.0,3501.6666666666665,0.0,68.0,67.66666666666667,0.0,68.0,68.0,-15.0,2649.0,2641.0,-26847.0,2008523.0,1988122.6666666667,0.0021538544525429026,0.9660387259692819,0.9665468498233644,134.750648251418,37.32273888904174,11.382780226113384,30.21898811177523,39.99434204548376,10,0.5652777777777777,-0.3987490689252455,-0.9170600743851244,0.7313537016191695,0.6819983600624997,0.7618096066230863,0.6762907017102262,1.4381003083333126,1.0571955050217694
64.9,3556.0,68.0,68.0,67.2877390100027,1.0129822111447742,226.50156410770597,252.52644991243724,2623.0,1299.0,2151.0100000000093,2056.7275028121485,1979749.0,13.320836744459951,27.390691849604675,1.0,0.9651470969299644,59.0,3497.0,3524.0,0.0,68.0,68.0,0.0,68.0,68.0,-11.0,2634.0,2635.3333333333335,-1927.0,1981676.0,1989982.6666666667,-0.0030454834918604012,0.9681925804218248,0.9664594677736904,134.78490829921301,37.35962860532089,11.378796560203282,30.202796084150304,39.996331517685526,10,0.5680555555555556,-0.41469324265623936,-0.9099612708765431,0.7547095802227725,0.6560590289905067,0.6143528267648534,0.7348857601415275,1.3492385869063808,1.0420621735239541
65.1,3696.0,70.0,70.0,68.59951426461532,1.0091441521732554,226.39499490264234,252.64332509479956,2684.0,1310.0,2198.0100000000093,2075.3766233766232,2126593.0,14.407226173329724,29.702693480558292,1.0,0.9604569374581784,140.0,3556.0,3583.0,2.0,68.0,68.66666666666667,2.0,68.0,68.66666666666667,61.0,2623.0,2647.0,146844.0,1979749.0,2029339.3333333333,-0.004690159471785971,0.9651470969299644,0.9645988716033225,134.87633066544782,37.41800351154338,11.377628411316637,30.196578213394016,40.01651249737826,10,0.5708333333333333,-0.43051109680829486,-0.9025852843498607,0.7771459614569706,0.629320391049838,0.5353186231741554,0.7799555628529468,1.3152741860271022,1.0476148744400244
65.3,3592.0,68.0,70.0,67.62748290960343,1.0097963981101623,226.0832270459322,252.68132881311064,2643.0,1308.0,2156.0100000000093,2055.287305122494,1994609.0,11.837493267976987,24.60182920028509,1.0,0.9571364613315191,-104.0,3696.0,3614.6666666666665,-2.0,70.0,68.66666666666667,0.0,70.0,69.33333333333333,-41.0,2684.0,2650.0,-131984.0,2126593.0,2033650.3333333333,-0.003320476126659311,0.9604569374581784,0.9609134985732206,134.9677530316826,37.476378417765886,11.376460262429992,30.190360342637725,40.03669347707099,10,0.5736111111111111,-0.4461978131098084,-0.8949343616020253,0.7986355100472923,0.601815023152049,0.5219057166451111,0.7876014352080429,1.309507151853154,1.0485542935305985
65.5,3543.0,69.0,70.0,67.16463136946916,1.0168269338154894,226.09572354711182,252.69077036862151,2676.0,1282.0,2224.0,2085.784645780412,2075435.0,18.48088060038101,37.31621631409058,1.0,0.9649625259282993,-49.0,3592.0,3610.3333333333335,1.0,68.0,69.0,0.0,70.0,70.0,33.0,2643.0,2667.6666666666665,80826.0,1994609.0,2065545.6666666667,0.007826064596780258,0.9571364613315191,0.9608519749059989,135.05917539791741,37.53475332398838,11.375292113543347,30.184142471881433,40.05687445676372,10,0.5763888888888888,-0.46174861323503374,-0.8870108331782218,0.8191520442889916,0.5735764363510465,0.5534531002714291,0.7714481685238548,1.324901268795284,1.0481747186595693
65.69999999999999,3412.0,67.0,67.0,65.9112534142416,1.0062070371368361,226.31311758827414,252.50999499796825,2585.0,1276.0,2136.0,2049.60082063306,1875243.0,15.038156964488918,30.858548248418945,1.0,0.9693042448365359,-131.0,3543.0,3515.6666666666665,-2.0,69.0,68.0,-3.0,70.0,69.0,-91.0,2676.0,2634.6666666666665,-200192.0,2075435.0,1981762.3333333333,0.004341718908236536,0.9649625259282993,0.9638010773654514,135.1505977641522,37.59312823021088,11.3741239646567,30.17792460112514,40.077055436456455,10,0.5791666666666665,-0.47715876025960724,-0.878817112661966,0.8386705679454226,0.5446390350150293,0.5948013475350923,0.7605758080739828,1.355377155609075,1.057976481841529
65.9,3652.0,71.0,70.0,68.18996126537112,1.0216559601134307,226.15071007595813,252.91762733740774,2681.0,1305.0,2201.0,2082.986856516977,2129097.0,15.609993010504299,32.0,1.0,0.9582066951388312,240.0,3412.0,3535.6666666666665,4.0,67.0,69.0,3.0,67.0,69.0,96.0,2585.0,2647.3333333333335,253854.0,1875243.0,2026591.6666666667,-0.011097549697704712,0.9693042448365359,0.9641578219678889,135.242020130387,37.651503136433384,11.372955815770055,30.171706730368854,40.09723641614919,10,0.5819444444444445,-0.49242356010346733,-0.8703556959398996,0.8571673007021126,0.5150380749100538,0.5751806800733937,0.7686938433424397,1.3438745234158336,1.0562841833791365
66.1,3501.0,67.0,68.0,66.76534764470117,1.006822829441701,226.5279586019926,252.54484096918344,2599.0,1289.0,2143.0,2054.1816623821765,1940190.0,14.244246161237667,29.068883707497267,1.0,0.9656105845303811,-151.0,3652.0,3521.6666666666665,-4.0,71.0,68.33333333333333,-2.0,70.0,68.33333333333333,-82.0,2681.0,2621.6666666666665,-188907.0,2129097.0,1981510.0,0.0074038893915499004,0.9582066951388312,0.964373841501916,135.33344249662179,37.70987804265588,11.37178766688341,30.165488859612562,40.11741739584192,10,0.5847222222222221,-0.5075383629607034,-0.8616291604415262,0.874619707139395,0.4848096202463385,0.5823123097785845,0.7630429031277809,1.3453552129063653,1.054199058017073
66.3,3665.0,70.0,69.0,68.31122112401718,1.0332078894770391,226.12720063463647,252.67693694798314,2707.0,1307.0,2221.0200000000186,2091.932060027285,2169436.0,17.05870148976161,35.0,1.0,0.96112998954567,164.0,3501.0,3606.0,3.0,67.0,69.33333333333333,1.0,68.0,69.0,108.0,2599.0,2662.3333333333335,229246.0,1940190.0,2079574.3333333333,-0.004480594984711095,0.9656105845303811,0.9616490897382941,135.4248648628566,37.768252948878384,11.370619517996765,30.15927098885627,40.13759837553465,10,0.5874999999999999,-0.5224985647159484,-0.8526401643540925,0.8910065241883673,0.45399049973954786,0.6458638176397176,0.7547084537974119,1.4005722714371296,1.0776403626172708
66.5,3665.0,71.0,70.0,68.31122112401718,1.0157024262030336,226.16321711007285,252.61346426464095,2705.0,1298.0,2206.0100000000093,2088.195361527967,2155741.0,16.923790605300002,34.763486591537394,1.0,0.958289980104289,0.0,3665.0,3610.3333333333335,1.0,70.0,69.33333333333333,1.0,69.0,69.0,-2.0,2707.0,2670.3333333333335,-13695.0,2169436.0,2088455.6666666667,-0.002840009441380964,0.96112998954567,0.9616768513934467,135.5162872290914,37.82662785510088,11.36945136911012,30.15305311809998,40.15777935522738,10,0.5902777777777778,-0.5372996083468239,-0.8433914458128856,0.90630778703665,0.4226182617406993,0.6282963986280571,0.7682346586767005,1.3965310573047576,1.082382857990729
66.69999999999999,3489.0,67.0,67.0,66.65082723853457,1.013229959292173,226.29674818412798,252.70213208308817,2592.0,1277.0,2119.0,2043.1627973631414,1895099.0,15.175181430214318,31.016124838541646,1.0,0.9660946472981095,-176.0,3665.0,3606.3333333333335,-4.0,71.0,69.33333333333333,-3.0,70.0,68.66666666666667,-113.0,2705.0,2668.0,-260642.0,2155741.0,2073425.3333333333,0.007804667193820447,0.958289980104289,0.9618382056493561,135.60770959532618,37.88500276132338,11.368283220223473,30.14683524734369,40.177960334920115,10,0.5930555555555554,-0.5519369853120574,-0.8338858220671688,0.9205048534524396,0.39073112848927555,0.6019385008693217,0.7601017857575525,1.3620402866268742,1.0610710361922133
66.9,3625.0,70.0,69.0,67.93742230659745,1.0258041564978637,226.07210485734828,252.5505464052691,2649.0,1305.0,2180.0,2072.0902068965515,2073827.0,14.333602901876674,29.410882339705484,1.0,0.9599580871499889,136.0,3489.0,3593.0,3.0,67.0,69.33333333333333,2.0,67.0,68.66666666666667,57.0,2592.0,2648.6666666666665,178728.0,1895099.0,2041555.6666666667,-0.0061365601481205845,0.9660946472981095,0.9614475715174624,135.699131961561,37.94337766754588,11.367115071336828,30.1406173765874,40.19814131461285,10,0.5958333333333334,-0.5664062369248333,-0.8241261886220154,0.9335804264972022,0.35836794954529916,0.6062697859176192,0.7446597553017656,1.350929541219385,1.0477946482605753
67.1,3487.0,67.0,68.0,66.63172136821555,1.0114830898848546,226.24334756718352,252.55188118065968,2609.0,1269.0,2125.0,2048.151993117293,1911406.0,16.436020857641115,33.55964838909967,1.0,0.9637523372847003,-138.0,3625.0,3533.6666666666665,-3.0,70.0,68.0,-1.0,69.0,68.0,-40.0,2649.0,2616.6666666666665,-162421.0,2073827.0,1960110.6666666667,0.0037942501347114632,0.9599580871499889,0.9632683572442663,135.79055432779577,38.00175257376838,11.365946922450183,30.13439950583111,40.21832229430558,10,0.598611111111111,-0.580702955710939,-0.8141155183563198,0.9455185755993162,0.3255681544571584,0.5754188876093342,0.7869787304271653,1.3623976180364996,1.0746881742318324
67.3,3712.0,69.0,70.0,68.74783771186497,1.0095238673831015,226.19032803635264,252.63734780645404,2715.0,1301.0,2202.0,2085.8561422413795,2174720.0,17.166889609019755,35.35533905932738,1.0,0.9553993157739847,225.0,3487.0,3608.0,2.0,67.0,68.66666666666667,2.0,68.0,69.0,106.0,2609.0,2657.6666666666665,263314.0,1911406.0,2053317.6666666667,-0.008353021510715597,0.9637523372847003,0.9597032467362246,135.88197669403058,38.060127479990875,11.364778773563538,30.128181635074817,40.23850327399831,10,0.6013888888888889,-0.5948227867513411,-0.8038568606172175,0.9563047559630353,0.2923717047227372,0.567665425995093,0.7937297321888628,1.3613951581839558,1.0775624451864094
67.5,3563.0,69.0,68.0,67.35393453905559,1.0368488084431426,226.42397141383844,252.72759431278703,2677.0,1289.0,2188.0100000000093,2079.661801852372,2065335.0,16.59451608422615,34.2527371169079,1.0,0.9649809837145064,-149.0,3712.0,3587.3333333333335,0.0,69.0,68.33333333333333,-2.0,70.0,68.66666666666667,-38.0,2715.0,2667.0,-109385.0,2174720.0,2050487.0,0.009581667940521621,0.9553993157739847,0.9613775455910639,135.9733990602654,38.11850238621338,11.363610624676891,30.121963764318526,40.258684253691044,10,0.6041666666666666,-0.6087614290087203,-0.7933533402912354,0.9659258262890681,0.2588190451025216,0.6101133258273056,0.7274098221717322,1.3375231479990377,1.032466485085385
67.69999999999999,3515.0,67.0,68.0,66.89870701100357,1.0098061314847977,226.2569908843778,252.59372438648245,2619.0,1285.0,2140.0,2048.071977240398,1926474.0,14.211692712462815,29.068883707497267,1.0,0.9646130703035701,-48.0,3563.0,3596.6666666666665,-2.0,69.0,68.33333333333333,0.0,68.0,68.66666666666667,-58.0,2677.0,2670.3333333333335,-138861.0,2065335.0,2055509.6666666667,-0.000367913410936227,0.9649809837145064,0.9616644565973537,136.06482142650017,38.17687729243587,11.362442475790246,30.115745893562238,40.278865233383776,10,0.6069444444444443,-0.6225146366376187,-0.7826081568524146,0.9743700647852347,0.2249510543438671,0.6422349047662673,0.6737948760312469,1.316029780797514,0.9949123284143805
67.9,3489.0,66.0,68.0,66.65082723853457,1.0224372617388267,226.48216434601733,252.501802978071,2611.0,1285.0,2134.0100000000093,2049.2330180567496,1916278.0,14.197007848217714,29.0,1.0,0.9637390816990019,-26.0,3515.0,3522.3333333333335,-1.0,67.0,67.33333333333333,0.0,68.0,68.0,-8.0,2619.0,2635.6666666666665,-10196.0,1926474.0,1969362.3333333333,-0.000873988604568221,0.9646130703035701,0.9644443785723595,136.15624379273498,38.23525219865838,11.361274326903601,30.109528022805947,40.29904621307651,10,0.6097222222222223,-0.636078220277764,-0.7716245833877199,0.981627183447664,0.19080899537654472,0.6839745941284009,0.659581864144566,1.3435564582729669,1.0015691612087665
68.1,3527.0,68.0,68.0,67.01280380853288,1.0103311116367815,226.53914656734048,252.69029834991625,2617.0,1285.0,2151.0,2057.3515735752762,1965783.0,15.211743801670819,31.32491021535417,1.0,0.9641486369553506,38.0,3489.0,3510.3333333333335,2.0,66.0,67.0,0.0,68.0,68.0,6.0,2611.0,2615.6666666666665,49505.0,1916278.0,1936178.3333333333,0.0004095552563486704,0.9637390816990019,0.9641669296526408,136.24766615896976,38.29362710488087,11.360106178016956,30.103310152049655,40.31922719276924,10,0.6124999999999999,-0.6494480483301832,-0.7604059656000314,0.9876883405951375,0.15643446504023203,0.7003382502968019,0.6675170794213824,1.3678553297181844,1.0176862045697834
68.3,3555.0,68.0,69.0,67.27827718910096,1.0061314892179067,226.6500156126395,252.63799557989907,2650.0,1283.0,2185.0100000000093,2079.248663853727,2059234.0,18.3366876508679,37.107950630558946,1.0,0.9634631129827887,28.0,3527.0,3523.6666666666665,0.0,68.0,67.33333333333333,1.0,68.0,68.33333333333333,33.0,2617.0,2626.0,93451.0,1965783.0,1980431.6666666667,-0.0006855239725618301,0.9641486369553506,0.9637836105457138,136.33908852520457,38.35200201110337,11.35893802913031,30.097092281293364,40.33940817246197,10,0.6152777777777777,-0.6626200482157368,-0.7489557207890026,0.9925461516413219,0.12186934340514906,0.6406273737920972,0.724212298649802,1.3648396724418992,1.0445259855458506
68.5,3378.0,67.0,67.0,65.58203398885536,1.0446690506671703,226.21579883222915,252.96246103071084,2627.0,1279.0,2180.0,2071.5473653049144,1930699.0,15.28764122874593,31.184932259025352,1.0,0.9752866707860728,-177.0,3555.0,3486.6666666666665,-1.0,68.0,67.66666666666667,-2.0,69.0,68.0,-23.0,2650.0,2631.3333333333335,-128535.0,2059234.0,1985238.6666666667,0.011823557803284035,0.9634631129827887,0.9676328069080707,136.43051089143938,38.41037691732587,11.357769880243664,30.090874410537072,40.359589152154705,10,0.6180555555555556,-0.6755902076156601,-0.7372773368101241,0.9961946980917455,0.08715574274765837,0.5415034669037396,0.7972385102485449,1.3387419771522844,1.0679902437004145
68.7,3513.0,67.0,68.0,66.87967195385028,1.023891810901513,226.20353571072943,252.62395336783595,2613.0,1294.0,2166.0100000000093,2057.445203529747,1958305.0,14.245909847698593,29.068883707497267,1.0,0.9691437237815356,135.0,3378.0,3482.0,0.0,67.0,67.33333333333333,1.0,67.0,68.0,-14.0,2627.0,2630.0,27606.0,1930699.0,1982746.0,-0.006142947004537214,0.9752866707860728,0.9692978358501324,136.52193325767416,38.468751823548374,11.356601731357019,30.084656539780784,40.37977013184744,10,0.6208333333333333,-0.6883545756937541,-0.7253743710122875,0.9986295347545739,0.05233595624294354,0.5432885903461946,0.7965345334030374,1.339823123749232,1.0681788285761347
68.9,3430.0,67.0,68.0,66.08488207178408,1.0091833168703621,226.27154814767053,252.5767937984037,2590.0,1282.0,2136.0,2051.6495626822157,1892173.0,13.913338116285452,28.53506614676055,1.0,0.9659439173902175,-83.0,3513.0,3440.3333333333335,0.0,67.0,67.0,0.0,68.0,67.66666666666667,-23.0,2613.0,2610.0,-66132.0,1958305.0,1927059.0,-0.0031998063913181163,0.9691437237815356,0.9701247706526086,136.61335562390897,38.52712672977087,11.355433582470374,30.078438669024493,40.39995111154017,10,0.6236111111111112,-0.7009092642998511,-0.7132504491541813,0.9998476951563913,0.017452406437282734,0.6156409092106067,0.7905971649047439,1.4062380741153506,1.0984176195100472
69.1,3557.0,68.0,68.0,67.29719950059567,1.0207859773700239,226.13456734883385,252.55940731182923,2644.0,1289.0,2171.0,2067.36772561147,2018127.0,16.71749063331764,34.0,1.0,0.9604603674595306,127.0,3430.0,3500.0,1.0,67.0,67.33333333333333,0.0,68.0,68.0,54.0,2590.0,2615.6666666666665,125954.0,1892173.0,1956201.6666666667,-0.005483549930686893,0.9659439173902175,0.9651826695437612,136.70477799014375,38.58550163599337,11.354265433583729,30.0722207982682,40.4201320912329,10,0.6263888888888888,-0.7132504491541811,-0.7009092642998513,0.9998476951563913,-0.01745240643728212,0.6298535532386585,0.7960306627233446,1.425884215962003,1.1109574393426738
69.3,3559.0,68.0,68.0,67.31611649309876,1.0150775379674475,226.24833752857216,252.3853473139169,2628.0,1290.0,2159.0200000000186,2063.4863725765663,2005458.0,15.434294131820684,31.567784163947337,1.0,0.9625033284167507,2.0,3557.0,3515.3333333333335,0.0,68.0,67.66666666666667,0.0,68.0,68.0,-16.0,2644.0,2620.6666666666665,-12669.0,2018127.0,1971919.3333333333,0.002042960957220119,0.9604603674595306,0.9629692044221662,136.79620035637856,38.643876542215864,11.353097284697084,30.06600292751191,40.44031307092563,10,0.6291666666666667,-0.7253743710122873,-0.6883545756937544,0.9986295347545739,-0.05233595624294293,0.5835209597256424,0.7794028865381845,1.362923846263827,1.0711633664010056
69.5,3638.0,69.0,68.0,68.05913211132304,1.032699070476541,226.21877729380014,252.67719917386484,2686.0,1318.0,2235.0200000000186,2088.525013743815,2141056.0,13.574184219367488,27.65863337187866,1.0,0.9641027605069648,79.0,3559.0,3584.6666666666665,1.0,68.0,68.33333333333333,0.0,68.0,68.0,58.0,2628.0,2652.6666666666665,135598.0,2005458.0,2054880.3333333333,0.0015994320902140702,0.9625033284167507,0.962355485461082,136.88762272261334,38.70225144843837,11.351929135810437,30.05978505675562,40.460494050618365,10,0.6319444444444444,-0.7372773368101239,-0.6755902076156604,0.9961946980917455,-0.08715574274765776,0.584954744138641,0.7581886620952527,1.3431434062338936,1.050666034164573
69.7,3583.0,68.0,68.0,67.54270714730117,1.030995266062542,225.9879764390985,252.76346204315954,2667.0,1304.0,2183.0100000000093,2077.4549260396316,2069021.0,14.472082485067542,29.516944286290883,1.0,0.9611342755825097,-55.0,3638.0,3593.3333333333335,-1.0,69.0,68.33333333333333,0.0,68.0,68.0,-19.0,2686.0,2660.3333333333335,-72035.0,2141056.0,2071845.0,-0.002968484924455006,0.9641027605069648,0.9625801215020751,136.97904508884815,38.760626354660864,11.350760986923792,30.05356718599933,40.4806750303111,10,0.6347222222222223,-0.7489557207890025,-0.6626200482157372,0.9925461516413219,-0.12186934340514845,0.6126534637429569,0.7395455409701998,1.3521990047131567,1.0458722728416783
69.9,3431.0,68.0,67.0,66.09451473447962,1.019019539279743,226.169351324042,252.55941118533525,2618.0,1285.0,2166.0,2071.125036432527,1959534.0,15.33660742401569,31.38470965295043,1.0,0.9681363017942021,-152.0,3583.0,3550.6666666666665,0.0,68.0,68.33333333333333,-1.0,68.0,67.66666666666667,-49.0,2667.0,2657.0,-109487.0,2069021.0,2056537.0,0.007002026211692325,0.9611342755825097,0.9644577792945589,137.07046745508296,38.81900126088337,11.349592838037147,30.04734931524304,40.50085601000383,10,0.6375000000000001,-0.7604059656000312,-0.6494480483301834,0.9876883405951377,-0.15643446504023145,0.6633933549758004,0.7101960708336671,1.3735894258094676,1.0418927483215674
70.1,3462.0,67.0,67.0,66.39243408606988,1.0449516178396234,225.928981965617,252.71683794268733,2618.0,1277.0,2139.0,2054.4803581744654,1919622.0,16.456513677906223,33.683637985956665,1.0,0.9697919694606543,31.0,3431.0,3492.0,-1.0,68.0,67.66666666666667,0.0,67.0,67.33333333333333,0.0,2618.0,2634.3333333333335,-39912.0,1959534.0,1982725.6666666667,0.0016556676664521985,0.9681363017942021,0.9663541822791221,137.16188982131774,38.877376167105865,11.348424689150502,30.041131444486748,40.52103698969656,10,0.6402777777777777,-0.7716245833877194,-0.6360782202777646,0.9816271834476643,-0.19080899537654325,0.626947830313821,0.7528355959434623,1.3797834262572832,1.0663095111003726
70.3,3636.0,69.0,69.0,68.04042169664332,1.002834967879481,226.2948272692375,252.66757174849235,2658.0,1302.0,2195.0,2077.454895489549,2099626.0,15.535362139100178,31.81980515339464,1.0,0.9595146945217863,174.0,3462.0,3509.6666666666665,2.0,67.0,68.0,2.0,67.0,67.66666666666667,40.0,2618.0,2631.3333333333335,180004.0,1919622.0,1992927.3333333333,-0.010277274938867986,0.9697919694606543,0.9658143219255475,137.25331218755255,38.93575107332836,11.347256540263857,30.034913573730456,40.541217969389294,10,0.6430555555555555,-0.7826081568524133,-0.6225146366376203,0.9743700647852357,-0.22495105434386306,0.5764085429074058,0.7814634001380025,1.3578719430454083,1.0696676715917053
70.5,3432.0,68.0,67.0,66.10414599350845,1.034382959028345,226.24364584121125,252.7245523676936,2628.0,1286.0,2160.0,2066.354020979021,1943727.0,15.284097877948048,31.32491021535417,1.0,0.9703898747097714,-204.0,3636.0,3510.0,-1.0,69.0,68.0,-2.0,69.0,67.66666666666667,-30.0,2658.0,2634.6666666666665,-155899.0,2099626.0,1987658.3333333333,0.010875180187985167,0.9595146945217863,0.9665655128974041,137.34473455378733,38.994125979550866,11.34608839137721,30.028695702974165,40.561398949082026,10,0.6458333333333334,-0.7933533402912349,-0.6087614290087209,0.9659258262890684,-0.2588190451025202,0.5933795800718328,0.7583224189001763,1.3517019989720092,1.0550122089360927
70.7,3410.0,67.0,67.0,65.8919330991807,1.0269903833865783,226.44569298049834,252.66803545334722,2597.0,1274.0,2146.0100000000093,2057.107331378299,1899736.0,15.174845648746711,31.11269837220809,1.0,0.9713286477700059,-22.0,3432.0,3492.6666666666665,-1.0,68.0,68.0,0.0,67.0,67.66666666666667,-31.0,2628.0,2627.6666666666665,-43991.0,1943727.0,1981029.6666666667,0.0009387730602344879,0.9703898747097714,0.9670777390005213,137.43615692002214,39.05250088577336,11.344920242490565,30.022477832217877,40.58157992877476,10,0.6486111111111111,-0.8038568606172175,-0.5948227867513409,0.9563047559630352,-0.29237170472273744,0.6080671231390619,0.7392085510045404,1.3472756741436023,1.0432421125740714
70.9,3543.0,68.0,68.0,67.16463136946916,1.018987316340302,226.08956335171888,252.52022817003518,2669.0,1292.0,2189.0,2076.195314705052,2041466.0,15.454073393996234,31.78049716414141,1.0,0.9663026472152855,133.0,3410.0,3461.6666666666665,1.0,67.0,67.66666666666667,1.0,67.0,67.33333333333333,72.0,2597.0,2631.3333333333335,141730.0,1899736.0,1961643.0,-0.005026000554720467,0.9713286477700059,0.9693403898983544,137.52757928625695,39.11087579199586,11.34375209360392,30.016259961461586,40.60176090846749,10,0.651388888888889,-0.8141155183563198,-0.5807029557109389,0.9455185755993161,-0.3255681544571587,0.5982684181523037,0.7432133645513669,1.3414817827036707,1.0423475736275187
71.1,3468.0,68.0,67.0,66.44994161879711,1.012954595135951,226.24582511590114,252.56275066917968,2609.0,1281.0,2149.0,2060.7107843137255,1944545.0,16.54142923438316,33.97094342858287,1.0,0.9650951765065864,-75.0,3543.0,3473.6666666666665,0.0,68.0,67.66666666666667,-1.0,68.0,67.33333333333333,-60.0,2669.0,2625.0,-96921.0,2041466.0,1961915.6666666667,-0.0012074707086990877,0.9663026472152855,0.9675754904972926,137.61900165249173,39.169250698218356,11.342583944717274,30.010042090705294,40.62194188816022,10,0.6541666666666666,-0.8241261886220151,-0.5664062369248336,0.9335804264972024,-0.3583679495452986,0.5811393911662553,0.7657828290105811,1.3469222201768365,1.0563525245937089
71.3,3694.0,70.0,70.0,68.58095127841032,1.0117985668638063,226.39251454893457,252.50139686897643,2722.0,1320.0,2242.0,2100.674336762317,2218907.0,14.829078042254888,30.103986446980738,1.0,0.9616856407231128,226.0,3468.0,3568.3333333333335,2.0,68.0,68.66666666666667,3.0,67.0,68.33333333333333,113.0,2609.0,2666.6666666666665,274362.0,1944545.0,2068306.0,-0.003409535783473583,0.9650951765065864,0.9643611548149948,137.5133926740884,39.13523481928877,11.322070174567889,29.96622570799537,40.589771703518586,10,0.6569444444444444,-0.8338858220671681,-0.5519369853120584,0.9205048534524405,-0.3907311284892734,0.5671298054563021,0.7838139388037958,1.350943744260098,1.067378841531947
71.5,3603.0,69.0,69.0,67.73095363038078,1.0122553130477279,226.27521575899644,252.6772712886888,2652.0,1306.0,2191.0,2073.5292811545933,2066429.0,14.338209997647942,29.516944286290883,1.0,0.9600344362182296,-91.0,3694.0,3588.3333333333335,-1.0,70.0,69.0,-1.0,70.0,68.66666666666667,-70.0,2722.0,2661.0,-152478.0,2218907.0,2076627.0,-0.001651204504883208,0.9616856407231128,0.9622717511493096,137.33304766840854,39.06617415978425,11.29421841014643,29.90814782075131,40.537744180681145,10,0.6597222222222222,-0.8433914458128855,-0.5372996083468242,0.9063077870366503,-0.4226182617406987,0.5861949377890384,0.7887765258913294,1.3749714636803678,1.0818739947858487
71.7,3408.0,66.0,67.0,65.872607117507,1.0110936970905338,226.44438790565854,252.51728053537596,2605.0,1270.0,2156.0,2062.8092723004693,1918074.0,16.423483068040646,33.37663853655727,1.0,0.9686915103379744,-195.0,3603.0,3568.3333333333335,-3.0,69.0,68.33333333333333,-2.0,69.0,68.66666666666667,-47.0,2652.0,2659.6666666666665,-148355.0,2066429.0,2067803.3333333333,0.008657074119744812,0.9600344362182296,0.9634705290931055,137.15270266272864,38.997113500279724,11.26636664572497,29.850069933507246,40.48571665784371,10,0.6625000000000001,-0.8526401643540924,-0.5224985647159486,0.8910065241883676,-0.4539904997395473,0.5947256409547624,0.8078663477100637,1.4025919886648262,1.1052291681874449
71.9,3284.0,67.0,66.0,64.66311672746895,1.0230991007453483,226.48088092057333,252.59657517685076,2636.0,1280.0,2179.0,2080.5575517661387,1906551.0,15.119627365385153,30.92733418838423,1.0,0.9805963753395529,-124.0,3408.0,3431.6666666666665,1.0,66.0,67.33333333333333,-1.0,67.0,67.33333333333333,31.0,2605.0,2631.0,-11523.0,1918074.0,1963684.6666666667,0.011904865001578502,0.9686915103379744,0.9697741072985856,136.97235765704878,38.9280528407752,11.238514881303509,29.791992046263182,40.433689135006276,10,0.6652777777777779,-0.8616291604415258,-0.5075383629607041,0.8746197071393957,-0.48480962024633717,0.5937237436716225,0.8191782351087467,1.4129019787803692,1.116040106944558
72.1,3462.0,68.0,68.0,66.39243408606988,1.0164383773572603,226.36532421165282,252.47886656166455,2640.0,1281.2999999999302,2182.0,2073.2876949740034,1984723.0,15.16985325445045,31.11269837220809,1.0,0.9680187109233883,178.0,3284.0,3384.6666666666665,1.0,67.0,67.0,2.0,66.0,67.0,4.0,2636.0,2627.0,78172.0,1906551.0,1936449.3333333333,-0.012577664416164591,0.9805963753395529,0.9724355322003052,136.7920126513689,38.85899218127068,11.210663116882051,29.733914159019125,40.38166161216884,10,0.6680555555555555,-0.8703556959398996,-0.4924235601034672,0.8571673007021124,-0.515038074910054,0.5977822056732779,0.8073807317055294,1.4051629373788073,1.1062718345421683
72.3,3599.0,69.0,70.0,67.69334621291705,1.0023460778108646,226.16599931701245,252.6069539945485,2687.0,1298.0,2213.0,2083.383995554321,2099603.0,16.784013625897693,34.21311874552104,1.0,0.9609935783098043,137.0,3462.0,3448.3333333333335,1.0,68.0,68.0,2.0,68.0,68.0,47.0,2640.0,2654.3333333333335,114880.0,1984723.0,1996959.0,-0.007025132613584062,0.9680187109233883,0.9698695548575819,136.61166764568904,38.78993152176616,11.182811352460591,29.67583627177506,40.32963408933141,10,0.6708333333333333,-0.8788171126619653,-0.4771587602596087,0.8386705679454244,-0.5446390350150265,0.5615356584902955,0.8123926269849597,1.3739282854752553,1.0931604562301076
72.5,3409.0,67.0,67.0,65.88227081698209,1.0173004196915263,226.33975885203714,252.6828714352818,2572.0,1268.0,2127.0,2045.1824581988853,1858527.0,15.066966403875202,31.0,1.0,0.9679875514318598,-190.0,3599.0,3490.0,-2.0,69.0,68.0,-3.0,70.0,68.33333333333333,-115.0,2687.0,2633.0,-241076.0,2099603.0,1980951.0,0.006993973122055519,0.9609935783098043,0.9656666135550175,136.43132264000917,38.720870862261634,11.154959588039132,29.617758384531,40.27760656649397,10,0.6736111111111112,-0.8870108331782218,-0.4617486132350336,0.8191520442889914,-0.5735764363510467,0.5427795754756541,0.8231502876488836,1.3659298631245378,1.0945400753867107
72.7,3456.0,67.0,67.0,66.33487669849642,1.0151121031145243,226.243812182423,252.72606139162312,2697.0,1301.0,2225.0,2095.589988425926,2058389.0,14.462782539481879,29.449108645254444,1.0,0.9730624289189264,47.0,3409.0,3488.0,0.0,67.0,67.66666666666667,0.0,67.0,68.0,125.0,2572.0,2652.0,199862.0,1858527.0,2005506.3333333333,0.005074877487066587,0.9679875514318598,0.9673478528868634,136.25097763432927,38.65181020275711,11.127107823617672,29.559680497286937,40.22557904365653,10,0.6763888888888889,-0.8949343616020251,-0.44619781310980866,0.7986355100472926,-0.6018150231520486,0.5432641721344486,0.810765140158748,1.3540293122931966,1.0823972262259722
72.9,3450.0,68.0,70.0,66.2772693261899,1.0338891517113695,226.04225729483662,252.65166429655304,2609.0,1272.0,2154.0,2059.2997101449278,1929591.0,16.45178452658869,33.683637985956665,1.0,0.967123602877501,-6.0,3456.0,3438.3333333333335,1.0,67.0,67.33333333333333,3.0,67.0,68.0,-88.0,2697.0,2626.0,-128798.0,2058389.0,1948835.6666666667,-0.005938826041425371,0.9730624289189264,0.969391194409429,136.0706326286494,38.58274954325259,11.099256059196213,29.501602610042877,40.173551520819096,10,0.6791666666666667,-0.9025852843498606,-0.43051109680829514,0.7771459614569709,-0.6293203910498374,0.5719253987183441,0.7889281099409404,1.3608535086592846,1.0748908093001126
73.1,3411.0,67.0,67.0,65.90159396472622,1.0255011760962605,226.20007979608386,252.35681448864278,2572.0,1285.0,2126.0,2044.4837291116974,1857249.0,13.208534371188659,26.9675731203236,1.0,0.9705295305045257,-39.0,3450.0,3439.0,-1.0,68.0,67.33333333333333,-3.0,70.0,68.0,-37.0,2609.0,2626.0,-72342.0,1929591.0,1948409.6666666667,0.0034059276270247407,0.967123602877501,0.9702385207669844,135.89028762296954,38.513688883748074,11.071404294774755,29.443524722798816,40.12152399798166,10,0.6819444444444444,-0.9099612708765428,-0.4146932426562401,0.7547095802227735,-0.6560590289905056,0.6257155370736843,0.7660988689859586,1.391814406059643,1.0789566375228008
73.3,3511.0,68.0,69.0,66.8606314774633,1.0089803227941172,226.35691551528788,252.65971275555052,2645.0,1289.0,2184.0,2074.1509541441183,2015853.0,16.646664128388988,34.0,1.0,0.9680472732882804,100.0,3411.0,3457.3333333333335,1.0,67.0,67.66666666666667,2.0,67.0,68.66666666666667,73.0,2572.0,2608.6666666666665,158604.0,1857249.0,1934231.0,-0.002482257216245287,0.9705295305045257,0.9685668022234357,135.70994261728967,38.44462822424355,11.043552530353294,29.385446835554752,40.06949647514423,10,0.6847222222222222,-0.9170600743851239,-0.3987490689252466,0.731353701619171,-0.6819983600624979,0.6740756897353738,0.7334741258782574,1.4075498156136312,1.0705119707459443
73.5,3415.0,66.0,68.0,65.94022327282931,1.0044987296237173,226.2357120928686,252.9148647772987,2607.0,1282.0,2146.0,2051.3165446559296,1882746.0,14.086723169958391,28.635642126552707,1.0,0.9688072634333044,-96.0,3511.0,3445.6666666666665,-2.0,68.0,67.0,-1.0,69.0,68.0,-38.0,2645.0,2608.0,-133107.0,2015853.0,1918616.0,0.0007599901450239255,0.9680472732882804,0.9691280224087034,135.5295976116098,38.37556756473903,11.015700765931834,29.327368948310692,40.01746895230679,10,0.6875,-0.9238795325112865,-0.38268343236509034,0.7071067811865485,-0.7071067811865467,0.7181720923048902,0.7068610891618545,1.4250331814667447,1.0659471353142997
73.7,3541.0,68.0,68.0,67.14567169898005,1.0065177768932076,226.40720369082308,252.6081251149192,2645.0,1289.0,2186.0,2072.888731996611,2028603.0,16.605807424564293,34.30014577228499,1.0,0.9648092800809227,126.0,3415.0,3489.0,2.0,66.0,67.33333333333333,0.0,68.0,68.33333333333333,38.0,2607.0,2632.3333333333335,145857.0,1882746.0,1975734.0,-0.003997983352381662,0.9688072634333044,0.9672212722675025,135.3492526059299,38.3065069052345,10.987849001510375,29.269291061066628,39.96544142946935,10,0.6902777777777778,-0.9304175679820246,-0.3665012267242972,0.6819983600624984,-0.7313537016191706,0.7096770097898991,0.7362142141346758,1.445891223924575,1.0910527190296253
73.9,3353.0,66.0,66.0,65.33890260401533,1.0150733644128687,226.31506450390074,252.4188487548476,2547.0,1274.0,2114.0,2039.7130927527587,1809658.0,13.803414730291925,28.412145290350743,1.0,0.9695213128668511,-188.0,3541.0,3436.3333333333335,-2.0,68.0,66.66666666666667,-2.0,68.0,67.33333333333333,-98.0,2645.0,2599.6666666666665,-218945.0,2028603.0,1907002.3333333333,0.004712032785928355,0.9648092800809227,0.9677126187936927,135.16890760025004,38.23744624572998,10.959997237088915,29.211213173822568,39.91341390663192,10,0.6930555555555556,-0.9366721892483979,-0.35020738125946677,0.6560590289905062,-0.754709580222773,0.651917695323762,0.7609770509237462,1.4128947462475083,1.0869358985856272
74.1,3407.0,67.0,67.0,65.8629420001316,1.0233503585870187,226.3188216966287,252.67633824109853,2611.0,1274.0,2156.0,2060.7003228646904,1910306.0,15.07958552269378,31.0,1.0,0.9729006766455217,54.0,3353.0,3433.6666666666665,1.0,66.0,67.0,1.0,66.0,67.0,64.0,2547.0,2601.0,100648.0,1809658.0,1916189.0,0.003379363778670652,0.9695213128668511,0.9690770898644319,134.98856259457017,38.16838558622546,10.932145472667457,29.153135286578507,39.86138638379448,10,0.6958333333333333,-0.9426414910921783,-0.33380685923377124,0.629320391049838,-0.7771459614569705,0.602324286423289,0.7850972650757158,1.3874215514990047,1.0862594082873602
74.3,3512.0,67.0,68.0,66.8701523933503,1.0055441009366712,226.30450331944616,252.50047681252096,2634.0,1290.0,2155.0,2061.9367881548974,1973537.0,14.30391595397921,29.129023327259016,1.0,0.9649532793152599,105.0,3407.0,3424.0,0.0,67.0,66.66666666666667,1.0,67.0,67.0,23.0,2611.0,2597.3333333333335,63231.0,1910306.0,1897833.6666666667,-0.00794739733026184,0.9729006766455217,0.9691250896092108,134.8082175888903,38.09932492672094,10.904293708245998,29.095057399334447,39.80935886095705,10,0.6986111111111111,-0.9483236552061992,-0.31730465640509264,0.6018150231520492,-0.7986355100472923,0.597977009256946,0.7907463718591627,1.3887233811161086,1.0897348764876358
74.5,3480.0,68.0,68.0,66.56480763645581,1.0249496368452515,226.13481343939915,252.44253044639447,2603.0,1283.0,2142.0,2052.176436781609,1921574.0,14.06680098520282,29.0,1.0,0.9651702198302017,-32.0,3512.0,3466.3333333333335,1.0,67.0,67.33333333333333,0.0,68.0,67.66666666666667,-31.0,2634.0,2616.0,-51963.0,1973537.0,1935139.0,0.00021694051494181021,0.9649532793152599,0.9676747252636612,134.62787258321043,38.03026426721642,10.876441943824538,29.036979512090383,39.75733133811961,10,0.7013888888888888,-0.9537169507482267,-0.3007057995042738,0.5735764363510473,-0.819152044288991,0.6367309281421372,0.7604434755779137,1.3971744037200509,1.0788089396489822
74.7,3621.0,68.0,69.0,67.89992924507376,1.0038730075295892,226.19734008384162,252.6546740089528,2673.0,1303.0,2184.0,2073.0745650372824,2075110.0,14.339111577498185,29.5296461204668,1.0,0.9594084169032003,141.0,3480.0,3537.6666666666665,0.0,68.0,67.66666666666667,1.0,68.0,68.33333333333333,70.0,2603.0,2636.6666666666665,153536.0,1921574.0,1990073.6666666667,-0.005761802927001347,0.9651702198302017,0.9631773053495539,134.44752757753054,37.961203607711894,10.848590179403077,28.97890162484632,39.70530381528218,10,0.7041666666666667,-0.958819734868193,-0.28401534470392265,0.5446390350150271,-0.838670567945424,0.569958679389959,0.7640216371120534,1.3339803165020123,1.049000976807033
74.9,3751.0,70.0,70.0,69.10804245745639,1.0081576596678947,226.0400048209958,252.79614428269025,2735.0,1321.0,2218.0100000000093,2092.803785657158,2223639.0,14.904006544023792,30.5,1.0,0.9516432298588036,130.0,3621.0,3617.3333333333335,2.0,68.0,68.66666666666667,1.0,69.0,69.0,62.0,2673.0,2670.3333333333335,148529.0,2075110.0,2073441.0,-0.007765187044396771,0.9594084169032003,0.9587406221974019,134.26718257185067,37.89214294820737,10.820738414981617,28.92082373760226,39.65327629244474,10,0.7069444444444445,-0.963630453208623,-0.26723837607825707,0.5150380749100546,-0.857167300702112,0.5139149734576208,0.7942990857119877,1.3082140591696085,1.051256572440798
75.1,3135.0,63.0,64.0,63.1791577400707,1.0131141124868372,226.95771179944572,252.29360419828257,2483.0,1231.0,2048.0,2013.9186602870814,1611153.0,15.670680121395135,32.03903868720159,1.0,0.9825801770533277,-616.0,3751.0,3502.3333333333335,-7.0,70.0,67.0,-6.0,70.0,67.66666666666667,-252.0,2735.0,2630.3333333333335,-612486.0,2223639.0,1969967.3333333333,0.03093694719452411,0.9516432298588036,0.9645439412717772,134.0868375661708,37.82308228870285,10.79288665056016,28.8627458503582,39.60124876960731,10,0.7097222222222221,-0.9681476403781076,-0.25038000405444183,0.4848096202463378,-0.8746197071393954,0.5286588967162928,0.8034134178370633,1.3320723145533562,1.0677428661952097
75.3,3498.0,68.0,67.0,66.73673596665932,1.0006184809512209,226.39299148510665,252.79549575076638,2619.0,1278.0,2141.0,2056.9228130360207,1948122.0,15.233975572614945,31.34086788842964,1.0,0.9631296191922272,363.0,3135.0,3461.3333333333335,5.0,63.0,67.0,3.0,64.0,67.0,136.0,2483.0,2612.3333333333335,336969.0,1611153.0,1927638.0,-0.019450557861100504,0.9825801770533277,0.9657843420347861,133.90649256049093,37.75402162919833,10.7650348861387,28.804667963114138,39.54922124676987,10,0.7124999999999999,-0.9723699203976764,-0.233445363855906,0.4539904997395479,-0.8910065241883673,0.5757081290851528,0.7759023626601572,1.35161049174531,1.0637564272027336
75.5,3516.0,67.0,68.0,66.90822250881301,1.0010715636705625,226.23732624936162,252.86168340664082,2662.0,1288.0,2184.0,2074.7189988623436,2020731.0,15.420122636087475,31.78049716414141,1.0,0.9645989495880452,18.0,3498.0,3383.0,-1.0,68.0,66.0,1.0,67.0,66.33333333333333,43.0,2619.0,2588.0,72609.0,1948122.0,1860002.0,0.0014693303958179804,0.9631296191922272,0.9701029152778666,133.72614755481106,37.684960969693805,10.73718312171724,28.746590075870074,39.49719372393243,10,0.7152777777777778,-0.9762960071199334,-0.21643961393810282,0.42261826174069933,-0.90630778703665,0.6201510732270988,0.7264235977838086,1.3465746710109074,1.036499134397358
75.7,3532.0,68.0,68.0,67.06028684701994,1.0189017889592638,226.45112618026434,252.57092611391326,2629.0,1286.0,2174.0,2070.082672706682,2013532.0,15.211208551349612,31.48412298286233,1.0,0.9658689308141117,16.0,3516.0,3515.3333333333335,1.0,67.0,67.66666666666667,0.0,68.0,67.66666666666667,-33.0,2662.0,2636.6666666666665,-7199.0,2020731.0,1994128.3333333333,0.0012699812260665855,0.9645989495880452,0.9645324998647947,133.5458025491312,37.61590031018928,10.709331357295781,28.68851218862601,39.445166201095,10,0.7180555555555556,-0.9799247046208296,-0.1993679344171973,0.390731128489274,-0.9205048534524403,0.6583396064603073,0.6974066805862751,1.3557462870465824,1.0265764838164286
75.9,3539.0,68.0,69.0,67.12670667340788,1.022315329800931,226.27091020273303,252.53795856572918,2649.0,1295.0,2193.0,2072.983893755298,2027792.0,15.377683843614616,31.67412192942371,1.0,0.9663417155211186,7.0,3532.0,3529.0,0.0,68.0,67.66666666666667,1.0,68.0,68.33333333333333,20.0,2629.0,2646.6666666666665,14260.0,2013532.0,2020685.0,0.00047278470700684583,0.9658689308141117,0.9656031986410918,133.3654575434513,37.54683965068476,10.681479592874322,28.63043430138195,39.39313867825756,10,0.7208333333333334,-0.9832549075639547,-0.18223552549214692,0.3583679495452992,-0.9335804264972022,0.6928588217849156,0.7066287095077972,1.3994875312927129,1.0530581204002551
76.1,3372.0,66.0,66.0,65.5237647334688,1.0257030231359647,226.33241379986717,252.55049742528814,2562.0,1269.0,2123.0,2044.2915183867142,1835351.0,14.96236494602083,30.663496212923928,1.0,0.9718288218438871,-167.0,3539.0,3481.0,-2.0,68.0,67.33333333333333,-3.0,69.0,67.66666666666667,-87.0,2649.0,2613.3333333333335,-192441.0,2027792.0,1958891.6666666667,0.005487106322768498,0.9663417155211186,0.9680131560597057,133.18511253777143,37.47777899118024,10.653627828452862,28.57235641413789,39.34111115542013,10,0.723611111111111,-0.9862856015372312,-0.16504760586067904,0.3255681544571593,-0.9455185755993158,0.6433526571042851,0.7603293919766657,1.4036820490809507,1.0820057205288083
76.3,3673.0,70.0,70.0,68.38573570425527,1.0186250287508702,226.2854029525473,252.59719252384576,2692.0,1316.0,2211.0100000000093,2083.658045194664,2143787.0,13.532567412770897,27.97320146139873,1.0,0.9597795863115133,301.0,3372.0,3528.0,4.0,66.0,68.0,4.0,66.0,68.33333333333333,130.0,2562.0,2634.3333333333335,308436.0,1835351.0,2002310.0,-0.012049235532373803,0.9718288218438871,0.9659833745588396,133.00476753209156,37.408718331675715,10.625776064031403,28.51427852689383,39.28908363258269,10,0.7263888888888889,-0.9890158633619167,-0.14780941112961132,0.2923717047227381,-0.9563047559630351,0.55437717296096,0.7797416849197593,1.3341188578807193,1.0569302714002393
76.5,3454.0,67.0,67.0,66.31567980135054,1.0630586770235009,225.88721439161066,252.64632164284077,2628.0,1273.0,2166.0100000000093,2071.9892877822813,1975701.0,18.261136762925684,37.16197652793266,1.0,0.9706281466679422,-219.0,3673.0,3499.6666666666665,-3.0,70.0,67.66666666666667,-3.0,70.0,67.66666666666667,-64.0,2692.0,2627.3333333333335,-168086.0,2143787.0,1984946.3333333333,0.010848560356428893,0.9597795863115133,0.967412184941114,132.8244225264117,37.33965767217119,10.597924299609943,28.456200639649765,39.237056109745254,10,0.7291666666666666,-0.9914448613738104,-0.13052619222005163,0.2588190451025208,-0.9659258262890683,0.5155477469182705,0.7727759418359964,1.288323688754267,1.0305498152951318
76.7,3416.0,67.0,68.0,65.9498770644443,1.044333533214157,225.77290461641292,252.4473565198995,2647.0,1284.0,2158.0100000000093,2072.865632318501,1956926.0,15.470954770523278,31.5,1.0,0.9693100301186657,-38.0,3454.0,3514.3333333333335,0.0,67.0,68.0,1.0,67.0,68.33333333333333,19.0,2628.0,2655.6666666666665,-18775.0,1975701.0,2025471.3333333333,-0.0013181165492764935,0.9706281466679422,0.9665725876993737,132.64407752073183,37.27059701266667,10.570072535188483,28.398122752405705,39.18502858690782,10,0.7319444444444445,-0.9935718556765876,-0.11320321376790607,0.22495105434386373,-0.9743700647852356,0.5446561247022172,0.7715546653679103,1.3162107900701276,1.043882727719019
76.9,2660.0,58.0,59.0,58.196367489694175,1.0230498199670235,226.98360014737,253.0237605886895,2506.0,1230.0,1865.0,2032.6473684210525,1416842.0,13.261069468974311,26.870057685088806,1.0,0.9960757797976062,-756.0,3416.0,3176.6666666666665,-9.0,67.0,64.0,-9.0,68.0,64.66666666666667,-141.0,2647.0,2593.6666666666665,-540084.0,1956926.0,1783156.3333333333,0.02676574967894052,0.9693100301186657,0.9786713188614047,132.46373251505193,37.20153635316215,10.542220770767024,28.34004486516164,39.133001064070385,10,0.7347222222222223,-0.9953961983671789,-0.09584575252022354,0.19080899537654392,-0.9816271834476641,0.6815022017064951,0.7312480492828423,1.4127502509893373,1.0719991501360897
77.1,2404.0,55.0,56.0,55.3251106238689,1.0114677328217343,227.43704336070363,252.56048801550475,2296.0,1169.0,1812.0,1963.3864392678868,1113981.0,13.160218889748855,26.92582403567252,1.0,0.9998294405380344,-256.0,2660.0,2826.6666666666665,-3.0,58.0,60.0,-3.0,59.0,61.0,-210.0,2506.0,2483.0,-302861.0,1416842.0,1495916.3333333333,0.0037536607404281552,0.9960757797976062,0.9884050834847687,132.2833875093721,37.13247569365763,10.514369006345566,28.281966977917584,39.08097354123295,10,0.7374999999999999,-0.996917333733128,-0.07845909572784557,0.1564344650402321,-0.9876883405951375,0.7490734425993752,0.6895511771137871,1.4386246197131622,1.0640878984134747
77.3,3070.0,64.0,64.0,62.520759770950875,1.0345675557340603,226.17139906743526,252.89612838362015,2554.0,1250.0,2080.0100000000093,2061.7934853420197,1724712.0,16.02646951137522,32.33032632065442,1.0,0.9823193669435825,666.0,2404.0,2711.3333333333335,9.0,55.0,59.0,8.0,56.0,59.666666666666664,258.0,2296.0,2452.0,610731.0,1113981.0,1418511.6666666667,-0.01751007359445189,0.9998294405380344,0.9927415290930743,132.1030425036922,37.0634150341531,10.486517241924107,28.22388909067352,39.028946018395516,10,0.7402777777777777,-0.9981347984218669,-0.06104853953485769,0.12186934340514911,-0.9925461516413219,0.6755934421051318,0.7357802903750679,1.4113737324801996,1.0735770114276337
77.5,3096.0,63.0,64.0,62.7849474834539,1.015111680300714,226.57945613505217,252.6755411501335,2575.0,1247.0,2091.0100000000093,2065.7302971576228,1751501.0,17.673636570251798,35.56103866958516,1.0,0.9834222189995895,26.0,3070.0,2856.6666666666665,-1.0,64.0,60.666666666666664,0.0,64.0,61.333333333333336,21.0,2554.0,2475.0,26789.0,1724712.0,1530064.6666666667,0.0011028520560070199,0.9823193669435825,0.9885236754937354,131.92269749801233,36.99435437464858,10.458665477502645,28.165811203429456,38.976918495558074,10,0.7430555555555556,-0.9990482215818578,-0.04361938736533613,0.08715574274765844,-0.9961946980917455,0.663477369736521,0.78601300031191,1.449490370048431,1.1177516851801705
77.7,3110.0,63.0,64.0,62.926742996331505,1.0279424414163714,226.63632972705312,252.66920587667667,2539.0,1249.0,2106.0,2044.8099678456592,1694377.0,14.614198392135743,29.82029510249689,1.0,0.9828220047840592,14.0,3096.0,3092.0,0.0,63.0,63.333333333333336,0.0,64.0,64.0,-36.0,2575.0,2556.0,-57124.0,1751501.0,1723530.0,-0.0006002142155302481,0.9834222189995895,0.9828545302424104,131.63389247208045,37.06488053082509,10.449680552537956,28.196061682813745,38.97660671715736,10,0.7458333333333333,-0.9996573249755573,-0.026176948307873482,0.052335956242944494,-0.9986295347545738,0.6093832730543756,0.7983798601292621,1.4077631331836375,1.1030714966564499
77.9,3480.0,67.0,69.0,66.56480763645581,1.0088005768035502,226.3143071358654,252.82907910017465,2670.0,1300.0,2215.0100000000093,2079.499425287356,2016670.0,14.34136214933785,29.124731758421397,1.0,0.9667779061522213,370.0,3110.0,3228.6666666666665,4.0,63.0,64.33333333333333,5.0,64.0,65.66666666666667,131.0,2539.0,2594.6666666666665,322293.0,1694377.0,1820849.3333333333,-0.016044098631837977,0.9828220047840592,0.9776740433119566,131.29286595491612,37.20261515381099,10.449779661385785,28.26884063501909,39.00119511200396,10,0.7486111111111112,-0.9999619230641713,-0.008726535498373576,0.017452406437282793,-0.9998476951563913,0.5775386070968058,0.7683661957979558,1.3459048028947616,1.0571354993463586
78.1,3425.0,67.0,68.0,66.03669768180366,1.0059326511294802,226.24080368760798,252.38994866269192,2625.0,1279.0,2175.0,2062.5310948905108,1926679.0,15.233302498621269,31.32491021535417,1.0,0.9689870497368789,-55.0,3480.0,3338.3333333333335,0.0,67.0,65.66666666666667,-1.0,69.0,67.0,-45.0,2670.0,2611.3333333333335,-89991.0,2016670.0,1879242.0,0.0022091435846576246,0.9667779061522213,0.9728623202243863,130.95183943775183,37.34034977679688,10.449878770233614,28.341619587224425,39.02578350685055,10,0.7513888888888888,-0.9999619230641713,0.008726535498373208,-0.017452406437282058,-0.9998476951563913,0.6216078310231907,0.7290011013683952,1.350608932391586,1.0398050168799906
78.3,3500.0,68.0,69.0,66.75581178124546,1.0139836756307337,226.27125376152986,252.6248184067005,2612.0,1269.0,2147.0,2059.138,1956994.0,18.14570178628023,36.54107278118693,1.0,0.9629860898909246,75.0,3425.0,3468.3333333333335,1.0,67.0,67.33333333333333,1.0,68.0,68.66666666666667,-13.0,2625.0,2635.6666666666665,30315.0,1926679.0,1966781.0,-0.006000959845954279,0.9689870497368789,0.9662503485933417,130.61081292058753,37.478084399782766,10.449977879081443,28.41439853942977,39.05037190169715,10,0.7541666666666667,-0.9996573249755573,0.026176948307873114,-0.05233595624294376,-0.9986295347545738,0.6130638839917544,0.7508692503067592,1.3639331342985135,1.0574011923026363
78.5,3172.0,64.0,64.0,63.55089170027385,1.0069896002515906,226.27681763987496,253.05695272574255,2557.0,1249.0,2107.0,2043.906998738966,1725273.0,15.947558001918681,32.22188697143605,1.0,0.9813038284375863,-328.0,3500.0,3365.6666666666665,-4.0,68.0,66.33333333333333,-5.0,69.0,67.0,-55.0,2612.0,2598.0,-231721.0,1956994.0,1869648.6666666667,0.018317738546661744,0.9629860898909246,0.9710923226884632,130.2697864034232,37.61581902276866,10.450076987929272,28.487177491635112,39.07496029654375,10,0.7569444444444444,-0.9990482215818578,0.043619387365335764,-0.08715574274765771,-0.9961946980917455,0.5777843441847019,0.8012254664523505,1.3790098106370525,1.0901176385447016
78.7,3393.0,66.0,66.0,65.72748112689553,1.0140840052017674,226.3822451412346,252.34606623666534,2656.0,1282.0,2191.0,2082.5016209843798,1976460.0,16.700685739490076,34.0,1.0,0.9735719417544498,221.0,3172.0,3355.0,2.0,64.0,66.0,2.0,64.0,66.33333333333333,99.0,2557.0,2608.3333333333335,251187.0,1725273.0,1886242.3333333333,-0.007731886683136513,0.9813038284375863,0.9726206200276536,129.9287598862589,37.75355364575456,10.450176096777101,28.559956443840456,39.099548691390346,10,0.7597222222222223,-0.9981347984218669,0.061048539534857324,-0.12186934340514839,-0.9925461516413219,0.595166589348929,0.8353165783017101,1.430483167650639,1.1328998729761746
78.9,3420.0,66.0,68.0,65.98847810788074,1.0137115581414369,226.2557064301979,252.6609104655669,2661.0,1298.0,2191.0100000000093,2077.2061403508774,1974057.0,13.474527256997957,27.101660465735304,1.0,0.9676159300364681,27.0,3393.0,3328.3333333333335,0.0,66.0,65.33333333333333,2.0,66.0,66.0,5.0,2656.0,2624.6666666666665,-2403.0,1976460.0,1891930.0,-0.005956011717981768,0.9735719417544498,0.974163900076168,129.58773336909456,37.89128826874045,10.450275205624928,28.6327353960458,39.12413708623694,10,0.7625000000000001,-0.996917333733128,0.07845909572784521,-0.15643446504023137,-0.9876883405951377,0.587312267863976,0.8616080505591454,1.4489203184231214,1.1552641844911333
79.1,3721.0,71.0,70.0,68.83112919282627,1.0164976992275956,226.11178181213157,252.63828804104563,2731.0,1310.0,2233.0,2094.4052674012364,2211852.0,17.20491717245222,35.01785258978626,1.0,0.9562755555073305,301.0,3420.0,3511.3333333333335,5.0,66.0,67.66666666666667,2.0,68.0,68.0,70.0,2661.0,2682.6666666666665,237795.0,1974057.0,2054123.0,-0.011340374529137609,0.9676159300364681,0.9658211424327495,129.24670685193027,38.029022891726335,10.450374314472757,28.705514348251135,39.14872548108354,10,0.7652777777777777,-0.9953961983671789,0.09584575252022316,-0.1908089953765432,-0.9816271834476643,0.6352498486538989,0.858740563518746,1.4939904121726448,1.1763654878456955
79.3,3534.0,69.0,68.0,67.07927065117856,1.0256602302732478,226.0904386937538,252.41535849778506,2683.0,1297.0,2208.0,2087.2181663837014,2075240.0,15.544597609654232,31.976553910638962,1.0,0.9637140764441703,-187.0,3721.0,3558.3333333333335,-2.0,71.0,68.66666666666667,-2.0,70.0,68.66666666666667,-48.0,2731.0,2691.6666666666665,-136612.0,2211852.0,2087049.6666666667,0.007438520936839832,0.9562755555073305,0.962535187329323,128.90568033476598,38.16675751471223,10.450473423320586,28.77829330045648,39.173313875930134,10,0.7680555555555555,-0.9935718556765876,0.1132032137679057,-0.224951054343863,-0.9743700647852357,0.7217401312609066,0.835746284479717,1.5574864157406236,1.1966163501101703
79.5,3723.0,71.0,70.0,68.84962472700204,1.0215892396961221,226.42659426058657,252.67347533678972,2746.0,1323.0,2267.0,2106.303787268332,2257287.0,14.632588941186148,30.041637771599603,1.0,0.9628766745212284,189.0,3534.0,3659.3333333333335,2.0,69.0,70.33333333333333,2.0,68.0,69.33333333333333,63.0,2683.0,2720.0,182047.0,2075240.0,2181459.6666666665,-0.000837401922941905,0.9637140764441703,0.9609554354909097,128.56465381760165,38.304492137698126,10.450572532168415,28.851072252661822,39.19790227077673,10,0.7708333333333334,-0.9914448613738105,0.13052619222005127,-0.25881904510252013,-0.9659258262890684,0.6878841768107635,0.8101289029294776,1.4980130797402411,1.1540709913348595
79.7,3588.0,68.0,70.0,67.58981792037736,1.0109653916404782,226.5843794993936,252.61548468488562,2643.0,1302.0,2178.0,2059.8115942028985,2008620.0,13.34219804453457,27.37243138634199,1.0,0.9646324342085612,-135.0,3723.0,3615.0,-3.0,71.0,69.33333333333333,0.0,70.0,69.33333333333333,-103.0,2746.0,2690.6666666666665,-248667.0,2257287.0,2113715.6666666665,0.0017557596873327697,0.9628766745212284,0.9637410617246532,128.22362730043733,38.44222676068402,10.450671641016244,28.923851204867162,39.222490665623326,10,0.7736111111111111,-0.9890158633619168,0.14780941112961096,-0.2923717047227374,-0.9563047559630353,0.6397365479780255,0.7872411494718207,1.426977697449846,1.1071094234608334
79.9,3634.0,70.0,70.0,68.02170613537697,1.0192285159434729,226.1008263283888,252.91668225420344,2684.0,1305.0,2205.0100000000093,2082.5745734727575,2117086.0,15.455546564692073,31.78049716414141,1.0,0.9592789334018552,46.0,3588.0,3648.3333333333335,2.0,68.0,69.66666666666667,0.0,70.0,70.0,41.0,2643.0,2691.0,108466.0,2008620.0,2127664.3333333335,-0.005353500806705935,0.9646324342085612,0.9622626807105483,127.88260078327302,38.57996138366992,10.450770749864073,28.996630157072506,39.24707906046992,10,0.776388888888889,-0.9862856015372312,0.16504760586067868,-0.32556815445715864,-0.9455185755993162,0.5880311506436934,0.7918019888281076,1.3798331394718009,1.0858175641499543
80.1,3561.0,68.0,69.0,67.3350281710932,1.0178212401655777,226.3047563282771,252.59396979742775,2610.0,1304.0,2163.0,2050.0999719180004,1958913.0,12.503327680321824,25.5,1.0,0.9635542772956226,-73.0,3634.0,3594.3333333333335,-2.0,70.0,68.66666666666667,-1.0,70.0,69.66666666666667,-74.0,2684.0,2645.6666666666665,-158173.0,2117086.0,2028206.3333333333,0.0042753438937673804,0.9592789334018552,0.962488548302013,127.54157426610873,38.7176960066558,10.4508698587119,29.069409109277846,39.27166745531652,10,0.7791666666666666,-0.9832549075639547,0.18223552549214656,-0.35836794954529855,-0.9335804264972024,0.5865693440426585,0.7789902517224994,1.3655595957651578,1.0722749237438287
80.3,3503.0,67.0,67.0,66.78441528685622,1.037917160153163,226.11411565545146,253.04141384391784,2631.0,1279.0,2156.0,2065.0822152440765,1979483.0,16.586762057261712,34.058772731852805,1.0,0.9617263699662992,-58.0,3561.0,3566.0,-1.0,68.0,68.33333333333333,-2.0,69.0,68.66666666666667,21.0,2610.0,2641.6666666666665,20570.0,1958913.0,2018494.0,-0.0018279073293233639,0.9635542772956226,0.961519860221259,127.20054774894442,38.855430629641695,10.45096896755973,29.142188061483186,39.296255850163114,10,0.7819444444444444,-0.9799247046208297,0.19936793441719694,-0.3907311284892733,-0.9205048534524405,0.6673773002512328,0.7016630709296494,1.3690403711808823,1.0353517210552659
80.5,3420.0,68.0,67.0,65.98847810788074,1.0273532076728178,226.15669750497815,252.8696435973817,2596.0,1271.0,2116.0,2045.9526315789474,1867166.0,16.327981789974853,33.28738483701165,1.0,0.9687237235468084,-83.0,3503.0,3494.6666666666665,1.0,67.0,67.66666666666667,0.0,67.0,67.66666666666667,-35.0,2631.0,2612.3333333333335,-112317.0,1979483.0,1935187.3333333333,0.006997353580509125,0.9617263699662992,0.9646681236029101,126.85952123178009,38.99316525262759,10.451068076407559,29.21496701368853,39.32084424500971,10,0.7847222222222222,-0.9762960071199335,0.21643961393810246,-0.42261826174069866,-0.9063077870366504,0.7404175852496169,0.6652159250432256,1.4056335102928423,1.035424717668034
80.7,3580.0,69.0,69.0,67.514424904252,1.021070130025521,226.1425614048629,252.42902903081202,2642.0,1301.0,2171.0100000000093,2064.551396648045,2021115.0,14.392866357537692,29.47180785375327,1.0,0.9674338174720389,160.0,3420.0,3501.0,1.0,68.0,68.0,2.0,67.0,67.66666666666667,46.0,2596.0,2623.0,153949.0,1867166.0,1955921.3333333333,-0.0012899060747694202,0.9687237235468084,0.9659613036617154,126.51849471461577,39.13089987561349,10.451167185255388,29.287745965893873,39.345432639856305,10,0.7875000000000001,-0.9723699203976766,0.23344536385590567,-0.45399049973954725,-0.8910065241883677,0.6846049945771682,0.7551550818714299,1.439760076448598,1.097457579160014
80.9,3427.0,66.0,67.0,66.05597565555597,1.0038211443181855,226.3095256320971,252.7373844217703,2583.0,1279.0,2130.0,2045.11438576014,1868107.0,13.896194717479124,28.53506614676055,1.0,0.9670254434034025,-153.0,3580.0,3475.6666666666665,-3.0,69.0,67.66666666666667,-2.0,69.0,67.66666666666667,-59.0,2642.0,2607.0,-153008.0,2021115.0,1918796.0,-0.0004083740686364745,0.9674338174720389,0.9677276614740832,126.17746819745146,39.26863449859938,10.451266294103217,29.360524918099216,39.3700210347029,10,0.7902777777777779,-0.9681476403781077,0.25038000405444144,-0.4848096202463371,-0.8746197071393957,0.6067457185434911,0.8233757007617546,1.4301214193052458,1.1267485600335
81.1,3639.0,69.0,70.0,68.0684853900192,1.0092602963569812,226.3074211299641,252.6224953345698,2676.0,1308.0,2197.0,2074.7312448474854,2091447.0,13.641983828993771,28.044607324760317,1.0,0.9592808232768987,212.0,3427.0,3548.6666666666665,3.0,66.0,68.0,3.0,67.0,68.66666666666667,93.0,2583.0,2633.6666666666665,223340.0,1868107.0,1993556.3333333333,-0.007744620126503787,0.9670254434034025,0.96458002805078,125.83644168028717,39.406369121585264,10.451365402951046,29.433303870304552,39.3946094295495,10,0.7930555555555555,-0.9636304532086231,0.26723837607825673,-0.5150380749100539,-0.8571673007021124,0.5658913679680676,0.830281796800675,1.3961731647687428,1.113227480784709
81.3,3485.0,68.0,68.0,66.61261001793912,1.017641249790791,226.6155607829489,252.6058334809364,2601.0,1287.0,2135.0100000000093,2054.0470588235294,1930861.0,14.08931266510976,28.848743473503312,1.0,0.965182372009171,-154.0,3639.0,3517.0,-1.0,69.0,67.66666666666667,-2.0,70.0,68.33333333333333,-75.0,2676.0,2620.0,-160586.0,2091447.0,1963471.6666666667,0.0059015487322723326,0.9592808232768987,0.9638295462298241,125.49541516312286,39.54410374457116,10.451464511798873,29.506082822509896,39.41919782439609,10,0.7958333333333333,-0.9588197348681932,0.2840153447039223,-0.5446390350150265,-0.8386705679454244,0.5520493643679758,0.8075144672838098,1.3595638316517857,1.0835391494677977
81.5,3585.0,69.0,68.0,67.56155539858122,1.0070071520197212,226.45559854830853,252.83393706135385,2652.0,1302.0,2183.0,2069.2200836820084,2040682.0,14.334230779603525,29.231831964486933,1.0,0.9623135794798013,100.0,3485.0,3569.6666666666665,1.0,68.0,68.66666666666667,0.0,68.0,68.66666666666667,51.0,2601.0,2643.0,109821.0,1930861.0,2020996.6666666667,-0.002868792529369668,0.965182372009171,0.9622589249219571,125.15438864595853,39.681838367557056,10.451563620646702,29.57886177471524,39.44378621924269,10,0.7986111111111112,-0.9537169507482268,0.30070579950427345,-0.5735764363510467,-0.8191520442889914,0.5888468676790599,0.7823540021981664,1.3712008698772262,1.0767774360376963
81.7,3540.0,69.0,68.0,67.13618985586295,1.0283188405459212,226.25880421341407,252.6815870717643,2659.0,1292.0,2174.0,2070.8697740112993,2020879.0,15.356365364064736,31.5,1.0,0.9647816618412087,-45.0,3585.0,3536.6666666666665,0.0,69.0,68.66666666666667,0.0,68.0,68.0,7.0,2652.0,2637.3333333333335,-19803.0,2040682.0,1997474.0,0.0024680823614073866,0.9623135794798013,0.964092537776727,124.81336212879422,39.81957299054295,10.451662729494531,29.651640726920583,39.468374614089285,10,0.8013888888888889,-0.9483236552061993,0.31730465640509226,-0.6018150231520485,-0.7986355100472926,0.6190885197949668,0.7661905636444867,1.3852790834394535,1.0757348235419701
81.9,3455.0,67.0,68.0,66.32527894445667,1.0081155683559744,226.31440496486613,252.55699001579987,2612.0,1275.0,2135.0,2051.580607814761,1905711.0,15.126567238567537,31.11269837220809,1.0,0.9651993402987127,-85.0,3540.0,3526.6666666666665,-2.0,69.0,68.33333333333333,0.0,68.0,68.0,-47.0,2659.0,2641.0,-115168.0,2020879.0,1989090.6666666667,0.00041767845750395605,0.9647816618412087,0.9640981938732409,124.4723356116299,39.95730761352884,10.45176183834236,29.724419679125926,39.49296300893588,10,0.8041666666666667,-0.9426414910921784,0.3338068592337709,-0.6293203910498374,-0.7771459614569709,0.6225447840444446,0.7531333907516795,1.375678174796124,1.0644057827739017
82.1,3699.0,69.0,71.0,68.6273493293699,1.0070984362933737,226.28727146497118,252.3962107701151,2701.0,1313.0,2198.0,2077.082725060827,2134629.0,14.55819945837636,29.832867780352597,1.0,0.9529051652535405,244.0,3455.0,3564.6666666666665,2.0,67.0,68.33333333333333,3.0,68.0,69.0,89.0,2612.0,2657.3333333333335,228918.0,1905711.0,2020406.3333333333,-0.012294175045172162,0.9651993402987127,0.9609620557978206,124.1313090944656,40.09504223651473,10.45186094719019,29.797198631331263,39.51755140378248,10,0.8069444444444444,-0.936672189248398,0.3502073812594664,-0.6560590289905056,-0.7547095802227735,0.6451947278918924,0.7361603640784534,1.3813550919703457,1.0587577280243996
82.3,3510.0,68.0,68.0,66.8511092056102,1.011100369335689,226.38453821686707,252.80715255371413,2614.0,1277.0,2122.0100000000093,2047.5461538461539,1921887.0,15.068406611216124,31.0,1.0,0.9643423364641105,-189.0,3699.0,3554.6666666666665,-1.0,69.0,68.0,-3.0,71.0,69.0,-87.0,2701.0,2642.3333333333335,-212742.0,2134629.0,1987409.0,0.011437171210569974,0.9529051652535405,0.9608156140054546,123.7902825773013,40.232776859500625,10.451960056038018,29.869977583536606,39.54213979862907,10,0.8097222222222222,-0.9304175679820247,0.36650122672429686,-0.6819983600624978,-0.7313537016191711,0.6810165439067133,0.7349993332471149,1.4160158771538283,1.0755076052004715
82.5,3696.0,69.0,70.0,68.59951426461532,1.0099180790294866,226.34256374973205,252.7721528810587,2680.0,1304.0,2178.0,2071.781114718615,2113303.0,15.677351891314945,32.26840560052511,1.0,0.955224593917673,186.0,3510.0,3635.0,1.0,68.0,68.66666666666667,2.0,68.0,69.66666666666667,66.0,2614.0,2665.0,191416.0,1921887.0,2056606.3333333333,-0.00911774254643749,0.9643423364641105,0.957490698545108,123.44925606013697,40.37051148248652,10.452059164885846,29.94275653574195,39.56672819347567,10,0.8125,-0.9238795325112866,0.38268343236509,-0.7071067811865479,-0.7071067811865472,0.6090836870947126,0.81625085476687,1.4253345418615826,1.1207926983142262
82.7,3652.0,69.0,69.0,68.18996126537112,1.0176823490903455,226.47249186153277,252.59722302381323,2673.0,1296.0,2187.0,2074.075848849945,2096525.0,16.76638148381642,34.471002306286366,1.0,0.9653712691239075,-44.0,3696.0,3619.3333333333335,0.0,69.0,68.66666666666667,-1.0,70.0,69.0,-7.0,2680.0,2655.6666666666665,-16778.0,2113303.0,2043905.0,0.010146675206234468,0.955224593917673,0.961646066501897,123.10822954297267,40.50824610547241,10.452158273733675,30.01553548794729,39.591316588322265,10,0.8152777777777778,-0.917060074385124,0.39874906892524625,-0.7313537016191706,-0.6819983600624985,0.5291146580432756,0.8814463153092408,1.4105609733525164,1.1460036443308785
82.9,3548.0,68.0,69.0,67.21200714694032,1.0140950289179531,226.2917056474731,252.8246140963753,2618.0,1281.0,2148.0100000000093,2054.033540022548,1965728.0,15.216892747299937,31.32491021535417,1.0,0.9640896400722786,-104.0,3652.0,3632.0,-1.0,69.0,68.66666666666667,0.0,69.0,69.33333333333333,-55.0,2673.0,2657.0,-130797.0,2096525.0,2058518.6666666667,-0.0012816290516288742,0.9653712691239075,0.9615618343712864,122.76720302580834,40.645980728458305,10.452257382581504,30.088314440152633,39.61590498316886,10,0.8180555555555556,-0.9099612708765429,0.4146932426562397,-0.754709580222773,-0.6560590289905062,0.5378107060444308,0.868215652895573,1.4060263589400037,1.1371210059177883
83.1,3388.0,67.0,67.0,65.67903453586031,1.077946747689289,225.73298353525539,253.08512736210213,2603.0,1289.0,2122.0,2050.494687131051,1865076.0,13.32115339714438,27.294688127912362,1.0,0.9709566795133281,-160.0,3548.0,3529.3333333333335,-1.0,68.0,68.0,-2.0,69.0,68.33333333333333,-15.0,2618.0,2631.3333333333335,-100652.0,1965728.0,1975776.3333333333,0.006867039441049494,0.9640896400722786,0.9668058629031714,122.42617650864405,40.783715351444194,10.452356491429333,30.161093392357973,39.64049337801546,10,0.8208333333333333,-0.9025852843498607,0.4305110968082948,-0.7771459614569705,-0.629320391049838,0.5749965791350539,0.8480924716993243,1.423089050834378,1.1355907612668512
83.3,3508.0,68.0,68.0,66.83206059168721,1.0163076343964215,226.2063537909064,252.55507299471648,2620.0,1296.0,2162.0,2062.5709806157356,1973501.0,14.250044669870086,29.068883707497267,1.0,0.9648908209319377,120.0,3388.0,3481.3333333333335,1.0,67.0,67.66666666666667,1.0,67.0,68.0,17.0,2603.0,2613.6666666666665,108425.0,1865076.0,1934768.3333333333,-0.006065858581390415,0.9709566795133281,0.966645713505848,122.08514999147974,40.92144997443009,10.452455600277162,30.233872344563313,39.66508177286205,10,0.8236111111111111,-0.8949343616020253,0.44619781310980833,-0.7986355100472922,-0.6018150231520492,0.6189101003009716,0.8166138355685938,1.4355239358695653,1.1260688857190795
83.5,3247.0,66.0,66.0,64.29781335127248,1.0291721374896063,226.31721788510828,252.62845603969242,2519.0,1243.0,2058.0,2023.892824145365,1701080.0,15.890552594087165,32.5,1.0,0.9756248971241799,-261.0,3508.0,3381.0,-2.0,68.0,67.0,-2.0,68.0,67.0,-101.0,2620.0,2580.6666666666665,-272421.0,1973501.0,1846552.3333333333,0.010734076192242203,0.9648908209319377,0.9704907991898152,121.74412347431542,41.05918459741598,10.45255470912499,30.306651296768656,39.68967016770865,10,0.8263888888888888,-0.887010833178222,0.46174861323503325,-0.8191520442889909,-0.5735764363510473,0.6630773285621762,0.7831723135130776,1.4462496420752537,1.1147109777941657
83.7,3469.0,67.0,68.0,66.45952136967493,1.0370581524930436,225.63165115938182,252.75101864256845,2639.0,1289.0,2141.0100000000093,2062.446238108965,1951141.0,14.246042895470582,29.068883707497267,1.0,0.9673114346938535,222.0,3247.0,3408.0,1.0,66.0,67.0,2.0,66.0,67.33333333333333,120.0,2519.0,2592.6666666666665,250061.0,1701080.0,1875240.6666666667,-0.00831346243032638,0.9756248971241799,0.9692757175833236,121.4030969571511,41.196919220401874,10.452653817972818,30.379430248974,39.714258562555244,10,0.8291666666666667,-0.8788171126619654,0.47715876025960835,-0.8386705679454239,-0.5446390350150272,0.6587027905940891,0.8054851109684854,1.4641879015625745,1.13483650626553
83.9,3570.0,69.0,69.0,67.42006507490579,1.0122809500446597,226.28233557613626,252.70734773048753,2614.0,1307.0,2168.0,2060.0235294117647,1999313.0,11.919524188828335,24.60182920028509,1.0,0.9660723458507997,101.0,3469.0,3428.6666666666665,2.0,67.0,67.33333333333333,1.0,68.0,67.66666666666667,-25.0,2639.0,2590.6666666666665,48172.0,1951141.0,1883844.6666666667,-0.0012390888430537927,0.9673114346938535,0.9696695592229444,121.06207043998678,41.33465384338777,10.452752926820647,30.452209201179343,39.73884695740185,10,0.8319444444444445,-0.8703556959398998,0.4924235601034669,-0.857167300702112,-0.5150380749100546,0.5841271340381684,0.8543548015039798,1.438481935542148,1.146418368523064
84.1,3470.0,67.0,68.0,66.46909973988676,1.02264837146901,226.37194578196414,252.4601312549542,2595.0,1287.0,2141.0,2046.7942363112393,1897381.0,13.133474689727096,26.68332812825267,1.0,0.9683215969802585,-100.0,3570.0,3503.0,-2.0,69.0,67.66666666666667,-1.0,69.0,68.33333333333333,-19.0,2614.0,2616.0,-101932.0,1999313.0,1949278.3333333333,0.00224925112945884,0.9660723458507997,0.9672351258416372,120.95177868188003,41.3517352515214,10.468876217006203,30.54994371385707,39.81688356790491,10,0.8347222222222221,-0.861629160441526,0.5075383629607038,-0.8746197071393954,-0.48480962024633784,0.5638488095868525,0.8388854742405233,1.4027342838273757,1.1208098790339496
84.3,3294.0,64.0,67.0,64.76149365446743,1.0217743997625326,226.72926546909494,252.6636287292955,2647.0,1285.0,2138.0,2086.3582270795387,1931472.0,15.370423205013289,31.11269837220809,1.0,0.9816129874002834,-176.0,3470.0,3444.6666666666665,-3.0,67.0,66.66666666666667,-1.0,68.0,68.0,52.0,2595.0,2618.6666666666665,34091.0,1897381.0,1942722.0,0.013291390420024807,0.9683215969802585,0.9720023100771139,120.97992777920777,41.296424730743674,10.494614015994395,30.66265156281823,39.926989107801866,10,0.8374999999999999,-0.8526401643540925,0.5224985647159484,-0.8910065241883672,-0.45399049973954797,0.5476440096384468,0.8255498843236369,1.3731938939620836,1.0993718891428603
84.5,3549.0,69.0,68.0,67.22147829574334,1.007585089411853,225.76353592612705,252.76964516722677,2745.0,1304.0,2232.0100000000093,2121.630318399549,2206169.0,17.07475881571838,35.0,1.0,0.9649428488932624,255.0,3294.0,3437.6666666666665,5.0,64.0,66.66666666666667,1.0,67.0,67.66666666666667,98.0,2647.0,2662.3333333333335,274697.0,1931472.0,2011674.0,-0.016670138507020926,0.9816129874002834,0.9716258110912682,121.00807687653551,41.24111420996595,10.520351814982588,30.775359411779394,40.03709464769882,10,0.8402777777777778,-0.8433914458128857,0.5372996083468239,-0.90630778703665,-0.4226182617406994,0.4893626931990936,0.8461598653646005,1.335522558563694,1.0908412119641473
84.7,3377.0,67.0,67.0,65.57232604209374,1.0210796129146842,225.93481736734705,252.5590063358777,2637.0,1281.0,2178.0,2075.2407462244596,1942609.0,16.579402037227155,34.0147027033899,1.0,0.9680934248734563,-172.0,3549.0,3406.6666666666665,-2.0,69.0,66.66666666666667,-1.0,68.0,67.33333333333333,-108.0,2745.0,2676.3333333333335,-263560.0,2206169.0,2026750.0,0.0031505759801938593,0.9649428488932624,0.971549753722334,121.03622597386325,41.18580368918822,10.54608961397078,30.888067260740556,40.14720018759578,10,0.8430555555555556,-0.8338858220671683,0.551936985312058,-0.9205048534524402,-0.39073112848927405,0.5309578294233499,0.8396981758367345,1.3706560052600842,1.1051770905484093
84.9,3320.0,66.0,67.0,65.0165770286374,1.017352786465642,226.30776503907367,252.59810854431353,2569.0,1258.0,2140.0,2047.9301204819278,1819128.0,16.29830320272621,33.06433123473088,1.0,0.9732937979075689,-57.0,3377.0,3415.3333333333335,-1.0,67.0,67.33333333333333,0.0,67.0,67.33333333333333,-68.0,2637.0,2650.3333333333335,-123481.0,1942609.0,1989302.0,0.005200373034112582,0.9680934248734563,0.9687766905580958,121.064375071191,41.130493168410496,10.571827412958973,31.00077510970172,40.25730572749273,10,0.8458333333333334,-0.8241261886220154,0.5664062369248333,-0.9335804264972021,-0.35836794954529927,0.6044731866592407,0.8262934613304496,1.43076664798969,1.1285300546600698
85.1,3424.0,67.0,66.0,66.02705658420037,1.0207329483785068,226.4815216421547,252.5026039425776,2599.0,1280.0,2155.0,2053.2251752336447,1894249.0,15.24235914770597,31.11269837220809,1.0,0.97674540147573,104.0,3320.0,3373.6666666666665,1.0,66.0,66.66666666666667,-1.0,67.0,66.66666666666667,30.0,2569.0,2601.6666666666665,75121.0,1819128.0,1885328.6666666667,0.003451603568161099,0.9732937979075689,0.9727108747522517,121.09252416851874,41.07518264763278,10.597565211947162,31.113482958662875,40.36741126738968,10,0.848611111111111,-0.81411551835632,0.5807029557109386,-0.9455185755993158,-0.3255681544571594,0.6613319542885995,0.8011459731002328,1.4624779273888324,1.1318119502445327
85.3,3245.0,65.0,65.0,64.27800807947928,1.0291350674143096,226.3940945036406,252.54809392687864,2554.0,1250.0,2121.0,2041.784591679507,1758091.0,16.012580272304714,32.5,1.0,0.9779169565170404,-179.0,3424.0,3329.6666666666665,-2.0,67.0,66.0,-1.0,66.0,66.0,-45.0,2599.0,2574.0,-136158.0,1894249.0,1823822.6666666667,0.0011715550413103903,0.97674540147573,0.9759853853001131,121.12067326584648,41.019872126855056,10.623303010935354,31.226190807624036,40.477516807286634,10,0.8513888888888889,-0.8038568606172177,0.5948227867513407,-0.956304755963035,-0.29237170472273816,0.6397182703714419,0.7753355871144058,1.4150538574858478,1.0951947223001268
85.5,3453.0,67.0,67.0,66.30607926857473,1.0264214990270213,226.07033520735567,252.75528004501783,2601.0,1282.0,2165.0,2060.9643788010426,1937012.0,15.115813223931578,31.0,1.0,0.9681416532267224,208.0,3245.0,3374.0,2.0,65.0,66.33333333333333,2.0,65.0,66.0,47.0,2554.0,2584.6666666666665,178921.0,1758091.0,1863117.3333333333,-0.00977530329031795,0.9779169565170404,0.974268003739831,121.1488223631742,40.96456160607733,10.649040809923546,31.3388986565852,40.58762234718359,10,0.8541666666666666,-0.7933533402912352,0.6087614290087207,-0.9659258262890682,-0.2588190451025209,0.625358841352246,0.7554624997392034,1.3808213410914494,1.0681419204153264
85.7,3576.0,69.0,67.0,67.4766968069195,1.0292004912059733,226.52654567923594,252.52872430526332,2655.0,1294.0,2205.0,2077.478467561521,2065064.0,15.396278106353531,31.5,1.0,0.9725935854772539,123.0,3453.0,3424.6666666666665,2.0,67.0,67.0,0.0,67.0,66.33333333333333,54.0,2601.0,2603.3333333333335,128052.0,1937012.0,1920055.6666666667,0.004451932250531532,0.9681416532267224,0.9728840650736722,121.17697146050195,40.90925108529961,10.674778608911739,31.451606505546362,40.69772788708054,10,0.8569444444444445,-0.7826081568524136,0.6225146366376201,-0.9743700647852355,-0.22495105434386378,0.6036102720907089,0.770895239982251,1.37450551207296,1.0727003760276055
85.9,3409.0,68.0,66.0,65.88227081698209,1.067345722047831,225.80481558783254,252.5299698364949,2656.0,1291.0,2177.0100000000093,2077.083602229393,1967278.0,14.17270067957061,28.77933286231632,1.0,0.9693322448581237,-167.0,3576.0,3479.3333333333335,-1.0,69.0,68.0,-1.0,67.0,66.66666666666667,1.0,2655.0,2637.3333333333335,-97786.0,2065064.0,1989784.6666666667,-0.003261340619130193,0.9725935854772539,0.9700224945207001,121.20512055782969,40.85394056452188,10.700516407899931,31.564314354507527,40.807833426977496,10,0.8597222222222223,-0.7716245833877197,0.6360782202777643,-0.9816271834476641,-0.19080899537654397,0.5363852726935723,0.8381065517802856,1.374491824473858,1.1062991881270718
86.1,3385.0,66.0,66.0,65.64994942060905,1.0381212934333726,226.11048137609356,252.84392475986346,2589.0,1267.0,2148.0,2057.1054652880352,1885802.0,16.146465099586532,33.0,1.0,0.9681960248212697,-24.0,3409.0,3456.6666666666665,-2.0,68.0,67.66666666666667,0.0,66.0,66.33333333333333,-67.0,2656.0,2633.3333333333335,-81476.0,1967278.0,1972714.6666666667,-0.0011362200368540964,0.9693322448581237,0.9700406183855491,121.23326965515743,40.79863004374416,10.726254206888122,31.67702220346868,40.917938966874445,10,0.8624999999999999,-0.7604059656000314,0.6494480483301832,-0.9876883405951375,-0.15643446504023217,0.5054097615533947,0.8673885570060429,1.3727983185594377,1.1200934377827403
86.3,3599.0,69.0,69.0,67.69334621291705,1.0251542030551406,225.9676421466013,252.86089513191033,2704.0,1299.0,2232.0100000000093,2090.9274798555152,2126751.0,16.988846265191498,34.34020966738555,1.0,0.9654665731907497,214.0,3385.0,3464.3333333333335,3.0,66.0,67.66666666666667,3.0,66.0,67.0,115.0,2589.0,2649.6666666666665,240949.0,1885802.0,1993277.0,-0.0027294516305199634,0.9681960248212697,0.9676649476233811,121.26141875248517,40.74331952296644,10.751992005876314,31.789730052429846,41.0280445067714,10,0.8652777777777777,-0.7489557207890026,0.6626200482157368,-0.9925461516413219,-0.12186934340514917,0.5447689743292549,0.8363084184969392,1.381077392826194,1.1086929056615666
86.5,3182.0,65.0,63.0,63.650987669849144,1.0586606564347196,226.3494950824593,252.71172367044326,2500.0,1252.0,2049.0,2010.9085480829667,1625711.0,12.490070100880603,25.894014752448104,1.0,0.9805931066468764,-417.0,3599.0,3388.6666666666665,-4.0,69.0,66.66666666666667,-6.0,69.0,66.0,-204.0,2704.0,2597.6666666666665,-501040.0,2126751.0,1879421.3333333333,0.01512653345612669,0.9654665731907497,0.9714185682196318,121.28956784981291,40.688009002188714,10.777729804864506,31.902437901391007,41.13815004666836,10,0.8680555555555556,-0.7372773368101242,0.6755902076156601,-0.9961946980917455,-0.0871557427476585,0.6012058156858716,0.8073556149103956,1.4085614305962673,1.1079585227533315
86.7,3506.0,68.0,68.0,66.81300654694024,1.0177315888753318,226.1764472249079,252.57109179026824,2623.0,1281.0,2161.0100000000093,2057.2706788362807,1953791.0,15.2862632870986,31.32491021535417,1.0,0.9658899032701042,324.0,3182.0,3429.0,3.0,65.0,67.33333333333333,5.0,63.0,66.66666666666667,123.0,2500.0,2609.0,328080.0,1625711.0,1902084.3333333333,-0.014703203376772223,0.9805931066468764,0.97064986103591,121.31771694714065,40.63269848141099,10.803467603852697,32.01514575035217,41.24825558656531,10,0.8708333333333333,-0.7253743710122879,0.6883545756937537,-0.9986295347545738,-0.052335956242944556,0.6155267470862738,0.8006577441318049,1.4161844912180785,1.1084211176749417
86.9,3576.0,69.0,69.0,67.4766968069195,1.0110809462222567,226.1189797954363,252.71103623640738,2645.0,1291.0,2144.0100000000093,2054.1613534675616,1981681.0,14.260089377341442,29.231831964486933,1.0,0.9580931542463191,70.0,3506.0,3421.3333333333335,1.0,68.0,67.33333333333333,1.0,68.0,66.66666666666667,22.0,2623.0,2589.3333333333335,27890.0,1953791.0,1853727.6666666667,-0.007796749023785021,0.9658899032701042,0.9681920547210998,121.3458660444684,40.57738796063327,10.82920540284089,32.12785359931333,41.35836112646226,10,0.8736111111111112,-0.7132504491541813,0.7009092642998511,-0.9998476951563913,-0.017452406437282856,0.6103882650460647,0.8011662914563455,1.4115545565024101,1.1063604239793778
87.1,3448.0,68.0,68.0,66.25805573850504,1.0248200671320402,226.1702581801892,252.46839545762145,2599.0,1280.0,2132.0,2047.7163573085847,1888526.0,15.048603452923423,31.0,1.0,0.9682027147097789,-128.0,3576.0,3510.0,-1.0,69.0,68.33333333333333,-1.0,69.0,68.33333333333333,-46.0,2645.0,2622.3333333333335,-93155.0,1981681.0,1941332.6666666667,0.010109560463459788,0.9580931542463191,0.9640619240754007,121.37401514179614,40.52207743985554,10.85494320182908,32.24056144827449,41.46846666635921,10,0.8763888888888888,-0.7009092642998515,0.7132504491541811,-0.9998476951563913,0.017452406437282,0.6038059457823929,0.8048140105135552,1.408619956295948,1.1067169834047517
87.3,3496.0,68.0,68.0,66.7176546979443,1.0072842849463937,226.4015228353367,252.60940696872632,2607.0,1284.0,2153.0,2056.704233409611,1946241.0,15.117847368093406,31.0,1.0,0.9652848747919708,48.0,3448.0,3506.6666666666665,0.0,68.0,68.33333333333333,0.0,68.0,68.33333333333333,8.0,2599.0,2617.0,57715.0,1888526.0,1938816.0,-0.0029178399178081404,0.9682027147097789,0.9638602479160229,121.40216423912388,40.46676691907782,10.880681000817273,32.35326929723565,41.57857220625617,10,0.8791666666666667,-0.688354575693754,0.7253743710122876,-0.9986295347545738,0.052335956242943696,0.6002022541579065,0.8016064130321137,1.4018086671900203,1.101707540111067
87.5,3562.0,68.0,68.0,67.34448201854886,1.016067671612762,226.4094482887008,252.39477024902067,2635.0,1293.0,2173.0,2067.027512633352,2019752.0,15.382925640729201,31.5,1.0,0.9646719003125136,66.0,3496.0,3502.0,0.0,68.0,68.0,0.0,68.0,68.0,28.0,2607.0,2613.6666666666665,73511.0,1946241.0,1951506.3333333333,-0.0006129744794571845,0.9652848747919708,0.966053163271421,121.43031333645162,40.411456398300096,10.906418799805465,32.46597714619681,41.68867774615312,10,0.8819444444444444,-0.6755902076156605,0.7372773368101239,-0.9961946980917455,0.08715574274765764,0.6469210756566085,0.7807621839432006,1.427683259599809,1.1042227217715048
87.7,3611.0,69.0,70.0,67.80610589053667,1.0181852275488605,226.40765817699383,252.72897519290802,2673.0,1297.0,2203.0,2084.8842425920798,2112017.0,16.86271570211819,34.5,1.0,0.9620609114415273,49.0,3562.0,3556.3333333333335,1.0,68.0,68.33333333333333,2.0,68.0,68.66666666666667,38.0,2635.0,2638.3333333333335,92265.0,2019752.0,2026003.3333333333,-0.0026109888709863194,0.9646719003125136,0.9640058955153372,121.45846243377936,40.35614587752237,10.932156598793657,32.57868499515798,41.798783286050075,10,0.8847222222222223,-0.6626200482157372,0.7489557207890024,-0.992546151641322,0.12186934340514832,0.6906938282249572,0.7736648576648433,1.4643586858898006,1.119011771777322
87.9,3661.0,70.0,69.0,68.27393333678258,1.0169139212375689,226.2298867806742,252.7325517384889,2681.0,1317.0,2204.0,2077.568970226714,2114480.0,13.602116960892587,27.730849247724095,1.0,0.961291665090235,50.0,3611.0,3611.3333333333335,1.0,69.0,69.0,-1.0,70.0,69.0,8.0,2673.0,2663.0,2463.0,2112017.0,2082083.0,-0.0007692463512922743,0.9620609114415273,0.9626748256147586,121.4866115311071,40.30083535674465,10.95789439778185,32.69139284411914,41.90888882594703,10,0.8875000000000001,-0.6494480483301834,0.760405965600031,-0.9876883405951377,0.1564344650402313,0.6121968312428894,0.8191611045608576,1.431357935803747,1.1252595201823024
88.1,3570.0,69.0,68.0,67.42006507490579,1.0239300014344752,226.21722088071385,252.64725495350055,2661.0,1297.0,2180.0100000000093,2071.1943977591036,2039171.0,14.446721346740821,29.5,1.0,0.9639088629644106,-91.0,3661.0,3614.0,-1.0,70.0,69.33333333333333,-1.0,69.0,69.0,-20.0,2681.0,2671.6666666666665,-75309.0,2114480.0,2088556.0,0.002617197874175581,0.961291665090235,0.9624204798320576,121.51476062843483,40.245524835966926,10.98363219677004,32.804100693080294,42.01899436584398,10,0.8902777777777777,-0.6360782202777646,0.7716245833877194,-0.9816271834476643,0.19080899537654314,0.473622685277088,0.9082458016760194,1.3818684869531075,1.1450571443145634
88.3,3432.0,67.0,67.0,66.10414599350845,1.0315459887154412,226.39490165811566,252.75033212923307,2587.0,1276.0,2149.0,2052.695804195804,1896852.0,15.143289683352219,31.0,1.0,0.9708190201449559,-138.0,3570.0,3554.3333333333335,-2.0,69.0,68.66666666666667,-1.0,68.0,68.0,-74.0,2661.0,2643.0,-142319.0,2039171.0,2016834.3333333333,0.006910157180545329,0.9639088629644106,0.9653398493998672,121.54290972576257,40.1902143151892,11.009369995758231,32.91680854204146,42.12909990574093,10,0.8930555555555555,-0.6225146366376204,0.7826081568524133,-0.9743700647852357,0.22495105434386295,0.4708217939216837,0.9164463548100962,1.38726814873178,1.151857251770938
88.5,3392.0,66.0,68.0,65.71779466584124,1.0132914758189822,226.38367315724645,252.65508808411556,2575.0,1274.0,2121.0,2043.5580778301887,1843750.0,13.963122439107602,28.622543562723422,1.0,0.9698017627118644,-40.0,3432.0,3464.6666666666665,-1.0,67.0,67.33333333333333,1.0,67.0,67.66666666666667,-12.0,2587.0,2607.6666666666665,-53102.0,1896852.0,1926591.0,-0.0010172574330915563,0.9708190201449559,0.9681765486070769,121.57105882309031,40.13490379441148,11.035107794746423,33.02951639100262,42.239205445637886,10,0.8958333333333334,-0.6087614290087209,0.7933533402912349,-0.9659258262890685,0.2588190451025201,0.5148219474913077,0.8722452421528568,1.3870671896441646,1.1296562158985108
88.7,3490.0,68.0,68.0,66.6603781201826,1.0206435285733646,226.210440351824,252.52828688757694,2617.0,1292.0,2160.0,2061.2014326647563,1958593.0,14.253778526058415,29.068883707497267,1.0,0.9679800754929687,98.0,3392.0,3438.0,2.0,66.0,67.0,0.0,68.0,67.66666666666667,42.0,2575.0,2593.0,114843.0,1843750.0,1899731.6666666667,-0.0018216872188956401,0.9698017627118644,0.9695336194499298,121.59920792041805,40.079593273633755,11.060845593734616,33.14222423996378,42.34931098553484,10,0.8986111111111111,-0.594822786751341,0.8038568606172175,-0.9563047559630353,0.2923717047227373,0.5328987471259968,0.8393326419921832,1.37223138911818,1.1057820155551816
88.9,3575.0,69.0,70.0,67.4672614860586,1.0359879236357006,226.2486926997442,252.6742836797224,2692.0,1298.0,2233.0,2099.431048951049,2142996.0,16.977931435653815,34.539832078341085,1.0,0.9707484288351448,85.0,3490.0,3485.6666666666665,1.0,68.0,67.66666666666667,2.0,68.0,68.66666666666667,75.0,2617.0,2628.0,184403.0,1958593.0,1981779.6666666667,0.0027683533421760664,0.9679800754929687,0.969510089013326,121.6273570177458,40.02428275285603,11.086583392722808,33.254932088924946,42.4594165254318,10,0.901388888888889,-0.5807029557109389,0.8141155183563198,-0.9455185755993162,0.3255681544571586,0.49771836757340765,0.8669282453971465,1.3646466129705541,1.1157874291838503
89.1,3576.0,69.0,68.0,67.4766968069195,1.0067391416245826,226.1277154065181,252.44955790092845,2660.0,1310.0,2197.0,2076.2055369127515,2060515.0,13.473584698872413,27.51363298439521,1.0,0.961251434714137,1.0,3575.0,3547.0,0.0,69.0,68.66666666666667,-2.0,70.0,68.66666666666667,-32.0,2692.0,2656.3333333333335,-82481.0,2142996.0,2054034.6666666667,-0.009496994121007796,0.9707484288351448,0.9666599796807502,121.65550611507354,39.96897223207831,11.112321191710999,33.3676399378861,42.56952206532874,10,0.9041666666666666,-0.5664062369248336,0.8241261886220151,-0.9335804264972024,0.3583679495452985,0.4988515462030566,0.8804237770829562,1.3792753232860129,1.1298495501844845
89.3,3563.0,68.0,69.0,67.35393453905559,1.0074275061418352,226.3067427638422,252.65911727604242,2642.0,1293.0,2177.0,2070.6890261015997,2033386.0,15.332425963504086,31.5,1.0,0.9621095060160737,-13.0,3576.0,3571.3333333333335,-1.0,69.0,68.66666666666667,1.0,68.0,69.0,-18.0,2660.0,2664.6666666666665,-27129.0,2060515.0,2078965.6666666667,0.0008580713019367137,0.961251434714137,0.9647031231884519,121.68365521240128,39.913661711300584,11.138058990699191,33.48034778684726,42.6796276052257,10,0.9069444444444444,-0.5519369853120584,0.833885822067168,-0.9205048534524405,0.39073112848927327,0.5757676416544937,0.8455256043026043,1.421293245957098,1.1334094251298512
89.5,3683.0,71.0,70.0,68.47876490752155,1.0196985663677263,226.04746606024423,252.4525418197865,2708.0,1310.0,2211.0200000000186,2085.7594352430083,2157370.0,15.593028851231072,32.0,1.0,0.9551759781585912,120.0,3563.0,3607.3333333333335,3.0,68.0,69.33333333333333,1.0,69.0,69.0,66.0,2642.0,2670.0,123984.0,2033386.0,2083757.0,-0.006933527857482469,0.9621095060160737,0.9595123062962673,121.71180430972902,39.85835119052286,11.163796789687384,33.593055635808426,42.78973314512265,10,0.9097222222222222,-0.5372996083468242,0.8433914458128855,-0.9063077870366504,0.4226182617406986,0.6569561738057804,0.802010066933921,1.4589662407397013,1.130488153836811
89.7,3455.0,67.0,67.0,66.32527894445667,1.0106564514806298,226.2290916453353,252.65847156540897,2590.0,1269.0,2116.0100000000093,2040.3672937771346,1866969.0,14.978445265333978,31.0,1.0,0.965549508320706,-228.0,3683.0,3567.0,-4.0,71.0,68.66666666666667,-3.0,70.0,68.66666666666667,-118.0,2708.0,2646.6666666666665,-290401.0,2157370.0,2019241.6666666667,0.01037353016211473,0.9551759781585912,0.9609449974984571,121.73995340705676,39.80304066974514,11.189534588675576,33.70576348476959,42.89983868501961,10,0.9125000000000001,-0.5224985647159487,0.8526401643540923,-0.8910065241883677,0.4539904997395472,0.662351982155541,0.7966621782589989,1.45901416041454,1.1278381693367694
89.9,3532.0,68.0,69.0,67.06028684701994,1.015749253416584,226.26148768555782,252.6127495345535,2639.0,1287.0,2158.0,2058.7129105322765,1973378.0,15.12958995125002,31.304951684997057,1.0,0.9627603023850474,77.0,3455.0,3556.6666666666665,1.0,67.0,68.66666666666667,2.0,67.0,68.66666666666667,49.0,2590.0,2645.6666666666665,106409.0,1866969.0,1999239.0,-0.0027892059356585674,0.965549508320706,0.9611619296214483,121.7681025043845,39.74773014896741,11.215272387663768,33.818471333730756,43.00994422491656,10,0.9152777777777779,-0.5075383629607042,0.8616291604415257,-0.8746197071393957,0.48480962024633706,0.5948994425562173,0.825944379204359,1.4208438217605763,1.1233941004824677
90.1,3408.0,67.0,66.0,65.872607117507,1.0261091634552226,226.3512310191671,252.49046590465582,2583.0,1282.0,2138.0100000000093,2045.8233568075118,1860174.0,13.135109474969846,26.63174797117155,1.0,0.9705962990558947,-124.0,3532.0,3465.0,-1.0,68.0,67.33333333333333,-3.0,69.0,67.33333333333333,-56.0,2639.0,2604.0,-113204.0,1973378.0,1900173.6666666667,0.007835996670847334,0.9627603023850474,0.966302036587216,121.79625160171224,39.69241962818969,11.241010186651957,33.931179182691906,43.12004976481351,10,0.9180555555555555,-0.4924235601034673,0.8703556959398996,-0.8571673007021124,0.5150380749100539,0.5091391141627776,0.8650071300575455,1.3741462442203232,1.1195766871389343
90.3,3516.0,69.0,68.0,66.90822250881301,1.0063825699304874,226.48623728381475,252.8865057703358,2613.0,1286.0,2162.0200000000186,2062.2889647326506,1977008.0,14.26148585118464,29.0,1.0,0.9671584535823831,108.0,3408.0,3485.3333333333335,2.0,67.0,68.0,2.0,66.0,67.66666666666667,30.0,2583.0,2611.6666666666665,116834.0,1860174.0,1936853.3333333333,-0.0034378454735116692,0.9705962990558947,0.9668383516744417,121.82440069903998,39.637109107411966,11.26674798564015,34.04388703165307,43.230155304710465,10,0.9208333333333333,-0.47715876025960874,0.8788171126619652,-0.8386705679454244,0.5446390350150264,0.5009035349024259,0.8539268626865485,1.3548303975889744,1.1043786301377614
90.5,3547.0,68.0,68.0,67.20253466332667,1.0151108543657847,226.34114161785868,252.83522881549862,2646.0,1293.0,2169.0100000000093,2067.952354102058,2014539.0,15.452517979900918,31.622776601683793,1.0,0.9639590000491428,31.0,3516.0,3490.3333333333335,-1.0,69.0,68.0,0.0,68.0,67.33333333333333,33.0,2613.0,2614.0,37531.0,1977008.0,1950573.6666666667,-0.0031994535332402485,0.9671584535823831,0.9672379175624736,122.09924544293864,39.6662596387061,11.31271653635891,34.14692658198512,43.364777476584756,10,0.9236111111111112,-0.46174861323503363,0.8870108331782218,-0.8191520442889915,0.5735764363510466,0.5998330826050978,0.7875195349120369,1.3873526175171347,1.0874360762145858
90.7,3460.0,68.0,68.0,66.373253836042,1.0290449620413091,226.36925742882423,252.5710108393716,2597.0,1271.0,2116.0,2043.2187861271677,1879549.0,15.0858815665548,31.11269837220809,1.0,0.9654619273027731,-87.0,3547.0,3507.6666666666665,0.0,68.0,68.33333333333333,0.0,68.0,68.0,-49.0,2646.0,2618.6666666666665,-134990.0,2014539.0,1957032.0,0.0015029272536303262,0.9639590000491428,0.9655264603114331,122.55643044734626,39.75783790414031,11.373638251400264,34.24281999854783,43.517520637311854,10,0.9263888888888889,-0.4461978131098087,0.8949343616020251,-0.7986355100472927,0.6018150231520485,0.5832771506070538,0.8207765634168297,1.4040537140238833,1.1124151387203565
90.9,3469.0,68.0,67.0,66.45952136967493,1.027024706119039,226.18633271861822,252.67026659860275,2597.0,1282.0,2157.0100000000093,2056.79388872874,1931526.0,14.085694984712253,28.74456470360962,1.0,0.9669163138368316,9.0,3460.0,3492.0,0.0,68.0,68.0,-1.0,68.0,67.66666666666667,0.0,2597.0,2613.3333333333335,51977.0,1879549.0,1941871.3333333333,0.0014543865340584938,0.9654619273027731,0.9654457470629159,123.01361545175386,39.849416169574525,11.434559966441617,34.33871341511053,43.67026379803896,10,0.9291666666666667,-0.43051109680829525,0.9025852843498606,-0.777145961456971,0.6293203910498373,0.5526331487999778,0.862348350752133,1.4149814995521108,1.138664925152122
91.1,3195.0,63.0,66.0,63.7808775843422,1.0819645302562757,226.27805560775744,252.09390479306018,2581.0,1245.0,2096.0,2039.6169014084508,1724076.0,16.005750226934264,32.59601202601324,1.0,0.977691238669293,-274.0,3469.0,3374.6666666666665,-5.0,68.0,66.33333333333333,-1.0,67.0,67.0,-16.0,2597.0,2591.6666666666665,-207450.0,1931526.0,1845050.3333333333,0.010774924832461341,0.9669163138368316,0.9700231599362992,123.47080045616146,39.940994435008726,11.495481681482966,34.434606831673236,43.82300695876605,10,0.9319444444444444,-0.4146932426562401,0.9099612708765428,-0.7547095802227736,0.6560590289905055,0.5623696380424531,0.8641617892478093,1.4265314272902623,1.1453466082690358
91.3,3539.0,68.0,68.0,67.12670667340788,1.011074529471383,226.28165902121296,252.61943026585902,2627.0,1289.0,2144.0,2057.459734388245,1972869.0,14.196432682433347,29.068883707497267,1.0,0.9596577370317035,344.0,3195.0,3401.0,5.0,63.0,66.33333333333333,2.0,66.0,67.0,46.0,2581.0,2601.6666666666665,248793.0,1724076.0,1876157.0,-0.018033501637589433,0.977691238669293,0.9680884298459427,123.92798546056908,40.03257270044294,11.55640339652432,34.53050024823594,43.975750119493156,10,0.9347222222222222,-0.39874906892524664,0.9170600743851238,-0.7313537016191711,0.6819983600624978,0.52070254078507,0.8968488198782079,1.417551360663278,1.1572000902707429
91.5,3600.0,69.0,69.0,67.70275002573075,1.0034387134387561,226.3134001664386,252.78108823056002,2662.0,1292.0,2170.0100000000093,2067.7769444444443,2044041.0,16.71096906330973,34.077118422777474,1.0,0.9595242952563084,61.0,3539.0,3444.6666666666665,1.0,68.0,66.66666666666667,1.0,68.0,67.66666666666667,35.0,2627.0,2623.3333333333335,71172.0,1972869.0,1913662.0,-0.0001334417753950934,0.9596577370317035,0.965624423652435,124.3851704649767,40.12415096587715,11.617325111565675,34.62639366479865,44.12849328022026,10,0.9375,-0.3826834323650904,0.9238795325112865,-0.7071067811865485,0.7071067811865466,0.5350963380940433,0.8987962912786427,1.4338926293726861,1.1663444603256643
91.7,3325.0,66.0,67.0,65.06551687525749,1.0295354404827133,226.18865026296123,252.716160290195,2561.0,1255.0,2103.0,2037.2586466165415,1786385.0,16.143546765442526,32.96209944769902,1.0,0.9719466968206741,-275.0,3600.0,3488.0,-3.0,69.0,67.66666666666667,-2.0,69.0,68.0,-101.0,2662.0,2616.6666666666665,-257656.0,2044041.0,1934431.6666666667,0.012422401564365693,0.9595242952563084,0.963709576369562,124.84235546938432,40.215729231311364,11.678246826607028,34.72228708136135,44.28123644094736,10,0.9402777777777778,-0.36650122672429725,0.9304175679820246,-0.6819983600624985,0.7313537016191705,0.6238781459861155,0.8622858293069373,1.4861639752930529,1.174224902299995
91.9,3473.0,67.0,68.0,66.49782657249197,1.024659640948667,226.369412671997,252.78663604787084,2638.0,1278.0,2166.0,2069.7497840483734,1978745.0,16.516261143158427,33.737960815674676,1.0,0.9710220366949759,148.0,3325.0,3466.0,1.0,66.0,67.33333333333333,1.0,67.0,68.0,77.0,2561.0,2620.3333333333335,192360.0,1786385.0,1936390.3333333333,-0.0009246601256982512,0.9719466968206741,0.9674976762573194,125.29954047379192,40.30730749674557,11.739168541648382,34.81818049792406,44.433979601674466,10,0.9430555555555556,-0.3502073812594668,0.9366721892483979,-0.6560590289905063,0.7547095802227729,0.6378148041730707,0.8794147473100293,1.5172295514831,1.1983221493965646
92.1,3407.0,67.0,67.0,65.8629420001316,1.010522101414158,226.194060655637,252.3557694680464,2611.0,1275.0,2161.0100000000093,2059.0316994423247,1904621.0,16.320247366508386,33.5,1.0,0.9705012178275888,-66.0,3473.0,3401.6666666666665,0.0,67.0,66.66666666666667,-1.0,68.0,67.33333333333333,-27.0,2638.0,2603.3333333333335,-74124.0,1978745.0,1889917.0,-0.000520818867387085,0.9710220366949759,0.9711566504477464,125.75672547819951,40.39888576217978,11.800090256689732,34.91407391448676,44.58672276240156,10,0.9458333333333333,-0.3338068592337713,0.9426414910921783,-0.6293203910498381,0.7771459614569703,0.5450496096597414,0.9123557453784384,1.4574053550381798,1.184880550208309
92.3,3472.0,67.0,67.0,66.48825234069915,1.020630152075065,226.16472010750147,252.83171852495371,2632.0,1283.0,2167.0,2066.9196428571427,1968349.0,15.396800958400004,31.5,1.0,0.968029043629966,65.0,3407.0,3450.6666666666665,0.0,67.0,67.0,0.0,67.0,67.33333333333333,21.0,2611.0,2627.0,63728.0,1904621.0,1950571.6666666667,-0.0024721741976228007,0.9705012178275888,0.9698507660508436,126.21391048260713,40.490464027613996,11.861011971731086,35.00996733104947,44.73946592312866,10,0.9486111111111111,-0.3173046564050927,0.9483236552061991,-0.6018150231520493,0.7986355100472922,0.4905015635606372,0.9259951964437673,1.4164967600044045,1.1712459782240858
92.5,3240.0,65.0,67.0,64.22846818149976,1.0152861309355659,226.4891202499939,252.73335394377162,2511.0,1246.0,2074.0,2018.1361111111112,1678763.0,14.48565984884469,30.0,1.0,0.9752591640392361,-232.0,3472.0,3373.0,-2.0,67.0,66.33333333333333,0.0,67.0,67.0,-121.0,2632.0,2584.6666666666665,-289586.0,1968349.0,1850577.6666666667,0.007230120409270069,0.968029043629966,0.9712631418322637,126.67109548701475,40.582042293048204,11.921933686772439,35.10586074761217,44.89220908385577,10,0.9513888888888888,-0.30070579950427384,0.9537169507482267,-0.5735764363510474,0.8191520442889909,0.5051494412611098,0.9237656717036782,1.428915112964788,1.176340392334233
92.7,3605.0,68.0,69.0,67.74974951075659,1.026162623639077,226.32455451117346,252.702611595317,2678.0,1299.0,2209.0,2087.457975034674,2117810.0,16.931120813576886,34.66987164671943,1.0,0.9636095778185956,365.0,3240.0,3439.0,3.0,65.0,66.66666666666667,2.0,67.0,67.66666666666667,167.0,2511.0,2607.0,439047.0,1678763.0,1921640.6666666667,-0.011649586220640495,0.9752591640392361,0.9689659284959324,127.12828049142237,40.67362055848241,11.982855401813794,35.20175416417488,45.044952244582866,10,0.9541666666666667,-0.2840153447039227,0.958819734868193,-0.5446390350150272,0.8386705679454239,0.567733476168914,0.8788941070279966,1.4466275831969106,1.1627608451124536
92.9,3325.0,64.0,67.0,65.06551687525749,1.0086202917354337,226.22947135367264,252.67422294034458,2616.0,1274.0,2149.0,2058.0318796992483,1855456.0,14.108142342999024,28.74456470360962,1.0,0.9777747356983943,-280.0,3605.0,3390.0,-4.0,68.0,65.66666666666667,-2.0,69.0,67.66666666666667,-62.0,2678.0,2601.6666666666665,-262354.0,2117810.0,1884009.6666666667,0.014165157879798773,0.9636095778185956,0.972214492518742,127.58546549583,40.76519882391663,12.043777116855148,35.29764758073758,45.19769540530997,10,0.9569444444444445,-0.2672383760782571,0.963630453208623,-0.5150380749100547,0.857167300702112,0.6175378143376143,0.8152048071306622,1.4327426214682766,1.1239737142994695
93.1,3405.0,66.0,67.0,65.84360750918215,1.01180654102277,226.0845193200454,252.7745641777979,2600.0,1274.0,2157.0,2058.9212922173274,1903131.0,15.140620701907459,31.01713205189818,1.0,0.9680904782697565,80.0,3325.0,3445.0,2.0,64.0,66.0,0.0,67.0,67.66666666666667,-16.0,2616.0,2631.3333333333335,47675.0,1855456.0,1958799.0,-0.009684257428637877,0.9777747356983943,0.9698249305955821,128.04265050023758,40.856777089350835,12.104698831896497,35.393540997300285,45.35043856603706,10,0.9597222222222221,-0.2503800040544419,0.9681476403781076,-0.4848096202463379,0.8746197071393953,0.5968997777277408,0.8146436632130214,1.4115434409407621,1.1130935520768919
93.3,3392.0,67.0,67.0,65.71779466584124,1.0211560793063943,226.22739345774556,252.53037302659644,2589.0,1273.0,2164.0,2061.192216981132,1903566.0,15.065106030524475,31.0,1.0,0.9715061101112333,-13.0,3405.0,3374.0,1.0,66.0,65.66666666666667,0.0,67.0,67.0,-11.0,2600.0,2601.6666666666665,435.0,1903131.0,1887384.3333333333,0.0034156318414768627,0.9680904782697565,0.9724571080264613,128.4998355046452,40.94835535478504,12.165620546937852,35.48943441386299,45.50318172676417,10,0.9624999999999999,-0.23344536385590609,0.9723699203976764,-0.453990499739548,0.8910065241883672,0.5174649934492942,0.8823221307306346,1.399787124179929,1.1410546274552817
93.5,3464.0,66.0,68.0,66.41160879667503,1.0085014538135268,225.84315250017568,252.59478732695533,2660.0,1282.0,2172.0,2075.132794457275,1992278.0,16.85450785990641,34.5,1.0,0.9668700853997283,72.0,3392.0,3420.3333333333335,-1.0,67.0,66.33333333333333,1.0,67.0,67.33333333333333,71.0,2589.0,2616.3333333333335,88712.0,1903566.0,1932991.6666666667,-0.004636024711505038,0.9715061101112333,0.9688222245935728,128.9570205090528,41.03993362021926,12.226542261979205,35.5853278304257,45.655924887491274,10,0.9652777777777778,-0.21643961393810288,0.9762960071199334,-0.42261826174069944,0.9063077870366499,0.5323822999017519,0.8870544774504118,1.4194367773521637,1.1532456274012877
93.7,3563.0,69.0,69.0,67.35393453905559,1.0256379685673909,225.82068241383814,252.70946984244316,2682.0,1298.0,2205.0100000000093,2082.444849845636,2075256.0,15.576665001225896,31.945265689926575,1.0,0.9624094569537445,99.0,3464.0,3473.0,3.0,66.0,67.33333333333333,1.0,68.0,68.0,22.0,2660.0,2643.6666666666665,82978.0,1992278.0,1990366.6666666667,-0.0044606284459838275,0.9668700853997283,0.9669285508215687,129.41420551346042,41.13151188565347,12.28746397702056,35.6812212469884,45.80866804821837,10,0.9680555555555556,-0.19936793441719736,0.9799247046208296,-0.3907311284892741,0.9205048534524402,0.5565763609523704,0.8816009823294061,1.4381773432817766,1.1598891628055914
93.9,3342.0,67.0,66.0,65.23163771135073,1.0346197253989067,226.24656167964451,252.52104462179446,2558.0,1271.0,2110.0,2039.7112507480551,1803730.0,13.852931460292753,28.42534080710379,1.0,0.9732387885104755,-221.0,3563.0,3456.3333333333335,-2.0,69.0,67.33333333333333,-3.0,69.0,67.66666666666667,-124.0,2682.0,2633.3333333333335,-271526.0,2075256.0,1957088.0,0.010829331556731048,0.9624094569537445,0.9675061102879828,129.87139051786804,41.22309015108768,12.348385692061912,35.77711466355111,45.96141120894548,10,0.9708333333333334,-0.18223552549214697,0.9832549075639547,-0.3583679495452993,0.9335804264972021,0.5508333984759661,0.8961594116085196,1.4469928100844858,1.1715761108465026
94.1,3466.0,67.0,68.0,66.43077797265417,1.010858525209386,226.28098676732813,252.53030584260523,2591.0,1275.0,2146.0,2053.3698788228508,1917980.0,15.2036797544147,31.32491021535417,1.0,0.9669662874482529,124.0,3342.0,3457.0,0.0,67.0,67.66666666666667,2.0,66.0,67.66666666666667,33.0,2558.0,2610.3333333333335,114250.0,1803730.0,1932322.0,-0.006272501062222657,0.9732387885104755,0.9675381776374911,130.32857552227563,41.31466841652188,12.409307407103263,35.873008080113806,46.11415436967257,10,0.973611111111111,-0.1650476058606791,0.9862856015372312,-0.3255681544571595,0.9455185755993158,0.5514172800847869,0.9047384544884716,1.4561557345732583,1.180447094530865
94.3,3557.0,68.0,69.0,67.29719950059567,1.0085081638228681,226.30673363871935,252.58891178601692,2642.0,1300.0,2183.0,2072.3010964295754,2035675.0,14.329483899737825,29.231831964486933,1.0,0.9642467486214646,91.0,3466.0,3455.0,1.0,67.0,67.33333333333333,1.0,68.0,67.66666666666667,51.0,2591.0,2597.0,117695.0,1917980.0,1919128.3333333333,-0.002719538826788215,0.9669662874482529,0.9681506081933976,130.78576052668325,41.4062466819561,12.470229122144616,35.968901496676516,46.266897530399675,10,0.9763888888888889,-0.14780941112961138,0.9890158633619167,-0.2923717047227382,0.956304755963035,0.549670424925824,0.9083073500516493,1.4579777749774732,1.1831425625145613
94.5,3473.0,68.0,68.0,66.49782657249197,1.017158333231895,226.21397773457298,252.68654242449082,2619.0,1281.0,2161.0,2058.479412611575,1939601.0,15.286343078564284,31.32491021535417,1.0,0.9666745892583062,-84.0,3557.0,3498.6666666666665,0.0,68.0,67.66666666666667,-1.0,69.0,68.33333333333333,-23.0,2642.0,2617.3333333333335,-96074.0,2035675.0,1964418.6666666667,0.0024278406368415384,0.9642467486214646,0.9659625417760079,131.24294553109087,41.497824947390306,12.53115083718597,36.06479491323922,46.41964069112678,10,0.9791666666666666,-0.13052619222005168,0.9914448613738104,-0.25881904510252096,0.9659258262890682,0.5185337916287958,0.912976025700968,1.4315098173297638,1.172242921515366
94.7,3493.0,68.0,67.0,66.68902255813863,1.0182863757081873,226.15206178736486,252.53705447880927,2616.0,1288.0,2164.0,2061.7188663040365,1962099.0,14.23127970210543,29.068883707497267,1.0,0.9665898611639882,20.0,3473.0,3507.6666666666665,0.0,68.0,68.0,-1.0,68.0,68.0,-3.0,2619.0,2625.6666666666665,22498.0,1939601.0,1979125.0,-8.472809431803174e-05,0.9666745892583062,0.9658370663479197,131.7001305354985,41.58940321282452,12.592072552227325,36.16068832980193,46.57238385185388,10,0.9819444444444445,-0.11320321376790612,0.9935718556765876,-0.22495105434386384,0.9743700647852355,0.5385713736564757,0.889567328076914,1.4281387017333895,1.1588530149051517
94.9,3351.0,66.0,66.0,65.31941299803245,1.0209599634850037,225.98602816029708,252.68808175983182,2601.0,1260.0,2139.0,2059.3166219039094,1874270.0,18.028437888603822,36.138621999185304,1.0,0.9687355610451003,-142.0,3493.0,3439.0,-2.0,68.0,67.33333333333333,-1.0,67.0,67.0,-15.0,2616.0,2612.0,-87829.0,1962099.0,1925323.3333333333,0.0021456998811121286,0.9665898611639882,0.9673333371557983,132.1573155399061,41.68098147825873,12.652994267268678,36.25658174636463,46.725127012580984,10,0.9847222222222223,-0.09584575252022359,0.9953961983671789,-0.19080899537654403,0.9816271834476641,0.5855909377911814,0.8637281059243695,1.449319043715551,1.1565235748199603
95.1,3480.0,67.0,67.0,66.56480763645581,1.0188120637320486,226.34706843254472,252.63237696371473,2614.0,1279.0,2163.0100000000093,2062.2114942528738,1956496.0,15.267064870961205,31.34086788842964,1.0,0.9680510463604322,129.0,3351.0,3441.3333333333335,1.0,66.0,67.0,1.0,66.0,66.66666666666667,13.0,2601.0,2610.3333333333335,82226.0,1874270.0,1930955.0,-0.0006845146846681249,0.9687355610451003,0.9677921561898403,132.6145005443137,41.77255974369294,12.713915982310027,36.352475162927334,46.877870173308075,10,0.9874999999999999,-0.07845909572784562,0.996917333733128,-0.15643446504023223,0.9876883405951375,0.6342118792853811,0.8457655713345544,1.4799774506199355,1.162871510977245
95.3,3303.0,66.0,66.0,64.8499052910661,1.0183333242275887,226.27028771181062,252.6722996645254,2552.0,1265.0,2109.0100000000093,2041.3905540417802,1788213.0,13.997853769477006,28.398943642325854,1.0,0.9726173559861158,-177.0,3480.0,3378.0,-1.0,67.0,66.33333333333333,-1.0,67.0,66.33333333333333,-62.0,2614.0,2589.0,-168283.0,1956496.0,1872993.0,0.004566309625683607,0.9680510463604322,0.9698013211305495,133.07168554872132,41.864138009127146,12.774837697351382,36.448368579490044,47.03061333403518,10,0.9902777777777777,-0.061048539534857754,0.9981347984218669,-0.12186934340514924,0.9925461516413219,0.6313893741405014,0.8408081726740693,1.4721975468145707,1.1565028597443199
95.5,2852.0,62.0,61.0,60.26009609670967,1.0172902133705208,226.3575168006208,252.70751003802084,2435.0,1220.0,2018.0,2013.3008415147265,1463940.0,14.103950636866605,28.991378028648448,1.0,0.9907783105864995,-451.0,3303.0,3211.6666666666665,-4.0,66.0,65.0,-5.0,66.0,64.66666666666667,-117.0,2552.0,2533.6666666666665,-324273.0,1788213.0,1736216.3333333333,0.018160954600383694,0.9726173559861158,0.9771489043110159,133.52887055312894,41.95571627456136,12.835759412392736,36.54426199605275,47.183356494762286,10,0.9930555555555556,-0.043619387365336194,0.9990482215818578,-0.08715574274765855,0.9961946980917455,0.6097144040228051,0.8611201501730309,1.4708345541958359,1.1659773521844334
95.7,3017.0,63.0,63.0,61.978735921814234,1.0295794344864515,226.4625014089085,252.65477678957592,2462.0,1224.0,2044.0,2005.8017898574742,1526016.0,14.319993247795484,29.154759474226502,1.0,0.9854038227646368,165.0,2852.0,3057.3333333333335,1.0,62.0,63.666666666666664,2.0,61.0,63.333333333333336,27.0,2435.0,2483.0,62076.0,1463940.0,1592723.0,-0.005374487821862672,0.9907783105864995,0.9829331631124173,133.98605555753653,42.04729453999557,12.89668112743409,36.64015541261546,47.33609965548939,10,0.9958333333333333,-0.026176948307873545,0.9996573249755573,-0.05233595624294462,0.9986295347545738,0.6084996418621247,0.8688546297454222,1.4773542716075467,1.1731044506764845
95.9,3446.0,67.0,68.0,66.23883657762545,1.020136088841087,226.10017620281354,252.72136651556036,2600.0,1280.0,2136.0,2050.3998839233896,1896681.0,15.129178212242309,31.0,1.0,0.9643324312311875,429.0,3017.0,3105.0,4.0,63.0,64.0,5.0,63.0,64.0,138.0,2462.0,2499.0,370665.0,1526016.0,1628879.0,-0.02107139153344928,0.9854038227646368,0.9801715215274412,134.44324056194415,42.138872805429784,12.957602842475444,36.73604882917816,47.48884281621649,10,0.9986111111111112,-0.008726535498373636,0.9999619230641713,-0.017452406437282915,0.9998476951563913,0.5981109317111664,0.869844272438324,1.4679552041494903,1.168899738293907
