track_id,x_mm,width_mm,left_mm,right_mm,center_mm,baseline_width_oof_prediction_mm,corrected_width_oof_prediction_mm,corrected_width_lower_90_mm,corrected_width_upper_90_mm
8,24.099999999999994,0.9098566720066786,0.700460340291308,1.6103170122979866,1.1553886762946473,0.6566346520260126,0.7570922272045142,0.548797497400453,0.9653869570085754
8,24.299999999999997,0.8562491055390414,0.6933660838931636,1.549615189432205,1.1214906366626842,0.609211697856866,0.7446676246361913,0.5363728948321301,0.9529623544402525
8,24.5,0.7912429919564729,0.7148941818799032,1.506137173836376,1.1105156778581395,0.5768179277676413,0.7488831722993236,0.5405884424952624,0.9571779021033847
8,24.700000000000003,0.732338230591517,0.7297512340470982,1.4620894646386153,1.0959203493428569,0.6518522051549275,0.7477135960371992,0.5394188662331381,0.9560083258412604
8,24.89999999999999,0.6829921917386763,0.7264834590109074,1.4094756507495838,1.0679795548802455,0.5835810905396644,0.7545565978942573,0.5462618680901962,0.9628513276983185
8,25.099999999999994,0.7235488988914786,0.6960940073586759,1.4196429062501543,1.0578684568044152,0.6415715690821019,0.762829912235504,0.5545351824314428,0.9711246420395652
8,25.299999999999997,0.781370938566992,0.6985377123082425,1.4799086508752344,1.0892231815917384,0.6239659511787934,0.7431848174204555,0.5348900876163943,0.9514795472245167
8,25.5,0.7575516368720964,0.7523538331025942,1.5099054699746906,1.1311296515386424,0.6325076255630138,0.758495917025275,0.5502011872212138,0.9667906468293361
8,25.700000000000003,0.7163637481606432,0.7709948606398368,1.48735860880048,1.1291767347201584,0.5419529198168512,0.7580282951601575,0.5497335653560963,0.9663230249642186
8,25.89999999999999,0.70671583701331,0.7498979531671986,1.4566137901805085,1.1032558716738536,0.6191744310439361,0.774389480014915,0.5660947502108539,0.9826842098189762
8,26.099999999999994,0.7264344820985592,0.7190982366425808,1.44553271874114,1.0823154776918604,0.6440724557303402,0.7673180778843942,0.559023348080333,0.9756128076884554
8,26.299999999999997,0.7088122299327908,0.7340096654925099,1.4428218954253007,1.0884157804589054,0.6184017757037942,0.7576241820002416,0.5493294521961805,0.9659189118043028
8,26.5,0.7302264835686717,0.7545266682878542,1.4847531518565258,1.1196399100721899,0.609768727968065,0.7534771455835763,0.5451824157795151,0.9617718753876374
8,26.700000000000003,0.7833494487559577,0.7480917012402636,1.5314411499962213,1.1397664256182425,0.6319188523931745,0.7627491512000728,0.5544544213960116,0.971043881004134
8,26.89999999999999,0.7302302913957743,0.7737888767569941,1.5040191681527686,1.1389040224548814,0.6565905539797983,0.754730814900516,0.5464360850964548,0.9630255447045771
8,27.099999999999994,0.6872242742651452,0.7803379346827805,1.4675622089479257,1.123950071815353,0.6087794720449543,0.7377487509802998,0.5294540211762386,0.946043480784361
8,27.299999999999997,0.7386503724792857,0.749370906466109,1.4880212789453948,1.1186960927057519,0.591475266966495,0.7267099843370475,0.5184152545329863,0.9350047141411086
8,27.5,0.7743722444095856,0.7347820046584387,1.5091542490680243,1.1219681268632316,0.576218445889059,0.7356751347626829,0.5273804049586217,0.943969864566744
8,27.700000000000003,0.7700347365640775,0.7279153347103913,1.4979500712744689,1.11293270299243,0.5867694736473157,0.7527350170540301,0.544440287249969,0.9610297468580913
8,27.89999999999999,0.7823029468291887,0.7060933769124403,1.488396323741629,1.0972448503270347,0.6169086473226787,0.7543172780961597,0.5460225482920985,0.9626120079002208
8,28.099999999999994,0.8607557819968821,0.6637953725471067,1.5245511545439887,1.0941732635455477,0.5874465059865536,0.7520094655145195,0.5437147357104584,0.9603041953185807
8,28.299999999999997,0.9224345889482438,0.6411730845742405,1.5636076735224842,1.1023903790483622,0.6360814339907993,0.7585980765636071,0.550303346759546,0.9668928063676683
8,28.5,0.880197823956958,0.6733959810092528,1.5535938049662108,1.1134948929877317,0.5850123852412886,0.7490369934443472,0.540742263640286,0.9573317232484083
8,28.700000000000003,0.8071494954430666,0.7146832845099007,1.5218327799529674,1.118258032231434,0.5862771718690739,0.7494663698627029,0.5411716400586417,0.957761099666764
8,28.89999999999999,0.8086178774638161,0.7170051353434067,1.5256230128072228,1.1213140740753147,0.5813738694659006,0.7425179004222193,0.5342231706181582,0.9508126302262805
8,29.099999999999994,0.8980638458627431,0.7004887315998405,1.5985525774625835,1.149520654531212,0.6370091766735798,0.7419552669638844,0.5336605371598232,0.9502499967679455
8,29.299999999999997,0.9309417155150835,0.6994277154350776,1.630369430950161,1.1648985731926194,0.6142062199380397,0.7466019963943782,0.538307266590317,0.9548967261984393
8,29.5,0.8356575620037977,0.7132606505912418,1.5489182125950396,1.1310894315931406,0.6086995691436932,0.7585291758612708,0.5502344460572096,0.9668239056653319
8,29.700000000000003,0.7942443160340562,0.6882355959150109,1.482479911949067,1.085357753932039,0.5813509751492449,0.7493009551744414,0.5410062253703802,0.9575956849785026
8,29.89999999999999,0.78475828394578,0.6650855492305183,1.4498438331762982,1.0574646912034082,0.6202006330671435,0.7383494483938455,0.5300547185897844,0.9466441781979067
8,30.099999999999994,0.7703200520753656,0.6789821956540345,1.4493022477294002,1.0641422216917173,0.5709445251338059,0.7412073985249193,0.5329126687208582,0.9495021283289805
8,30.299999999999997,0.7695683530168943,0.6935481710523655,1.4631165240692598,1.0783323475608126,0.5878161787296057,0.7138048543114736,0.5055101245074124,0.9220995841155347
8,30.5,0.7643659155138808,0.702769622182879,1.4671355376967596,1.0849525799398192,0.5854783909806515,0.7278023394111155,0.5195076096070543,0.9360970692151767
8,30.700000000000003,0.7902028694027594,0.7001841482590839,1.4903870176618434,1.0952855829604637,0.6147071809903172,0.7538114860359134,0.5455167562318523,0.9621062158399746
8,30.89999999999999,0.7831192249302182,0.7145261070459616,1.49764533197618,1.106085719511071,0.6540886492198442,0.7475717520504225,0.5392770222463613,0.9558664818544836
8,31.099999999999994,0.6976995667945176,0.7575809734990849,1.4552805402936024,1.1064307568963436,0.65272507033026,0.7464295900581911,0.5381348602541299,0.9547243198622523
8,31.299999999999997,0.6724749556434366,0.7672649002052352,1.4397398558486718,1.1035023780269535,0.6605951367787671,0.7334868372941711,0.5251921074901099,0.9417815670982322
8,31.5,0.7380015920817722,0.7195210550025574,1.4575226470843297,1.0885218510434436,0.5883020572046667,0.737435745536636,0.5291410157325749,0.9457304753406972
8,31.700000000000003,0.8090456952351595,0.6759327905701112,1.4849784858052706,1.0804556381876909,0.6072729304474135,0.7505721842026656,0.5422774543986044,0.9588669140067267
8,31.89999999999999,0.8227716599885947,0.6386274553543896,1.4613991153429842,1.0500132853486868,0.6047200569621444,0.7486098549613557,0.5403151251572945,0.9569045847654168
8,32.099999999999994,0.7550216397420801,0.6423911418268947,1.397412781568975,1.0199019616979348,0.5859367915732998,0.7273302560498693,0.5190355262458082,0.9356249858539305
8,32.3,0.6939330654247827,0.6842094866581635,1.3781425520829462,1.0311760193705548,0.5789103657686193,0.7366148188899451,0.5283200890858839,0.9449095486940062
8,32.5,0.7199939511358064,0.6641455440839068,1.3841394952197132,1.02414251965181,0.5795458761386054,0.7427534225252939,0.5344586927212327,0.951048152329355
8,32.7,0.7354992118874865,0.6494592253765401,1.3849584372640267,1.0172088313202834,0.5862800530457221,0.7345823667238653,0.5262876369198042,0.9428770965279265
8,32.89999999999999,0.6930736841342441,0.6808196825766615,1.3738933667109055,1.0273565246437835,0.620637974976188,0.7436026935708376,0.5353079637667765,0.9518974233748988
8,33.099999999999994,0.697366278292083,0.675957050297606,1.3733233285896889,1.0246401894436474,0.6307472194115081,0.7349437536795851,0.5266490238755239,0.9432384834836463
8,33.3,0.7536545429871819,0.6667600838775422,1.4204146268647242,1.0435873553711332,0.6207281660895703,0.7345714177552386,0.5262766879511774,0.9428661475592998
8,33.5,0.7586542982352751,0.6947788291593616,1.4534331273946368,1.0741059782769993,0.5979910316590266,0.7377645451716675,0.5294698153676063,0.9460592749757286
8,33.7,0.7513317276072228,0.6980955803207899,1.4494273079280127,1.0737614441244012,0.6108756389411425,0.7373079258556594,0.5290131960515982,0.9456026556597206
8,33.89999999999999,0.7079882377471126,0.6985334055311804,1.406521643278293,1.0525275244047367,0.6169943580675299,0.7375730148963554,0.5292782850922942,0.9458677447004166
8,34.099999999999994,0.676028573824002,0.7091123512357894,1.3851409250597915,1.0471266381477904,0.6643944829494323,0.7255441796477317,0.5172494498436705,0.9338389094517928
8,34.3,0.7554601237218678,0.6725856808389701,1.428045804560838,1.0503157426999041,0.6330654157657781,0.7315318521950251,0.523237122390964,0.9398265819990863
8,34.5,0.8319411316757555,0.6481223805816224,1.480063512257378,1.0640929464195001,0.6317593480412784,0.7356223334872722,0.5273276036832111,0.9439170632913334
8,34.7,0.835458525276546,0.6325614310733458,1.468019956349892,1.0502906937116188,0.6108756389411425,0.7269273878595123,0.5186326580554511,0.9352221176635734
8,34.89999999999999,0.762504850030749,0.639035796490978,1.401540646521727,1.0202882215063525,0.6106201379078001,0.7235187622587929,0.5152240324547317,0.931813492062854
8,35.099999999999994,0.7390616106891581,0.6667340094373361,1.4057956201264943,1.0362648147819151,0.6144372891403219,0.7141296437608762,0.505834913956815,0.9224243735649373
8,35.3,0.7928350743305049,0.6584003824327139,1.4512354567632189,1.0548179195979663,0.711157911525043,0.7400859707684359,0.5317912409643747,0.948380700572497
8,35.5,0.7954220281575114,0.6758852922954264,1.4713073204529377,1.073596306374182,0.6384436066259266,0.7345237146890334,0.5262289848849723,0.9428184444930946
8,35.7,0.7034333890039106,0.7623961799195449,1.4658295689234555,1.1141128744215,0.5819113076877346,0.7256272628032957,0.5173325329992345,0.9339219926073569
8,35.89999999999999,0.6513282411355179,0.8153643657753553,1.4666926069108732,1.1410284863431142,0.6007245372329767,0.728215463799557,0.5199207339954959,0.9365101936036182
8,36.099999999999994,0.6939111624562241,0.7881076168020934,1.4820187792583175,1.1350631980302055,0.6117306498484926,0.7273326946108624,0.5190379648068012,0.9356274244149235
8,36.3,0.7252133367729786,0.7602660255588033,1.485479362331782,1.1228726939452927,0.568151693034343,0.721434438836716,0.5131397090326548,0.9297291686407771
8,36.5,0.7625503283770658,0.7598526007460004,1.5224029291230663,1.1411277649345333,0.6273351731924197,0.7260621504031206,0.5177674205990594,0.9343568802071818
8,36.699999999999996,0.8236537576560155,0.7457037469194113,1.5693575045754269,1.1575306257474192,0.6539851028186032,0.7204255766311989,0.5121308468271377,0.92872030643526
8,36.9,0.8501906248159261,0.6949790431512033,1.5451696679671294,1.1200743555591663,0.5965946747154859,0.7239294547865429,0.5156347249824818,0.9322241845906041
8,37.099999999999994,0.9192135648712204,0.6397748697216626,1.558988434592883,1.0993816521572728,0.5674852128720214,0.721508777972657,0.5132140481685958,0.9298035077767182
8,37.3,1.055020482789487,0.5580395883417729,1.6130600711312597,1.0855498297365163,0.6048052554467389,0.6885204042471879,0.4802256744431267,0.896815134051249
8,37.5,1.0271679844693387,0.5696244101012324,1.596792394570571,1.0832084023359019,0.611664813981011,0.6669499440838605,0.4586552142797994,0.8752446738879217
8,37.699999999999996,0.8073975235618688,0.6873211220677956,1.4947186456296644,1.09101988384873,0.5386806266234387,0.6727874183113555,0.4644926885072943,0.8810821481154166
8,37.9,0.7523248230456222,0.7016476578763061,1.4539724809219283,1.0778100693991173,0.5845991260812146,0.6911827047525692,0.482887974948508,0.8994774345566303
8,38.099999999999994,0.7428157110768754,0.7000960170701207,1.442911728146996,1.0715038726085584,0.5799792675127278,0.7003598080505062,0.4920650782464451,0.9086545378545674
8,38.3,0.7762676714530843,0.6874411300379651,1.4637088014910493,1.0755749657645073,0.5962103748031501,0.6960516864237978,0.4877569566197366,0.9043464162278589
8,38.5,0.8008693362989346,0.6860762413307997,1.4869455776297344,1.0865109094802672,0.5643026689683764,0.7090540378768239,0.5007593080727627,0.917348767680885
8,38.699999999999996,0.7343236097638751,0.703461275157829,1.437784884921704,1.0706230800397665,0.5669447019068065,0.7027339102929248,0.4944391804888636,0.9110286400969859
8,38.9,0.725461760082117,0.6987124768419174,1.4241742369240344,1.061443356882976,0.5670539798365669,0.7091755385027105,0.5008808086986494,0.9174702683067717
8,39.099999999999994,0.7272658615504927,0.7226556083914013,1.4499214699418939,1.0862885391666475,0.6315809105348679,0.7124182071095835,0.5041234773055223,0.9207129369136446
8,39.3,0.7065645559861656,0.7731443073165324,1.479708863302698,1.1264265853096151,0.635619664201685,0.7119577361942516,0.5036630063901905,0.9202524659983128
8,39.5,0.7148299820501398,0.7806904427679782,1.495520424818118,1.138105433793048,0.6002447707445863,0.7238669755594485,0.5155722457553873,0.9321617053635096
8,39.699999999999996,0.7321055695886516,0.7787048303875668,1.5108103999762184,1.1447576151818926,0.6018982141064053,0.716324644450231,0.5080299146461699,0.9246193742542922
8,39.9,0.7629268340642915,0.7694567485084169,1.5323835825727086,1.1509201655405628,0.5836904148757652,0.7172343800383736,0.5089396502343124,0.9255291098424347
8,40.099999999999994,0.7820489427008869,0.752306055813972,1.5343549985148588,1.1433305271644154,0.5633361626481918,0.7246288103016598,0.5163340804975987,0.932923540105721
8,40.3,0.7770507064542169,0.7400598455484002,1.5171105520026171,1.1285851987755087,0.6091388280566336,0.7125235615588185,0.5042288317547573,0.9208182913628796
8,40.5,0.783629753937434,0.7289293832804271,1.512559137217861,1.1207442602491442,0.6283415183081958,0.7086363509937202,0.5003416211896591,0.9169310807977814
8,40.699999999999996,0.7976564056673741,0.7209648976307241,1.5186213032980982,1.119793100464411,0.6273258409699688,0.7152319104408877,0.5069371806368266,0.9235266402449489
8,40.9,0.7385677742021622,0.7219770478877515,1.4605448220899138,1.0912609349888327,0.6418045400809909,0.728135193845207,0.5198404640411458,0.9364299236492681
8,41.099999999999994,0.7690853746840647,0.690904739593266,1.4599901142773306,1.0754474269352983,0.618573127183115,0.7255998474160635,0.5173051176120024,0.9338945772201247
8,41.3,0.7947153385618767,0.6694265318299745,1.4641418703918512,1.0667842011109128,0.6023288037147861,0.7191586089547088,0.5108638791506477,0.92745333875877
8,41.5,0.7603009335878089,0.692149058926369,1.4524499925141778,1.0722995257202734,0.6405445739048687,0.7135046140908952,0.505209884286834,0.9217993438949563
8,41.699999999999996,0.7439408477741538,0.6993969376724745,1.4433377854466283,1.0713673615595514,0.6109303528628757,0.7144878591543228,0.5061931293502616,0.9227825889583839
8,41.9,0.8061889630072869,0.62610710442594,1.432296067433227,1.0292015859295836,0.6121517052848705,0.7044999752110828,0.4962052454070216,0.9127947050151439
8,42.099999999999994,0.8886316350066229,0.514948145218135,1.4035797802247578,0.9592639627214464,0.5989828575595983,0.713290272181321,0.5049955423772599,0.9215850019853822
8,42.3,0.729302101950259,0.6513701277387937,1.3806722296890526,1.016021178713923,0.5777307576223707,0.6924522343849127,0.4841575045808515,0.9007469641889738
8,42.5,0.7107525740684385,0.7054056899459771,1.4161582640144155,1.0607819769801963,0.6279673679606859,0.6753908932304286,0.4670961634263674,0.8836856230344897
8,42.699999999999996,0.7470303217352924,0.7092675888396769,1.4562979105749694,1.0827827497073232,0.561746008777213,0.6595758264605168,0.45128109665645566,0.867870556264578
8,42.9,0.7909644253821361,0.7031434837503442,1.4941079091324803,1.0986256964414123,0.6148748943047989,0.7075333211141795,0.4992385913101184,0.9158280509182407
8,43.099999999999994,0.7679041278737763,0.7119513723670603,1.4798555002408367,1.0959034363039484,0.5682617665948896,0.6879404080393368,0.4796456782352756,0.8962351378433979
8,43.3,0.6935946976405547,0.7492763755069574,1.442871073147512,1.0960737243272347,0.5583668595766947,0.6958738665057727,0.4875791367017115,0.9041685963098338
8,43.5,0.7218223207556448,0.7483296259819113,1.4701519467375561,1.1092407863597338,0.5731839537871439,0.7144531948692543,0.5061584650651931,0.9227479246733155
8,43.699999999999996,0.7205465800478185,0.7539404923700858,1.4744870724179042,1.114213782393995,0.5859367915732998,0.7393703138299734,0.5310755840259123,0.9476650436340346
8,43.9,0.6897037723738371,0.7810211997847014,1.4707249721585385,1.12587308597162,0.5789103657686193,0.7653183974549387,0.5570236676508775,0.9736131272589998
8,44.099999999999994,0.6964258846640279,0.7783510776398109,1.4747769623038387,1.1265640199718248,0.5750283461136022,0.7159990191915088,0.5077042893874476,0.9242937489955699
8,44.3,0.7558641409542016,0.7207462889479698,1.4766104299021714,1.0986783594250706,0.5846467310187803,0.6968219729169169,0.4885272431128558,0.9051167027209781
8,44.5,0.7828225598879132,0.6547782315126393,1.4376007914005524,1.0461895114565958,0.5365629531487843,0.6975257408826685,0.48923101107860734,0.9058204706867297
8,44.699999999999996,0.7291959388252389,0.670971139137899,1.4001670779631379,1.0355691085505185,0.5524565935000342,0.6864967515240988,0.4782020217200377,0.89479148132816
8,44.9,0.7126736599620052,0.6885201740797142,1.4011938340417194,1.0448570040607168,0.5962263462753452,0.7061235983882062,0.497828868584145,0.9144183281922673
8,45.099999999999994,0.7373074485263856,0.6916907440705399,1.4289981925969255,1.0603444683337326,0.59574593364948,0.7044733012308888,0.49617857142682764,0.91276803103495
8,45.3,0.7480819902168134,0.7014086569568274,1.4494906471736408,1.0754496520652341,0.5531900699049426,0.7143314086352431,0.506036678831182,0.9226261384393043
8,45.5,0.7945739360980111,0.6948024008492029,1.489376336947214,1.0920893688982085,0.5367378656562667,0.6655732645389207,0.4572785347348596,0.8738679943429819
8,45.699999999999996,0.8598019276051528,0.6848497830935261,1.544651710698679,1.1147507468961027,0.5742479686224431,0.6873584484516653,0.4790637186476041,0.8956531782557264
8,45.9,0.9049099573575972,0.6462585970581233,1.5511685544157203,1.0987135757369217,0.5819927297725777,0.6846472941540939,0.4763525643500327,0.892942023958155
8,46.099999999999994,0.9841687523246463,0.5131967898107762,1.4973655421354224,1.0052811659730994,0.5736565931930526,0.6755090365199764,0.46721430671591524,0.8838037663240376
8,46.3,0.8853177510907942,0.576800273856824,1.4621180249476182,1.0194591494022212,0.5708460010005999,0.6894117806052018,0.48111705080114064,0.897706510409263
8,46.5,0.8081415376726475,0.6840565133777325,1.49219805105038,1.0881272822140562,0.5532384639609184,0.6653393441761676,0.4570446143721064,0.8736340739802287
8,46.699999999999996,0.7995852239808248,0.7295191487846991,1.529104372765524,1.1293117607751115,0.5887051954454595,0.6710905631690178,0.46279583336495667,0.879385292973079
8,46.9,0.8015320066552397,0.7305401616838502,1.5320721683390899,1.13130616501147,0.5879898126256363,0.6916712532762359,0.48337652347217475,0.8999659830802971
8,47.099999999999994,0.796915670720674,0.7230519030299457,1.5199675737506197,1.1215097383902828,0.5700045712478017,0.6851316084386367,0.4768368786345756,0.8934263382426979
8,47.3,0.7639980025854765,0.7404405404012134,1.50443854298669,1.1224395416939517,0.5545214336726694,0.6974939205036863,0.48919919069962514,0.9057886503077475
8,47.5,0.7240352743959994,0.7789866663171141,1.5030219407131136,1.1410043035151138,0.5649885869690348,0.6926526256542849,0.4843578958502237,0.900947355458346
8,47.699999999999996,0.7671049874508205,0.7848538050640232,1.5519587925148437,1.1684062987894335,0.597355607447721,0.7029545029330582,0.494659773128997,0.9112492327371193
8,47.9,0.834979977034891,0.7889830390436439,1.6239630160785348,1.2064730275610893,0.6317883499114677,0.7041240785498628,0.49582934874580165,0.912418808353924
8,48.099999999999994,0.7481012555196226,0.8060638710906372,1.5541651266102596,1.1801144988504484,0.603557554039813,0.701894232579999,0.4935995027759378,0.9101889623840601
8,48.3,0.7242569579716421,0.7959228092371745,1.5201797672088166,1.1580512882229956,0.5966883941289662,0.700154045457315,0.4918593156532538,0.9084487752613761
8,48.5,0.7673338750192509,0.7661644472959855,1.5334983223152365,1.149831384805611,0.6167476858721327,0.7072336501498584,0.49893892034579723,0.9155283799539196
8,48.699999999999996,0.7948731643332202,0.7539984882729979,1.548871652606218,1.151435070439608,0.6307587956165935,0.6910284734746592,0.48273374367059807,0.8993232032787204
8,48.9,0.7593729046664044,0.7613824394516947,1.5207553441180992,1.141068891784897,0.6144579234195612,0.6921340703210163,0.4838393405169551,0.9004288001250774
8,49.099999999999994,0.7410694088672745,0.7481663797769036,1.489235788644178,1.118701084210541,0.6100953817541495,0.6894039250682421,0.48110919526418094,0.8976986548723033
8,49.3,0.7693395049112259,0.7222186155479663,1.4915581204591921,1.1068883680035793,0.588168501236774,0.6907736704905336,0.48247894068647246,0.8990684002945948
8,49.5,0.7726646873522519,0.7315118841085434,1.5041765714607953,1.1178442277846694,0.5531445743927534,0.7048947541076684,0.4966000243036073,0.9131894839117296
8,49.699999999999996,0.754055107537922,0.7382878322908891,1.492342939828811,1.1153153860598501,0.667941026282334,0.7088057617864051,0.5005110319823439,0.9171004915904662
8,49.9,0.7376144425137905,0.7486038597665591,1.4862183022803497,1.1174110810234543,0.6010098552976261,0.6944290501184004,0.48613432031433923,0.9027237799224616
8,50.099999999999994,0.7263067988449059,0.768659949985975,1.4949667488308809,1.131813349408428,0.58955238115463,0.6930148889414187,0.48472015913735755,0.9013096187454799
8,50.3,0.7019172182523554,0.7663697539596966,1.468286972212052,1.1173283630858744,0.6129968509540468,0.6978686539832359,0.4895739241791748,0.9061633837872971
8,50.5,0.6885753491501856,0.747788584885796,1.4363639340359817,1.0920762594608888,0.5957764829683928,0.6888304911218529,0.48053576131779174,0.8971252209259141
8,50.699999999999996,0.758582866889191,0.702604420091982,1.4611872869811728,1.0818958535365775,0.608223045981616,0.7071533208793803,0.49885859107531916,0.9154480506834415
8,50.9,0.7705965404771499,0.6865691472052653,1.457165687682415,1.07186741744384,0.5959661476497532,0.6978585721804009,0.48956384237633976,0.9061533019844621
8,51.099999999999994,0.7055724137954379,0.7308995076259281,1.436471921421366,1.083685714523647,0.6229852191601843,0.6902686297996996,0.48197389999563844,0.8985633596037608
8,51.3,0.7273180304335216,0.730740387290916,1.4580584177244376,1.0943994025076766,0.6222726491393807,0.6841656751153726,0.47587094531131147,0.8924604049194338
8,51.5,0.7236291818828999,0.719508594298628,1.4431377761815278,1.081323185240078,0.5789103657686193,0.6822786084025626,0.47398387859850144,0.8905733382066238
8,51.699999999999996,0.6804121089552596,0.7163729566849775,1.396785065640237,1.0565790111626072,0.6010229202359747,0.6862024086195213,0.47790767881546015,0.8944971384235825
8,51.9,0.6958895575930605,0.6947227606136541,1.3906123182067145,1.0426675394101843,0.5904783926295758,0.6811434320045324,0.47284870220047126,0.8894381618085936
8,52.099999999999994,0.7526167368024174,0.7010420426008489,1.4536587794032663,1.0773504110020575,0.568985474043318,0.6765523881957497,0.46825765839168854,0.8848471179998109
8,52.3,0.7624511354326573,0.7233448364581988,1.4857959718908562,1.1045704041745275,0.5799933360002724,0.673895456152851,0.4656007263487898,0.8821901859569121
8,52.5,0.7398381281532388,0.735983467350621,1.4758215955038598,1.1059025314272404,0.5540731172924171,0.6921666414794349,0.4838719116753737,0.900461371283496
8,52.699999999999996,0.7478304084982257,0.7391537387617264,1.486984147259952,1.1130689430108394,0.5720937633724243,0.6826789909308854,0.4743842611268242,0.8909737207349465
8,52.9,0.8079563896228278,0.7113775428018261,1.5193339324246538,1.11535573761324,0.5850420473908239,0.6904735695305844,0.4821788397265232,0.8987682993346455
8,53.099999999999994,0.8796600029451326,0.6603232538276437,1.5399832567727763,1.10015325530021,0.45674417698550024,0.6890381680499197,0.4807434382458585,0.8973328978539808
8,53.3,0.834471754968847,0.6658329169963522,1.5003046719651991,1.0830687944807758,0.46483398975977763,0.6783778374793836,0.47008310767532246,0.8866725672834448
8,53.5,0.756517208694808,0.6943260998698204,1.4508433085646284,1.0725847042172245,0.5176246270283037,0.6961868913934515,0.4878921615893903,0.9044816211975126
8,53.699999999999996,0.8191655535258999,0.6114096769913754,1.4305752305172754,1.0209924537543253,0.5728071014886006,0.688162705089358,0.4798679752852968,0.8964574348934191
8,53.9,0.8841582950665496,0.5673230578582916,1.4514813529248414,1.0094022053915666,0.6134042040810176,0.6801026969594413,0.4718079671553801,0.8883974267635024
8,54.099999999999994,0.8188005663092115,0.668090772585279,1.4868913388944907,1.077491055739885,0.6676918799713315,0.6859618600634714,0.4776671302594102,0.8942565898675325
8,54.3,0.792044245443811,0.7623925124171941,1.5544367578610052,1.1584146351390996,0.6493526009513632,0.682183136979536,0.47388840717547487,0.8904778667835972
8,54.5,0.8010018786818431,0.7773305882642259,1.578332466946069,1.1778315276051474,0.600769101905273,0.6943402466977081,0.48604551689364695,0.9026349765017693
8,54.699999999999996,0.7378584175865318,0.723736754984817,1.4615951725713487,1.092665963778083,0.5821034308413849,0.6864930463504962,0.4781983165464351,0.8947877761545574
8,54.9,0.7425528092060276,0.6609995928327679,1.4035524020387955,1.0322759974357818,0.5625421411196033,0.6825784119384513,0.4742836821343901,0.8908731417425124
8,55.099999999999994,0.781712592206322,0.6319734390496283,1.4136860312559505,1.0228297351527895,0.6164208856785524,0.6846201531800059,0.47632542337594475,0.8929148829840671
8,55.3,0.7663692635768969,0.6529256300645334,1.4192948936414302,1.0361102618529818,0.6061456871774971,0.6813351889010394,0.4730404590969782,0.8896299187051006
8,55.5,0.766653081059057,0.672226082069644,1.438879163128701,1.0555526225991725,0.6270165261658815,0.6871241036505604,0.47882937384649926,0.8954188334546216
8,55.699999999999996,0.8156881672305568,0.6668407815353342,1.482528948765891,1.0746848651506127,0.5910270690427671,0.6824803873129395,0.4741856575088783,0.8907751171170006
8,55.9,0.810169722661657,0.6853661518045872,1.4955358744662441,1.0904510131354157,0.5958885248449092,0.6810576340076749,0.4727629042036138,0.8893523638117361
8,56.099999999999994,0.8094253806265582,0.6911950940169206,1.5006204746434788,1.0959077843301996,0.6120073918621401,0.6847277837655941,0.4764330539615329,0.8930225135696552
8,56.3,0.8238785132229401,0.6817118475867616,1.5055903608097017,1.0936511041982317,0.5834196566412918,0.699862586908763,0.49156785710470186,0.9081573167128242
8,56.5,0.7553902392360263,0.6768294353597516,1.4322196745957778,1.0545245549777646,0.5628177002633791,0.6893656787246005,0.48107094892053937,0.8976604085286617
8,56.699999999999996,0.7134278221245611,0.6815135003282575,1.3949413224528187,1.038227411390538,0.6257892144580217,0.6902053709049475,0.48191064110088633,0.8985001007090087
8,56.9,0.7487106900383492,0.6720823185574493,1.4207930085957985,1.046437663576624,0.6361591689122967,0.6854309983492449,0.47713626854518376,0.8937257281533061
8,57.099999999999994,0.840175589640778,0.6093310335808761,1.449506623221654,1.029418828401265,0.6360814339907993,0.6844292939092378,0.4761345641051766,0.892724023713299
8,57.3,0.8731040649984964,0.5911456046753606,1.464249669673857,1.0276976371746087,0.6091726073816688,0.6920759235912075,0.48378119378714635,0.9003706533952687
8,57.5,0.810562418094578,0.6502170181220505,1.4607794362166284,1.0554982271693394,0.5876322879054933,0.6835121142328936,0.47521738442883243,0.8918068440369548
8,57.699999999999996,0.7776157365711888,0.678409553663602,1.4560252902347908,1.0672174219491963,0.5816425158941122,0.6759553672099645,0.46766063740590336,0.8842500970140257
8,57.9,0.7521705371454652,0.6771646178208434,1.4293351549663085,1.053249886393576,0.5786353439451942,0.6818213713750159,0.4735266415709547,0.890116101179077
8,58.099999999999994,0.7216631429130058,0.6710907841157691,1.392753927028775,1.031922355572272,0.6209340912064362,0.6928549219330186,0.4845601921289574,0.9011496517370797
8,58.3,0.6807291574798048,0.6959670393594907,1.3766961968392954,1.0363316180993931,0.6778556604808396,0.6878273115393807,0.47953258173531954,0.8961220413434419
8,58.5,0.654364506324407,0.7264093279345674,1.3807738342589744,1.0535915810967709,0.6225561933478162,0.6863291376441572,0.478034407840096,0.8946238674482183
8,58.699999999999996,0.6927180764142924,0.7179403818655096,1.4106584582798019,1.0642994200726557,0.5597964224252029,0.6865299086131249,0.47823517880906374,0.8948246384171861
8,58.9,0.7098631952245867,0.704249704633465,1.4141128998580517,1.0591813022457583,0.5997610730126519,0.6925960678932244,0.4843013380891632,0.9008907976972855
8,59.099999999999994,0.688458447694161,0.7007775958909992,1.38923604358516,1.0450068197380795,0.588774729575966,0.6980025365053125,0.48970780670125136,0.9062972663093737
8,59.3,0.7202960216781173,0.6927664329892752,1.4130624546673924,1.0529144438283338,0.6050587540292487,0.695912702114706,0.48761797231064485,0.9042074319187672
8,59.5,0.775973139028071,0.6905861157474112,1.4665592547754822,1.0785726852614468,0.61552281325512,0.7090778081636573,0.5007830783595961,0.9173725379677184
8,59.699999999999996,0.8031146136351804,0.6921825510826736,1.495297164717854,1.0937398579002637,0.5877743437893367,0.6956321660487246,0.4873374362446634,0.9039268958527857
8,59.9,0.8101150820375258,0.6913515574014885,1.5014666394390144,1.0964090984202515,0.607829865318585,0.7075318730669872,0.499237143262926,0.9158266028710483
8,60.099999999999994,0.7829829590706628,0.7051355807595304,1.4881185398301933,1.0966270602948618,0.580145511637041,0.6946520631516181,0.48635733334755693,0.9029467929556793
8,60.3,0.7524482597795509,0.7097322140674779,1.4621804738470288,1.0859563439572533,0.6154574808509846,0.6901441445823464,0.48184941477828525,0.8984388743864076
8,60.5,0.7470567011147433,0.6933967024371582,1.4404534035519017,1.06692505299453,0.6295937591680213,0.69348365436253,0.48518892455846885,0.9017783841665912
8,60.699999999999996,0.7620569992071066,0.6623734036477579,1.4244304028548644,1.043401903251311,0.6150842718142809,0.7007162690204668,0.49242153921640563,0.909010998824528
8,60.9,0.788904155468069,0.644235314393745,1.433139469861814,1.0386873921277795,0.5494450166282762,0.699864501262878,0.49156977145881686,0.9081592310669392
8,61.099999999999994,0.8160840191738788,0.6542228635887744,1.470306882762653,1.0622648731757138,0.5967791719202207,0.6936616234507929,0.4853668936467317,0.901956353254854
8,61.3,0.7588805491113436,0.7094183291807733,1.468298878292117,1.0888586037364452,0.5850521952143776,0.705161607385808,0.49686687758174686,0.9134563371898692
8,61.5,0.6509701947152057,0.7714910535171323,1.422461248232338,1.096976150874735,0.5952636107918615,0.6818758919989258,0.4735811621948647,0.890170621802987
8,61.699999999999996,0.6337900364869978,0.7834325275459559,1.4172225640329537,1.1003275457894548,0.5899505090268614,0.685216766853578,0.47692203704951686,0.8935114966576392
8,61.9,0.6738211072679646,0.7659747014490489,1.4397958087170135,1.1028852550830313,0.5848605672641668,0.6838914140379931,0.475596684233932,0.8921861438420543
8,62.1,0.6914049294614805,0.7417172719278282,1.4331222013893088,1.0874197366585685,0.5537439397219887,0.6940420306919957,0.4857473008879345,0.9023367604960568
8,62.3,0.7479298232022512,0.6954941820053382,1.4434240052075893,1.0694590936064636,0.7424284783828603,0.7044813366709922,0.49618660686693106,0.9127760664750534
8,62.5,0.8142839125423424,0.6531953239528924,1.467479236495235,1.0603372802240636,0.6032258461172681,0.6974339555886597,0.48913922578459856,0.9057286853927209
8,62.699999999999996,0.8447266035472911,0.6385214440422107,1.4832480475895018,1.0608847458158563,0.6120029209060496,0.6911573046266447,0.48286257482258355,0.8994520344307059
8,62.9,0.8316166622902083,0.6603098118603073,1.4919264741505156,1.0761181430054114,0.5789567015805426,0.6712131207133948,0.4629183909093336,0.879507850517456
8,63.1,0.7986683609877125,0.6909794326633962,1.4896477936511088,1.0903136131572526,0.5626920457653205,0.6437163222618547,0.43542159245779355,0.8520110520659159
8,63.3,0.7802057234036179,0.6893635753547904,1.4695692987584084,1.0794664370565994,0.5555779685678076,0.6391173583366737,0.43082262853261255,0.8474120881407349
8,63.5,0.7585187595028193,0.682721902356174,1.4412406618589935,1.0619812821075838,0.5866561141966032,0.6532298754411484,0.44493514563708725,0.8615246052452096
8,63.699999999999996,0.7825959199090698,0.6661358650698302,1.4487317849789,1.0574338250243651,0.5826817089475975,0.6631754447449324,0.45488071494087123,0.8714701745489936
8,63.9,0.8077805812974324,0.6546469245514178,1.46242750584885,1.058537215200134,0.5791775374224065,0.6658838148764942,0.457589085072433,0.8741785446805553
8,64.1,0.794522575387138,0.6696937972867154,1.4642163726738533,1.0669550849802842,0.5706089021893475,0.6624031919212736,0.45410846211721245,0.8706979217253348
8,64.3,0.7498276906708878,0.7089571774183024,1.4587848680891902,1.0838710227537462,0.5794469595875933,0.6778686646322755,0.4695739348282143,0.8861633944363366
8,64.5,0.7369078770332375,0.7309859429996176,1.467893820032855,1.0994398815162363,0.564745315437966,0.6911744133065304,0.48287968350246924,0.8994691431105916
8,64.69999999999999,0.7491926705090574,0.7348564343188169,1.484049104827874,1.1094527695733456,0.6063078559035672,0.6965540259546406,0.4882592961505794,0.9048487557587017
8,64.9,0.7717287087923336,0.7242746686810106,1.4960033774733443,1.1101390230771775,0.6482020319306374,0.6966886114743467,0.4883938816702855,0.9049833412784078
8,65.1,0.800251500055842,0.6984752130343849,1.4987267130902269,1.098600963062306,0.7253279801045207,0.6852972849046576,0.4770025551005964,0.8935920147087187
8,65.3,0.7926282059012949,0.6952432689412722,1.4878714748425672,1.0915573718919198,0.6213990746747878,0.6803850500793399,0.47209032027527875,0.8886797798834011
8,65.5,0.7801701177662356,0.7070932472224116,1.4872633649886473,1.0971783061055294,0.5871558972079989,0.6880044645537936,0.47970973474973244,0.8962991943578548
8,65.69999999999999,0.7901313347757348,0.7023175244793827,1.4924488592551175,1.09738319186725,0.5795779456060004,0.7026601802119822,0.494365450407921,0.9109549100160433
8,65.9,0.8097472171516844,0.6816882970197138,1.4914355141713982,1.086561905595556,0.6075931158219893,0.6934332073723822,0.48513847756832107,0.9017279371764434
8,66.1,0.8233698179928763,0.6805756620389259,1.5039454800318024,1.0922605710353641,0.6682079433886774,0.7030046808249762,0.4947099510209151,0.9112994106290374
8,66.3,0.8056603425704556,0.7094969834416417,1.5151573260120974,1.1123271547268696,0.6729099044281884,0.6971298543274913,0.48883512452343014,0.9054245841315525
8,66.5,0.7763835113223836,0.7264918587559912,1.5028753700783748,1.114683614417183,0.6339808035953307,0.6962953524775269,0.4880006226734658,0.9045900822815881
8,66.69999999999999,0.7664484239177068,0.7060477680037498,1.4724961919214568,1.0892719799626032,0.6175781908055358,0.6981444925957319,0.4898497627916707,0.906439222399793
8,66.9,0.7084066908769558,0.7074072193753115,1.4158139102522673,1.0616105648137895,0.6335548519519902,0.6889035621687687,0.48060883236470753,0.8971982919728299
8,67.1,0.6976135218383448,0.7139833297453102,1.411596851583655,1.0627900906644827,0.5868012271371914,0.6981948965657695,0.48990016676170833,0.9064896263698307
8,67.3,0.7133721842377655,0.7070803996540721,1.4204525838918376,1.0637664917729548,0.5997681534980435,0.698218333612404,0.4899236038083429,0.9065130634164652
8,67.5,0.7191434834561441,0.7024144044621713,1.4215578879183155,1.0619861461902433,0.6120263301583745,0.6969169728669116,0.4886222430628504,0.9052117026709727
8,67.69999999999999,0.7262782164778573,0.7211414963668819,1.4474197128447392,1.0842806046058104,0.5898709751392324,0.6866127733917661,0.4783180435877049,0.8949075031958272
8,67.9,0.7435365425956653,0.7367949109672103,1.4803314535628755,1.1085631822650428,0.5808933669067983,0.6846824793596324,0.4763877495555713,0.8929772091636936
8,68.1,0.7746071803597501,0.7178860740722145,1.4924932544319647,1.1051896642520895,0.5927064074744997,0.7019217707366057,0.4936270409325445,0.9102165005406668
8,68.3,0.8060011754952198,0.6793419117841574,1.4853430872793771,1.0823424995317672,0.5356140764956543,0.689559041347045,0.4812643115429839,0.8978537711511062
8,68.5,0.8008199407484655,0.65590114266291,1.4567210834113755,1.0563111130371428,0.6549205700364723,0.6889186260249232,0.480623896220862,0.8972133558289843
8,68.7,0.7739478860560864,0.6436847634434989,1.4176326494995852,1.030658706471542,0.587896668416192,0.6788039361092368,0.4705092063051757,0.887098665913298
8,68.9,0.7278384214278429,0.6776695668886665,1.4055079883165094,1.041588777602588,0.6737241601967425,0.6966425625076397,0.4883478327035785,0.9049372923117008
8,69.1,0.694090350377945,0.7204854625495057,1.4145758129274506,1.0675306377384781,0.652488859391173,0.694353252368201,0.48605852256413984,0.9026479821722622
8,69.3,0.7182978890569403,0.7213773510938878,1.4396752401508282,1.080526295622358,0.6124829226843077,0.7018839073589618,0.4935891775549006,0.9101786371630229
8,69.5,0.7157568647370228,0.7259615426565527,1.4417184073935756,1.083839975025064,0.6078800737145155,0.6873066881946214,0.4790119583905602,0.8956014179986825
8,69.7,0.6979577270155204,0.7439178765834004,1.4418756035989206,1.0928967400911604,0.6172416776999471,0.6898209212159063,0.48152619141184516,0.8981156510199675
8,69.9,0.7746876420690202,0.725394220838011,1.5000818629070312,1.112738041872521,0.6631577552763268,0.6988998804198268,0.4906051506157656,0.9071946102238879
8,70.1,0.817149987431585,0.6890129749834029,1.5061629624149877,1.0975879686991954,0.6078318203373201,0.6956610140439631,0.4873662842399019,0.9039557438480242
8,70.3,0.8058217691190254,0.6724315607828864,1.4782533299019118,1.075342445342399,0.5789601233770996,0.6884872586966418,0.4801925288925807,0.896781988500703
8,70.5,0.8051015458650892,0.6854353316328217,1.4905368774979109,1.0879861045653663,0.6065929029962489,0.685708669859846,0.47741394005578486,0.8940033996639072
8,70.7,0.7708097173835688,0.7366428088188919,1.5074525262024607,1.1220476675106763,0.6283415183081958,0.686389506992133,0.4780947771880718,0.8946842367961941
8,70.9,0.7596992459534074,0.7592573484739585,1.518956594427366,1.1391069714506623,0.5756345086013799,0.6964733500944872,0.488178620290426,0.9047680798985483
8,71.1,0.7475229446983408,0.768946400010646,1.5164693447089868,1.1427078723598163,0.5588481428323028,0.6754205500625958,0.46712582025853466,0.883715279866657
8,71.3,0.7458473220891538,0.7651421619962805,1.5109894840854343,1.1380658230408573,0.5721856684057945,0.6655084762819563,0.45721374647789514,0.8738032060860175
8,71.5,0.7585506667479192,0.7449890871476763,1.5035397538955955,1.1242644205216359,0.6030808964013623,0.6825522624590115,0.4742575326549503,0.8908469922630726
8,71.7,0.7552722884195162,0.7413936528970566,1.4966659413165728,1.1190297971068146,0.5939830902227226,0.6946190121171029,0.4863242823130417,0.902913741921164
8,71.9,0.7340677705537104,0.7472772761181193,1.4813450466718299,1.1143111613949745,0.6325173574150069,0.6982934499631888,0.4899987201591276,0.9065881797672499
8,72.1,0.718798303606649,0.7258335706828032,1.4446318742894522,1.0852327224861278,0.6083584368400939,0.7021292594560229,0.49383452965196173,0.910423989260084
8,72.3,0.7475553249905327,0.7078805231016158,1.4554358480921483,1.081658185596882,0.5735066183874159,0.6873691268747935,0.4790743970707323,0.8956638566788546
8,72.5,0.7163130287655346,0.7165652683845408,1.4328782971500753,1.0747217827673081,0.5352244102644184,0.6927164303081348,0.4844217005040736,0.901011160112196
8,72.7,0.7132771698118153,0.707322333910609,1.4205995037224242,1.0639609188165164,0.5546825611758247,0.7112238277665099,0.5029290979624488,0.9195185575705711
8,72.9,0.806222737596706,0.6894348095471783,1.4956575471438842,1.0925461783455312,0.6157326073612309,0.70264498379406,0.4943502539899989,0.9109397135981212
8,73.1,0.939012437812885,0.6800989964508544,1.6191114342637394,1.1496052153572969,0.6130399075620896,0.6912184673854677,0.4829237375814065,0.8995131971895288
8,73.3,0.9419479982752291,0.6811643004935367,1.6231122987687658,1.1521382996311513,0.6010014831661371,0.6962965477969625,0.4880018179929013,0.9045912776010236
8,73.5,0.8568400091144055,0.6956216976262196,1.552461706740625,1.1240417021834224,0.5874465059865536,0.6999648756255075,0.4916701458214463,0.9082596054295686
8,73.7,0.8014859706825085,0.7055036301738133,1.5069896008563217,1.1062466155150674,0.6011481033422645,0.701767173698674,0.49347244389461287,0.9100619035027352
8,73.9,0.7714711435154518,0.7031974792440547,1.4746686227595065,1.0889330510017805,0.6587834521499432,0.7061192562766101,0.49782452647254893,0.9144139860806713
8,74.1,0.752054929857621,0.6869371544372825,1.4389920842949036,1.062964619366093,0.5481608707348328,0.700609727937875,0.49231499813381385,0.9089044577419362
8,74.3,0.7464503376356112,0.6863316530996928,1.432781990735304,1.0595568219174984,0.6133612001510816,0.7026067789068345,0.4943120491027734,0.9109015087108957
8,74.5,0.7218333572767612,0.7286327611935594,1.4504661184703205,1.0895494398319399,0.6155482458951589,0.705080928888432,0.4967861990843708,0.9133756586924932
8,74.7,0.7027211022405183,0.7463863356814167,1.4491074379219349,1.0977468868016758,0.6339544746492815,0.6972041484876947,0.4889094186836336,0.9054988782917559
8,74.9,0.722198334552567,0.7249634184312589,1.4471617529838259,1.0860625857075423,0.6569711013011857,0.7098895645752678,0.5015948347712066,0.9181842943793289
8,75.1,0.8086439685596074,0.6836116337324857,1.492255602292093,1.0879336180122894,0.6034893677743751,0.7070756262740289,0.4987808964699677,0.91537035607809
8,75.3,0.8788499799106964,0.6615404531779523,1.5403904330886486,1.1009654431333005,0.6558993398012637,0.7030034701558988,0.49470874035183765,0.91129819995996
8,75.5,0.907938321454444,0.666797356630407,1.574735678084851,1.1207665173576289,0.5558607017882076,0.7011405386981625,0.49284580889410134,0.9094352685022237
8,75.7,0.9183008897283409,0.6454389944442543,1.5637398841725954,1.1045894393084248,0.6099534638312065,0.7033968095816846,0.49510207977762344,0.9116915393857458
8,75.9,0.8987172834794068,0.6469160042920088,1.5456332877714156,1.0962746460317123,0.6302658083999689,0.703961905803813,0.49566717599975185,0.9122566356078742
8,76.1,0.8413610179137933,0.6794768075104929,1.5208378254242862,1.1001573164673895,0.5990889135047823,0.6936769596499679,0.48538222984590673,0.9019716894540291
8,76.3,0.8378534600732878,0.6882355102409106,1.5260889703141982,1.1071622402775545,0.6579196796177256,0.7008685202668186,0.4925737904627574,0.9091632500708797
8,76.5,0.8378824539314101,0.7085699971736068,1.546452451105017,1.127511224139312,0.5728938249401916,0.7093374197166527,0.5010426899125915,0.9176321495207138
8,76.7,0.8010150987826012,0.7139789226651736,1.5149940214477748,1.1144864720564742,0.5172425608362727,0.705399126526835,0.49710439672277384,0.9136938563308962
8,76.9,0.7528697597286398,0.670633592809956,1.4235033525385958,1.047068472674276,0.5889309716814254,0.7112180574960549,0.5029233276919938,0.9195127873001161
8,77.1,0.7608527313126463,0.6424295200288634,1.4032822513415097,1.0228558856851866,0.6682079433886774,0.6995701017254767,0.49127537192141557,0.9078648315295379
8,77.3,0.805928116787824,0.6124163746183658,1.4183444914061898,1.0153804330122778,0.6124075324845927,0.7093532448824414,0.5010585150783803,0.9176479746865026
8,77.5,0.7957415737955184,0.6267599253184647,1.422501499113983,1.024630712216224,0.6196132564826262,0.7181748920081532,0.509880162204092,0.9264696218122144
8,77.7,0.6680059131715186,0.7209933932853386,1.388999306456857,1.054996349871098,0.5959888567470593,0.715524723923899,0.5072299941198378,0.9238194537279601
8,77.9,0.6457136109448028,0.7354699413299072,1.38118355227471,1.0583267468023085,0.5450280191214999,0.696843485386923,0.4885487555828618,0.9051382151909841
8,78.1,0.7596867284880466,0.681011266779,1.4406979952670467,1.0608546310230234,0.5584818672623065,0.705423536992241,0.49712880718817987,0.9137182667963022
8,78.3,0.8123882552723672,0.6754390473724113,1.4878273026447786,1.081633175008595,0.5581768026903111,0.6907438904032,0.4824491605991388,0.8990386202072611
8,78.5,0.7065843900339855,0.7234655718603983,1.4300499618943838,1.076757766877391,0.5982593530985513,0.6955285973951095,0.48723386759104836,0.9038233271991707
8,78.7,0.6509744445397506,0.7596966260534374,1.410671070593188,1.0851838483233127,0.5712399797913007,0.6873164361050503,0.47902170630098917,0.8956111659091115
8,78.9,0.6503136858416493,0.7707094996579267,1.421023185499576,1.0958663425787514,0.5722685916740293,0.6941404537263401,0.485845723922279,0.9024351835304013
8,79.1,0.6661915655611169,0.7586966042741711,1.424888169835288,1.0917923870547295,0.6743440067863564,0.6972471164726095,0.48895238666854834,0.9055418462766707
8,79.3,0.6868565016360537,0.7348521777079537,1.4217086793440075,1.0782804285259806,0.6065629422243348,0.6976169059163815,0.4893221761123203,0.9059116357204426
8,79.5,0.6649707663331396,0.7435202969329031,1.4084910632660428,1.076005680099473,0.6159848690430725,0.6999313519198823,0.49163662211582115,0.9082260817239435
8,79.7,0.63854231496813,0.7655020891557768,1.4040444041239066,1.0847732466398416,0.6279111485285785,0.7008892486080397,0.49259451880397853,0.9091839784121009
8,79.9,0.6750215417513019,0.7692680397508287,1.4442895815021306,1.1067788106264795,0.6309168343289512,0.708538399666826,0.5002436698627648,0.9168331294708871
8,80.1,0.7037072451668386,0.772755001731912,1.4764622468987507,1.1246086243153313,0.6040871576336475,0.6934415372073611,0.48514680740329996,0.9017362670114223
8,80.3,0.6689191311709922,0.8150217194531177,1.48394085062411,1.1494812850386138,0.5990092940393086,0.7025810220299556,0.4942862922258945,0.9108757518340168
8,80.5,0.6691918827255581,0.8288762092904637,1.4980680920160219,1.1634721506532428,0.6682079433886774,0.7051691503174591,0.4968744205133979,0.9134638801215202
8,80.7,0.7415126011291013,0.7879684312183505,1.5294810323474517,1.158724731782901,0.5937883548679402,0.6945216465112848,0.4862269167072236,0.902816376315346
8,80.9,0.8185681705527513,0.7219394078037045,1.540507578356456,1.1312234930800802,0.6670810535098353,0.6955200082164159,0.48722527841235475,0.9038147380204771
8,81.1,0.7681796968633147,0.7251824045802915,1.493362101443606,1.1092722530119488,0.5653704688490658,0.6891527880442609,0.4808580582401998,0.8974475178483221
8,81.3,0.6806629143956026,0.794308989173891,1.4749719035694935,1.1346404463716921,0.6002210333693774,0.6997159046931001,0.4914211748890389,0.9080106344971612
8,81.5,0.7067040527157832,0.8077491544750732,1.5144532071908565,1.161101180832965,0.6239323612525566,0.7044357021468548,0.49614097234279364,0.912730431950916
8,81.7,0.7865098413143654,0.7309052061902708,1.5174150475046362,1.1241601268474535,0.6276943979360387,0.6987392757781417,0.4904445459740805,0.9070340055822028
8,81.9,0.7311010459007431,0.7202870260993184,1.4513880720000616,1.0858375490496899,0.6479920056605083,0.6860941351500162,0.477799405345955,0.8943888649540773
8,82.1,0.6625214116531952,0.7604502868937457,1.422971698546941,1.0917109927203432,0.6105613051953239,0.6941328842953614,0.4858381544913002,0.9024276140994225
8,82.3,0.6857634650444359,0.7697225737984321,1.455486038842868,1.11260430632065,0.5541004512964586,0.6852328331814216,0.4769381033773604,0.8935275629854827
8,82.5,0.7605700274432243,0.7177004208788617,1.4782704483220859,1.0979854346004738,0.5709057838044782,0.7010986578283602,0.49280392802429906,0.9093933876324214
8,82.7,0.7802444560739946,0.6831094078659112,1.463353863939906,1.0732316359029086,0.5972178675893929,0.7114548062613946,0.5031600764573334,0.9197495360654557
8,82.9,0.750641924198528,0.6895954085756039,1.440237332774132,1.0649163706748679,0.6579905663397188,0.6915057100537825,0.4832109802497213,0.8998004398578436
8,83.1,0.7667452494664991,0.6818478192263258,1.448593068692825,1.0652204439595754,0.6505704395693885,0.6946793175108461,0.48638458770678494,0.9029740473149073
8,83.3,0.8148142338166336,0.6734235423758586,1.4882377761924923,1.0808306592841754,0.6682780575437338,0.6855564733733908,0.4772617435693296,0.8938512031774519
8,83.5,0.8114728801534157,0.695112416859678,1.5065852970130935,1.1008488569363857,0.6540886492198442,0.6972877954869733,0.4889930656829121,0.9055825252910344
8,83.7,0.7334929233572666,0.6969679204923016,1.430460843849568,1.063714382170935,0.6263078202814333,0.6967202250246156,0.48842549522055445,0.9050149548286768
8,83.9,0.7756840003917472,0.6637702998880278,1.439454300279775,1.0516123000839015,0.6143557765808597,0.6948773817121856,0.48658265190812444,0.9031721115162468
8,84.1,0.8438874564294131,0.6549810840601363,1.4988685404895494,1.076924812274843,0.5497445518405845,0.7060436740012445,0.4977489441971833,0.9143384038053056
8,84.3,0.8448402863001544,0.6703108233833941,1.5151511096835486,1.0927309665334715,0.5541968657934184,0.7006914155891375,0.49239668578507634,0.9089861453931987
8,84.5,0.8559863918481005,0.6467447611266841,1.5027311529747847,1.0747379570507345,0.671185382028461,0.6948940162142276,0.4865992864101665,0.9031887460182888
8,84.7,0.9909374897246244,0.5010539634599648,1.4919914531845893,0.996522708322277,0.627897152312432,0.6970732044290586,0.48877847462499746,0.9053679342331198
8,84.9,0.9133394591693224,0.5801034314783674,1.4934428906476898,1.0367731610630286,0.6054155987278751,0.6926888157741732,0.484394085970112,0.9009835455782343
8,85.1,0.8007782052436138,0.688450041907975,1.4892282471515887,1.0888391445297818,0.6124368343618396,0.7009286641778122,0.492633934373751,0.9092233939818734
8,85.3,0.7972033141959304,0.6687786318536866,1.4659819460496168,1.0673802889516517,0.5721614714177476,0.6909238512887694,0.48262912148470827,0.8992185810928306
8,85.5,0.8068679382499406,0.6249373002915019,1.4318052385414426,1.0283712694164722,0.6419638747754143,0.6973806693635858,0.4890859395595246,0.9056753991676469
8,85.7,0.7594080628933729,0.6446956199634069,1.4041036828567799,1.0243996514100933,0.6608103822565533,0.6885660157198619,0.4802712859158007,0.896860745523923
8,85.9,0.6468392147003506,0.7411340903088556,1.387973305009206,1.0645536976590309,0.6041668156539248,0.6927648516926178,0.48447012188855665,0.901059581496679
8,86.1,0.6505987227782566,0.7627816232365806,1.413380346014837,1.088080984625709,0.5268061280138906,0.6987308403658221,0.49043611056176095,0.9070255701698833
8,86.3,0.7171073954990729,0.7558861252176865,1.4729935207167593,1.1144398229672228,0.5555091171473238,0.6901097422687249,0.48181501246466374,0.8984044720727861
8,86.5,0.790809976224241,0.7327716132161418,1.5235815894403828,1.1281766013282624,0.6210855294182309,0.6867102889415986,0.4784155591375374,0.8950050187456597
8,86.7,0.8577193203437463,0.6730463354019676,1.5307656557457139,1.1019059955738406,0.6161635732466462,0.6952064508746563,0.4869117210705951,0.9035011806787174
8,86.9,0.9012813816002399,0.5787458400893111,1.480027221689551,1.029386530889431,0.602667473253611,0.695783703248546,0.48748897344448483,0.9040784330526072
8,87.1,0.828847498555545,0.6053177983349449,1.4341652968904899,1.0197415476127174,0.5973274843717313,0.6930835110704427,0.4847887812663816,0.9013782408745039
8,87.3,0.796756665388593,0.6556750176998997,1.4524316830884927,1.0540533503941962,0.612406795465813,0.6821832422006924,0.4738885123966312,0.8904779720047535
8,87.5,0.827336178207486,0.6377047623253856,1.4650409405328715,1.0513728514291285,0.6261985287016415,0.688560543955013,0.4802658141509518,0.8968552737590741
8,87.7,0.7752831258815692,0.6534622464387482,1.4287453723203174,1.0411038093795328,0.6436848699469365,0.6844920087596532,0.47619727895559205,0.8927867385637144
8,87.9,0.6806094881078187,0.7321661699789017,1.4127756580867206,1.0724709140328113,0.5991144858982079,0.6761281815874242,0.467833451783363,0.8844229113914853
8,88.1,0.7427976595268759,0.7033400967628944,1.4461377562897704,1.0747389265263325,0.5894925253504463,0.6842697815871754,0.4759750517831143,0.8925645113912366
8,88.3,0.8340858507646334,0.6387661189951794,1.4728519697598128,1.0558090443774961,0.6018221451747879,0.68323066411684,0.4749359343127788,0.8915253939209011
8,88.5,0.7706478417361147,0.6876861281491612,1.4583339698852757,1.0730100490172185,0.5784046243084497,0.6820649108858805,0.47377018108181934,0.8903596406899417
8,88.7,0.7037143945452778,0.74026712223946,1.4439815167847379,1.0921243195120989,0.598611214653787,0.6853341415344215,0.47703941173036035,0.8936288713384827
8,88.9,0.6642622043683589,0.7679451384671515,1.4322073428355104,1.100076240651331,0.593133968068521,0.6753028452968693,0.4670081154928082,0.8835975751009305
8,89.1,0.6581987987695461,0.7557452494503359,1.4139440482198822,1.0848446488351091,0.5920755103647156,0.6833135882615513,0.47501885845749015,0.8916083180656125
8,89.3,0.6558792518247469,0.7414249160138379,1.397304167838585,1.0693645419262114,0.592648353413678,0.6907109957351889,0.48241626593112774,0.8990057255392501
8,89.5,0.7003582243662237,0.7152520187824556,1.4156102431486794,1.0654311309655675,0.583380224494212,0.7029384999828499,0.4946437701787887,0.911233229786911
8,89.7,0.7753294771527757,0.6937061424276688,1.4690356195804446,1.0813708810040568,0.6270972144964102,0.6973353019039581,0.48904057209989693,0.9056300317080193
8,89.9,0.7707086445623237,0.6995506119749676,1.4702592565372912,1.0849049342561294,0.6120639986708352,0.6939379815040181,0.4856432516999569,0.9022327113080792
8,90.1,0.7257010943689766,0.7273254691568807,1.4530265635258572,1.090176016341369,0.6677315606029454,0.6913668097437442,0.48307207993968304,0.8996615395478054
8,90.3,0.6057463074820715,0.8110789007860366,1.416825208268108,1.1139520545270725,0.6702698945908336,0.6840018272650451,0.47570709746098394,0.8922965570691063
8,90.5,0.5680824213903107,0.8178043268536386,1.3858867482439494,1.1018455375487939,0.6099897354496535,0.6919590149495848,0.4836642851455236,0.900253744753646
8,90.7,0.6166265984092865,0.7677718691465023,1.3843984675557888,1.0760851683511454,0.6684366221158503,0.6878482681963406,0.47955353839227943,0.8961429980004018
8,90.9,0.6788210881990857,0.7073789823194084,1.386200070518494,1.0467895264189513,0.6193997922901042,0.680038419082491,0.4717436892784298,0.8883331488865521
8,91.1,0.7155837412929907,0.6828954268939025,1.398479168186893,1.0406872975403978,0.6297903587441617,0.6872951019806854,0.4790003721766243,0.8955898317847466
8,91.3,0.7504531139825351,0.6780634588210928,1.4285165728036278,1.0532900158123604,0.6271125533959052,0.682722240622353,0.4744275108182918,0.8910169704264141
8,91.5,0.7584006830621248,0.6852095831286644,1.4436102661907892,1.064409924659727,0.6049217440409703,0.6793730351355456,0.4710783053314844,0.8876677649396068
8,91.7,0.7403843124384869,0.7027758371426821,1.443160149581169,1.0729679933619256,0.6341340258087708,0.6846422806818236,0.4763475508777625,0.8929370104858848
8,91.9,0.7688972746254851,0.6934914932246692,1.4623887678501541,1.0779401305374117,0.662911367198447,0.690401753728389,0.4821070239243278,0.8986964835324501
8,92.1,0.7900148830050341,0.6681074296963007,1.4581223127013347,1.0631148711988176,0.633347528809097,0.6800833501961547,0.47178862039209357,0.8883780800002159
8,92.3,0.7797538215911073,0.6526218704999599,1.432375692091067,1.0424987812955135,0.6299085210761269,0.6713708577999544,0.46307612799589326,0.8796655876040156
8,92.5,0.772896604054798,0.6620945190383566,1.4349911230931545,1.0485428210657555,0.6007257294652055,0.6759423353008466,0.4676476054967854,0.8842370651049077
8,92.7,0.7844914260693355,0.6876892740348116,1.4721807001041471,1.0799349870694794,0.5517186794209569,0.6847961190795492,0.476501389275488,0.8930908488836103
8,92.9,0.7611896315352176,0.7098821412656262,1.4710717728008438,1.090476957033235,0.6273351731924197,0.668855334972119,0.46056060516805786,0.8771500647761802
8,93.1,0.7261057333123764,0.7182268357635126,1.444332569075889,1.081279702419701,0.5774607270767859,0.6694202456290661,0.46112551582500494,0.8777149754331273
8,93.3,0.7672803241486251,0.714747348158671,1.482027672307296,1.0983875102329836,0.596808274861844,0.6714044302396462,0.4631097004355851,0.8796991600437074
8,93.5,0.7918136580066024,0.7236674049905468,1.5154810629971491,1.119574233993848,0.6112395723221948,0.6829339228685413,0.4746391930644801,0.8912286526726024
8,93.7,0.8155166973368707,0.7145855376400615,1.5301022349769322,1.122343886308497,0.6005752798521304,0.672857732534125,0.4645630027300638,0.8811524623381861
8,93.9,0.8481397496535891,0.6809491023752285,1.5290888520288177,1.1050189772020231,0.5806342217098797,0.6667061683694215,0.4584114385653604,0.8750008981734827
8,94.1,0.8004433135301181,0.6881789381621768,1.488622251692295,1.088400594927236,0.5606936320553699,0.6529916595230857,0.4446969297190245,0.8612863893271469
8,94.3,0.6906675764951924,0.7358050978861181,1.4264726743813105,1.0811388861337143,0.5479664695673115,0.6484135109831815,0.4401187811791203,0.8567082407872426
8,94.5,0.7367613988254185,0.7476407293186814,1.4844021281441,1.1160214287313908,0.6024904958726987,0.6658020850494515,0.4575073552453903,0.8740968148535126
8,94.7,0.8296802860981841,0.7150043447019017,1.544684630800086,1.1298444877509937,0.592461440958471,0.67014963518847,0.4618549053844089,0.8784443649925312
8,94.9,0.7615199591672703,0.7235252956876292,1.4850452548548996,1.1042852752712644,0.6463548431020253,0.6736040888752443,0.4653093590711831,0.8818988186793054
8,95.1,0.6666339124720718,0.7421779925666887,1.4088119050387604,1.0754949488027246,0.5301286140702971,0.6755284395248021,0.46723370972074096,0.8838231693288633
8,95.3,0.642309634155871,0.7304437487675733,1.3727533829234444,1.051598565845509,0.6267676129113408,0.6721123675902771,0.463817637786216,0.8804070973943383
8,95.5,0.6689544691518875,0.7246014115243762,1.3935558806762636,1.0590786461003199,0.6257275660241601,0.6732868385954184,0.4649921087913572,0.8815815683994795
8,95.7,0.682294830779946,0.7388806877810623,1.4211755185610082,1.0800281031710353,0.6258962573184755,0.6738303035915125,0.46553557378745136,0.8821250333955737
8,95.9,0.6516674810155353,0.7818067329330038,1.433474213948539,1.1076404734407714,0.5892070251617471,0.6665523327571825,0.45825760295312135,0.8748470625612437
10,25.5,0.7771643062549121,0.43620629451689086,1.213370600771803,0.824788447644347,0.75700268253591,0.6862225776830183,0.47792784787895715,0.8945173074870795
10,25.700000000000003,0.7960882727932089,0.4072698224612023,1.2033580952544112,0.8053139588578068,0.7166963600626184,0.6859597056047968,0.47766497580073564,0.894254435408858
10,25.89999999999999,0.7912116529312534,0.41341765915648204,1.2046293120877354,0.8090234856221087,0.7348796999941842,0.6898322403022586,0.4815375104981975,0.8981269701063198
10,26.099999999999994,0.7883272123172544,0.4487759300247066,1.237103142341961,0.8429395361833338,0.5679640771753913,0.6802267323648348,0.4719320025607736,0.8885214621688959
10,26.299999999999997,0.766316001751611,0.4867815182610215,1.2530975200126324,0.869939519136827,0.6626246312001338,0.6720655398717266,0.4637708100676654,0.8803602696757877
10,26.5,0.7460655573594176,0.5157992230865105,1.2618647804459282,0.8888320017662193,0.6439618898451789,0.7017532582716882,0.49345852846762706,0.9100479880757494
10,27.5,0.8291088226175352,0.4977610847828365,1.3268699074003716,0.912315496091604,0.7133571451525268,0.6889927571329841,0.48069802732892297,0.8972874869370453
10,27.700000000000003,0.8139420516252849,0.5146353431796559,1.3285773948049409,0.9216063689922984,0.7362188413625981,0.7049195727623727,0.49662484295831155,0.9132143025664339
10,27.89999999999999,0.8212174559887717,0.5225379614670568,1.3437554174558286,0.9331466894614426,0.7087042321962822,0.6913019385510827,0.4830072087470215,0.8995966683551438
10,28.099999999999994,0.8283440658932321,0.5634681885688291,1.391812254462061,0.977640221515445,0.6746859663696497,0.6979980878918796,0.4897033580878184,0.9062928176959407
10,28.299999999999997,0.7093207664782479,0.6252162406071707,1.3345370070854188,0.9798766238462948,0.7389366931805126,0.706393099023696,0.4980983692196348,0.9146878288277571
10,28.5,0.6826529659047205,0.5705178363045089,1.2531708022092294,0.9118443192568692,0.7477754514231031,0.6957457989137779,0.4874510691097167,0.904040528717839
10,28.700000000000003,0.8119008944677126,0.43888955929931805,1.2507904537670307,0.8448400065331744,0.7582792420345582,0.6903408733521126,0.4820461435480514,0.8986356031561737
10,28.89999999999999,0.8599475486598663,0.42357951140742617,1.2835270600672926,0.8535532857373593,0.7359020942917681,0.6956280328058522,0.487333303001791,0.9039227626099133
10,29.099999999999994,0.9282896786734604,0.4630088031788777,1.3912984818523382,0.927153642515608,0.7365415221212093,0.7013080910458027,0.49301336124174155,0.9096028208498639
10,29.299999999999997,0.9549806199489089,0.475962113002435,1.430942732951344,0.9534524229768895,0.7595949674240484,0.693991104909713,0.4856963751056519,0.9022858347137742
10,29.5,0.7626544743121005,0.5162339403552229,1.2788884146673234,0.8975611775112731,0.7098253563215178,0.6952363471344927,0.4869416173304315,0.9035310769385538
10,29.700000000000003,0.6447790757201514,0.5803710350536763,1.2251501107738276,0.902760572913752,0.6497112367294001,0.6965302996501992,0.48823556984613803,0.9048250294542604
10,29.89999999999999,0.6510464657375228,0.6034866822278203,1.254533147965343,0.9290099150965816,0.7008750143594743,0.7029957556785158,0.49470102587445464,0.911290485482577
10,30.099999999999994,0.6319152255108349,0.6307528950523142,1.2626681205631491,0.9467105078077317,0.6942263960752424,0.7114973878161127,0.5032026580120516,0.9197921176201739
10,30.299999999999997,0.577787023082247,0.6739859266353263,1.2517729497175734,0.9628794381764498,0.72080272394318,0.6910177932501038,0.48272306344604266,0.899312523054165
10,30.5,0.5551061843039673,0.6742009398583456,1.229307124162313,0.9517540320103293,0.7365494639068905,0.7024009425697026,0.4941062127656415,0.9106956723737638
10,30.700000000000003,0.5856463269591563,0.648961091107145,1.2346074180663011,0.941784254586723,0.7309126644951079,0.709733233048443,0.5014385032443819,0.9180279628525042
10,30.89999999999999,0.6609374636997017,0.6195309637978011,1.280468427497503,0.949999695647652,0.7570020636770877,0.7110584917028755,0.5027637618988143,0.9193532215069367
10,31.099999999999994,0.7188376549249451,0.5739086507798381,1.2927463057047832,0.9333274782423107,0.7563685581717818,0.7171275893778352,0.508832859573774,0.9254223191818963
10,31.299999999999997,0.752593344563753,0.5423339240910279,1.2949272686547808,0.9186305963729043,0.6209071151443848,0.7001381368718144,0.4918434070677532,0.9084328666758755
10,31.5,0.7642189011395432,0.5157043489872173,1.2799232501267606,0.8978137995569889,0.6894371967519842,0.6964889305268605,0.4881942007227993,0.9047836603309216
10,31.700000000000003,0.750960533110012,0.49988367574796416,1.250844208857976,0.8753639423029701,0.6788821523905347,0.7080284557481615,0.49973372594410037,0.9163231855522227
10,31.89999999999999,0.7472509282885428,0.4876330398747517,1.2348839681632946,0.8612585040190232,0.7090498279440711,0.7004998556522977,0.4922051258482365,0.9087945854563588
10,32.099999999999994,0.7115272852068498,0.491249768192044,1.2027770533988937,0.8470134107954689,0.7065349852079136,0.6969475828172219,0.48865285301316075,0.9052423126212831
10,32.3,0.6303250005225647,0.5630847702799541,1.1934097708025189,0.8782472705412365,0.7183028177685263,0.7188561011101859,0.5105613713061248,0.9271508309142471
10,32.5,0.6044998673821063,0.6139027174968716,1.218402584878978,0.9161526511879248,0.7279508000959185,0.7007340620191503,0.4924393322150892,0.9090287918232115
10,32.7,0.6366743406520764,0.6313102777865647,1.2679846184386412,0.9496474481126029,0.578181478677532,0.6949296356018233,0.48663490579776214,0.9032243654058845
10,32.89999999999999,0.5938671091094111,0.666820024804898,1.260687133914309,0.9637535793596035,0.6456064550124192,0.7022060952692448,0.49391136546518366,0.910500825073306
10,33.099999999999994,0.5800292930323522,0.6574287848386786,1.237458077871031,0.9474434313548548,0.7231591648136265,0.7130294421060833,0.5047347123020222,0.9213241719101445
10,33.3,0.6354648254638179,0.594454712741518,1.2299195382053358,0.9121871254734268,0.7221035164400972,0.7108715127311761,0.5025767829271149,0.9191662425352373
10,33.5,0.6081868524577445,0.5975568580512133,1.2057437105089577,0.9016502842800855,0.7080661987894491,0.6992918047407479,0.49099707493668676,0.9075865345448091
10,33.7,0.5420251126111337,0.6375129163762709,1.1795380289874047,0.9085254726818378,0.7086305597766963,0.6886369718640369,0.4803422420599758,0.8969317016680981
10,33.89999999999999,0.5396595204392164,0.6562430135109185,1.1959025339501348,0.9260727737305267,0.7309293103605679,0.6895560540514913,0.4812613242474302,0.8978507838555525
10,34.099999999999994,0.5943171164827563,0.6330433644717228,1.2273604809544791,0.930201922713101,0.7524275481638957,0.7019335508570848,0.4936388210530236,0.9102282806611459
10,34.3,0.6810875446145144,0.5646114876723023,1.2456990322868167,0.9051552599795595,0.7231142635411942,0.70072472971054,0.49242999990647884,0.9090194595146012
10,34.5,0.7394470091727382,0.48520103245694296,1.2246480416296812,0.8549245370433121,0.7309293103605679,0.6927016016130179,0.4844068718089567,0.900996331417079
10,34.7,0.5997006576203192,0.6007031888814801,1.2004038465017992,0.9005535176916397,0.7475297999291913,0.7074488264096386,0.4991540966055774,0.9157435562136997
10,34.89999999999999,0.5409176088292479,0.6644421391558893,1.2053597479851372,0.9349009435705133,0.7133571451525268,0.7149008986344944,0.5066061688304332,0.9231956284385555
10,35.099999999999994,0.6357227382803061,0.6342187455102408,1.269941483790547,0.9520801146503939,0.5957557434141707,0.712960167815889,0.5046654380118278,0.9212548976199502
10,35.3,0.819036508726645,0.5506120674310248,1.3696485761576698,0.9601303217943473,0.6947010695433798,0.7168030457865261,0.5085083159824649,0.9250977755905873
10,35.5,0.7831335771025423,0.5448652300207106,1.327998807123253,0.9364320185719818,0.6946104383675908,0.7013246570091692,0.4930299272051081,0.9096193868132304
10,35.7,0.6804721879355469,0.6113861548673055,1.2918583428028525,0.951622248835079,0.7228094651580877,0.708580853756291,0.5002861239522298,0.9168755835603521
10,35.89999999999999,0.7227448764102836,0.6283709313417682,1.3511158077520518,0.98974336954691,0.7453492646048754,0.7028808772901568,0.49458614748609564,0.911175607094218
10,36.099999999999994,0.682911622462761,0.6314851150070544,1.3143967374698153,0.9729409262384349,0.7391439427235827,0.7052149985765277,0.49692026877246653,0.9135097283805889
10,36.3,0.6335736596270158,0.6291915052927834,1.2627651649197993,0.9459783351062914,0.7142755052986037,0.7034084874528261,0.495113757648765,0.9117032172568873
10,36.5,0.6350172572088476,0.6203507267407089,1.2553679839495564,0.9378593553451327,0.7158977071124907,0.7097168030286152,0.501422073224554,0.9180115328326763
10,36.699999999999996,0.6349112452699721,0.6111117459639984,1.2460229912339704,0.9285673685989844,0.7199450547358017,0.7164600131439718,0.5081652833399106,0.924754742948033
10,36.9,0.6014862117005957,0.6111962305315277,1.2126824422321234,0.9119393363818256,0.6342505009858923,0.7037579378419315,0.49546320803787036,0.9120526676459927
10,37.099999999999994,0.5667995786501461,0.6431848754893678,1.209984454139514,0.9265846648144409,0.678429643313967,0.6912567549823389,0.4829620251782777,0.8995514847864
10,37.3,0.5666525236713315,0.6579780570085204,1.2246305806798519,0.9413043188441861,0.7352847236099025,0.7192018227432591,0.5109070929391979,0.9274965525473202
10,37.5,0.6144932245002943,0.6280683895012811,1.2425616140015754,0.9353150017514282,0.752329469029007,0.7028550485117377,0.4945603187076766,0.9111497783157989
10,37.699999999999996,0.6331725956696618,0.6224477386075652,1.255620334277227,0.9390340364423961,0.7565937117584055,0.7017848090062786,0.49349007920221744,0.9100795388103398
10,37.9,0.5771241388258871,0.6615965799002538,1.2387207187261409,0.9501586493131973,0.7566521356411372,0.6960305936460133,0.4877358638419521,0.9043253234500744
10,38.099999999999994,0.5516609651838396,0.6739522038112058,1.2256131689950454,0.9497826864031256,0.6395151446977443,0.6990180906747939,0.49072336087073276,0.9073128204788551
10,38.3,0.5781322907833355,0.6566859599106143,1.2348182506939498,0.945752105302282,0.7332105195822713,0.7048230337748693,0.49652830397080816,0.9131177635789305
10,38.5,0.6264261768947046,0.629245837323803,1.2556720142185076,0.9424589257711553,0.7004436528085932,0.7137217213792559,0.5054269915751948,0.9220164511833171
10,38.699999999999996,0.6343525438956357,0.6094738305527514,1.243826374448387,0.9266501025005692,0.6373230647031592,0.7147088043857395,0.5064140745816783,0.9230035341898006
10,38.9,0.6707805596588069,0.5492442643497674,1.2200248240085743,0.8846345441791708,0.6958265880927355,0.6956584951402399,0.48736376533617876,0.9039532249443011
10,39.099999999999994,0.7529216227520914,0.47763262506273196,1.2305542478148235,0.8540934364387778,0.7012781619327388,0.6947753174806905,0.4864805876766294,0.9030700472847517
10,39.3,0.7242593038920947,0.5356929116509401,1.259952215543035,0.8978225635969875,0.7400271239186883,0.6952750067516229,0.48698027694756174,0.9035697365556841
10,39.5,0.6327512919444638,0.6532720641745113,1.2860233561189751,0.9696477101467432,0.7437184582367747,0.6986379031196629,0.49034317331560173,0.9069326329237241
10,39.699999999999996,0.6325585977418962,0.6561547370709907,1.2887133348128867,0.9724340359419388,0.7171060174310062,0.6975397474639564,0.48924501765989525,0.9058344772680176
10,39.9,0.649053795128216,0.6435541971372211,1.2926079922654372,0.9680810947013292,0.7294477129692097,0.6967018026087451,0.488407072804684,0.9049965324128063
10,40.099999999999994,0.687565077427409,0.6587187294032377,1.3462838068306469,1.0025012681169423,0.6737657779130737,0.69076771084492,0.4824729810408588,0.8990624406489811
10,40.3,0.6571652740697855,0.683270077461158,1.3404353515309435,1.0118527144960507,0.691394922248013,0.7094470660481309,0.5011523362440697,0.9177417958521921
10,40.5,0.5717989849342903,0.6875203569565624,1.2593193418908528,0.9734198494237076,0.6262117104441861,0.7141656100927551,0.505870880288694,0.9224603398968163
10,40.699999999999996,0.5397230714423139,0.6715314900846042,1.2112545615269181,0.9413930258057612,0.6416153126729343,0.7033682482650128,0.4950735184609516,0.9116629780690739
10,40.9,0.5699227722549985,0.6539963965118147,1.2239191687668134,0.9389577826393141,0.541730240220125,0.7171277392192497,0.5088330094151885,0.9254224690233108
10,41.099999999999994,0.5446401612029992,0.6679605970866028,1.2126007582896021,0.9402806776881025,0.7520776201279452,0.70235256562038,0.4940578358163188,0.9106472954244411
10,41.3,0.5846580976861798,0.645864996171339,1.230523093857519,0.9381940450144289,0.7045849001545706,0.7271005689389533,0.5188058391348921,0.9353952987430144
10,41.5,0.7124605909485547,0.5752964214112297,1.2877570123597846,0.9315267168855071,0.7566521356411372,0.6780354408225281,0.4697407110184669,0.8863301706265893
10,41.699999999999996,0.7661033023428725,0.5525888783780313,1.3186921807209038,0.9356405295494675,0.7405656094254318,0.7005214498532983,0.4922267200492372,0.9088161796573595
10,41.9,0.7783331025593092,0.6152046888244731,1.3935377913837823,1.0043712401041276,0.7074071359177079,0.6917955340941662,0.483500804290105,0.9000902638982273
10,42.099999999999994,0.7667789888913669,0.6753487861268451,1.442127775018212,1.0587382805725285,0.6992756907996387,0.7040901976375273,0.4957954678334662,0.9123849274415885
10,42.3,0.6404325944624305,0.6948940443237089,1.3353266387861396,1.0151103415549243,0.6072573347627268,0.7164824291334616,0.5081876993294004,0.9247771589375228
10,42.5,0.5434558600164654,0.716871636586203,1.2603274966026685,0.9885995665944358,0.7364996225400656,0.697954521919523,0.48965979211546184,0.9062492517235842
10,42.699999999999996,0.5029613338578504,0.7282050547562582,1.2311663886141087,0.9796857216851834,0.5817790311636674,0.6879451655468803,0.4796504357428192,0.8962398953509415
10,42.9,0.561555999215542,0.6636428809645548,1.2251988801800968,0.9444208805723258,0.635729964823309,0.6947018470514972,0.486407117247436,0.9029965768555583
10,43.099999999999994,0.6374461788951823,0.6014447152981035,1.238890894193286,0.9201678047456947,0.589585512502007,0.6989191529867234,0.4906244231826622,0.9072138827907845
10,43.3,0.6954825106809833,0.5775062599102513,1.2729887705912346,0.9252475152507429,0.675102849259481,0.695733529567482,0.48743879976342086,0.9040282593715432
10,43.5,0.6915803840207466,0.6186138266898199,1.3101942107105666,0.9644040187001932,0.6556551453483509,0.711904873271843,0.5036101434677819,0.9201996030759042
10,43.699999999999996,0.6301260618547225,0.6918653651993516,1.321991427054074,1.0069283961267128,0.7024648421759843,0.6876948046772967,0.47940007487323555,0.8959895344813579
10,43.9,0.6274469974592489,0.6849657795619735,1.3124127770212224,0.9986892782915979,0.6944511941759972,0.7099903284832916,0.5016955986792304,0.9182850582873527
10,44.099999999999994,0.6204174702810783,0.6652898277518656,1.2857072980329438,0.9754985628924047,0.7078997140279488,0.7104680808111392,0.502173351007078,0.9187628106152004
10,44.3,0.5559986038248057,0.6697585935414895,1.225757197366295,0.9477578954538923,0.7166963600626184,0.7036113452593287,0.4953166154552675,0.9119060750633898
10,44.5,0.5209891183352526,0.6792947060659127,1.2002838244011653,0.939789265233539,0.7391439427235827,0.6951221313207686,0.48682740151670745,0.9034168611248298
10,44.699999999999996,0.5365054811599528,0.6919391970593816,1.2284446782193343,0.960191937639358,0.7520776201279452,0.6818043252096276,0.4735095954055665,0.8900990550136888
10,44.9,0.5875206574430977,0.6742733400936075,1.2617939975367052,0.9680336688151563,0.717113854074988,0.6921016496316167,0.4838069198275555,0.9003963794356779
10,45.099999999999994,0.6372655567227463,0.6246242826852786,1.261889839408025,0.9432570610466517,0.7231142635411942,0.6991621533791553,0.49086742357509416,0.9074568831832165
10,45.3,0.6547845962454484,0.5815250293596548,1.2363096256051032,0.908917327482379,0.7063343783228688,0.6831348290503901,0.474840099246329,0.8914295588544513
10,45.5,0.6274022004070037,0.5924352225952267,1.2198374230022304,0.9061363227987286,0.7142493500461089,0.7044208676382377,0.4961261378341766,0.9127155974422989
10,45.699999999999996,0.6539540731215885,0.6290922311266305,1.283046304248219,0.9560692676874247,0.7012781619327388,0.6980296825682526,0.48973495276419143,0.9063244123723138
10,45.9,0.6879619732644718,0.6462833850231424,1.3342453582876144,0.9902643716553784,0.7135915868279563,0.6879725962874818,0.4796778664834206,0.8962673260915429
10,46.099999999999994,0.6249574692846557,0.6814717974233369,1.3064292667079926,0.9939505320656647,0.7190581988719531,0.6894468133353433,0.48115208353128214,0.8977415431394045
10,46.3,0.5265697234868769,0.707728640598799,1.234298364085676,0.9710135023422375,0.6973302783208997,0.6918944014323666,0.4835996716283054,0.9001891312364277
10,46.5,0.5138730766672988,0.7049067023830855,1.2187797790503843,0.9618432407167349,0.7398035684729329,0.6909885342434735,0.48269380443941234,0.8992832640475347
10,46.699999999999996,0.511741136180976,0.7171813476412313,1.2289224838222073,0.9730519157317192,0.7191235261990757,0.6922988472421321,0.4840041174380709,0.9005935770461932
10,46.9,0.5130958395030146,0.7143275940765685,1.227423433579583,0.9708755138280758,0.7319772259047128,0.6917917507161577,0.48349702091209656,0.9000864805202189
10,47.099999999999994,0.5322605623587777,0.6774878685980271,1.209748430956805,0.9436181497774161,0.708730976544194,0.7023044052450321,0.49400967544097096,0.9105991350490933
10,47.3,0.5769440687959846,0.6647672048731288,1.2417112736691134,0.9532392392711211,0.7872482322266493,0.6929689614607373,0.4846742316566761,0.9012636912647984
10,47.5,0.6112178961473151,0.6620830185515211,1.2733009146988363,0.9676919666251786,0.744888276037562,0.6917478996070949,0.48345316980303377,0.9000426294111561
10,47.699999999999996,0.6418864097068988,0.6163137873041439,1.2582001970110428,0.9372569921575933,0.6828731838089942,0.6895931968135788,0.4812984670095176,0.8978879266176399
10,47.9,0.6736618541155065,0.5769424638564997,1.250604317972006,0.9137733909142529,0.6817066719816991,0.7062571162834813,0.49796238647942015,0.9145518460875425
10,48.099999999999994,0.6293110114112166,0.6323126888711009,1.2616237002823176,0.9469681945767092,0.6792236750788714,0.693299309301442,0.48500457949738085,0.9015940391055032
10,48.3,0.7043113300988821,0.6368791672476315,1.3411904973465136,0.9890348322970726,0.701642840616579,0.6894089896157192,0.481114259811658,0.8977037194197803
10,48.5,0.8716942780359443,0.6361306484133241,1.5078249264492685,1.0719777874312963,0.6906352551775031,0.6687747102889448,0.4604799804848836,0.8770694400930059
10,48.699999999999996,0.8126829278619089,0.6479558121921559,1.4606387400540648,1.0542972761231104,0.7163427492507508,0.6720552733983901,0.46376054359432894,0.8803500032024513
10,48.9,0.7211489140681373,0.6584133037810845,1.3795622178492217,1.0189877608151532,0.670473398680123,0.671133072601452,0.4628383427973909,0.8794278024055132
10,49.099999999999994,0.6777385943188838,0.6834417890822573,1.3611803834011411,1.0223110862416993,0.6827931590159596,0.6795694886598554,0.4712747588557943,0.8878642184639166
10,49.3,0.6482745043973612,0.7103492711804062,1.3586237755777675,1.034486523379087,0.6719385343498637,0.6910701133762818,0.4827753835722206,0.8993648431803429
10,49.5,0.6287856250487623,0.7124312155331435,1.3412168405819058,1.0268240280575247,0.6983088855330138,0.6806222188917235,0.4723274890876623,0.8889169486957846
10,49.699999999999996,0.7029739017408603,0.675903516442082,1.3788774181829424,1.0273904673125123,0.7572862600052653,0.665735107151269,0.4574403773472079,0.8740298369553302
10,49.9,0.8511175325729978,0.6302517363566054,1.4813692689296032,1.0558105026431042,0.6997135491429318,0.6705431787791958,0.4622484489751346,0.8788379085832569
10,50.099999999999994,0.7794042558624922,0.6325225291180789,1.4119267849805712,1.0222246570493252,0.732928939104704,0.6646831879761746,0.4563884581721135,0.8729779177802358
10,50.3,0.6971866727091977,0.6551605294200942,1.3523472021292917,1.003753865774693,0.7063343783228688,0.6675226966176566,0.45922796681359546,0.8758174264217178
10,50.5,0.7325829837005055,0.6739170326869678,1.4065000163874732,1.0402085245372206,0.7277107056643,0.6761298407353971,0.4678351109313359,0.8844245705394582
10,50.699999999999996,0.7594232134860023,0.7042386746566806,1.4636618881426828,1.0839502813996817,0.6572303008807816,0.6855214773838165,0.47722674757975536,0.8938162071878777
10,50.9,0.7050132517507605,0.7101208371244352,1.4151340888751958,1.0626274629998154,0.7190090192631341,0.6775620887188506,0.46926735891478943,0.8858568185229118
10,51.099999999999994,0.6756911919543742,0.6809850619589453,1.3566762539133195,1.0188306579361324,0.7232543338069987,0.6939370738673167,0.48564234406325557,0.9022318036713779
10,51.3,0.6917165790500688,0.6943300214525521,1.3860466005026209,1.0401883109775865,0.6178523579441328,0.6675810196161718,0.4592862898121106,0.8758757494202329
10,51.5,0.6870007944191434,0.7284470157088941,1.4154478101280374,1.0719474129184658,0.6594662256275499,0.6726547605534328,0.4643600307493716,0.8809494903574939
10,51.699999999999996,0.6763996868897405,0.706675613879103,1.3830753007688434,1.0448754573239731,0.7180933926326968,0.6893188767523447,0.48102414694828355,0.8976136065564059
10,51.9,0.667315050540141,0.6894916098803685,1.3568066604205096,1.023149135150439,0.7231142635411942,0.6622683202968748,0.4539735904928136,0.8705630501009359
10,52.099999999999994,0.5813831324064177,0.7271789640428279,1.3085620964492455,1.0178705302460367,0.6746859663696497,0.685836535320677,0.47754180551661585,0.8941312651247382
10,52.3,0.5906141126616941,0.7296476541547754,1.3202617668164693,1.0249547104856225,0.7601577243651847,0.6841925308522747,0.47589780104821355,0.8924872606563359
10,52.5,0.6355695055091917,0.7012548773071443,1.336824382816336,1.0190396300617401,0.752527106014217,0.6688055086768513,0.4605107788727901,0.8771002384809125
10,52.699999999999996,0.6497430861836564,0.6801528439100121,1.3298959300936684,1.0050243870018403,0.744070314629544,0.6736866698213966,0.4653919400173354,0.8819813996254577
10,52.9,0.6856394254602766,0.6558971056446042,1.3415365311048808,0.9987168183747426,0.7358843560463327,0.6775530544454865,0.46925832464142536,0.8858477842495477
10,53.099999999999994,0.7046784034111969,0.6598906327808443,1.364569036192041,1.0122298344864427,0.7008024389517494,0.6706206770143475,0.4623259472102863,0.8789154068184086
10,53.3,0.5893284597551072,0.7253455155374448,1.314673975292552,1.0200097454149983,0.7391439427235827,0.6765395468068062,0.468244817002745,0.8848342766108673
10,53.5,0.6100087228442682,0.6935172700112465,1.3035259928555147,0.9985216314333807,0.7449489669762607,0.6680160931933734,0.45972136338931224,0.8763108229974346
10,53.699999999999996,0.7301682532242492,0.6050474508363809,1.33521570406063,0.9701315774485055,0.7316367061420307,0.6629604497542394,0.45466571995017824,0.8712551795583006
10,53.9,0.7479425617561494,0.5789525667859499,1.3268951285420991,0.9529238476640245,0.7191235261990757,0.6654728551155008,0.45717812531143964,0.873767584919562
10,54.099999999999994,0.7402881110216257,0.566297516236665,1.3065856272582907,0.9364415717474779,0.6637951146186537,0.6720970293893586,0.4638022995852974,0.8803917591934197
10,54.3,0.7358888783355171,0.6019167942990512,1.3378056726345682,0.9698612334668097,0.6827931590159596,0.6735351507666376,0.46524042096257645,0.8818298805706988
10,54.5,0.7053401177749291,0.6798786745380604,1.3852187923129895,1.032548733425525,0.6439591328015787,0.6690715102108115,0.4607767804067503,0.8773662400148726
10,54.699999999999996,0.6635076334273403,0.720817653110749,1.3843252865380893,1.052571469824419,0.7234464629349014,0.6612664926824966,0.45297176287843544,0.8695612224865578
10,54.9,0.6201541647410111,0.7247465256564952,1.3449006903975065,1.0348236080270008,0.7309126644951079,0.6800580588655258,0.4717633290614647,0.888352788669587
10,55.099999999999994,0.580283122126714,0.7174238810415474,1.2977070031682614,1.0075654421049043,0.7566521356411372,0.6686537529952344,0.4603590231911733,0.8769484827992956
10,55.3,0.5398370168842491,0.7102316393840609,1.25006865626831,0.9801501478261855,0.744070314629544,0.6671426793095979,0.45884794950553676,0.8754374091136591
10,55.5,0.5473579868524053,0.694253067635048,1.2416110544874532,0.9679320610612506,0.725121004756102,0.6598863852065644,0.45159165540250323,0.8681811150106256
10,55.699999999999996,0.5673475378868282,0.6998652094441364,1.2672127473309647,0.9835389783875506,0.7319545986331996,0.6619090786229789,0.4536143488189177,0.87020380842704
10,55.9,0.640625309616193,0.6920431855392765,1.3326684951554695,1.012355840347373,0.6990298035616486,0.6664298323629502,0.458135102558889,0.8747245621670113
10,56.099999999999994,0.6760280791327127,0.6806285086779508,1.3566565878106636,1.0186425482443071,0.728997604842156,0.6625436473367494,0.45424891753268826,0.8708383771408106
10,56.3,0.6337484694300118,0.6820042601786998,1.3157527296087117,0.9988784948937057,0.71401783263358,0.6633523063258503,0.45505757652178913,0.8716470361299115
10,56.5,0.570402753864003,0.6924539663744921,1.262856720238495,0.9776553433064936,0.7077186391300248,0.6671631024388283,0.4588683726347671,0.8754578322428894
10,56.699999999999996,0.5757494150442952,0.6748269447486869,1.2505763597929822,0.9627016522708345,0.6565895442210758,0.6543681976047585,0.44607346780069734,0.8626629274088197
10,56.9,0.6404674621813257,0.635302944101889,1.2757704062832147,0.9555366751925518,0.649562962952755,0.6574540654696794,0.4491593356656183,0.8657487952737406
10,57.099999999999994,0.6437600620964946,0.6795442843114873,1.323304346407982,1.0014243153597346,0.7258954580614435,0.6731924389255327,0.46489770912147155,0.8814871687295939
10,57.3,0.6785474715495685,0.7185842245402533,1.3971316960898217,1.0578579603150375,0.7310043460570638,0.6572267744277915,0.4489320446237304,0.8655215042318527
10,57.5,0.7036820578917291,0.716593782568607,1.420275840460336,1.0684348115144715,0.7266656864899916,0.6612927470590851,0.452998017255024,0.8695874768631463
10,57.699999999999996,0.689413813107108,0.7315573699141255,1.4209711830212335,1.0762642764676795,0.6954608522435636,0.6938641397003866,0.48556940989632547,0.9021588695044478
10,57.9,0.65504541388682,0.7214589931842454,1.3765044070710655,1.0489817001276553,0.6774226421979228,0.663280421556598,0.4549856917525369,0.8715751513606592
10,58.099999999999994,0.6090987521207816,0.6911066012317321,1.3002053533525137,0.995655977292123,0.6874751142458566,0.6686498243341249,0.46035509453006374,0.8769445541381861
10,58.3,0.5752005844713767,0.6896899909068012,1.2648905753781778,0.9772902831424894,0.7432655571997928,0.6654854681059648,0.4571907383019036,0.8737801979100259
10,58.5,0.5776789547128935,0.7043426607515335,1.282021615464427,0.9931821381079803,0.7172337452385809,0.66258102424849,0.4542862944444288,0.8708757540525511
10,58.699999999999996,0.5597456302307817,0.7413113428238202,1.3010569730546018,1.021184157939211,0.7074470150901193,0.6696335260988954,0.4613387962948342,0.8779282559029565
10,58.9,0.5039732825983728,0.7733999657306276,1.2773732483290003,1.025386607029814,0.747952590501025,0.6796535744556355,0.4713588446515743,0.8879483042596966
10,59.099999999999994,0.5211660353205482,0.7650120817517368,1.286178117072285,1.0255950994120109,0.7083203690867097,0.6621307377715103,0.45383600796744916,0.8704254675755715
10,59.3,0.5596662210589157,0.7590893366270466,1.3187555576859624,1.0389224471565046,0.700870433811267,0.6661563221582318,0.4578615923541707,0.874451051962293
10,59.5,0.5728525811369239,0.760115984574133,1.332968565711057,1.046542275142595,0.7090498279440711,0.6639986953829491,0.4557039655788879,0.8722934251870103
10,59.699999999999996,0.5704375126953583,0.7679006683588383,1.3383381810541966,1.0531194247065174,0.6672031189439833,0.6871262990531669,0.47883156924910575,0.8954210288572281
10,59.9,0.5594928081704255,0.7775089572183013,1.3370017653887267,1.057255361303514,0.6406383495778112,0.6674644957674944,0.4591697659634333,0.8757592255715556
10,60.099999999999994,0.5702066607552108,0.7681969940782696,1.3384036548334803,1.053300324455875,0.6752234878842659,0.6797064620546288,0.47141173225056765,0.88800119185869
10,60.3,0.5855630723868449,0.7435120345447331,1.329075106931578,1.0362935707381555,0.6467500722985093,0.6791905165463895,0.47089578674232835,0.8874852463504507
10,60.5,0.5451141806827777,0.7381067571280278,1.2832209378108055,1.0106638474694165,0.6118864237531076,0.6749727814515973,0.4666780516475362,0.8832675112556585
10,60.699999999999996,0.5133736642056429,0.7412915573586468,1.2546652215642897,0.9979783894614682,0.6949083695237813,0.6825368795258149,0.4742421497217537,0.890831609329876
10,60.9,0.5044687768518993,0.7364845837029231,1.2409533605548224,0.9887189721288727,0.7603853090387523,0.6978612395589682,0.489566509754907,0.9061559693630293
10,61.099999999999994,0.49168147918648974,0.732602366694014,1.2242838458805037,0.9784431062872588,0.7510842414300374,0.6614929567136997,0.4531982269096385,0.8697876865177608
10,61.3,0.541146753077127,0.7139308076176357,1.2550775606947628,0.9845041841561992,0.7000906906604955,0.6546372337123645,0.4463425039083033,0.8629319635164256
10,61.5,0.6344393844247226,0.688698539900125,1.3231379243248476,1.0059182321124862,0.6946104383675908,0.6729627809561703,0.4646680511521092,0.8812575107602315
10,61.699999999999996,0.6486281613507591,0.6793868647364432,1.3280150260872021,1.0037009454118226,0.752711125633251,0.6724773496285952,0.464182619824534,0.8807720794326563
10,61.9,0.6352575489492769,0.7089378336530757,1.3441953826023525,1.026566608127714,0.7083245599351641,0.6848535005561031,0.4765587707520419,0.8931482303601642
10,62.1,0.6015969296562874,0.7714100113645009,1.3730069410207884,1.0722084761926447,0.752527106014217,0.6871111864197605,0.4788164566156994,0.8954059162238217
10,62.3,0.6174588619069326,0.7506218675027575,1.3680807294096902,1.0593512984562239,0.744888276037562,0.6748130586155487,0.4665183288114876,0.8831077884196099
10,62.5,0.6494956347884028,0.7084105446165425,1.3579061794049452,1.0331583620107438,0.7182548933872311,0.6789233099246508,0.4706285801205896,0.8872180397287119
10,62.699999999999996,0.6699247834183326,0.7066080873917631,1.3765328708100957,1.0415704791009293,0.7196402636909169,0.6868337434778581,0.4785390136737969,0.8951284732819192
10,62.9,0.6577776612483085,0.7223618370343737,1.3801394982826822,1.051250667658528,0.7035781112182429,0.6698988162956796,0.46160408649161844,0.8781935460997408
10,63.1,0.6011376106833696,0.7427727408315008,1.3439103515148703,1.0433415461731856,0.7129971545832448,0.7025207712783215,0.4942260414742603,0.9108155010823826
10,63.3,0.5749527454210037,0.7670283593177516,1.3419811047387553,1.0545047320282535,0.7496497512070828,0.6734508087853027,0.46515607898124156,0.8817455385893639
10,63.5,0.6615266404425183,0.7384758047934254,1.4000024452359436,1.0692391250146844,0.7182548933872311,0.6631781604255291,0.45488343062146797,0.8714728902295903
10,63.699999999999996,0.6960336391868532,0.695097614046177,1.3911312532330302,1.0431144336396037,0.7232250808255598,0.667898310778012,0.4596035809739508,0.8761930405820731
10,63.9,0.6409924451890727,0.6882283289484643,1.329220774137537,1.0087245515430006,0.7191828390643252,0.6801082592710155,0.4718135294669543,0.8884029890750766
10,64.1,0.5585707984094999,0.7142559924074696,1.2728267908169695,0.9935413916122195,0.7159126214925731,0.6777451421193796,0.4694504123153185,0.8860398719234408
10,64.3,0.5844485481855132,0.7295904217330058,1.3140389699185189,1.0218146958257623,0.7347019498163061,0.6828438983759694,0.4745491685719082,0.8911386281800305
10,64.5,0.7118325205136834,0.6978000965861423,1.4096326170998257,1.053716356842984,0.7370224992006565,0.6802133874451972,0.47191865764113605,0.8885081172492584
10,64.69999999999999,0.7618096066230863,0.6762907017102262,1.4381003083333126,1.0571955050217694,0.7570020636770877,0.6801524270458764,0.47185769724181525,0.8884471568499376
10,64.9,0.6143528267648534,0.7348857601415275,1.3492385869063808,1.0420621735239541,0.7615498838758415,0.6893943597866166,0.4810996299825554,0.8976890895906777
10,65.1,0.5353186231741554,0.7799555628529468,1.3152741860271022,1.0476148744400244,0.7414066886951107,0.6893139688984687,0.4810192390944076,0.8976086987025299
10,65.3,0.5219057166451111,0.7876014352080429,1.309507151853154,1.0485542935305985,0.7205642510333675,0.686378161415769,0.47808343161170785,0.8946728912198302
10,65.5,0.5534531002714291,0.7714481685238548,1.324901268795284,1.0481747186595693,0.6596692775016549,0.6868411693338443,0.47854643952978315,0.8951358991379055
10,65.69999999999999,0.5948013475350923,0.7605758080739828,1.355377155609075,1.057976481841529,0.7037023982097292,0.6789261495269391,0.4706314197228779,0.8872208793310002
10,65.9,0.5751806800733937,0.7686938433424397,1.3438745234158336,1.0562841833791365,0.6942565346033428,0.6913155408632781,0.4830208110592169,0.8996102706673392
10,66.1,0.5823123097785845,0.7630429031277809,1.3453552129063653,1.054199058017073,0.7260583600586056,0.6878283787383441,0.47953364893428296,0.8961231085424053
10,66.3,0.6458638176397176,0.7547084537974119,1.4005722714371296,1.0776403626172708,0.6523343621245834,0.7007924213395266,0.4924976915354654,0.9090871511435877
10,66.5,0.6282963986280571,0.7682346586767005,1.3965310573047576,1.082382857990729,0.6621819872561164,0.6824125030200585,0.47411777321599735,0.8907072328241197
10,66.69999999999999,0.6019385008693217,0.7601017857575525,1.3620402866268742,1.0610710361922133,0.7059825233143485,0.6917775190478895,0.48348278924382837,0.9000722488519507
10,66.9,0.6062697859176192,0.7446597553017656,1.350929541219385,1.0477946482605753,0.6907844072771301,0.6987285409401756,0.4904338111361144,0.9070232707442367
10,67.1,0.5754188876093342,0.7869787304271653,1.3623976180364996,1.0746881742318324,0.7748104504853177,0.6856553156134367,0.47736058580937557,0.8939500454174979
10,67.3,0.567665425995093,0.7937297321888628,1.3613951581839558,1.0775624451864094,0.6580008299526785,0.6798174977349365,0.47152276793087533,0.8881122275389977
10,67.5,0.6101133258273056,0.7274098221717322,1.3375231479990377,1.032466485085385,0.6149620707147909,0.6975318553741663,0.4892371255701051,0.9058265851782275
10,67.69999999999999,0.6422349047662673,0.6737948760312469,1.316029780797514,0.9949123284143805,0.724250611150005,0.689368754759347,0.48107402495528584,0.8976634845634082
10,67.9,0.6839745941284009,0.659581864144566,1.3435564582729669,1.0015691612087665,0.7524275481638957,0.6994054090585373,0.49111067925447616,0.9077001388625985
10,68.1,0.7003382502968019,0.6675170794213824,1.3678553297181844,1.0176862045697834,0.7628095018872083,0.6827489620677855,0.4744542322637243,0.8910436918718466
10,68.3,0.6406273737920972,0.724212298649802,1.3648396724418992,1.0445259855458506,0.7400271239186883,0.6863079791836217,0.4780132493795606,0.8946027089876829
10,68.5,0.5415034669037396,0.7972385102485449,1.3387419771522844,1.0679902437004145,0.7348168719276604,0.7091075658807131,0.500812836076652,0.9174022956847743
10,68.7,0.5432885903461946,0.7965345334030374,1.339823123749232,1.0681788285761347,0.7547846075287078,0.6964108185481661,0.48811608874410495,0.9047055483522273
10,68.9,0.6156409092106067,0.7905971649047439,1.4062380741153506,1.0984176195100472,0.7749499886844115,0.687297509126131,0.4790027793220698,0.8955922389301921
10,69.1,0.6298535532386585,0.7960306627233446,1.425884215962003,1.1109574393426738,0.7366346705396498,0.6857674310984231,0.4774727012943619,0.8940621609024842
10,69.3,0.5835209597256424,0.7794028865381845,1.362923846263827,1.0711633664010056,0.7266656864899916,0.6817443807816476,0.4734496509775864,0.8900391105857087
10,69.5,0.584954744138641,0.7581886620952527,1.3431434062338936,1.050666034164573,0.7191235261990757,0.7070000871555936,0.49870535735153243,0.9152948169596548
10,69.7,0.6126534637429569,0.7395455409701998,1.3521990047131567,1.0458722728416783,0.6643361906954333,0.6942255481207706,0.4859308183167095,0.9025202779248318
10,69.9,0.6633933549758004,0.7101960708336671,1.3735894258094676,1.0418927483215674,0.7286600041275265,0.6872353836241911,0.47894065382012996,0.8955301134282523
10,70.1,0.626947830313821,0.7528355959434623,1.3797834262572832,1.0663095111003726,0.7492132097056592,0.7024257551275486,0.4941310253234874,0.9107204849316097
10,70.3,0.5764085429074058,0.7814634001380025,1.3578719430454083,1.0696676715917053,0.7172337452385809,0.6807098111101728,0.47241508130611165,0.889004540914234
10,70.5,0.5933795800718328,0.7583224189001763,1.3517019989720092,1.0550122089360927,0.7078820344463795,0.7033480520210151,0.495053322216954,0.9116427818250763
10,70.7,0.6080671231390619,0.7392085510045404,1.3472756741436023,1.0432421125740714,0.7693536219584464,0.7077445077219767,0.49944977791791556,0.9160392375260379
10,70.9,0.5982684181523037,0.7432133645513669,1.3414817827036707,1.0423475736275187,0.7113504039376191,0.6908778893631337,0.4825831595590725,0.8991726191671948
10,71.1,0.5811393911662553,0.7657828290105811,1.3469222201768365,1.0563525245937089,0.744070314629544,0.6801156181547932,0.471820888350732,0.8884103479588543
10,71.3,0.5671298054563021,0.7838139388037958,1.350943744260098,1.067378841531947,0.6521843024596606,0.696176045814801,0.4878813160107398,0.9044707756188621
10,71.5,0.5861949377890384,0.7887765258913294,1.3749714636803678,1.0818739947858487,0.6845075641774685,0.6905185527432132,0.482223822939152,0.8988132825472743
10,71.7,0.5947256409547624,0.8078663477100637,1.4025919886648262,1.1052291681874449,0.7083700520546866,0.6988668235001899,0.49057209369612875,0.9071615533042511
10,71.9,0.5937237436716225,0.8191782351087467,1.4129019787803692,1.116040106944558,0.751635081355608,0.6984638229067645,0.4901690931027033,0.9067585527108256
10,72.1,0.5977822056732779,0.8073807317055294,1.4051629373788073,1.1062718345421683,0.7180502519267992,0.6885670941223645,0.48027236431830334,0.8968618239264257
10,72.3,0.5615356584902955,0.8123926269849597,1.3739282854752553,1.0931604562301076,0.6436000940622482,0.6772091645236998,0.4689144347196387,0.885503894327761
10,72.5,0.5427795754756541,0.8231502876488836,1.3659298631245378,1.0945400753867107,0.6869244012667249,0.6926314128196913,0.48433668301563015,0.9009261426237525
10,72.7,0.5432641721344486,0.810765140158748,1.3540293122931966,1.0823972262259722,0.6831218391591235,0.6985438402304254,0.4902491104263642,0.9068385700344865
10,72.9,0.5719253987183441,0.7889281099409404,1.3608535086592846,1.0748908093001126,0.7391725663948396,0.6883767084071569,0.48008197860309576,0.8966714382112181
10,73.1,0.6257155370736843,0.7660988689859586,1.391814406059643,1.0789566375228008,0.7122161058402836,0.7024748352999323,0.4941801054958711,0.9107695651039934
10,73.3,0.6740756897353738,0.7334741258782574,1.4075498156136312,1.0705119707459443,0.7268775521509824,0.6944906258998392,0.48619589609577807,0.9027853557039004
10,73.5,0.7181720923048902,0.7068610891618545,1.4250331814667447,1.0659471353142997,0.744070314629544,0.6834576956308956,0.4751629658268345,0.8917524254349568
10,73.7,0.7096770097898991,0.7362142141346758,1.445891223924575,1.0910527190296253,0.7366346705396498,0.6832265449807032,0.47493181517664207,0.8915212747847644
10,73.9,0.651917695323762,0.7609770509237462,1.4128947462475083,1.0869358985856272,0.7012332949796696,0.6878117109675282,0.4795169811634671,0.8961064407715894
10,74.1,0.602324286423289,0.7850972650757158,1.3874215514990047,1.0862594082873602,0.7609163783705357,0.7002028952336219,0.49190816542956073,0.908497625037683
10,74.3,0.597977009256946,0.7907463718591627,1.3887233811161086,1.0897348764876358,0.7131793727620995,0.6791763649850402,0.47088163518097903,0.8874710947891014
10,74.5,0.6367309281421372,0.7604434755779137,1.3971744037200509,1.0788089396489822,0.744070314629544,0.6907899396371511,0.4824952098330899,0.8990846694412122
10,74.7,0.569958679389959,0.7640216371120534,1.3339803165020123,1.049000976807033,0.7231142635411942,0.6830690680806625,0.4747743382766013,0.8913637978847236
10,74.9,0.5139149734576208,0.7942990857119877,1.3082140591696085,1.051256572440798,0.6782568915575663,0.6727547513936913,0.4644600215896302,0.8810494811977525
10,75.1,0.5286588967162928,0.8034134178370633,1.3320723145533562,1.0677428661952097,0.630010994780349,0.6991001829798386,0.4908054531757774,0.9073949127838997
10,75.3,0.5757081290851528,0.7759023626601572,1.35161049174531,1.0637564272027336,0.677838730116045,0.6823320496644757,0.47403731986041453,0.8906267794685369
10,75.5,0.6201510732270988,0.7264235977838086,1.3465746710109074,1.036499134397358,0.6809846599875373,0.6655844042236104,0.45728967441954926,0.8738791340276716
10,75.7,0.6583396064603073,0.6974066805862751,1.3557462870465824,1.0265764838164286,0.7615498838758415,0.6865722245730881,0.4782774947690269,0.8948669543771492
10,75.9,0.6928588217849156,0.7066287095077972,1.3994875312927129,1.0530581204002551,0.7344951845475689,0.6986524934819691,0.49035776367790795,0.9069472232860303
10,76.1,0.6433526571042851,0.7603293919766657,1.4036820490809507,1.0820057205288083,0.7129971545832448,0.6984500428484973,0.49015531304443616,0.9067447726525585
10,76.3,0.55437717296096,0.7797416849197593,1.3341188578807193,1.0569302714002393,0.6681701075833018,0.69733089058053,0.48903616077646883,0.9056256203845912
10,76.5,0.5155477469182705,0.7727759418359964,1.288323688754267,1.0305498152951318,0.691809738727337,0.7082701203136746,0.4999753905096135,0.9165648501177358
10,76.7,0.5446561247022172,0.7715546653679103,1.3162107900701276,1.043882727719019,0.6772624074088042,0.6989024784435787,0.4906077486395175,0.9071972082476398
10,76.9,0.6815022017064951,0.7312480492828423,1.4127502509893373,1.0719991501360897,0.770773193625555,0.6640874114055838,0.45579268160152264,0.872382141209645
10,77.1,0.7490734425993752,0.6895511771137871,1.4386246197131622,1.0640878984134747,0.6340009915347242,0.6464225384097895,0.4381278086057283,0.8547172682138506
10,77.3,0.6755934421051318,0.7357802903750679,1.4113737324801996,1.0735770114276337,0.9281424810882983,0.6257928414876822,0.41749811168362105,0.8340875712917434
10,77.5,0.663477369736521,0.78601300031191,1.449490370048431,1.1177516851801705,0.9048926292667784,0.6311152717335116,0.4228205419294504,0.8394100015375727
10,77.7,0.6093832730543756,0.7983798601292621,1.4077631331836375,1.1030714966564499,0.809973370642929,0.6724444517747326,0.4641497219706714,0.8807391815787937
10,77.9,0.5775386070968058,0.7683661957979558,1.3459048028947616,1.0571354993463586,0.6749469981854931,0.6632347271277566,0.4549399973236954,0.8715294569318177
10,78.1,0.6216078310231907,0.7290011013683952,1.350608932391586,1.0398050168799906,0.7076877299265903,0.6617136556024914,0.45341892579843024,0.8700083854065526
10,78.3,0.6130638839917544,0.7508692503067592,1.3639331342985135,1.0574011923026363,0.7491525187669605,0.6774238964783327,0.4691291666742715,0.8857186262823938
10,78.5,0.5777843441847019,0.8012254664523505,1.3790098106370525,1.0901176385447016,0.7451886678890872,0.67552586657541,0.46723113677134887,0.8838205963794712
10,78.7,0.595166589348929,0.8353165783017101,1.430483167650639,1.1328998729761746,0.6763383779387263,0.6737644913296827,0.4654697615256216,0.8820592211337439
10,78.9,0.587312267863976,0.8616080505591454,1.4489203184231214,1.1552641844911333,0.676086911752833,0.6633537727108391,0.4550590429067779,0.8716485025149002
10,79.1,0.6352498486538989,0.858740563518746,1.4939904121726448,1.1763654878456955,0.6296632657592627,0.6626410181154789,0.45434628831141777,0.8709357479195401
10,79.3,0.7217401312609066,0.835746284479717,1.5574864157406236,1.1966163501101703,0.6265337459602842,0.6853676050850638,0.4770728752810026,0.8936623348891249
10,79.5,0.6878841768107635,0.8101289029294776,1.4980130797402411,1.1540709913348595,0.5565798314434208,0.7000165902418951,0.49172186043783395,0.9083113200459563
10,79.7,0.6397365479780255,0.7872411494718207,1.426977697449846,1.1071094234608334,0.7205642510333675,0.699518101603351,0.4912233717992899,0.9078128314074122
10,79.9,0.5880311506436934,0.7918019888281076,1.3798331394718009,1.0858175641499543,0.6944878363430086,0.6945057136005552,0.4862109837964941,0.9028004434046164
10,80.1,0.5865693440426585,0.7789902517224994,1.3655595957651578,1.0722749237438287,0.7277136020341366,0.6946619917281175,0.4863672619240563,0.9029567215321787
10,80.3,0.6673773002512328,0.7016630709296494,1.3690403711808823,1.0353517210552659,0.7590125424658415,0.6994442751279694,0.4911495453239082,0.9077390049320305
10,80.5,0.7404175852496169,0.6652159250432256,1.4056335102928423,1.035424717668034,0.7389661925457046,0.6769943228216532,0.468699593017592,0.8852890526257143
10,80.7,0.6846049945771682,0.7551550818714299,1.439760076448598,1.097457579160014,0.741121884607108,0.6869888945451094,0.4786941647410482,0.8952836243491705
10,80.9,0.6067457185434911,0.8233757007617546,1.4301214193052458,1.1267485600335,0.7041803542787816,0.6804293939646837,0.47213466416062255,0.8887241237687449
10,81.1,0.5658913679680676,0.830281796800675,1.3961731647687428,1.113227480784709,0.7043012378096247,0.6797746794193821,0.4714799496153209,0.8880694092234432
10,81.3,0.5520493643679758,0.8075144672838098,1.3595638316517857,1.0835391494677977,0.7197035777740548,0.6843104497923937,0.4760157199883326,0.8926051795964549
10,81.5,0.5888468676790599,0.7823540021981664,1.3712008698772262,1.0767774360376963,0.6859477713417258,0.6850587424242108,0.47676401262014967,0.893353472228272
10,81.7,0.6190885197949668,0.7661905636444867,1.3852790834394535,1.0757348235419701,0.6391848042192767,0.6892862723112804,0.4809915425072192,0.8975810021153415
10,81.9,0.6225447840444446,0.7531333907516795,1.375678174796124,1.0644057827739017,0.7524275481638957,0.6769646221979938,0.46866989239393264,0.885259352002055
10,82.1,0.6451947278918924,0.7361603640784534,1.3813550919703457,1.0587577280243996,0.7177434651322424,0.6723338161610205,0.46403908635695934,0.8806285459650817
10,82.3,0.6810165439067133,0.7349993332471149,1.4160158771538283,1.0755076052004715,0.6857122167088527,0.6679665304362735,0.45967180063221236,0.8762612602403347
10,82.5,0.6090836870947126,0.81625085476687,1.4253345418615826,1.1207926983142262,0.6971787370413032,0.6798585020029043,0.47156377219884316,0.8881532318069655
10,82.7,0.5291146580432756,0.8814463153092408,1.4105609733525164,1.1460036443308785,0.6817066719816991,0.6812082114653844,0.4729134816613232,0.8895029412694455
10,82.9,0.5378107060444308,0.868215652895573,1.4060263589400037,1.1371210059177883,0.7064806246437713,0.6870322358736014,0.47873750606954024,0.8953269656776626
10,83.1,0.5749965791350539,0.8480924716993243,1.423089050834378,1.1355907612668512,0.730916232635208,0.7162195146195425,0.5079247848154813,0.9245142444236036
10,83.3,0.6189101003009716,0.8166138355685938,1.4355239358695653,1.1260688857190795,0.7547846075287078,0.6746264454325018,0.46633171562844067,0.882921175236563
10,83.5,0.6630773285621762,0.7831723135130776,1.4462496420752537,1.1147109777941657,0.654017298041637,0.6820254249204715,0.4737306951164103,0.8903201547245326
10,83.7,0.6587027905940891,0.8054851109684854,1.4641879015625745,1.13483650626553,0.6815909439406003,0.6779219548393667,0.4696272250353055,0.8862166846434278
10,83.9,0.5841271340381684,0.8543548015039798,1.438481935542148,1.146418368523064,0.689643026752378,0.6662438132517147,0.4579490834476535,0.8745385430557758
10,84.1,0.5638488095868525,0.8388854742405233,1.4027342838273757,1.1208098790339496,0.7297614209165993,0.6959978642105545,0.4877031344064934,0.9042925940146157
10,84.3,0.5476440096384468,0.8255498843236369,1.3731938939620836,1.0993718891428603,0.6951012183413477,0.6852492485833134,0.4769545187792522,0.8935439783873745
10,84.5,0.4893626931990936,0.8461598653646005,1.335522558563694,1.0908412119641473,0.556162580241656,0.6292120914057149,0.4209173616016537,0.837506821209776
10,84.7,0.5309578294233499,0.8396981758367345,1.3706560052600842,1.1051770905484093,0.7024971676429628,0.6482290225104059,0.43993429270634477,0.8565237523144671
10,84.9,0.6044731866592407,0.8262934613304496,1.43076664798969,1.1285300546600698,0.7323494895996739,0.6702010015855594,0.46190627178149823,0.8784957313896206
10,85.1,0.6613319542885995,0.8011459731002328,1.4624779273888324,1.1318119502445327,0.7395953569666733,0.6793779781439877,0.47108324833992654,0.8876727079480489
10,85.3,0.6397182703714419,0.7753355871144058,1.4150538574858478,1.0951947223001268,0.701680697661016,0.6874285357109199,0.4791338059068587,0.895723265514981
10,85.5,0.625358841352246,0.7554624997392034,1.3808213410914494,1.0681419204153264,0.7092712486187461,0.668974656385954,0.46067992658189283,0.8772693861900152
10,85.7,0.6036102720907089,0.770895239982251,1.37450551207296,1.0727003760276055,0.6715450388948617,0.6828222893974131,0.4745275595933519,0.8911170192014742
10,85.9,0.5363852726935723,0.8381065517802856,1.374491824473858,1.1062991881270718,0.6743954473463076,0.7052733928386268,0.4969786630345656,0.9135681226426879
10,86.1,0.5054097615533947,0.8673885570060429,1.3727983185594377,1.1200934377827403,0.7031353403273077,0.6769233696598738,0.4686286398558126,0.8852180994639349
10,86.3,0.5447689743292549,0.8363084184969392,1.381077392826194,1.1086929056615666,0.6675281667757486,0.6648082577445796,0.45651352794051847,0.8731029875486408
10,86.5,0.6012058156858716,0.8073556149103956,1.4085614305962673,1.1079585227533315,0.6296228006896759,0.6984392288064657,0.49014449900240453,0.9067339586105269
10,86.7,0.6155267470862738,0.8006577441318049,1.4161844912180785,1.1084211176749417,0.6901259351713656,0.6793391516624266,0.4710444218583655,0.8876338814664878
10,86.9,0.6103882650460647,0.8011662914563455,1.4115545565024101,1.1063604239793778,0.6813304923108355,0.6564458370001698,0.4481511071961086,0.864740566804231
10,87.1,0.6038059457823929,0.8048140105135552,1.408619956295948,1.1067169834047517,0.7479827009661733,0.6770861689640063,0.46879143915994514,0.8853808987680675
10,87.3,0.6002022541579065,0.8016064130321137,1.4018086671900203,1.101707540111067,0.7520776201279452,0.6743229788460391,0.4660282490419779,0.8826177086501003
10,87.5,0.6469210756566085,0.7807621839432006,1.427683259599809,1.1042227217715048,0.7455224004016902,0.6758559026718698,0.4675611728678086,0.884150632475931
10,87.7,0.6906938282249572,0.7736648576648433,1.4643586858898006,1.119011771777322,0.7191235261990757,0.6757803887741414,0.4674856589700802,0.8840751185782025
10,87.9,0.6121968312428894,0.8191611045608576,1.431357935803747,1.1252595201823024,0.6999589014721324,0.6743383648012422,0.46604363499718104,0.8826330946053034
10,88.1,0.473622685277088,0.9082458016760194,1.3818684869531075,1.1450571443145634,0.6777975463136243,0.6854421627430047,0.47714743293894357,0.8937368925470659
10,88.3,0.4708217939216837,0.9164463548100962,1.38726814873178,1.151857251770938,0.6755254611958386,0.6922797638411796,0.48398503403711846,0.9005744936452408
10,88.5,0.5148219474913077,0.8722452421528568,1.3870671896441646,1.1296562158985108,0.7151412072012683,0.6781154470441195,0.46982071724005836,0.8864101768481807
10,88.7,0.5328987471259968,0.8393326419921832,1.37223138911818,1.1057820155551816,0.7395953569666733,0.6706438680220425,0.4623491382179813,0.8789385978261036
10,88.9,0.49771836757340765,0.8669282453971465,1.3646466129705541,1.1157874291838503,0.6879588964551292,0.6866239202311583,0.4783291904270971,0.8949186500352194
10,89.1,0.4988515462030566,0.8804237770829562,1.3792753232860129,1.1298495501844845,0.7247414304436298,0.664818835964233,0.4565241061601718,0.8731135657682941
10,89.3,0.5757676416544937,0.8455256043026043,1.421293245957098,1.1334094251298512,0.730616076123608,0.6688475404033253,0.4605528105992641,0.8771422702073864
10,89.5,0.6569561738057804,0.802010066933921,1.4589662407397013,1.130488153836811,0.7119440681581205,0.6694505279482156,0.4611557981441544,0.8777452577522767
10,89.7,0.662351982155541,0.7966621782589989,1.45901416041454,1.1278381693367694,0.7341432230155729,0.6676877322696356,0.45939300246557446,0.8759824620736968
10,89.9,0.5948994425562173,0.825944379204359,1.4208438217605763,1.1233941004824677,0.7149163441495667,0.6783953045015837,0.47010057469752253,0.8866900343056449
10,90.1,0.5091391141627776,0.8650071300575455,1.3741462442203232,1.1195766871389343,0.717113854074988,0.6790607621613703,0.4707660323573092,0.8873554919654315
10,90.3,0.5009035349024259,0.8539268626865485,1.3548303975889744,1.1043786301377614,0.7567913487436155,0.6735056800014302,0.465210950197369,0.8818004098054913
10,90.5,0.5998330826050978,0.7875195349120369,1.3873526175171347,1.0874360762145858,0.7282632643151131,0.6754721037463131,0.4671773739422519,0.8837668335503742
10,90.7,0.5832771506070538,0.8207765634168297,1.4040537140238833,1.1124151387203565,0.7612663064064862,0.6834192150386069,0.47512448523454576,0.8917139448426681
10,90.9,0.5526331487999778,0.862348350752133,1.4149814995521108,1.138664925152122,0.7576457365292524,0.6837274333179122,0.47543270351385103,0.8920221631219734
10,91.1,0.5623696380424531,0.8641617892478093,1.4265314272902623,1.1453466082690358,0.7331696842184171,0.7225101553026575,0.5142154254985963,0.9308048851067187
10,91.3,0.52070254078507,0.8968488198782079,1.417551360663278,1.1572000902707429,0.6891761690448432,0.6478088295088885,0.43951409970482735,0.8561035593129497
10,91.5,0.5350963380940433,0.8987962912786427,1.4338926293726861,1.1663444603256643,0.66194281129354,0.6496104761427645,0.4413157463387033,0.8579052059468256
10,91.7,0.6238781459861155,0.8622858293069373,1.4861639752930529,1.174224902299995,0.7131066458234679,0.6794035080961357,0.47110877829207454,0.8876982379001969
10,91.9,0.6378148041730707,0.8794147473100293,1.5172295514831,1.1983221493965646,0.7388171961344328,0.6815366623428185,0.47324193253875735,0.8898313921468797
10,92.1,0.5450496096597414,0.9123557453784384,1.4574053550381798,1.184880550208309,0.7305693809329551,0.6613432036823409,0.45304847387827973,0.8696379334864021
10,92.3,0.4905015635606372,0.9259951964437673,1.4164967600044045,1.1712459782240858,0.744888276037562,0.6702935190530563,0.4619987892489952,0.8785882488571175
10,92.5,0.5051494412611098,0.9237656717036782,1.428915112964788,1.176340392334233,0.5976019502579677,0.6754238124706792,0.467129082666618,0.8837185422747403
10,92.7,0.567733476168914,0.8788941070279966,1.4466275831969106,1.1627608451124536,0.6452536291483243,0.6802960711837076,0.47200134137964644,0.8885908009877688
10,92.9,0.6175378143376143,0.8152048071306622,1.4327426214682766,1.1239737142994695,0.6908837775122559,0.6598209405829208,0.4515262107788597,0.868115670386982
10,93.1,0.5968997777277408,0.8146436632130214,1.4115434409407621,1.1130935520768919,0.7492132097056592,0.6576989673332257,0.4494042375291646,0.8659936971372869
10,93.3,0.5174649934492942,0.8823221307306346,1.399787124179929,1.1410546274552817,0.6916070535044385,0.6674644034432013,0.4591696736391402,0.8757591332472625
10,93.5,0.5323822999017519,0.8870544774504118,1.4194367773521637,1.1532456274012877,0.7314105864614202,0.6535229579452416,0.44522822814118046,0.8618176877493028
10,93.7,0.5565763609523704,0.8816009823294061,1.4381773432817766,1.1598891628055914,0.7133571451525268,0.6580741359952242,0.4497794061911631,0.8663688657992854
10,93.9,0.5508333984759661,0.8961594116085196,1.4469928100844858,1.1715761108465026,0.6905386697150959,0.6851331882392144,0.47683845843515327,0.8934279180432756
10,94.1,0.5514172800847869,0.9047384544884716,1.4561557345732583,1.180447094530865,0.7768255233409848,0.6819378467456371,0.4736431169415759,0.8902325765496982
10,94.3,0.549670424925824,0.9083073500516493,1.4579777749774732,1.1831425625145613,0.7321600609487573,0.6715014347067854,0.4632067049027242,0.8797961645108465
10,94.5,0.5185337916287958,0.912976025700968,1.4315098173297638,1.172242921515366,0.7297614209165993,0.677915693239034,0.46962096343497284,0.8862104230430952
10,94.7,0.5385713736564757,0.889567328076914,1.4281387017333895,1.1588530149051517,0.7609163783705357,0.6811842096546752,0.472889479850614,0.8894789394587364
10,94.9,0.5855909377911814,0.8637281059243695,1.449319043715551,1.1565235748199603,0.7572326230042,0.6714949356422726,0.4632002058382114,0.8797896654463337
10,95.1,0.6342118792853811,0.8457655713345544,1.4799774506199355,1.162871510977245,0.7547846075287078,0.6724733174199709,0.4641785876159097,0.880768047224032
10,95.3,0.6313893741405014,0.8408081726740693,1.4721975468145707,1.1565028597443199,0.6675906611242635,0.6755160545840951,0.467221324780034,0.8838107843881563
10,95.5,0.6097144040228051,0.8611201501730309,1.4708345541958359,1.1659773521844334,0.6113025779099541,0.6761840312986152,0.467889301494554,0.8844787611026763
10,95.7,0.6084996418621247,0.8688546297454222,1.4773542716075467,1.1731044506764845,0.6738172466625153,0.6816819938555728,0.47338726405151166,0.889976723659634
10,95.9,0.5981109317111664,0.869844272438324,1.4679552041494903,1.168899738293907,0.5679532210098271,0.6582621467930693,0.4499674169890081,0.8665568765971304
14,24.700000000000003,0.42962431301031184,0.3014129294699141,0.731037242480226,0.51622508597507,0.7540264379277323,0.5162428195547727,0.30794808975071153,0.7245375493588339
14,24.89999999999999,0.46044762885758633,0.7049184465012872,1.1653660753588735,0.9351422609300803,0.6911896389670626,0.5114319781575573,0.3031372483534961,0.7197267079616184
14,25.099999999999994,0.5004496176265184,0.8121693167427436,1.312618934369262,1.0623941255560028,0.7353056142440139,0.5345675297373035,0.3262727999332423,0.7428622595413646
14,25.299999999999997,0.6710510483344659,0.7640183159824494,1.4350693643169152,1.0995438401496824,0.6802544867527118,0.5250337824905367,0.3167390526864755,0.7333285122945978
14,25.5,0.6171870167106609,0.7770929534918212,1.3942799702024822,1.0856864618471516,0.6192469208654554,0.6149115637368722,0.406616833932811,0.8232062935409333
14,25.700000000000003,0.5349633960279179,0.8008792472661155,1.3358426432940333,1.0683609452800744,0.7015424402810798,0.592485865107565,0.3841911353035038,0.8007805949116261
14,25.89999999999999,0.613707465241544,0.7586340460130242,1.3723415112545683,1.0654877786337962,0.6535016187468428,0.5797129811804858,0.3714182513764246,0.7880077109845469
14,26.099999999999994,0.6697177614745062,0.7112650809879065,1.3809828424624129,1.0461239617251596,0.6783852321730756,0.5627338356137283,0.3544391058096671,0.7710285654177894
14,26.299999999999997,0.5874490092422822,0.7635031585010191,1.3509521677433012,1.0572276631221602,0.7194783522064448,0.5319040437773395,0.3236093139732783,0.7401987735814006
14,26.5,0.5304790464562911,0.7996431122316958,1.330122158687987,1.0648826354598415,0.6926529758844431,0.5190852384495668,0.3107905086455056,0.7273799682536279
14,26.700000000000003,0.4887979198761683,0.8263660549552305,1.3151639748313988,1.0707650148933148,0.6761691850807716,0.5314082586585479,0.32311352885448674,0.7397029884626091
14,26.89999999999999,0.499187480614907,0.8320932382791358,1.3312807188940428,1.0816869785865892,0.7154503871606268,0.5341173909852966,0.3258226611812355,0.7424121207893578
14,27.099999999999994,0.5295114260089114,0.8272131089293663,1.3567245349382777,1.091968821933822,0.7502312049913115,0.5265070624014424,0.31821233259738124,0.7348017922055036
14,27.299999999999997,0.5611688871550965,0.7880888890107959,1.3492577761658924,1.0686733325883442,0.7286750484344942,0.5231510353499393,0.3148563055458782,0.7314457651540005
14,27.5,0.6123651915925024,0.7356729461393146,1.348038137731817,1.0418555419355657,0.675823829742813,0.5298689887729289,0.3215742589688677,0.73816371857699
14,27.700000000000003,0.6662251161120918,0.7268202621451773,1.393045378257269,1.059932820201223,0.7265724955658059,0.5386279437247232,0.33033321392066206,0.7469226735287844
14,27.89999999999999,0.6516581473042706,0.7555747675381578,1.4072329148424283,1.081403841190293,0.7417355502304935,0.5530496131416832,0.34475488333762205,0.7613443429457444
14,28.099999999999994,0.6760905315521861,0.7801148447629876,1.4562053763151739,1.1181601105390808,0.7652600315647861,0.5348391557686627,0.32654442596460154,0.7431338855727239
14,28.299999999999997,0.7836917432566899,0.7879706112937512,1.5716623545504411,1.1798164829220963,0.7369351150703114,0.5260941167475012,0.31779938694344,0.7343888465515623
14,28.5,0.6082621899764074,0.806174429862374,1.4144366198387812,1.1103055248505775,0.6893329150672046,0.5099501263718447,0.3016553965677835,0.7182448561759058
14,28.700000000000003,0.46315099523081793,0.811521594672637,1.274672589903455,1.043097092288046,0.6685893811258836,0.5149542838002662,0.30665955399620504,0.7232490136043274
14,28.89999999999999,0.5033526454364695,0.7722280966479069,1.2755807420843763,1.0239044193661417,0.6764353508468889,0.5623417205377311,0.35404699073366996,0.7706364503417923
14,29.099999999999994,0.5527729899597335,0.7289439519849,1.2817169419446335,1.0053304469647668,0.7055037708646653,0.5218465616616939,0.3135518318576327,0.730141291465755
14,29.299999999999997,0.5686172715726701,0.7315138067422383,1.3001310783149085,1.0158224425285733,0.6026122393793414,0.5937153741373977,0.38542064433333656,0.8020101039414589
14,29.5,0.6113201138531098,0.7468912083631648,1.3582113222162746,1.0525512652897198,0.6653135251646608,0.5937819735499411,0.38548724374587995,0.8020767033540023
14,29.700000000000003,0.5937232806934521,0.7843166743002723,1.3780399549937243,1.0811783146469982,0.7134291622590956,0.5666218950457069,0.35832716524164576,0.7749166248497681
14,29.89999999999999,0.5243861002014123,0.8367362645656421,1.3611223647670545,1.0989293146663484,0.6510388426647189,0.4929989620593742,0.28470423225531305,0.7012936918634354
14,30.099999999999994,0.5517818708520087,0.8222539284815523,1.374035799333561,1.0981448639075566,0.6909482074331273,0.4932723074558977,0.2849775776518365,0.7015670372599588
14,30.299999999999997,0.573162332194407,0.808631493819251,1.3817938260136582,1.0952126599164547,0.7192540374945698,0.4968645366627199,0.28856980685865874,0.7051592664667811
14,30.5,0.5947399291286539,0.8080116019742322,1.402751531102886,1.1053815665385591,0.6801008844234451,0.5061208324091904,0.2978261026051292,0.7144155622132515
14,30.700000000000003,0.6918619029423941,0.7996611745022598,1.491523077444654,1.145592125973457,0.6702758252443598,0.5326898251637315,0.32439509535967037,0.7409845549677927
14,30.89999999999999,0.8094580117142808,0.7532407765630912,1.562698788277372,1.1579697824202315,0.6596870389908482,0.5238906840844999,0.31559595428043874,0.7321854138885611
14,31.099999999999994,0.8092076489490991,0.7145034802467296,1.5237111291958287,1.1191073047212792,0.747961734119926,0.41025304537632384,0.20195831557226268,0.618547775180385
14,31.299999999999997,0.6342160351872345,0.7495755120956891,1.3837915472829234,1.0666835296893062,0.564363495071927,0.5184223496720693,0.3101276198680082,0.7267170794761305
14,31.5,0.5268087530880384,0.7865023936280926,1.313311146716131,1.0499067701721119,0.6488262879128842,0.5588338377686803,0.3505391079646192,0.7671285675727415
14,31.700000000000003,0.4781106103379592,0.8063968530616465,1.2845074633996059,1.0454521582306262,0.7875164983659,0.4960381526424009,0.28774342283833976,0.7043328824464621
14,31.89999999999999,0.45223187745314225,0.8276581768884553,1.2798900543415976,1.0537741156150264,0.6502151567194758,0.4597568822999599,0.25146215249589876,0.6680516121040211
14,32.099999999999994,0.4519262058301039,0.8581903248779712,1.310116530708075,1.0841534277930232,0.6937306634100932,0.516935623100915,0.30864089329685385,0.7252303529049762
14,32.3,0.46705149042845034,0.8682875778156749,1.3353390682441253,1.1018133230299,0.6506122477481598,0.47642178815283853,0.26812705834877737,0.6847165179568997
14,32.5,0.4643413648702782,0.8422023488129898,1.306543713683268,1.074373031248129,0.5639189909162303,0.4539066227846744,0.24561189298061326,0.6622013525887356
14,32.7,0.5062522329474233,0.7899841465901098,1.2962363795375331,1.0431102630638214,0.6999712720065352,0.4819815818262363,0.27368685202217513,0.6902763116302975
14,32.89999999999999,0.6081698062149763,0.7457073902375967,1.3538771964525729,1.0497922933450847,0.6523371839605069,0.47850615952166886,0.2702114297176077,0.68680088932573
14,33.099999999999994,0.5611929285382112,0.754916978083629,1.3161099066218402,1.0355134423527346,0.7488163417819614,0.43502551461330147,0.2267307848092403,0.6433202444173627
14,33.3,0.4828876946176161,0.7901898086865309,1.273077503304147,1.031633655995339,0.7386174776570168,0.45231871605514035,0.24402398625107918,0.6606134458592015
14,33.5,0.563899771254113,0.7988399573358581,1.3627397285899712,1.0807898429629146,0.6842491556150081,0.4780207546434778,0.26972602483941666,0.686315484447539
14,33.7,0.609518893582575,0.773389274277374,1.382908167859949,1.0781487210686616,0.6640146546160159,0.471690253836533,0.26339552403247185,0.6799849836405942
14,33.89999999999999,0.5744007425166368,0.7644672541159571,1.3388679966325938,1.0516676253742754,0.7736543004297735,0.48524969979060456,0.2769549699865434,0.6935444295946658
14,34.099999999999994,0.5904864975648488,0.753467702419286,1.343954199984135,1.0487109512017105,0.8076927036661409,0.5167415795380598,0.3084468497339986,0.7250363093421209
14,34.3,0.5736936812667751,0.7503672991098296,1.3240609803766046,1.037214139743217,0.6993952187273584,0.5019232966676974,0.29362856686363625,0.7102180264717586
14,34.5,0.5768511473734053,0.7402191586082266,1.3170703059816318,1.0286447322949293,0.7492075260754483,0.4469878894211683,0.23869315961710713,0.6552826192252295
14,34.7,0.6500075665339322,0.7344332405403273,1.3844408070742595,1.0594370238072934,0.6606262577332155,0.4633289358828253,0.25503420607876415,0.6716236656868865
14,34.89999999999999,0.624849877050424,0.7473677985695407,1.3722176756199647,1.0597927370947526,0.6808024729573994,0.4751484733526482,0.26685374354858704,0.6834432031567094
14,35.099999999999994,0.5734707017598489,0.7519702836724717,1.3254409854323206,1.0387056345523962,0.6620205221384844,0.5569535185936325,0.34865878878957135,0.7652482483976937
14,35.3,0.5664856541637917,0.7441590466826526,1.3106447008464444,1.0274018737645485,0.6908962790860957,0.5171246733111853,0.3088299435071241,0.7254194031152464
14,35.5,0.5466316053129254,0.7578089485660653,1.3044405538789907,1.031124751222528,0.6969522586349901,0.4701839684453446,0.26188923864128344,0.6784786982494058
14,35.7,0.730722595266839,0.6264999697324698,1.3572225649993088,0.9918612673658893,0.7571827077858881,0.49882173878361663,0.29052700897955547,0.7071164685876778
14,35.89999999999999,1.0914195542980034,0.3930306420658975,1.484450196363901,0.9387404192148993,0.6509141489406697,0.48209829859977105,0.2738035687957099,0.6903930284038322
14,36.099999999999994,1.0072504650760106,0.37609513383398807,1.3833455989099985,0.8797203663719932,0.7556514062784423,0.4872517899084393,0.27895706010437815,0.6955465197125005
14,36.3,0.5634969888713492,0.6725960649692049,1.2360930538405541,0.9543445594048795,0.7403866784357772,0.5441770453905641,0.33588231558650294,0.7524717751946253
14,36.5,0.41327082891610845,0.8117314603798932,1.2250022892960015,1.0183668748379473,0.6536940720197507,0.5329791663429322,0.324684436538871,0.7412738961469933
14,36.699999999999996,0.4629128759042841,0.8425382952525005,1.3054511711567844,1.0739947332046424,0.6596446231938143,0.514457721984013,0.3061629921799518,0.7227524517880741
14,36.9,0.5348401375808934,0.8430320425030655,1.3778721800839588,1.1104521112935122,0.6523984123013226,0.4846143926902338,0.27631966288617266,0.6929091224942949
14,37.099999999999994,0.6399786972253926,0.8179607253985961,1.4579394226239888,1.1379500740112924,0.6089202079798401,0.5591355528421561,0.35084082303809494,0.7674302826462173
14,37.3,0.6002670854540393,0.8153706049253013,1.4156376903793406,1.115504147652321,0.7415699205832851,0.5021610910047283,0.2938663612006671,0.7104558208087894
14,37.5,0.4985872407773316,0.8103168151252749,1.3089040559026064,1.0596104355139406,0.6843779166245297,0.4928964703108352,0.28460174050677406,0.7011912001148963
14,37.699999999999996,0.5371180382573113,0.7619238664266247,1.299041904683936,1.0304828855552803,0.7898759570520517,0.47169647287350414,0.263401743069443,0.6799912026775653
14,37.9,0.5617888481381408,0.7379399663098717,1.2997288144480124,1.018834390378942,0.8203456994188078,0.4584648798238786,0.25017015001981746,0.6667596096279398
14,38.099999999999994,0.5983514284119421,0.7287846105712008,1.3271360389831428,1.0279603247771718,0.7623035844026943,0.4186075492016388,0.21031281939757762,0.6269022790057
14,38.3,0.6249344652656855,0.7202945626202875,1.345229027885973,1.0327617952531303,0.6800626938599429,0.4291396014285359,0.22084487162447475,0.6374343312325971
14,38.5,0.5366929271548919,0.759176878163049,1.295869805317941,1.027523341740495,0.6874130940513176,0.42680150876369277,0.2185067789596316,0.6350962385677539
14,38.699999999999996,0.4911914479886696,0.7818964674855459,1.2730879154742154,1.0274921914798807,0.6539496105568899,0.5382017146763337,0.32990698487227255,0.7464964444803949
14,38.9,0.4961749120226087,0.786525201254155,1.282700113276764,1.0346126572654595,0.6712729148964189,0.47374792875711824,0.2654531989530571,0.6820426585611794
14,39.099999999999994,0.5435745966021962,0.7672020166431693,1.3107766132453655,1.0389893149442675,0.6455737112288478,0.479579532977382,0.2712848031733208,0.6878742627814431
14,39.3,0.6461037723208388,0.7091160855104661,1.355219857831305,1.0321679716708856,0.6434476832673646,0.4953344473203958,0.2870397175163346,0.7036291771244569
14,39.5,0.7062838401177374,0.701921401805611,1.4082052419233484,1.0550633218644796,0.6821295894580498,0.5067801685894285,0.2984854387853674,0.7150748983934897
14,39.699999999999996,0.5263776378510024,0.788163670112369,1.3145413079633714,1.0513524890378703,0.6434802819810682,0.5417654445338593,0.33347071472979817,0.7500601743379205
14,39.9,0.46766311910134867,0.820800825250034,1.2884639443513826,1.0546323848007082,0.6869123060375001,0.5122197543514546,0.30392502454739345,0.7205144841555158
14,40.099999999999994,0.5301999596147835,0.815749764951415,1.3459497245661987,1.0808497447588068,0.6729500634115569,0.46636331192954095,0.2580685821254798,0.6746580417336021
14,40.3,0.6599850918345402,0.7719883331473448,1.4319734249818852,1.101980879064615,0.7529750178698112,0.46316550248932875,0.2548707726852676,0.6714602322933899
14,40.5,0.7341426082599858,0.703639908482749,1.437782516742735,1.070711212612742,0.8678630964574692,0.535596049299022,0.3273013194949609,0.7438907791030832
14,40.699999999999996,0.7209530555158911,0.5872276841964023,1.3081807397122933,0.9477042119543477,0.6563154710082683,0.5644831607375316,0.3561884309334704,0.7727778905415927
14,40.9,0.743795186308449,0.45916227865564574,1.2029574649640946,0.8310598718098702,0.6522865724949206,0.5220774399079338,0.3137827101038726,0.7303721697119949
14,41.099999999999994,0.7708040765418834,0.47059967417430965,1.241403750716193,0.8560017124452514,0.7389087497337042,0.5586717908671773,0.35037706106311617,0.7669665206712385
14,41.3,0.5838916550345646,0.7095126667346124,1.293404321769177,1.0014584942518947,0.7291774161209973,0.51386127554487,0.3055665457408089,0.7221560053489312
14,41.5,0.5123539380325004,0.8045320382018015,1.316885976234302,1.0607090072180516,0.6458808515053763,0.5519495131140529,0.3436547833099918,0.7602442429181141
14,41.699999999999996,0.49857385896569156,0.8189077316604761,1.3174815906261677,1.068194661143322,0.6985604524948756,0.4982031085679541,0.2899083787638929,0.7064978383720153
14,41.9,0.489976627397776,0.8156439534088189,1.3056205808065948,1.0606322671077069,0.6965390572530304,0.4476540136317137,0.23935928382765254,0.6559487434357749
14,42.099999999999994,0.4968567896876147,0.8025781674651519,1.2994349571527666,1.0510065623089593,0.6818583562542796,0.477310065033251,0.26901533522918986,0.6856047948373122
14,42.3,0.5410396593900716,0.7669004400636965,1.307940099453768,1.0374202697587322,0.7002167740273862,0.46644713232855806,0.2581524025244969,0.6747418621326192
14,42.5,0.5707115851473217,0.7654878424864051,1.3361994276337268,1.0508436350600658,0.6992708031326687,0.49999133567322224,0.2916966058691611,0.7082860654772833
14,42.699999999999996,0.5729273035997223,0.7840916594035582,1.3570189630032805,1.0705553112034194,0.6891830526909726,0.471073151007782,0.26277842120372086,0.6793678808118432
14,42.9,0.5709912236761118,0.7835422726208668,1.3545334962969786,1.0690378844589228,0.6558728458998699,0.5780655305603098,0.3697708007562487,0.786360260364371
14,43.099999999999994,0.5617575142066566,0.7688318817485178,1.3305893959551744,1.0497106388518462,0.6360226050344064,0.5587002815379736,0.3504055517339124,0.7669950113420347
14,43.3,0.582473333730093,0.7379149613135915,1.3203882950436845,1.029151628178638,0.691397453670824,0.4878631557993206,0.27956842599525944,0.6961578856033818
14,43.5,0.5960798809196614,0.7099229956637311,1.3060028765833924,1.0079629361235618,0.674731519411373,0.5141949644314472,0.305900234627386,0.7224896942355084
14,43.699999999999996,0.5844431161016291,0.74049784781469,1.324940963916319,1.0327194058655045,0.6544165013738448,0.46155643665260937,0.2532617068485482,0.6698511664566705
14,43.9,0.6075649418765906,0.741474291942392,1.3490392338189827,1.0452567628806873,0.7039815718369663,0.47104403842390286,0.2627493086198417,0.679338768227964
14,44.099999999999994,0.5855101106670174,0.7220142735987819,1.3075243842657993,1.0147693289322905,0.7159482052285425,0.5006440079105737,0.29234927810651257,0.7089387377146349
14,44.3,0.5102375575343391,0.7544130993696377,1.2646506569039768,1.0095318781368072,0.7498462718549461,0.47789676611434717,0.269602036310286,0.6861914959184083
14,44.5,0.4981172082329767,0.7800753224549922,1.278192530687969,1.0291339265714805,0.6637568948388377,0.4809431410417804,0.2726484112377192,0.6892378708458415
14,44.699999999999996,0.5099503158906717,0.7912283788580212,1.301178694748693,1.046203536803357,0.6868152095162516,0.4546001519493398,0.24630542214527862,0.6628948817534009
14,44.9,0.5028158999884244,0.7988531127371181,1.3016690127255426,1.0502610627313302,0.6525553386588864,0.5607406975258541,0.35244596772179293,0.7690354273299153
14,45.099999999999994,0.49576992932088065,0.7908084758262565,1.2865784051471372,1.0386934404866968,0.746861489747949,0.5278567126977092,0.319561982893648,0.7361514425017703
14,45.3,0.5290868183882703,0.7473291614739996,1.27641597986227,1.0118725706681349,0.6907792996469957,0.47303011224592195,0.2647353824418608,0.6813248420499831
14,45.5,0.6124401128387453,0.691436473923969,1.3038765867627145,0.9976565303433418,0.778599615253855,0.48789148840170565,0.2795967585976445,0.6961862182057668
14,45.699999999999996,0.6238227384328378,0.6911891494930386,1.3150118879258763,1.0031005187094575,0.7300608522587927,0.504026598116735,0.29573186831267384,0.7123213279207962
14,45.9,0.567371993861538,0.7401759667430875,1.3075479606046256,1.0238619636738566,0.7575404795213216,0.5108500502348242,0.30255532043076305,0.7191447800388854
14,46.099999999999994,0.5046413782487933,0.7658942444160226,1.270535622664816,1.0182149335404191,0.7943741103914491,0.47223441246713166,0.2639396826630705,0.6805291422711928
14,46.3,0.48184259177934446,0.7611136701906768,1.2429562619700212,1.002034966080349,0.8001252882571012,0.39586850637803556,0.1875737765739744,0.6041632361820968
14,46.5,0.6099752650877316,0.7154736650333097,1.3254489301210413,1.0204612975771754,0.6046697716779418,0.5216164808807,0.31332175107663884,0.7299112106847612
14,46.699999999999996,0.6122418879123621,0.7101188836529135,1.3223607715652757,1.0162398276090947,0.7675430086114446,0.4524265021710332,0.24413177236697203,0.6607212319750944
14,46.9,0.5109881177119131,0.7546935552473655,1.2656816729592786,1.0101876141033221,0.6433954349667115,0.4494107097671918,0.2411159799631306,0.6577054395712529
14,47.099999999999994,0.5427969721110212,0.7374913024602855,1.2802882745713067,1.0088897885157961,0.704862198474915,0.5532709213947551,0.3449761915906939,0.7615656511988163
14,47.3,0.6842946381137222,0.6296535166378174,1.3139481547515395,0.9718008356946785,0.6804262526209004,0.5065966745494471,0.29830194474538596,0.7148914043535083
14,47.5,0.7564522311529437,0.5599811482903243,1.316433379443268,0.9382072638667962,0.6556479737968463,0.4837484205446092,0.27545369074054804,0.6920431503486704
14,47.699999999999996,0.6768210116569355,0.637524848499693,1.3143458601566285,0.9759353543281608,0.557710435174369,0.5381620317553599,0.32986730195129876,0.7464567615594211
14,47.9,0.6124772259329851,0.7357428210195973,1.3482200469525825,1.04198143398609,0.7107170185617004,0.5296862173136141,0.32139148750955293,0.7379809471176753
14,48.099999999999994,0.5959572915704185,0.7501776114913258,1.3461349030617444,1.048156257276535,0.6928025391372225,0.5565900713481707,0.34829534154410957,0.7648848011522319
14,48.3,0.5887534046920773,0.7261035258632788,1.3148569305553561,1.0204802282093175,0.6834467791058836,0.5726236941232405,0.3643289643191794,0.7809184239273017
14,48.5,0.5848976418482608,0.7152635323708529,1.3001611742191137,1.0077123532949832,0.6666444697460607,0.6436208638323291,0.4353261340282679,0.8519155936363902
14,48.699999999999996,0.5894713770826104,0.7220634000143936,1.311534777097004,1.0167990885556988,0.7208402128773648,0.4504038126274158,0.24210908282335464,0.658698542431477
14,48.9,0.6220157784548612,0.7009932686678493,1.3230090471227105,1.01200115789528,0.6402061065182325,0.46430935172903137,0.2560146219249702,0.6726040815330925
14,49.099999999999994,0.6910975820706732,0.6448925722896601,1.3359901543603334,0.9904413633249968,0.7679994248464008,0.45658478462498986,0.2482900548209287,0.664879514429051
14,49.3,0.7414271962741578,0.5716921242036497,1.3131193204778073,0.9424057223407285,0.7497032627010303,0.5253272619999517,0.31703253219589056,0.7336219918040129
14,49.5,0.5704032621094696,0.6915124226416186,1.2619156847510882,0.9767140536963534,0.6403015574254288,0.4983662908186979,0.2900715610146367,0.706661020622759
14,49.699999999999996,0.49752271654987495,0.7450054671202293,1.2425281836701043,0.9937668253951668,0.6883261365336687,0.4331039353203445,0.22480920551628336,0.6413986651244057
14,49.9,0.494672307310805,0.7299378614051283,1.2246101687159332,0.9772740150605308,0.6993169394231564,0.47726093600876385,0.2689662062047027,0.685555665812825
14,50.099999999999994,0.5037834287385212,0.7116548756502838,1.215438304388805,0.9635465900195445,0.6843415718249594,0.559111693443644,0.3508169636395828,0.7674064232477051
14,50.3,0.5079471811510262,0.7322074470780706,1.2401546282290967,0.9861810376535837,0.6672888064896598,0.5225871100695175,0.31429238026545636,0.7308818398735787
14,50.5,0.5377914401517624,0.7260284907449827,1.263819930896745,0.9949242108208638,0.7342751450466022,0.5094160035124111,0.30112127370834996,0.7177107333164723
14,50.699999999999996,0.5445393401029297,0.7052074066401318,1.2497467467430616,0.9774770766915968,0.7108551501270189,0.5139768196480317,0.3056820898439705,0.7222715494520928
14,50.9,0.4868270397096039,0.7282603852896612,1.2150874249992651,0.9716739051444632,0.5917312535135345,0.47530304956378433,0.26700831975972317,0.6835977793678455
14,51.099999999999994,0.42758873368430866,0.7816203453429634,1.209209079027272,0.9954147121851178,0.6825914420766386,0.5179523120122438,0.3096575822081826,0.726247041816305
14,51.3,0.3787482062988934,0.8316534423019326,1.210401648600826,1.0210275454513793,0.6704084257186717,0.4798605264673985,0.27156579666333736,0.6881552562714597
14,51.5,0.41727822342974596,0.827596581840644,1.24487480527039,1.036235693555517,0.6623104725918038,0.4856173131564469,0.27732258335238574,0.6939120429605081
14,51.699999999999996,0.43744060409386143,0.8373450895864359,1.2747856936802975,1.0560653916333667,0.7273843729847846,0.4936495702960937,0.2853548404920325,0.7019443001001548
14,51.9,0.3899160981907355,0.8462823356818275,1.2361984338725631,1.0412403847771954,0.7044767959425491,0.5063047465126219,0.29801001670856075,0.7145994763166831
14,52.099999999999994,0.4944249721593391,0.7638146126726169,1.2582395848319559,1.0110270987522862,0.6839841017330761,0.5288640257309073,0.32056929592684613,0.7371587555349685
14,52.3,0.5137942281918465,0.7611072378925365,1.2749014660843832,1.0180043519884598,0.7593788221380291,0.4955611888416361,0.2872664590375749,0.7038559186456972
14,52.5,0.4115425439391132,0.8390890810899778,1.250631625029091,1.0448603530595344,0.7981687399402813,0.47186806931648073,0.26357333951241957,0.6801627991205419
14,52.699999999999996,0.4149514341515068,0.8196705645244581,1.2346219986759648,1.0271462816002115,0.7131632937308079,0.47322176495750995,0.2649270351534488,0.6815164947615711
14,52.9,0.5455767823366101,0.7097272108895836,1.2553039932261936,0.9825156020578886,0.6859873304162292,0.4841958104080706,0.2759010806040094,0.6924905402121317
14,53.099999999999994,0.6903416854982798,0.5915329857618737,1.2818746712601536,0.9367038285110136,0.7302480921366511,0.4991040091818374,0.29080927937777623,0.7073987389858986
14,53.3,0.6267547895388565,0.681223893656075,1.3079786831949316,0.9946012884255033,0.650170468787681,0.5564494963101104,0.34815476650604926,0.7647442261141716
14,53.5,0.5414016923329077,0.7519362825953118,1.2933379749282194,1.0226371287617657,0.6805358890552329,0.5576308123336102,0.34933608252954906,0.7659255421376714
14,53.699999999999996,0.47272670759439267,0.7913969479066851,1.2641236555010777,1.0277603017038814,0.6440090387933204,0.5729643763105203,0.36466964650645917,0.7812591061145815
14,53.9,0.40077364458806797,0.8329214732699124,1.2336951178579803,1.0333082955639463,0.8184443819563855,0.46174051915823755,0.2534457893541764,0.6700352489622987
14,54.099999999999994,0.37030867372256804,0.8377813989539311,1.2080900726764991,1.0229357358152151,0.6711026056300585,0.4600294323817316,0.25173470257767044,0.6683241621857927
14,54.3,0.4154143210241833,0.7962569814741135,1.2116713024982968,1.003964141986205,0.7367041781558101,0.4847708067711189,0.2764760769670577,0.6930655365751801
14,54.5,0.4938066128909032,0.7486856828811277,1.242492295772031,0.9955889893265794,0.7332637707198524,0.4793418354828357,0.27104710567877455,0.6876365652868969
14,54.699999999999996,0.5738584711198943,0.6839828736397106,1.2578413447596049,0.9709121091996578,0.7764103713276436,0.5076509955558359,0.29935626575177476,0.7159457253598971
14,54.9,0.5711535045670014,0.7144434616199473,1.2855969661869489,1.000020213903448,0.6924262278307345,0.5400854893012665,0.3317907594972054,0.7483802191053277
14,55.099999999999994,0.5282991907680687,0.785547209441663,1.3138464002097319,1.0496968048256974,0.6544274265904085,0.5069449427114119,0.2986502129073507,0.715239672515473
14,55.3,0.5085933496453185,0.8100794722300213,1.3186728218753399,1.0643761470526805,0.7299047657694484,0.4587309566203046,0.25043622681624345,0.6670256864243658
14,55.5,0.5628734234326904,0.752598519045109,1.3154719424777994,1.0340352307614542,0.6941932805940906,0.4668143466386846,0.25851961683462343,0.6751090764427458
14,55.699999999999996,0.7489732046955799,0.5526313439861854,1.3016045486817653,0.9271179463339754,0.6463060042726287,0.506312162245283,0.2980174324412218,0.7146068920493441
14,55.9,0.9483867216779591,0.5022765821173183,1.4506633037952774,0.9764699429562979,0.6892325266585175,0.48129973995393804,0.2730050101498769,0.6895944697579992
14,56.099999999999994,0.9097228572202545,0.6806405912266511,1.5903634484469056,1.1355020198367782,0.7548699949758079,0.48785338511662846,0.2795586553125673,0.6961481149206896
14,56.3,0.7471742909704939,0.7554712123816413,1.502645503352135,1.1290583578668882,0.6810653926273548,0.4790211409200471,0.27072641111598594,0.6873158707241083
14,56.5,0.6797365605478681,0.7525968575854499,1.432333418133318,1.092465137859384,0.5853945485338321,0.5295672367656407,0.3212725069615795,0.7378619665697018
14,56.699999999999996,0.6835487097312403,0.7302673778218897,1.4138160875531298,1.0720417326875098,0.7011780084773757,0.5232381472337552,0.314943417429694,0.7315328770378163
14,56.9,0.6425051787878557,0.7364723034180334,1.3789774822058891,1.0577248928119611,0.6853454374970762,0.46085932197758284,0.2525645921735217,0.669154051781644
14,57.099999999999994,0.5515076936910746,0.7706081524032471,1.3221158460943216,1.0463619992487843,0.5865212517761942,0.42523418049529205,0.21693945069123088,0.6335289102993532
14,57.3,0.4767252574917396,0.8110505911646936,1.2877758486564332,1.0494132199105635,0.6863448599408093,0.4445035968653261,0.23620886706126493,0.6527983266693873
14,57.5,0.4513651987902539,0.8270497377019261,1.27841493649218,1.0527323370970532,0.7825897730309266,0.4474941372466825,0.23919940744262136,0.6557888670507437
14,57.699999999999996,0.4925980589275968,0.8083867081157382,1.300984767043335,1.0546857375795367,0.7095248319891835,0.4668917554072893,0.2585970256032281,0.6751864852113505
14,57.9,0.5198253213523356,0.7739892234756024,1.293814544827938,1.0339018841517702,0.7169715468948642,0.4764216488224997,0.26812691901843855,0.6847163786265609
14,58.099999999999994,0.5042063867049713,0.7635841673032218,1.267790554008193,1.0156873606557073,0.6043090190271208,0.5853125347020729,0.37701780489801173,0.7936072645061341
14,58.3,0.5008658362328297,0.7639808837606424,1.264846719993472,1.0144138018770572,0.6796844947521133,0.5086662082129239,0.3003714784088627,0.716960938016985
14,58.5,0.4929690348309421,0.7782352311972941,1.271204266028236,1.024719748612765,0.6490870855625958,0.4598730655133664,0.2515783357093052,0.6681677953174275
14,58.699999999999996,0.45845738887599985,0.7981173440050775,1.2565747328810772,1.0273460384430773,0.6659952872897367,0.47745919965856465,0.2691644698545035,0.6857539294626258
14,58.9,0.4655216087769853,0.7853329902159352,1.2508545989929205,1.018093794604428,0.708266477301713,0.46772805765859504,0.2594333278545339,0.6760227874626562
14,59.099999999999994,0.5640880769589859,0.7423365639458258,1.3064246409048117,1.0243806024253188,0.6702389816665089,0.4679668301415534,0.2596721003374922,0.6762615599456145
14,59.3,0.6004231004918473,0.7296628378494779,1.3300859383413253,1.0298743880954015,0.8042329116912466,0.47211402370639316,0.263819293902332,0.6804087535104544
14,59.5,0.6089249447444774,0.7150703839639257,1.3239953287084032,1.0195328563361645,0.6949796876686657,0.533573992444233,0.3252792626401718,0.7418687222482941
14,59.699999999999996,0.6841103561949592,0.6926900987844654,1.3768004549794246,1.034745276881945,0.6670818107603766,0.5640084691637606,0.3557137393596994,0.7723031989678217
14,59.9,0.7170880364135647,0.6983239071391303,1.4154119435526948,1.0568679253459126,0.6732436994360957,0.49119094224587423,0.28289621244181307,0.6994856720499354
14,60.099999999999994,0.5553891185763365,0.7661176209170132,1.3215067394933497,1.0438121802051814,0.6779886877776754,0.45046284403235887,0.2421681142282977,0.65875757383642
14,60.3,0.4744783739520459,0.82876737413815,1.303245748090196,1.0660065611141731,0.7013557546011598,0.4849367228596314,0.27664199305557025,0.6932314526636926
14,60.5,0.3870883539179336,0.8658197200367261,1.2529080739546596,1.0593638969956929,0.7233938872122945,0.47102510787786533,0.26273037807380417,0.6793198376819265
14,60.699999999999996,0.3412839387310793,0.870996161590487,1.2122801003215664,1.0416381309560268,0.6608024422199948,0.529383563581791,0.3210888337777298,0.7376782933858521
14,60.9,0.36636977331598314,0.8335778337689813,1.1999476070849646,1.016762720426973,0.7404013695887978,0.4609194208328178,0.2526246910287566,0.669214150636879
14,61.099999999999994,0.44281458231930304,0.7893174522679881,1.232132034587291,1.0107247434276396,0.715624343269151,0.4612770586363405,0.25298232883227934,0.6695717884404017
14,61.3,0.5342576725155315,0.7585738401825425,1.292831512698074,1.0257026764403083,0.7095264045355673,0.46245007294659846,0.2541553431425373,0.6707448027506596
14,61.5,0.5575491415527605,0.7214015413762144,1.278950682928975,1.0001761121525947,0.719663577246882,0.4715985166738609,0.2633037868697997,0.679893246477922
14,61.699999999999996,0.5445668494231131,0.6929214140643303,1.2374882634874433,0.9652048387758868,0.7009604156902791,0.5895276931269271,0.38123296332286594,0.7978224229309883
14,61.9,0.4951304132541923,0.7325082469572839,1.2276386602114762,0.98007345358438,0.8122860780249951,0.4868410087851675,0.27854627898110634,0.6951357385892287
14,62.1,0.4478686479590988,0.7798017290520094,1.2276703770111081,1.0037360530315587,0.7436324213037878,0.44968085765896715,0.24138612785490599,0.6579755874630283
14,62.3,0.45052332502152354,0.7921725702415786,1.2426958952631022,1.0174342327523405,0.7226759227323395,0.4747079435005525,0.26641321369649135,0.6830026733046137
14,62.5,0.5734740365287645,0.7831249382197119,1.3565989747484763,1.069861956484094,0.7100060373954887,0.4763582965171168,0.26806356671305565,0.684653026321178
14,62.699999999999996,0.6193950635590104,0.796921583327911,1.4163166468869215,1.1066191151074163,0.6484534084129655,0.4607163555625079,0.25242162575844673,0.6690110853665691
14,62.9,0.5250228035047828,0.7788342087224802,1.303857012227263,1.0413456104748717,0.6360363158843056,0.5574147872387893,0.3491200574347282,0.7657095170428505
14,63.1,0.5664379919549514,0.7227412540416676,1.289179245996619,1.0059602500191431,0.6928878318532088,0.4708825040153682,0.262587774211307,0.6791772338194293
14,63.3,0.5615024370285042,0.7262419799100189,1.287744416938523,1.006993198424271,0.721652863922096,0.4523947693837569,0.24410003957969573,0.660689499187818
14,63.5,0.5030228357662044,0.7533827364666972,1.2564055722329015,1.0048941543497993,0.744778203155108,0.4855961869934824,0.27730145718942123,0.6938909167975436
14,63.699999999999996,0.5111755684554471,0.761781512375625,1.272957080831072,1.0173692966033485,0.7041028912772357,0.4737092517379645,0.26541452193390336,0.6820039815420257
14,63.9,0.588093703515639,0.7672141630903524,1.3553078666059915,1.061261014848172,0.6727320837613125,0.44616143326054564,0.23786670345648447,0.6544561630646069
14,64.1,0.6321874816543355,0.7473856920197673,1.3795731736741028,1.063479432846935,0.7462511600937074,0.4576730370646252,0.24937830726056404,0.6659677668686863
14,64.3,0.5601594347955697,0.7106397907763546,1.2707992255719243,0.9907195081741395,0.8444238722608491,0.46977788469875525,0.2614831548946941,0.6780726145028164
14,64.5,0.5287293563185802,0.7028784143702825,1.2316077706888626,0.9672430925295725,0.6315505874634253,0.4408586227241304,0.23256389292006924,0.6491533525281916
14,64.69999999999999,0.5280789532460594,0.7046905927781618,1.2327695460242212,0.9687300694011916,0.6571954340358318,0.42819505548341613,0.21990032567935497,0.6364897852874773
14,64.9,0.5397723898105115,0.7014305625198032,1.2412029523303145,0.9713167574250589,0.6626432448808314,0.484334196373265,0.27603946656920386,0.6926289261773262
14,65.1,0.5389176604480249,0.6976379862753399,1.236555646723365,0.9670968164993524,0.7287750781124859,0.5111272461129404,0.3028325163088792,0.7194219759170015
14,65.3,0.5525050253470147,0.6991678191146677,1.2516728444616825,0.9754203317881751,0.6817118847484658,0.44357928827638754,0.23528455847232638,0.6518740180804488
14,65.5,0.6343788775672141,0.7066128321761772,1.3409917097433912,1.0238022709597843,0.7008531356161618,0.44809225985540146,0.2397975300513403,0.6563869896594626
14,65.69999999999999,0.7343291261651242,0.7181323417488436,1.4524614679139678,1.0852969048314056,0.691956627875108,0.4546943057250866,0.24639957592102546,0.6629890355291478
14,65.9,0.6099558815854685,0.7122787831589334,1.322234664744402,1.0172567239516677,0.7254340491059273,0.4711356133156719,0.2628408835116107,0.679430343119733
14,66.1,0.5539209481673302,0.7095517425044688,1.263472690671799,0.9865122165881339,0.6810653926273548,0.4638695433294482,0.255574813525387,0.6721642731335093
14,66.3,0.5317443028983412,0.7687102685326405,1.3004545714309816,1.034582419981811,0.7128494387861878,0.44381320807219077,0.2355184782681296,0.652107937876252
14,66.5,0.4816615116953733,0.8053827819587202,1.2870442936540933,1.0462135378064068,0.6886413267317252,0.44165232326937387,0.2333575934653127,0.649947053073435
14,66.69999999999999,0.4556842822747649,0.7806529789675603,1.2363372612423251,1.0084951201049428,0.670042462394585,0.47037121320505243,0.26207648340099127,0.6786659430091135
14,66.9,0.4741268326164881,0.7451890578675707,1.2193158904840589,0.9822524741758147,0.6212890862348278,0.45000191795336836,0.2417071881493072,0.6582966477574295
14,67.1,0.49179324065079105,0.7224506860093125,1.2142439266601035,0.968347306334708,0.6042344801194205,0.48380673751153247,0.2755120077074713,0.6921014673155936
14,67.3,0.4984344400616926,0.7070410553974855,1.2054754954591782,0.9562582754283319,0.672154143233818,0.4442597884229139,0.23596505861885275,0.6525545182269751
14,67.5,0.5025528950055212,0.694596096768692,1.1971489917742133,0.9458725442714526,0.5921682191281238,0.5625735706612798,0.3542788408572186,0.7708683004653409
14,67.69999999999999,0.5405570212728318,0.6939803346178286,1.2345373558906605,0.9642588452542445,0.7820318427129686,0.4400328811188332,0.23173815131477205,0.6483276109228944
14,67.9,0.5909906066256864,0.6742149623202172,1.2652055689459036,0.9697102656330604,0.7023049860511749,0.4472976193620711,0.2390028895580099,0.6555923491661322
14,68.1,0.6238936178283541,0.6542146220035197,1.2781082398318737,0.9661614309176967,0.6795843696087139,0.46763803566436885,0.2593433058603077,0.67593276546843
14,68.3,0.5776448347525242,0.7039326344177141,1.2815774691702382,0.9927550517939762,0.6597929567269184,0.4730549973710544,0.2647602675669932,0.6813497271751155
14,68.5,0.5609381318104596,0.7182314167620133,1.279169548572473,0.9987004826672432,0.7236156662182306,0.4496533353496132,0.24135860554555205,0.6579480651536744
14,68.7,0.6066803240234144,0.6756783905769195,1.282358714600334,0.9790185525886267,0.692505182619518,0.41624115297218617,0.207946423168125,0.6245358827762473
14,68.9,0.5582204049105379,0.6853724765846269,1.2435928814951647,0.9644826790398957,0.7768478960740677,0.4349302118514485,0.22663548204738732,0.6432249416555096
14,69.1,0.48419657436986907,0.7370827711913353,1.2212793455612043,0.9791810583762698,0.6944727995067301,0.47223165274006007,0.2639369229359989,0.6805263825441212
14,69.3,0.5298766208648157,0.7233733613265028,1.2532499821913186,0.9883116717589107,0.6461625674045917,0.483864008464796,0.27556927866073483,0.6921587382688572
14,69.5,0.6120372738598358,0.6991684583246249,1.3112057321844606,1.0051870952545428,0.7049999966048266,0.42678121246812056,0.2184864826640594,0.6350759422721817
14,69.7,0.6341585103093946,0.6947670267771108,1.3289255370865054,1.0118462819318081,0.7050345181917761,0.45379071177906566,0.2454959819750045,0.6620854415831268
14,69.9,0.550614758648987,0.7143665973121733,1.2649813559611605,0.9896739766366669,0.7194654659536615,0.45457800778603236,0.2462832779819712,0.6628727375900936
14,70.1,0.5494156524319059,0.7308428111803782,1.2802584636122842,1.0055506373963312,0.6696955221181882,0.48917625710485474,0.2808815273007936,0.697470986908916
14,70.3,0.5575390009718888,0.7121432150501018,1.2696822160219907,0.9909127155360462,0.7289598865413441,0.4464588260371064,0.23816409623304524,0.6547535558411676
14,70.5,0.6458392545434214,0.6032428524598964,1.2490821070033178,0.926162479731607,0.6339002641468426,0.4276812948427516,0.21938656503869042,0.6359760246468127
14,70.7,0.8615294326596882,0.3802273475359468,1.2417567801956348,0.8109920638657908,0.7044458796858606,0.5012053822935518,0.29291065248949066,0.709500112097613
14,70.9,0.8094915650034368,0.4276165486447446,1.2371081136481814,0.832362331146463,0.7009498265146165,0.4437370527902288,0.23544232298616763,0.65203178259429
14,71.1,0.593149716304409,0.6460774309714971,1.2392271472759062,0.9426522891237017,0.6889039963068585,0.44770619256506705,0.2394114627610059,0.6560009223691282
14,71.3,0.553291913340547,0.692508860081549,1.245800773422096,0.9691548167518225,0.7000683067303439,0.475968712283433,0.26767398247937185,0.6842634420874942
14,71.5,0.5833890257924884,0.6680318886440828,1.2514209144365713,0.9597264015403271,0.6600761664921372,0.46052346748754047,0.2522287376834793,0.6688181972916016
14,71.7,0.5845742730288307,0.6872551108932853,1.271829383922116,0.9795422474077007,0.7574925833819172,0.46480751993174546,0.2565127901276843,0.6731022497358066
14,71.9,0.5525108551354881,0.7269835025160786,1.2794943576515667,1.0032389300838227,0.6938013899585845,0.4803464370838555,0.27205170727979433,0.6886411668879167
14,72.1,0.5602599035027442,0.7162558036186243,1.2765157071213686,0.9963857553699964,0.6495813078889721,0.4895434622474732,0.28124873244341203,0.6978381920515344
14,72.3,0.6355373711204498,0.7000605975896461,1.3355979687100958,1.017829283149871,0.6580735251566404,0.46874180107464597,0.2604470712705848,0.6770365308787072
14,72.5,0.7190583669867806,0.7434295130678916,1.4624878800546723,1.102958696561282,0.7176658710677792,0.5177213268556979,0.3094265970516368,0.7260160566597591
14,72.7,0.6772318261137295,0.7798936549073819,1.4571254810211114,1.1185095679642467,0.6996759288968857,0.4830706110339178,0.27477588122985663,0.691365340837979
14,72.9,0.6469394699153161,0.7214956643648872,1.3684351342802032,1.0449653993225452,0.7007798588253782,0.479279729392715,0.27098499958865385,0.6875744591967762
14,73.1,0.657908216185739,0.7039587042795776,1.3618669204653167,1.0329128123724471,0.6634514346384198,0.4664521480710745,0.2581574182670133,0.6747468778751357
14,73.3,0.6277639314739321,0.7310401805783476,1.3588041120522798,1.0449221463153138,0.6868138346989833,0.4529363304287799,0.24464160062471874,0.6612310602328411
14,73.5,0.6576315857100188,0.7211182563049909,1.3787498420150097,1.0499340491600004,0.6953303651930026,0.4703073350443677,0.26201260524030656,0.6786020648484289
14,73.7,0.7322537570284083,0.7151570929621823,1.4474108499905907,1.0812839714763864,0.6745936318429682,0.4610559294088341,0.25276119960477295,0.6693506592128953
14,73.9,0.6868976197564047,0.730420913007465,1.4173185327638698,1.0738697228856675,0.7146556569454484,0.46525756657651784,0.2569628367724567,0.673552296380579
14,74.1,0.5646561856637267,0.7268158460573586,1.2914720317210853,1.0091439388892218,0.6922210972028617,0.4606111445195527,0.25231641471549154,0.6689058743236138
14,74.3,0.6145166129461954,0.7197526873268594,1.3342693002730548,1.0270109937999572,0.67167189352349,0.47806094704525254,0.2697662172411914,0.6863556768493138
14,74.5,0.7926785878925562,0.7036431885440734,1.4963217764366294,1.0999824824903515,0.6698754784358292,0.5734120088084754,0.36511727900441426,0.7817067386125366
14,74.7,0.7361607136407351,0.6822135100861244,1.4183742237268595,1.0502938669064918,0.6963030848284243,0.47327893990092984,0.2649842100968687,0.681573669704991
14,74.9,0.6003421440163903,0.6884745713203608,1.2888167153367511,0.988645643328556,0.6407901058127736,0.43127524650713006,0.2229805167030689,0.6395699763111913
14,75.1,0.5041828942970445,0.7389993673921073,1.243182261689152,0.9910908145406296,0.7386597218371125,0.4864439593417121,0.2781492295376509,0.6947386891457732
14,75.3,0.4947447838008051,0.773325728926616,1.2680705127274212,1.0206981208270185,0.6500526655427006,0.45706653045088186,0.2487718006468207,0.665361260254943
14,75.5,0.6406597377922171,0.7422752604401056,1.3829349982323227,1.0626051293362142,0.675154645909421,0.46619599243908366,0.2579012626350225,0.6744907222431449
14,75.7,0.705411102730321,0.7224755702300875,1.4278866729604085,1.075181121595248,0.6877592190330921,0.45777609644465894,0.24948136664059778,0.66607082624872
14,75.9,0.5678240119858438,0.7144692281996475,1.2822932401854912,0.9983812341925693,0.7039700574253687,0.48384182773590323,0.27554709793184207,0.6921365575399644
14,76.1,0.4836963804767657,0.708274948969299,1.1919713294460648,0.9501231392076819,0.7359539625312166,0.47540231951816403,0.26710758971410287,0.6836970493222252
14,76.3,0.48324193456984854,0.7061005931936677,1.1893425277635163,0.947721560478592,0.6950671686013216,0.4323297571278222,0.22403502732376102,0.6406244869318833
14,76.5,0.532575038482391,0.6723059837276587,1.2048810222100497,0.9385935029688541,0.6655957251017847,0.426185959976521,0.21789123017245982,0.6344806897805821
14,76.7,0.5692982286085307,0.6535450591132346,1.2228432877217652,0.9381941734174999,0.7202444619537158,0.47735680265939656,0.2690620728553354,0.6856515324634578
14,76.9,0.5185460840359246,0.7023348579018962,1.2208809419378208,0.9616078999198585,0.6723143046824596,0.460385517483772,0.2520907876797108,0.6686802472878332
14,77.1,0.4837262128546894,0.7370311569302345,1.2207573697849239,0.9788942633575792,0.6964606594386485,0.5086474241849427,0.3003526943808815,0.7169421539890038
14,77.3,0.46768480732240647,0.7539215290280389,1.2216063363504452,0.987763932689242,0.680783921663256,0.5415150798072916,0.33322035000323047,0.7498098096113528
14,77.5,0.48228148915847824,0.7584410096274008,1.240722498785879,0.9995817542066399,0.6753787571331478,0.46461130110521165,0.2563165713011505,0.6729060309092728
14,77.7,0.5168967054366888,0.7429711235709162,1.2598678290076049,1.0014194762892605,0.6554993963261881,0.5065017547287362,0.298207024924675,0.7147964845327973
14,77.9,0.5481564961479267,0.6759434362241459,1.2240999323720725,0.9500216842981092,0.6924565488045954,0.48750699116285445,0.2792122613587933,0.6958017209669156
14,78.1,0.5642289697338518,0.6229656700754502,1.187194639809302,0.9050801549423761,0.7240825402327314,0.49811530598250514,0.289820576178444,0.7064100357865664
14,78.3,0.5043248621041126,0.678604236915124,1.1829290990192365,0.9307666679671802,0.7548463164565825,0.50888597455618,0.30059124475211885,0.7171807043602412
14,78.5,0.48271601634888833,0.7228547201102259,1.2055707364591142,0.96421272828467,0.6633734244667676,0.4703684857117768,0.26207375590771564,0.678663215515838
14,78.7,0.4798825101278511,0.7294443758204547,1.2093268859483057,0.9693856308843802,0.7238958017307129,0.4818384728425993,0.2735437430385381,0.6901332026466604
14,78.9,0.4773644767809513,0.7146492540795488,1.1920137308605,0.9533314924700245,0.7845454584894399,0.5092990995757294,0.3010043697716682,0.7175938293797905
14,79.1,0.4436077899601207,0.7052821068837513,1.1488898968438719,0.9270860018638116,0.7451277083076591,0.4428781863400709,0.23458345653600976,0.6511729161441321
14,79.3,0.4410545491304195,0.699936865594792,1.1409914147252116,0.9204641401600018,0.6462359437526309,0.5043203341905549,0.2960256043864937,0.712615063994616
14,79.5,0.5260376437810247,0.7005717689994573,1.226609412780482,0.9635905908899697,0.6868122192854892,0.4643149205881625,0.2560201907841013,0.6726096503922236
14,79.7,0.6243946510996883,0.7289808599916507,1.353375511091339,1.041178185541495,0.747267317779698,0.5049870645971892,0.29669233479312807,0.7132817944012504
14,79.9,0.643505243084763,0.7562392382157564,1.3997444813005195,1.077991859758138,0.6803268755321488,0.6461177034260062,0.437822973621945,0.8544124332300673
14,80.1,0.6257761489485678,0.778030639065465,1.4038067880140328,1.090918713539749,0.6741938601748999,0.5354920943888066,0.32719736458474546,0.7437868241928678
14,80.3,0.5455812640957166,0.7908610157374552,1.3364422798331717,1.0636516477853135,0.7137267633248385,0.5061128729664073,0.2978181431623461,0.7144076027704684
14,80.5,0.5351935223208797,0.7649880989769662,1.3001816212978459,1.0325848601374061,0.7043971117225442,0.4705521622654778,0.26225743246141664,0.678846892069539
14,80.7,0.5958772991141192,0.7058844654123477,1.301761764526467,1.0038231149694075,0.6618098186277347,0.421164813854922,0.21287008405086083,0.6294595436589832
14,80.9,0.6965511448587944,0.6670207876929622,1.3635719325517568,1.0152963601223595,0.7199573091165131,0.4597086622997417,0.25141393249568056,0.6680033921038029
14,81.1,0.7907145976133825,0.6610004300237929,1.4517150276371753,1.0563577288304842,0.7421077059241912,0.4788029802517669,0.2705082504477057,0.687097710055828
14,81.3,0.7355616654996929,0.66201186080711,1.397573526306803,1.0297926935569566,0.6120731832756411,0.5667692872552019,0.35847455745114076,0.7750640170592631
14,81.5,0.6341434550737948,0.6903388257403964,1.3244822808141912,1.007410553277294,0.6355537748303075,0.5482899355559427,0.3399952057518816,0.7565846653600039
14,81.7,0.5621323516739788,0.7068325539602649,1.2689649056342438,0.9878987297972543,0.7364682080473961,0.5080056608237759,0.2997109310197147,0.716300390627837
14,81.9,0.5499552473821635,0.7251856695599845,1.275140916942148,1.0001632932510662,0.6952031813626127,0.4248962942579466,0.21660156445388545,0.6331910240620078
14,82.1,0.6012473030003838,0.7167742220737383,1.318021525074122,1.0173978735739302,0.7781648004206515,0.4584584471590402,0.25016371735497905,0.6667531769631014
14,82.3,0.6122286527700556,0.6918246300622719,1.3040532828323275,0.9979389564472997,0.6285699051670962,0.49782570686102917,0.289530977056968,0.7061204366650904
14,82.5,0.5520492643047088,0.678461759950999,1.2305110242557078,0.9544863921033534,0.6602824920909246,0.4659440450356638,0.2576493152316026,0.6742387748397249
14,82.7,0.5003608542740827,0.6755670261271436,1.1759278804012263,0.925747453264185,0.5979203628742356,0.5165520751883953,0.30825734538433414,0.7248468049924565
14,82.9,0.5011658711384381,0.6797155877867181,1.1808814589251564,0.9302985233559373,0.6983916315462618,0.48368276102653995,0.2753880312224788,0.6919774908306011
14,83.1,0.5913283938751586,0.6993786897670288,1.2907070836421874,0.9950428867046082,0.6662512608123887,0.45383013692658125,0.2455354071225201,0.6621248667306424
14,83.3,0.7716162878087246,0.7124172619940661,1.4840335498027906,1.0982254058984284,0.6165788394902815,0.5106485719287052,0.302353842124644,0.7189433017327663
14,83.5,0.5996948762837999,0.6958367707796175,1.2955316470634173,0.9956842089215174,0.6957684882572869,0.483011227665158,0.27471649786109686,0.6913059574692192
14,83.7,0.4546607498106659,0.7195515378135865,1.1742122876242524,0.9468819127189194,0.6596571761694626,0.4011503252785439,0.19285559547448272,0.609445055082605
14,83.9,0.3633935468101652,0.7627125709355715,1.1261061177457368,0.9444093443406542,0.6688538670865933,0.44265904062590494,0.23436431082184378,0.6509537704299662
14,84.1,0.36883965455540685,0.7588292432735245,1.1276688978289313,0.943249070551228,0.696705929825152,0.4738154319444351,0.26552070214037393,0.6821101617484963
14,84.3,0.48306205461090046,0.7156467164856456,1.198708771096546,0.9571777437910958,0.7167045909857824,0.4971466686191247,0.28885193881506355,0.7054413984231859
14,84.5,0.4815366337816128,0.7033717096569688,1.1849083434385816,0.9441400265477753,0.7082923639789526,0.483664688062049,0.2753699582579878,0.6919594178661101
14,84.7,0.4832158284141577,0.6823169216821845,1.1655327500963422,0.9239248358892633,0.6347558317896809,0.5981485686039489,0.3898538387998878,0.8064432984080101
14,84.9,0.5063494303262299,0.6713668087890411,1.177716239115271,0.9245415239521559,0.6301317964206831,0.5590286312880095,0.35073390148394834,0.7673233610920707
14,85.1,0.4938188088173577,0.6933350537474617,1.1871538625648193,0.9402444581561404,0.7156682270830476,0.5099706129623316,0.30167588315827043,0.7182653427663928
14,85.3,0.5207194231069366,0.7020575063175396,1.2227769294244764,0.962417217871008,0.6845717983913202,0.5045846628299846,0.29628993302592344,0.7128793926340458
14,85.5,0.510677263388297,0.7001465130240337,1.2108237764123309,0.9554851447181822,0.702135482329755,0.47393153632969376,0.2656368065256326,0.6822262661337549
14,85.7,0.49737803601024344,0.6893309134781658,1.1867089494884093,0.9380199314832876,0.6876995712314123,0.4522510494277986,0.24395631962373743,0.6605457792318598
14,85.9,0.5589085378966121,0.6661293449237577,1.2250378828203699,0.9455836138720638,0.6941875655454945,0.5821628003407702,0.373868070536709,0.7904575301448313
14,86.1,0.5230698649574083,0.6886530532974613,1.2117229182548694,0.9501879857761654,0.7051427451568235,0.4730262020382468,0.26473147223418564,0.6813209318423079
14,86.3,0.4874683006859825,0.7212708576230246,1.208739158309007,0.9650050079660157,0.7334054969620035,0.4529682976555332,0.24467356785147204,0.6612630274595943
14,86.5,0.5002819922465633,0.7182989626752602,1.2185809549218236,0.9684399587985419,0.670696382568259,0.44115527070095034,0.23286054089688918,0.6494500005050114
14,86.7,0.5384970236872834,0.6750795741233737,1.213576597810657,0.9443280859670153,0.8255089102129374,0.5243189974826755,0.31602426767861436,0.7326137272867367
14,86.9,0.5828926331477339,0.6156465302805865,1.1985391634283202,0.9070928468544533,0.6647584929236761,0.5390793664746999,0.33078463667063873,0.7473740962787611
14,87.1,0.5491711551027211,0.6214225925097348,1.1705937476124557,0.8960081700610952,0.7107892079852156,0.47236161516095165,0.2640668853568905,0.6806563449650128
14,87.3,0.5414087161746587,0.652348338671525,1.1937570548461836,0.9230526967588543,0.7081822431713811,0.4981336926581883,0.28983896285412714,0.7064284224622495
14,87.5,0.556885868508532,0.6796245872557808,1.2365104557643127,0.9580675215100467,0.7282993156159997,0.478576832077452,0.27028210227339083,0.6868715618815131
14,87.7,0.5523247837082542,0.6820125437002048,1.234337327408459,0.9581749355543319,0.7154316587134256,0.4656298873283155,0.25733515752425434,0.6739246171323767
14,87.9,0.6907549187418944,0.5609790786747493,1.2517339974166437,0.9063565380456965,0.6487267919270427,0.5234032487386344,0.31510851893457326,0.7316979785426956
14,88.1,0.6895028207651835,0.5911259511410881,1.2806287719062717,0.93587736152368,0.6575030209894052,0.5327786886408119,0.32448395883675074,0.7410734184448731
14,88.3,0.6189288265944142,0.6994500681627467,1.3183788947571609,1.0089144814599538,0.6222582233545246,0.5252103441197433,0.31691561431568216,0.7335050739238045
14,88.5,0.6528834622078867,0.7286506688105899,1.3815341310184766,1.0550923999145332,0.6877626596088044,0.47454936876720244,0.2662546389631413,0.6828440985712636
14,88.7,0.6291240572895854,0.7370096685817777,1.366133725871363,1.0515716972265703,0.691513831501615,0.4364038290816759,0.22810909927761475,0.644698558885737
14,88.9,0.6235388985773206,0.732044353895708,1.3555832524730287,1.0438138031843684,0.5942755252150949,0.49806251172401683,0.28976778191995567,0.706357241528078
14,89.1,0.7081071520101282,0.6960333868101578,1.4041405388202859,1.0500869628152218,0.6022456319540109,0.5466672459110957,0.33837251610703456,0.7549619757151569
14,89.3,0.7310293576695909,0.5991953920714795,1.3302247497410704,0.964710070906275,0.670899390130485,0.49896602436915805,0.2906712945650969,0.7072607541732192
14,89.5,0.6392876278846022,0.5838976961496738,1.223185324034276,0.9035415100919749,0.7067051269056824,0.4929724809939686,0.28467775118990746,0.7012672107980298
14,89.7,0.6180137398356043,0.6028369370637942,1.2208506768993983,0.9118438069815962,0.6870162884891319,0.515830468693871,0.3075357388898098,0.7241251984979321
14,89.9,0.6310635430975193,0.6059608289350049,1.2370243720325242,0.9214926004837646,0.7184213991071255,0.4504824353985569,0.24218770559449576,0.6587771652026181
14,90.1,0.6265879552051844,0.6319917705810965,1.258579725786281,0.9452857481836887,0.6063080098504183,0.5628785271424563,0.3545837973383952,0.7711732569465175
14,90.3,0.594842521423865,0.6845188403917406,1.2793613618156057,0.9819401011036731,0.6672665306896808,0.5868252801008809,0.3785305502968197,0.795120009904942
14,90.5,0.6489334986145783,0.6844449845540964,1.3333784831686746,1.0089117338613856,0.7955083810027548,0.5087706516451506,0.3004759218410894,0.7170653814492117
14,90.7,0.68612814025146,0.6615511953919753,1.3476793356434353,1.0046152655177054,0.686305443184593,0.4778334104473988,0.26953868064333764,0.68612814025146
14,90.9,0.57574504828717,0.6307668469069831,1.2065118951941531,0.9186393710505681,0.7099749861994489,0.4253903420838807,0.21709561227981955,0.6336850718879419
14,91.1,0.5742689044637912,0.5786206085113025,1.1528895129750936,0.8657550607431981,0.7048912510550827,0.4349795692024712,0.22668483939841005,0.6432742990065323
14,91.3,0.6657162654664621,0.5455456470332551,1.2112619124997173,0.8784037797664862,0.7023852499573876,0.43478387355880527,0.2264891437547441,0.6430786033628664
14,91.5,0.6778193577344693,0.654095677092667,1.3319150348271362,0.9930053559599017,0.7215451598416585,0.45258006309344967,0.2442853332893885,0.6608747928975108
14,91.7,0.6705791371885902,0.7024106565993544,1.3729897937879445,1.0377002251936496,0.7350492350353923,0.4627534966085125,0.25445876680445134,0.6710482264125737
14,91.9,0.5976326110189224,0.7049090255261395,1.302541636545062,1.0037253310356007,0.6642891586364211,0.5178811350787498,0.3095864052746886,0.7261758648828109
14,92.1,0.538879902505755,0.6936333844158323,1.2325132869215873,0.9630733356687098,0.7048616667118746,0.46397309434930467,0.2556783645452435,0.6722678241533658
14,92.3,0.49040956879119124,0.7203684351383033,1.2107780039294944,0.9655732195338989,0.7061498475929409,0.4161509630449297,0.20785623324086855,0.6244456928489909
14,92.5,0.456648257442954,0.7576223310139998,1.2142705884569538,0.9859464597354768,0.6997912094639189,0.402377511213794,0.19408278140973284,0.6106722410178551
14,92.7,0.5308821619411003,0.7279834561161939,1.2588656180572941,0.993424537086744,0.6942863066671643,0.4373027767385716,0.22900804693451043,0.6455975065426327
14,92.9,0.6121775226428453,0.6552045441959932,1.2673820668388385,0.9612933055174158,0.6206804795094291,0.41306138932044134,0.20476665951638018,0.6213561191245025
14,93.1,0.5955638884694728,0.6350897696728657,1.2306536581423386,0.9328717139076022,0.6678370421964548,0.4214430230167574,0.21314829321269624,0.6297377528208186
14,93.3,0.5489133233481751,0.6459210549664816,1.1948343783146567,0.9203777166405691,0.6936102451677287,0.4177573812522536,0.20946265144819243,0.6260521110563148
14,93.5,0.5376056926209982,0.6644760569426298,1.202081749563628,0.9332789032531289,0.6296581532182198,0.4372350571843804,0.22894032738031922,0.6455297869884415
14,93.7,0.6226518126031563,0.6866249829071123,1.3092767955102687,0.9979508892086905,0.6947123142552523,0.3876659029221351,0.17937117311807393,0.5959606327261963
14,93.9,0.7331080721521405,0.695972600820354,1.4290806729724943,1.0625266368964241,0.6379252796489094,0.3629988111620133,0.15470408135795216,0.5712935409660744
14,94.1,0.767362467935745,0.68001018911869,1.4473726570544352,1.0636914230865626,0.741720234011265,0.4249869640593547,0.21669223425529355,0.6332816938634158
14,94.3,0.6426819591058737,0.6726540312571343,1.315335990363008,0.9939950108100711,0.6999911932336536,0.46005689104034414,0.251762161236283,0.6683516208444054
14,94.5,0.5392654158411055,0.7003916830439519,1.2396570988850575,0.9700243909645048,0.710869667740944,0.39387492026798615,0.185580190463925,0.6021696500720473
14,94.7,0.5506732441017269,0.9049823092572503,1.4556555533589772,1.1803189313081137,0.8170614231609176,0.41392943719617675,0.2056347073921156,0.622224167000238
14,94.9,0.41046089294942856,1.056889683314386,1.4673505762638144,1.2621201297891003,0.7210625833859284,0.4216613622301965,0.21336663242613535,0.6299560920342577
14,95.1,0.49233677672094756,0.7960305843513722,1.2883673610723196,1.042198972711846,0.6729750721502707,0.40154824892378793,0.19325351911972677,0.6098429787278491
14,95.3,0.5329924842279012,0.6679566066147332,1.2009490908426346,0.9344528487286838,0.6613014532190363,0.44904040345135376,0.2407456736472926,0.6573351332554149
14,95.5,0.5864211057138474,0.6990919973738314,1.285513103087679,0.9923025502307552,0.6626547770234965,0.45730400014932754,0.24900927034526638,0.6655987299533888
14,95.7,0.5626105083286158,0.6993686855703841,1.261979193899,0.980673939734692,0.7384652360305287,0.43729917849020244,0.22900444868614128,0.6455939082942637
14,95.9,0.49222405406559805,0.6904092420179659,1.182633296083564,0.9365212690507649,0.6758300834497819,0.47318926506442327,0.2648945352603621,0.6814839948684844
