track_id,x_mm,width_mm,center_mm,left_mm,right_mm,center_prediction_mm,width_prediction_mm,left_prediction_mm,right_prediction_mm
8,24.099999999999994,0.7939444005916673,1.0973271909572375,0.7003549906614039,1.494299391253071,0.9013241615121756,0.6797783062792038,0.5614350083725738,1.2412133146517776
8,24.299999999999997,0.7708603847311845,1.0855994919038565,0.7001692995382645,1.4710296842694488,0.9434242862609679,0.7063706420406963,0.5902389652406197,1.296609607281316
8,24.5,0.7731330342608518,1.1127699169290437,0.7262033997986178,1.4993364340594695,0.9587706688235567,0.6827869120312792,0.6173772128079171,1.3001641248391962
8,24.700000000000003,0.7310168277079796,1.0947717637596202,0.7292633499056305,1.46028017761361,0.9341755149807708,0.6575665836618043,0.6053922231498686,1.2629588068116728
8,24.89999999999999,0.8180768066073618,0.9776214129181773,0.5685830096144963,1.3866598162218582,0.9278706403640794,0.7070224845908908,0.574359398068634,1.2813818826595247
8,25.099999999999994,0.7975866922001723,1.0144938636656609,0.6157005175655748,1.413287209765747,0.9311812861152428,0.7009356794799099,0.5807134463752879,1.2816491258551976
8,25.299999999999997,0.7993918619696896,1.0689591917752068,0.669263260790362,1.4686551227600517,0.8821045484029085,0.6821107320531185,0.5410491823763492,1.2231599144294678
8,25.5,0.7443992294639245,1.1409729318667006,0.7687733171347384,1.5131725465986627,0.9175876438807747,0.6642350666278237,0.5854701105668629,1.2497051771946865
8,25.700000000000003,0.7065338705830645,1.141318869808855,0.7880519345173228,1.4945858051003873,0.8557813474955622,0.6336809659676677,0.5389408645117284,1.172621830479396
8,25.89999999999999,0.5940449073489923,1.0936643229024983,0.7966418692280021,1.3906867765769946,0.883583043638279,0.706132951460256,0.5305165679081509,1.236649519368407
8,26.099999999999994,0.8273117888383953,1.0848566881769095,0.6712007937577119,1.4985125825961072,0.8977510289588846,0.7026193490320978,0.5464413544428357,1.2490607034749335
8,26.299999999999997,0.6908675524476982,1.0816370520642045,0.7362032758403553,1.4270708282880535,0.8992586715000095,0.669706311977613,0.564405515511203,1.234111827488816
8,26.5,0.7183155252690379,1.1203645512373606,0.7612067886028417,1.4795223138718796,0.8986917238358321,0.6789318696242265,0.5592257890237189,1.2381576586479452
8,26.700000000000003,0.8487725222685899,1.1203237764982223,0.6959375153639273,1.5447100376325174,0.9218574281173875,0.7097521954006997,0.5669813304170377,1.2767335258177372
8,26.89999999999999,0.7677402483031927,1.1441885891009,0.7603184649493039,1.5280587132524963,0.9099866016503139,0.6844575993997555,0.5677578019504361,1.2522154013501916
8,27.099999999999994,0.6233573591283056,1.1204281097830573,0.8087494302189044,1.43210678934721,0.9132657350172801,0.7248546810849384,0.550838394474811,1.2756930755597493
8,27.299999999999997,0.7177558284730327,1.1140064586293343,0.755128544392818,1.4728843728658505,0.9702517892744492,0.6998146997447368,0.6203444394020808,1.3201591391468175
8,27.5,0.7613682905485852,1.1141884945361462,0.7335043492618537,1.4948726398104388,0.962129243192323,0.6652552536958948,0.6295016163443756,1.2947568700402703
8,27.700000000000003,0.7491144451391314,1.1288838285735607,0.754326606003995,1.5034410511431264,0.8988222951248919,0.6546649647739586,0.5714898127379126,1.226154777511871
8,27.89999999999999,0.74512954454655,1.0763589723668823,0.7037942000936073,1.4489237446401573,0.8919959252113223,0.6880138638611214,0.5479889932807616,1.236002857141883
8,28.099999999999994,1.1243915147095684,1.2157822370020372,0.653586479647253,1.7779779943568215,0.8997286010086238,0.6842498986860659,0.5576036516655909,1.2418535503516568
8,28.299999999999997,0.880088737629097,1.076649301560942,0.6366049327463935,1.5166936703754903,0.8815382579270903,0.6647274141505298,0.5491745508518253,1.2139019650023553
8,28.5,0.9469180183563036,1.1725991295798646,0.6991401204017129,1.6460581387580164,0.894660655992746,0.7331924070063166,0.5280644524895877,1.2612568594959044
8,28.700000000000003,1.1070689639969924,1.2488039040102152,0.695269422011719,1.8023383860087114,0.9487052595081613,0.7150364325336006,0.5911870432413611,1.3062234757749616
8,28.89999999999999,0.7595524592474249,1.1083970987267615,0.7286208691030491,1.4881733283504741,0.9420531007879109,0.6772223738655524,0.6034419138551348,1.280664287720687
8,29.099999999999994,0.994934989697601,1.1943603587777614,0.6968928639289607,1.6918278536265619,0.9218114497228587,0.6857510115363734,0.578935943954672,1.2646869554910454
8,29.299999999999997,0.960389541302055,1.1868749461122627,0.7066801754612353,1.6670697167632904,0.89329815150049,0.6672654273048944,0.5596654378480428,1.2269308651529371
8,29.5,0.8003846332703528,1.121869031274451,0.7216767146392747,1.5220613479096274,0.8624671497714842,0.6783159609627708,0.5233091692900989,1.2016251302528695
8,29.700000000000003,0.7837153117545215,1.104068671616555,0.7122110157392945,1.495926327493816,0.8754252400743597,0.7116029735645731,0.5196237532920731,1.2312267268566464
8,29.89999999999999,0.7252560478207813,1.0268777815209966,0.664249757610606,1.3895058054313874,0.9615655685999459,0.7058675209072275,0.6086318081463322,1.3144993290535596
8,30.099999999999994,1.0801568535609811,1.1870574275584969,0.6469790007780063,1.7271358543389874,1.023074574494731,0.7568054183971453,0.6446718652961583,1.4014772836933036
8,30.299999999999997,0.8205479298091343,1.082040613832552,0.6717666489279849,1.492314578737119,0.9738417212169651,0.6912580686738922,0.6282126868800191,1.3194707555539111
8,30.5,0.6496166245412861,1.0623491295266971,0.7375408172560542,1.3871574417973402,0.9911582832679912,0.6668280761846784,0.6577442451756519,1.3245723213603304
8,30.700000000000003,0.8360265163315793,1.0444659810386159,0.626452722872826,1.4624792392044055,0.9275264422934539,0.6736735469633606,0.5906896688117736,1.264363215775134
8,30.89999999999999,1.0865726064179064,1.2023458218561216,0.6590595186471683,1.7456321250650748,0.8784421851292079,0.694402790538159,0.5312407898601283,1.2256435803982875
8,31.099999999999994,0.6515699977506814,1.1046583689943874,0.7788733701190468,1.4304433678697281,0.9012852000947066,0.6986990353469198,0.5519356824212467,1.2506347177681665
8,31.299999999999997,0.5839007184968177,1.1281427832984523,0.8361924240500435,1.4200931425468613,0.9286432217482626,0.6864415390984552,0.585422452199035,1.2718639912974903
8,31.5,0.7405397794478027,1.081684709336118,0.7114148196122166,1.4519545990600193,0.8900236157126112,0.6708541672444625,0.5545965320903801,1.2254506993348424
8,31.700000000000003,0.8438869921997189,1.1086060982286192,0.6866626021287598,1.5305495943284786,0.9001404473377879,0.6993293943092377,0.550475750183169,1.2498051444924068
8,31.89999999999999,0.8703675257964881,1.0394696308383626,0.6042858679401184,1.4746533937366069,0.9315626453109103,0.7103430294340736,0.5763911305938735,1.286734160027947
8,32.099999999999994,0.9932755902297111,0.9392732882877434,0.442635493172888,1.4359110834025988,0.9276739443817882,0.6879732982791752,0.5836872952422005,1.2716605935213758
8,32.3,0.7145291719756403,1.0251663753512217,0.6679017893634014,1.3824309613390418,0.9692069882682194,0.7053419336027769,0.616536021466831,1.3218779550696078
8,32.5,0.7263732032931508,1.0381040392483132,0.6749174376017378,1.4012906408948886,0.9358387593269305,0.6947537709236721,0.5884618738650944,1.2832156447887666
8,32.7,0.728008945378986,1.0026066639012927,0.6386021912117998,1.3666111365907858,0.9087095793477852,0.6930983630152086,0.5621603978401809,1.2552587608553893
8,32.89999999999999,0.6044254063402571,1.0439494443709565,0.741736741200828,1.346162147541085,0.8997079993294473,0.6629478397623181,0.5682340794482883,1.2311819192106064
8,33.099999999999994,0.6698998481453039,1.0185028616782608,0.6835529376056089,1.3534527857509127,0.8709783596732822,0.675654033182936,0.5331513430818142,1.2088053762647502
8,33.3,0.7876307244536294,1.0380904722536808,0.6442751100268661,1.4319058344804954,0.9080722145796276,0.7020001069680919,0.5570721610955817,1.2590722680636737
8,33.5,0.7179807775246567,1.0985696608081172,0.7395792720457889,1.4575600495704455,0.951929521059529,0.7101365531439467,0.5968612444875556,1.3069977976315024
8,33.7,0.7531677381267439,1.0804328570372403,0.7038489879738684,1.4570167261006124,0.9401334839245312,0.7107860534697621,0.5847404571896502,1.2955265106594123
8,33.89999999999999,0.6780173924253414,1.0383171392346502,0.6993084430219796,1.377325835447321,0.9494696169774592,0.7004795551786128,0.5992298393881528,1.2997093945667657
8,34.099999999999994,0.5410860189205912,1.1005035420198863,0.8299605325595908,1.371046551480182,0.9443059533913298,0.6776638859098109,0.6054740104364245,1.2831378963462352
8,34.3,0.7548818913158006,1.0364689518288488,0.6590280061709485,1.413909897486749,0.9577671593348537,0.691659745481036,0.6119372865943357,1.3035970320753716
8,34.5,0.8531408319140765,1.0740402024219091,0.647469786464871,1.5006106183789474,0.9302640543328716,0.6951813852936464,0.5826733616860484,1.2778547469796948
8,34.7,0.8804206862482316,1.0575965637911104,0.6173862206669946,1.4978069069152262,0.9546045438564025,0.7192728401871724,0.5949681237628163,1.3142409639499886
8,34.89999999999999,0.7683509385881582,1.0222540075285376,0.6380785382344585,1.4064294768226169,0.9692837171593517,0.7023428737228412,0.6181122802979311,1.3204551540207723
8,35.099999999999994,0.6891672625827385,1.0346635069083179,0.6900798756169486,1.3792471381996871,0.9488205149892115,0.6911834196295716,0.6032288051744257,1.2944122248039973
8,35.3,0.8193370377194619,1.0641054734248268,0.6544369545650958,1.4737739922845576,0.9774940674249427,0.6960882628474372,0.6294499360012241,1.3255381988486614
8,35.5,0.7613768475259203,1.055940934108784,0.6752525103458239,1.4366293578717442,0.9705519277623096,0.7113080235330058,0.6148979159958067,1.3262059395288124
8,35.7,0.7569190944968351,1.1387044167423856,0.7602448694939681,1.5171639639908032,0.9627300172770888,0.6835374967720068,0.6209612688910855,1.3044987656630922
8,35.89999999999999,0.7184996389718911,1.1322729280125499,0.7730231085266043,1.4915227474984953,0.9587212128356686,0.7173476839423008,0.6000473708645182,1.317395054806819
8,36.099999999999994,0.743246003729744,1.155029704296982,0.78340670243211,1.526652706161854,0.9467508568864025,0.7196194554439767,0.5869411291644142,1.3065605846083908
8,36.3,0.6884821707787129,1.1134879468416665,0.7692468614523101,1.457729032231023,0.9807568468360771,0.6776922502706477,0.6419107217007533,1.3196029719714009
8,36.5,0.8234126981768894,1.1614831927748308,0.749776843686386,1.5731895418632755,0.9421385587317976,0.7046523484554404,0.5898123845040775,1.2944647329595178
8,36.699999999999996,0.8803522438634029,1.223425328993696,0.7832492070619945,1.6636014509253974,0.9571074942647124,0.7047453080455595,0.6047348402419327,1.3094801482874923
8,36.9,0.8033127074845543,1.1002691992842757,0.6986128455419984,1.5019255530265527,0.9702290067764208,0.669852139238827,0.6353029371570073,1.3051550763958342
8,37.099999999999994,0.9543589768724329,1.1597300627814253,0.6825505743452088,1.6369095512176417,0.9442105193851585,0.7269616945973278,0.5807296720864946,1.3076913666838226
8,37.3,1.2015464174966088,0.9875301975587799,0.3867569888104756,1.5883034063070842,1.074281307004417,0.7792515205498716,0.6846555467294813,1.4639070672793528
8,37.5,1.2372624392765355,1.0344296509770177,0.41579843133875005,1.6530608706152854,1.1007375496427876,0.7253336742728964,0.7380707125063394,1.463404386779236
8,37.699999999999996,0.8690295213946505,1.1676932889661018,0.7331785282687765,1.602208049663427,1.043802321748737,0.6768707312753307,0.7053669561110718,1.3822376873864024
8,37.9,0.7591497478422499,1.0471794497929119,0.6676045758717869,1.4267543237140368,1.0169463202465474,0.7015463307250406,0.6661731548840271,1.3677194856090678
8,38.099999999999994,1.0479027648825037,1.2260772540839122,0.7021258716426603,1.7500286365251643,0.9834141010753843,0.6939720093972014,0.6364280963767837,1.330400105773985
8,38.3,0.710279792634836,1.0504492590072196,0.6953093626898015,1.4055891553246376,1.0547079753362052,0.711569876167464,0.6989230372524732,1.410492913419937
8,38.5,0.8502673445601829,1.0730443259968838,0.6479106537167924,1.4981779982769754,0.9996943345223921,0.7141722601297462,0.642608204457519,1.3567804645872652
8,38.699999999999996,0.6905126969021282,1.0611784701874871,0.715922121736423,1.4064348186385511,0.999876664496008,0.6959410569758402,0.6519061360080879,1.3478471929839282
8,38.9,0.7543188487614394,1.047799328500881,0.6706399041201615,1.4249587528816008,0.9854373280536449,0.6717312895461797,0.6495716832805551,1.3213029728267347
8,39.099999999999994,0.7480711416171362,1.0863660002522164,0.7123304294436484,1.4604015710607845,0.9681878116067658,0.715938486542999,0.6102185683352663,1.3261570548782653
8,39.3,0.7809161499099555,1.1648133047341735,0.7743552297791958,1.5552713796891513,0.9998270145116096,0.6887885874831444,0.6554327207700374,1.3442213082531818
8,39.5,0.6924962234460056,1.1145037105879159,0.768255598864913,1.4607518223109186,0.9832411998048338,0.7078109212264871,0.6293357391915902,1.3371466604180773
8,39.699999999999996,0.6605301828416322,1.1834176855301277,0.8531525941093118,1.5136827769509438,0.9328291785574666,0.666549805145283,0.5995542759848251,1.266104081130108
8,39.9,0.7640679895113771,1.1553440371727195,0.7733100424170308,1.537378031928408,0.9387429445221017,0.6955404974820529,0.5909726957810753,1.2865131932631282
8,40.099999999999994,0.8112994847176106,1.1304171749506118,0.7247674325918066,1.536066917309417,0.9524591404934938,0.6942330501664135,0.605342615410287,1.2995756655767006
8,40.3,0.8006494530949367,1.1314899909803633,0.7311652644328948,1.5318147175278316,0.9602799976703504,0.7141817734314778,0.6031891109546115,1.3173708843860894
8,40.5,0.7251158116968508,1.1003898350933934,0.7378319292449679,1.4629477409418188,0.9451177527115039,0.6727676376065287,0.6087339339082396,1.2815015715147682
8,40.699999999999996,1.017931204122546,1.1306933927624732,0.6217277907012,1.639658994823746,0.9298367329220458,0.6935771146960241,0.5830481755740338,1.2766252902700579
8,40.9,0.5761550333307769,1.1178114071853094,0.8297338905199209,1.4058889238506977,0.9282492679840572,0.6887398880619664,0.583879323953074,1.2726192120150404
8,41.099999999999994,0.8025780022026846,1.0820487488878943,0.680759747786552,1.4833377499892366,0.9102017644807917,0.6689556884141512,0.5757239202737161,1.2446796086878673
8,41.3,0.9533543737634913,1.1089829415804684,0.6323057546987229,1.585660128462214,0.9041460779468592,0.6826172557667453,0.5628374500634865,1.2454547058302319
8,41.5,0.6847956269572948,1.0543741729905176,0.7119763595118703,1.396771986469165,0.9145653606093819,0.6838548053402923,0.5726379579392358,1.256492763279528
8,41.699999999999996,0.8152316717717762,1.0811401684177235,0.6735243325318355,1.4887560043036117,0.9364646914969765,0.6931306128702961,0.5898993850618285,1.2830299979321245
8,41.9,0.9145273526268257,1.1231941855848153,0.6659305092714025,1.5804578618982281,0.9363230482403748,0.7042811695082016,0.584182463486274,1.2884636329944756
8,42.099999999999994,0.9497905497112104,0.8991987729478228,0.4243034980922177,1.374094047803428,0.969368472390896,0.6705808288624147,0.6340780579596886,1.3046588868221032
8,42.3,0.6385510498001734,1.043951857584736,0.7246763326846494,1.3632273824848227,0.9577021089439558,0.7363108416224782,0.5895466881327167,1.3258575297551949
8,42.5,0.672131958268015,1.037279979614476,0.7012140004804688,1.3733459587484835,1.0843277195474907,0.7731244660163433,0.697765486539319,1.4708899525556625
8,42.699999999999996,0.8689855036171918,1.1042325185329094,0.6697397667243135,1.5387252703415053,1.0720887906288368,0.7084940590086758,0.7178417611244989,1.4263358201331746
8,42.9,0.7903946147080888,1.1134393679099186,0.718242060555874,1.508636675263963,0.9860220887157681,0.6120507426161893,0.6799967174076735,1.2920474600238627
8,43.099999999999994,0.6918561616652728,1.0848778506063996,0.7389497697737634,1.430805931439036,0.8820864137029113,0.6433210404361731,0.5604258934848247,1.2037469339209979
8,43.3,0.6307035741024779,1.0944944839806217,0.7791426969293826,1.4098462710318607,0.9284087523430886,0.6886384576825525,0.5840895235018124,1.2727279811843648
8,43.5,0.7582046690588125,1.1029332109900778,0.7238308764606715,1.482035545519484,0.9010584285383868,0.6446422483785919,0.5787373043490909,1.2233795527276827
8,43.699999999999996,0.726192718669652,1.1069514925468555,0.7438551332120295,1.4700478518816815,0.8747574663416119,0.6171460611920724,0.5661844357455756,1.1833304969376481
8,43.9,0.6474425682866093,1.1357104002343257,0.811989116091021,1.4594316843776305,0.7461086592654316,0.621122531945315,0.4355473932927741,1.0566699252380891
8,44.099999999999994,0.8877591420031099,1.233597950640938,0.7897183796393831,1.677477521642493,0.7089931471207984,0.6515781109101391,0.3832040916657289,1.034782202575868
8,44.3,0.7056509404996139,1.0653235981518903,0.7124981279020833,1.418149068401697,0.9052986066931729,0.7029036633274068,0.5538467750294694,1.2567504383568764
8,44.5,0.9390600353610565,1.0935070030128649,0.6239769853323366,1.5630370206933932,0.9049902813199839,0.6488198200217766,0.5805803713090956,1.2294001913308723
8,44.699999999999996,0.6358414999033482,1.0365140972610645,0.7185933473093903,1.3544348472127385,0.887719015163228,0.6717816382996145,0.5518281960134208,1.2236098343130353
8,44.9,0.73519634869423,1.0215893598090133,0.6539911854618984,1.3891875341561284,0.9086178878950398,0.6737939266473238,0.5717209245713779,1.2455148512187018
8,45.099999999999994,0.7384689202645752,1.0693851750919254,0.700150714959638,1.438619635224213,0.9214098500502343,0.6827997219669492,0.5800099890667598,1.2628097110337089
8,45.3,0.7006928394837902,1.0704393509178136,0.7200929311759184,1.4207857706597087,0.9663673182700299,0.7179822022094732,0.6073762171652932,1.3253584193747665
8,45.5,0.8304567702281087,1.1006955929169764,0.6854672078029219,1.5159239780310307,0.9864770736162108,0.6568256013366683,0.6580642729478767,1.314889874284545
8,45.699999999999996,0.9085706648262544,1.095085899160057,0.6408005667469298,1.549371231573184,0.9719958286751963,0.6589951152594548,0.642498271045469,1.3014933863049236
8,45.9,0.9215979576881843,1.1478323230980383,0.6870333442539462,1.6086313019421306,0.9608173707025284,0.7093908652835998,0.6061219380607284,1.3155128033443284
8,46.099999999999994,1.1567468016844842,0.9736964781595356,0.39532307731729344,1.5520698790017777,1.023597403780124,0.7190733732506617,0.6640607171547932,1.383134090405455
8,46.3,0.836177003233742,0.9535862514498146,0.5354977498329436,1.3716747530666855,1.0115710270943543,0.6680470876501042,0.6775474832693023,1.3455945709194064
8,46.5,0.8330112519772357,1.0710850522837074,0.6545794262950896,1.4875906782723254,0.9343614273698249,0.6567861392475253,0.6059683577460622,1.2627544969935875
8,46.699999999999996,0.6633342119663763,1.1878842185209506,0.8562171125377624,1.5195513245041388,0.9723743659451105,0.6695383269936619,0.6376052024482796,1.3071435294419413
8,46.9,0.8029926842349105,1.1219222141262564,0.7204258720088011,1.5234185562437117,0.9854852537192187,0.6847800125573388,0.6430952474405494,1.327875259997888
8,47.099999999999994,0.9100931839082606,1.1802793352830951,0.7252327433289648,1.6353259272372254,0.9507200137813652,0.694103079134187,0.6036684742142717,1.2977715533484586
8,47.3,0.7816742253411703,1.0917346545792548,0.7008975419086696,1.48257176724984,0.9511199321227805,0.673326267602588,0.6144567983214865,1.2877830659240743
8,47.5,0.6419090055366173,1.1408913547069734,0.819936851938665,1.4618458574752822,0.9163883988656517,0.6517062748253,0.5905352614530017,1.2422415362783017
8,47.699999999999996,0.65496969892856,1.1372166718576082,0.8097318223933283,1.4647015213218884,0.9207812766568106,0.6591507708557353,0.5912058912289431,1.2503566620846782
8,47.9,0.8379163335097978,1.2186918586152864,0.7997336918603876,1.6376500253701853,0.8978368093648101,0.6528536873626677,0.5714099656834764,1.224263653046144
8,48.099999999999994,0.7436469006515016,1.167006813027488,0.7951833627017372,1.5388302633532387,0.8827216405561737,0.6750589635629491,0.5451921587746992,1.2202511223376482
8,48.3,0.8604219248656977,1.1992230405425421,0.7690120781096932,1.6294340029753909,0.899063611700291,0.6483112471089698,0.5749079881458061,1.223219235254776
8,48.5,1.0080497543406355,1.2607565387958888,0.7567316616255712,1.7647814159662065,0.8992585813371772,0.6620752192837176,0.5682209716953184,1.230296190979036
8,48.699999999999996,0.7456268883454402,1.13615395356664,0.7633405093939201,1.5089673977393603,0.8632868489423111,0.6581708006635844,0.5342014486105189,1.1923722492741033
8,48.9,0.8049702160221454,1.1834923638456458,0.7810072558345731,1.5859774718567183,0.9314379753461997,0.6532777100416159,0.6047991203253917,1.2580768303670076
8,49.099999999999994,0.7041746862604829,1.1181884548676226,0.7661011117373813,1.470275797997864,0.932250395902953,0.6760570233383275,0.5942218842337892,1.2702789075721168
8,49.3,0.8443715603666271,1.065490863210798,0.6433050830274845,1.4876766433941115,0.8820816722683074,0.603838093372864,0.5801626255818754,1.1840007189547395
8,49.5,0.7726827053780999,1.1685729472556716,0.7822315945666217,1.5549142999447216,0.8952589408642012,0.679051383365942,0.5557332491812302,1.2347846325471723
8,49.699999999999996,0.7986808820740297,1.1164970065391726,0.7171565655021578,1.5158374475761875,0.8904075193846556,0.6704277959589431,0.555193621405184,1.225621417364127
8,49.9,0.7226728972765711,1.1227254370135933,0.7613889883753078,1.484061885651879,0.8830818582296421,0.664115908687739,0.5510239038857727,1.2151398125735116
8,50.099999999999994,0.7791250377266383,1.1434233107623943,0.7538607918990752,1.5329858296257135,0.9047670966805353,0.6732883820427585,0.5681229056591561,1.2414112877019146
8,50.3,0.7064903977116996,1.1339411758305618,0.7806959769747118,1.4871863746864116,0.9190441974337296,0.6299789218060137,0.6040547365307227,1.2340336583367364
8,50.5,0.6366473187818059,1.0874527800823275,0.7691291206914247,1.4057764394732304,0.8974148674949857,0.6723715221590123,0.5612291064154795,1.2336006285744918
8,50.699999999999996,0.7883504901626158,1.120070906663787,0.7258956615824793,1.514246151745095,0.9334794174578834,0.6454537499089983,0.6107525425033843,1.2562062924123825
8,50.9,0.997828569544983,0.9969618137968395,0.4980475290243481,1.495876098569331,0.8656797902416393,0.6618631162039526,0.534748232139663,1.1966113483436156
8,51.099999999999994,0.6829847739144295,1.0860909929224536,0.7445986059652387,1.4275833798796682,0.9015513912534197,0.6550327417678081,0.5740350203695156,1.2290677621373236
8,51.3,0.7562161757863247,1.0855086011043813,0.7074005132112191,1.4636166889975437,0.9330603750375756,0.6524715863057647,0.6068245818846931,1.259296168190458
8,51.5,0.7373315718882594,1.0875852630441096,0.71891947709998,1.4562510489882392,0.9658387318189332,0.6756090121143277,0.6280342257617694,1.3036432378760971
8,51.699999999999996,0.6498143847286413,1.053426885790075,0.7285196934257543,1.3783340781543956,0.9514140141047317,0.672048454030679,0.6153897870893922,1.2874382411200713
8,51.9,0.672800790322029,0.98943820487096,0.6530378097099455,1.3258386000319746,0.924241598666326,0.6601713946756463,0.5941559013285029,1.2543272960041492
8,52.099999999999994,0.8340912009807723,1.0663969084302931,0.649351307939907,1.4834425089206793,0.9357953520025613,0.6504991643732287,0.6105457698159469,1.2610449341891756
8,52.3,0.7800916257034,1.122766105469744,0.7327202926180443,1.512811918321444,0.9279209515413527,0.6357392324402524,0.6100513353212265,1.245790567761479
8,52.5,0.7038841791310052,1.0982367474113115,0.746294657845809,1.450178836976814,0.9440417448690204,0.6622378906352013,0.6129227995514197,1.275160690186621
8,52.699999999999996,0.7325331696832907,1.1016364193725987,0.7353698345309533,1.467903004214244,0.9089343462902106,0.6534319684795283,0.5822183620504464,1.2356503305299749
8,52.9,0.7752417991333886,1.1248245540781756,0.7372036545114812,1.51244545364487,0.9711091523838501,0.6796347226194852,0.6312917910741075,1.3109265136935928
8,53.099999999999994,1.0473050589235147,1.1009493441117995,0.5772968146500421,1.6246018735735568,0.8816525052287846,0.5943529735431962,0.5844760184571864,1.1788289920003827
8,53.3,0.8352241275927599,1.0712587181930786,0.6536466543966988,1.4888707819894587,0.8395036057767393,0.6140558078182563,0.5324757018676112,1.1465315096858675
8,53.5,0.7138289433122806,1.111191994211128,0.7542775225549876,1.4681064658672682,0.9423996447907577,0.6942692779606717,0.5952650058104219,1.2895342837710935
8,53.699999999999996,1.1758633334543944,0.8754355538669448,0.28750388713974745,1.4633672205941421,0.9383946125028714,0.6620695354404054,0.6073598447826687,1.269429380223074
8,53.9,0.8178408654785377,0.9883476348024198,0.5794272020631509,1.3972680675416886,0.9210570434623081,0.6284462448665897,0.6068339210290132,1.235280165895603
8,54.099999999999994,0.8874833723174758,1.1137545308059742,0.6700128446472363,1.5574962169647122,0.9190517984978526,0.6649618454358509,0.5865708757799271,1.251532721215778
8,54.3,0.6542984367122949,1.1590268437480056,0.8318776253918579,1.486176062104153,0.9509581134374433,0.6284577273997621,0.6367292497375623,1.2651869771373243
8,54.5,0.9095584280992528,1.2605908679120734,0.8058116538624469,1.7153700819616997,0.920755294066384,0.6615620714271531,0.5899742583528075,1.2515363297799604
8,54.699999999999996,0.677458590014373,1.0727594793189057,0.7340301843117191,1.4114887743260922,0.9426314035953715,0.68850208862769,0.5983803592815264,1.2868824479092165
8,54.9,0.7193863584198741,1.0293133466818487,0.6696201674719118,1.3890065258917859,0.9522037784248312,0.6394084659623334,0.6324995454436645,1.2719080114059977
8,55.099999999999994,0.925011604655086,1.0318400792480795,0.5693342769205365,1.4943458815756225,0.903451822047518,0.6249246148447268,0.5909895146251545,1.2159141294698814
8,55.3,0.708661516258852,1.042935210177316,0.68860445204789,1.397265968306742,0.9052534708720489,0.6572487077620948,0.5766291169910015,1.2338778247530962
8,55.5,0.7655454936227876,1.0372555007096356,0.6544827538982417,1.4200282475210293,0.9031668551895147,0.646200460466549,0.5800666249562402,1.2262670854227893
8,55.699999999999996,1.1395474580584368,0.9171516727752427,0.34737794374602426,1.486925401804461,0.9033602877448647,0.6362110107080101,0.5852547823908596,1.2214657930988697
8,55.9,0.792736462369154,1.0966764154631543,0.7003081842785773,1.4930446466477314,0.9214570126490038,0.6350373471446461,0.6039383390766808,1.2389756862213268
8,56.099999999999994,0.7249006009248657,1.0933681639122765,0.7309178634498439,1.4558184643747094,0.9533520314294213,0.6834656239991631,0.6116192194298398,1.2950848434290028
8,56.3,0.8202888413929444,1.1088544820286517,0.6987100613321796,1.5189989027251238,0.9326160352525679,0.6095475957188651,0.6278422373931354,1.2373898331120003
8,56.5,1.0008427467603243,0.9245568786874738,0.4241355053073116,1.424978252067636,0.8651304854396726,0.6098898640714977,0.5601855534039237,1.1700754174754215
8,56.699999999999996,0.6670758836528319,1.0328403360485927,0.6993023942221768,1.3663782778750087,0.8731540013559612,0.6533991801641005,0.5464544112739109,1.1998535914380115
8,56.9,0.7474068676313966,1.1145542034573317,0.7408507696416333,1.48825763727303,0.9174541158296715,0.637873272476266,0.5985174795915384,1.2363907520678046
8,57.099999999999994,0.8306951838864827,1.0215256839706912,0.6061780920274499,1.4368732759139324,0.900919539193933,0.6405669463959978,0.5806360659959341,1.221203012391932
8,57.3,1.016036839059522,0.9605811804263176,0.4525627608965566,1.4685995999560786,0.9239166856751384,0.6529177640109836,0.5974578036696466,1.25037556768063
8,57.5,0.8067274981634929,1.0462638479248008,0.6429000988430544,1.4496275970065473,0.9321267833375324,0.6715287339566599,0.5963624163592025,1.2678911503158623
8,57.699999999999996,0.7668092071732555,1.106080116259872,0.722675512673244,1.4894847198464998,0.9735198164830419,0.6495079593009769,0.6487658368325534,1.2982737961335302
8,57.9,0.7949681071572471,1.0463629730295978,0.6488789194509742,1.4438470266082215,0.9630948810248905,0.65241863590842,0.6368855630706804,1.2893041989791005
8,58.099999999999994,0.706657809310869,1.0212419868508458,0.6679130821954113,1.3745708915062802,0.9354031370533628,0.6452659163839094,0.612770178861408,1.2580360952453176
8,58.3,0.7859146375927213,1.0861660730635463,0.6932087542671855,1.479123391859907,0.8988710988974604,0.6210805198713132,0.5883308389618038,1.209411358833117
8,58.5,0.7680777693877103,1.001516161876668,0.6174772771828128,1.385555046570523,0.8720902298784405,0.6252482968034588,0.5594660814767112,1.18471437828017
8,58.699999999999996,0.6673003551596985,1.0745171900679578,0.7408670124881085,1.408167367647807,0.8856574601925165,0.6363574823721749,0.567478719006429,1.203836201378604
8,58.9,0.7349701259435379,1.0562998139202135,0.6888147509484447,1.4237848768919825,0.8965630498956775,0.6305180603543159,0.5813040197185195,1.2118220800728354
8,59.099999999999994,0.6796302239749648,1.0395173881045732,0.6997022761170908,1.3793325000920555,0.8784483928815124,0.6450743211594563,0.5559112323017843,1.2009855534612406
8,59.3,0.896094582248155,0.9605794109894001,0.5125321198653227,1.4086267021134777,0.8777076285554745,0.6098518895078289,0.57278168380156,1.182633573309389
8,59.5,0.8682995025428683,1.0932134538030644,0.6590637025316305,1.5273632050744985,0.85774000489214,0.6295506575788913,0.5429646761026943,1.1725153336815857
8,59.699999999999996,0.792033267339189,1.113194492660783,0.7171778589911886,1.5092111263303776,0.8376897243278976,0.628317899005509,0.523530774825143,1.1518486738306521
8,59.9,0.7956277118174283,1.0865578034143417,0.6887439475056275,1.4843716593230558,0.8511770948044844,0.6124104961078219,0.5449718467505735,1.1573823428583954
8,60.099999999999994,0.7518389057371044,1.10356143179149,0.7276419789229377,1.479480884660042,0.8253538951673839,0.6277611450423737,0.511473322646197,1.1392344676885706
8,60.3,0.7849102373466502,1.0867438051673393,0.6942886864940142,1.4791989238406644,0.8781410438478492,0.6242067433153786,0.5660376721901599,1.1902444155055385
8,60.5,0.7556719898034209,1.0722760196956647,0.6944400247939543,1.4501120145973752,0.8730058686475168,0.6561751359753721,0.5449183006598308,1.2010934366352028
8,60.699999999999996,0.7530341413996108,1.028732954132331,0.6522158834325255,1.4052500248321362,0.9061782184966902,0.6111613154199546,0.6005975607867129,1.2117588762066676
8,60.9,0.7673061298471128,1.0349677139364597,0.6513146490129034,1.4186207788600163,0.8392577458589057,0.6083833754236283,0.5350660581470915,1.1434494335707197
8,61.099999999999994,0.8581702390001473,1.0582485888605655,0.6291634693604918,1.4873337083606393,0.8489895871132059,0.6315507882072948,0.5332141930095585,1.1647649812168535
8,61.3,0.7567576799510303,1.1066751029157693,0.7282962629402541,1.4850539428912843,0.9174410372276329,0.6795850052494015,0.5776485346029322,1.2572335398523338
8,61.5,0.6520408398980949,1.1115440146848587,0.7855235947358113,1.4375644346339063,0.9766948218267439,0.6672051632898272,0.6430922401818304,1.3102974034716575
8,61.699999999999996,0.6347850802416679,1.079417041125744,0.7620245010049099,1.396809581246578,1.0103774514369106,0.6750450704533667,0.6728549162102273,1.347899986663594
8,61.9,0.6594288296830528,1.120744526562663,0.7910301117211366,1.4504589414041895,0.9635961212777813,0.6312637614091925,0.647964240573185,1.2792280019823776
8,62.1,0.6215120821355506,1.086922825538141,0.7761667844703657,1.3976788666059163,0.8906064568565427,0.5992688937801658,0.5909720099664598,1.1902409037466257
8,62.3,0.8244219698173406,1.08316622298578,0.6709552380771097,1.4953772078944503,0.8472914601230535,0.6142117503605394,0.5401855849427837,1.1543973353033232
8,62.5,0.7831154014239086,1.0806707777145523,0.6891130770025979,1.4722284784265065,0.8520214359122931,0.6496085293827892,0.5272171712208984,1.1768257006036877
8,62.699999999999996,0.8364882984231115,1.0687310590316392,0.6504869098200836,1.486975208243195,0.8739741667026262,0.6296601809785216,0.5591440762133654,1.188804257191887
8,62.9,1.0175574040476993,1.1463684143547672,0.6375897123309175,1.655147116378617,0.9850998294274621,0.727416280593608,0.6213916891306581,1.348807969724266
8,63.1,0.7595943538257114,1.083850438775031,0.7040532618621753,1.4636476156878866,1.0629672685895781,0.6933008194931084,0.716316858843024,1.4096176783361323
8,63.3,0.8329690811059168,1.1035660539872312,0.6870815134342728,1.5200505945401896,1.047869582046597,0.6409697454073702,0.727384709342912,1.3683544547502822
8,63.5,0.7119462676014194,1.0610619905076766,0.705088856706967,1.4170351243083863,1.0181275010953188,0.6604126061991682,0.6879211979957347,1.348333804194903
8,63.699999999999996,0.8012105629850438,1.0529668730613202,0.6523615915687981,1.453572154553842,1.0438370193785467,0.6665338279373433,0.710570105409875,1.3771039333472184
8,63.9,0.8489727183117903,1.0581563146087754,0.63366995545288,1.4826426737646705,1.0193089952278849,0.6613084105345748,0.6886547899605975,1.3499632004951723
8,64.1,0.7837861481073382,1.0654856840573752,0.6735926100037061,1.4573787581110442,1.008764567903772,0.6449051134519157,0.6863120111778142,1.3312171246297297
8,64.3,0.6655813298340213,1.0923474134134326,0.759556748496422,1.4251380783304433,0.9578467421041161,0.6352214114655328,0.6402360363713497,1.2754574478368825
8,64.5,1.0351637261065865,1.2080190829326942,0.6904372198794011,1.7256009459859876,0.9076306958213155,0.6144669235013556,0.6003972340706377,1.2148641575719932
8,64.69999999999999,0.7478212354820387,1.1200667260985098,0.7461561083574906,1.4939773438395292,0.8692532378013792,0.6464374315827123,0.5460345220100231,1.1924719535927353
8,64.9,0.8182166314971133,1.1148790975960676,0.7057707818475111,1.5239874133446243,0.8992793615175197,0.6452157666841551,0.5766714781754422,1.2218872448595972
8,65.1,0.8009252176528268,1.0947481194680364,0.694285510641623,1.4952107282944496,0.9244912715781131,0.6494235567870366,0.5997794931845948,1.2492030499716313
8,65.3,0.8010555814064699,1.1178107998567377,0.7172830091535028,1.5183385905599727,0.9629136260944468,0.6556555270166983,0.6350858625860976,1.290741389602796
8,65.5,0.7736190531879097,1.0939802171399895,0.7071706905460345,1.4807897437339443,0.9670431241323519,0.6618009847270643,0.6361426317688198,1.2979436164958842
8,65.69999999999999,0.7554873673393955,1.094357399608086,0.7166137159383882,1.4721010832777837,0.9426874206404804,0.6325265548086517,0.6264241432361546,1.2589506980448062
8,65.9,0.9911138513513459,1.1669843905140134,0.6714274648383406,1.6625413161896863,0.8881451578061872,0.6289522444411838,0.5736690355855953,1.202621280026779
8,66.1,0.8459728528122397,1.0833962632875425,0.6604098368814227,1.506382689693662,0.9199982489511415,0.6537473995959984,0.5931245491531423,1.2468719487491406
8,66.3,0.8249878967680343,1.1494785894840893,0.7369846411000721,1.5619725378681066,0.9481727338679722,0.6566591084370214,0.6198431796494615,1.276502288086483
8,66.5,0.9133079382824918,1.187689101286209,0.731035132144963,1.6443430704274549,0.9401252451514202,0.6503699776818829,0.6149402563104787,1.2653102339923616
8,66.69999999999999,0.902356037021847,1.12543326357096,0.6742552450600366,1.5766112820818836,0.9324303671959441,0.6510812765800129,0.6068897289059376,1.2579710054859505
8,66.9,0.6875317895011263,1.0472808619449026,0.7035149671943395,1.3910467566954656,0.9248155151137196,0.6473386790984494,0.6011461755644949,1.2484848546629443
8,67.1,0.7000489227660747,1.064561522486553,0.7145370611035157,1.4145859838695902,0.9298412183964603,0.6457171852172449,0.6069826257878379,1.2526998110050827
8,67.3,0.7112431822016665,1.067740501017927,0.7121189099170938,1.4233620921187602,0.9308493228266937,0.6414992241555857,0.6100997107489009,1.2515989349044867
8,67.5,0.7015628998536045,1.0573898725678592,0.7066084226410569,1.4081713224946615,0.908157869088117,0.6245630888101936,0.5958763246830202,1.2204394134932137
8,67.69999999999999,0.710785872401678,1.083229988237473,0.727837052036634,1.438622924438312,0.9067997516378044,0.670477575570398,0.5715609638526054,1.2420385394230034
8,67.9,0.8188351928191355,1.1401466351311607,0.7307290387215928,1.5495642315407285,0.9879642933434977,0.6326465840591263,0.6716410013139344,1.3042875853730609
8,68.1,0.8089825555268608,1.1012154762676776,0.6967241985042472,1.505706754031108,0.9277755774403075,0.6359473541630466,0.6098019003587842,1.2457492545218307
8,68.3,0.8598341216315146,1.104015050604752,0.6740979897889944,1.5339321114205093,0.9013143989962978,0.6648208553259735,0.568903971333311,1.2337248266592846
8,68.5,0.7858079078538612,1.0652369008450013,0.6723329469180709,1.458140854771932,0.9836438267739842,0.6791148138551419,0.6440864198464132,1.323201233701555
8,68.7,0.7614513038049655,1.0215102594965157,0.640784607594033,1.4022359113989984,0.9851551950479103,0.6281731176793612,0.6710686362082297,1.2992417538875909
8,68.9,0.7201524942158734,1.0356333375720668,0.6755570904641301,1.3957095846800034,0.9373911664706098,0.6488398971276934,0.6129712179067631,1.2618111150344564
8,69.1,0.6712003179082842,1.0690656031994203,0.7334654442452782,1.4046657621535623,0.8691884267498773,0.6207796800628695,0.5587985867184425,1.179578266781312
8,69.3,0.721077449331186,1.0891360571937225,0.7285973325281295,1.4496747818593156,0.8996482786858546,0.6411119928518634,0.5790922822599229,1.2202042751117863
8,69.5,0.7287209918850672,1.0966518893124455,0.732291393369912,1.4610123852549792,0.8872858949522787,0.6509053161272778,0.5618332368886398,1.2127385530159176
8,69.7,0.6698313085066072,1.1001343825387573,0.7652187282854537,1.435050036792061,0.9135927320776022,0.6434586206195969,0.5918634217678037,1.2353220423874007
8,69.9,0.7183220210387258,1.132037395169771,0.7728763846504081,1.4911984056891339,0.9097509851649898,0.6252758620098929,0.5971130541600433,1.2223889161699362
8,70.1,0.8059687006188541,1.0983249937224027,0.6953406434129757,1.5013093440318297,0.8826876772345698,0.6440809587879606,0.5606471978405895,1.20472815662855
8,70.3,0.7941470542262664,1.0575278360732143,0.6604543089600811,1.4546013631863475,0.9023062218681908,0.6341418155968417,0.5852353140697699,1.2193771296666116
8,70.5,0.7550151722670316,1.0942061791956597,0.7166985930621438,1.4717137653291756,0.9549334342444694,0.6443074782268139,0.6327796951310625,1.2770871733578764
8,70.7,0.711791251565242,1.1228267593460686,0.7669311335634476,1.4787223851286895,1.0016855008427785,0.6669784327654275,0.6681962844600648,1.3351747172254922
8,70.9,0.7154212349621374,1.1579562094937605,0.8002455920126917,1.5156668269748292,1.054838190592904,0.6995763439213634,0.7050500186322224,1.4046263625535857
8,71.1,0.7198193646091182,1.1254388779953546,0.7655291956907955,1.4853485602999137,1.0167589230283922,0.6787885983967775,0.6773646238300035,1.356153222226781
8,71.3,0.7855010052857343,1.1578501080166304,0.7650996053737632,1.5506006106594974,1.0229065498468117,0.6368938821566329,0.7044596087684953,1.3413534909251281
8,71.5,0.8713379646663952,1.126903275991063,0.6912342936578654,1.5625722583242607,1.0020294073677711,0.6482597623662347,0.6778995261846538,1.3261592885508886
8,71.7,0.7405025454867891,1.123865925089146,0.7536146523457516,1.4941171978325407,0.9610189152541906,0.6250093650578242,0.6485142327252784,1.2735235977831028
8,71.9,0.7231190674625468,1.1347192140637563,0.7731596803324828,1.4962787477950297,0.9366572859943948,0.6646263321680432,0.6043441199103732,1.2689704520784164
8,72.1,0.6439507326005273,1.063357454690884,0.7413820883906201,1.3853328209911475,0.9664647600588677,0.6734897254354164,0.6297198973411595,1.303209622776576
8,72.3,0.7147721275230318,1.0750969334820564,0.7177108697205404,1.4324829972435722,0.9069132911314293,0.6123923385423633,0.6007171218602476,1.213109460402611
8,72.5,0.6466696029357256,1.077944626763011,0.7546098252951482,1.401279428230874,0.8616766345102211,0.5921582211621221,0.5655975239291601,1.1577557450912823
8,72.7,0.7302638467598169,1.024609254420214,0.6594773310403056,1.3897411778001225,0.8732768768170796,0.6606417569935749,0.5429559983202921,1.203597755313867
8,72.9,0.7904052163899901,1.087621850788786,0.692419242593791,1.482824458983781,0.9606404559940542,0.6729561991832314,0.6241623564024386,1.29711855558567
8,73.1,0.9837876926095813,1.1847849237089911,0.6928910774042003,1.6766787700137817,0.9997545583675469,0.6428471017669461,0.6783310074840738,1.32117810925102
8,73.3,1.1392867812152994,1.109968840403298,0.5403254497956483,1.6796122310109476,0.964080392467781,0.6672571934190599,0.630451795758251,1.2977089891773108
8,73.5,1.0736682657607726,1.22374450638318,0.6869103735027936,1.7605786392635663,0.9454175643027437,0.6303688506446992,0.6302331389803941,1.2606019896250933
8,73.7,0.784567329927333,1.1122114247424693,0.7199277597788027,1.5044950897061358,0.9464590154521388,0.6516802509990671,0.6206188899526053,1.2722991409516724
8,73.9,0.7794600089840209,1.0920856664690066,0.7023556619769963,1.481815670961017,0.8979610144345691,0.6308399017019134,0.5825410635836124,1.2133809652855259
8,74.1,0.7735110493196696,1.0455600472009403,0.6588045225411056,1.4323155718607752,0.8852589050409523,0.6038737191152065,0.583322045483349,1.1871957645985556
8,74.3,0.8439361252728246,1.0637300522863755,0.6417619896499632,1.4856981149227877,0.8887033100387044,0.6375554715040657,0.5699255742866716,1.2074810457907372
8,74.5,0.7299301850237635,1.1109962511571585,0.7460311586452768,1.4759613436690402,0.8967039560660734,0.6535224179352648,0.5699427470984411,1.2234651650337058
8,74.7,0.6802894817802904,1.126342731042185,0.7861979901520398,1.4664874719323302,0.9065495572300897,0.6333961673369056,0.5898514735616369,1.2232476408985424
8,74.9,0.6985821633123248,1.0735153100001291,0.7242242283439666,1.4228063916562914,0.914915604903348,0.6411549655747837,0.5943381221159562,1.23549308769074
8,75.1,0.8086589523982148,1.1034736923371977,0.6991442161380902,1.5078031685363051,0.882181264403034,0.6486196576747812,0.5578714355656433,1.2064910932404247
8,75.3,0.8513433117007759,1.0897973524045823,0.6641256965541943,1.5154690082549702,0.9310224698326335,0.6307266076358471,0.6156591660147099,1.246385773650557
8,75.5,0.9720818566904798,1.2082951292075708,0.7222542008623307,1.6943360575528108,0.8981074511426821,0.6163258000173221,0.5899445511340211,1.206270351151343
8,75.7,0.9685391619865107,1.1222760379871008,0.6380064569938454,1.6065456189803562,0.8634686705746868,0.6518367176431057,0.537550311753134,1.1893870293962396
8,75.9,1.1351124371960684,1.0321792305867399,0.46462301198870576,1.5997354491847742,0.9312698481948434,0.648672787469726,0.6069334544599804,1.2556062419297063
8,76.1,0.7629161476598203,1.0949232439183019,0.7134651700883917,1.4763813177482121,0.940641910295386,0.6390137286839253,0.6211350459534234,1.2601487746373485
8,76.3,0.8421025764278284,1.0863971919383506,0.6653459037244365,1.5074484801522647,0.9337547116291288,0.6327761531728495,0.6173666350427041,1.2501427882155536
8,76.5,0.8993272022532144,1.168855476651851,0.7191918755252438,1.6185190777784582,0.8834931146210364,0.6295581435473551,0.5687140428473589,1.198272186394714
8,76.7,0.9483173187481286,1.1611197848587063,0.686961125484642,1.6352784442327706,0.8751723081230676,0.6187917118509824,0.5657764521975763,1.1845681640485588
8,76.9,0.6253712519177149,1.056797793866523,0.7441121679076654,1.3694834198253805,0.909239916948723,0.6802852167586262,0.5690973085694099,1.249382525328036
8,77.1,0.7890719567376087,1.0140888893373956,0.6195529109685912,1.4086248677061999,0.942106162421247,0.6392526136429704,0.6224798555997618,1.261732469242732
8,77.3,0.743354082290258,1.0166377954128087,0.6449607542676798,1.3883148365579379,0.9326295053912145,0.6207987290711418,0.6222301408556437,1.2430288699267853
8,77.5,1.0732867338073575,0.9415598357231347,0.40491646881945603,1.4782032026268135,0.8944185969260643,0.633966646876155,0.5774352734879868,1.2114019203641417
8,77.7,0.577320871291716,1.0632828386649944,0.7746224030191363,1.3519432743108524,0.8517540327317675,0.6223935486739656,0.5405572583947847,1.1629508070687504
8,77.9,0.4839111687625792,1.059177840158914,0.8172222557776243,1.3011334245402035,0.892055459936499,0.6721075115236459,0.5560017041746761,1.228109215698322
8,78.1,0.8915437313809697,1.0101477310368556,0.5643758653463709,1.4559195967273404,1.0050115186655701,0.6708032297389063,0.669609903796117,1.3404131335350233
8,78.3,0.8951452993336714,1.0988890557307105,0.6513164060638749,1.5464617053975462,0.9221449909353321,0.60496134900605,0.619664316432307,1.2246256654383572
8,78.5,0.6470488227719753,1.0790565681375393,0.7555321567515516,1.402580979523527,0.9517440210253507,0.6643085870250381,0.6195897275128317,1.2838983145378697
8,78.7,0.6312538009502059,1.0780443087888822,0.7624174083137792,1.3936712092639854,0.9532202854862691,0.663718007229958,0.6213612818712901,1.2850792891012481
8,78.9,0.629573994217855,1.1070348658697884,0.7922478687608608,1.4218218629787158,0.9426182290606852,0.5985458826945413,0.6433452877134145,1.2418911704079558
8,79.1,0.659143378517384,1.0991822922838959,0.7696106030252039,1.4287539815425878,0.8891934984300889,0.625265223686728,0.5765608865867249,1.2018261102734529
8,79.3,0.6701786867609166,1.1047987412543612,0.7697093978739027,1.4398880846348194,0.9094208294206614,0.6215025310049521,0.5986695639181854,1.2201720949231374
8,79.5,0.6785383817302432,1.0606272872309386,0.7213580963658169,1.39989647809606,0.928891490674211,0.6531820485247493,0.6023004664118363,1.2554825149365856
8,79.7,0.6168518159414254,1.087040660029744,0.7786147520590313,1.3954665680004568,0.9271222262712904,0.6457152464056655,0.6042646030684576,1.2499798494741232
8,79.9,0.7794141166622974,1.1471793241323125,0.7574722658011637,1.536886382463461,0.92088927016438,0.6272112930000675,0.6072836236643463,1.234494916664414
8,80.1,0.6930891157278588,1.110219513698663,0.7636749558347337,1.4567640715625925,0.8558997290200132,0.6307655706221241,0.5405169437089512,1.1712825143310752
8,80.3,0.6249277109478705,1.16558554319574,0.8531216877218047,1.4780493986696752,0.8978114182398379,0.6242608609244454,0.5856809877776152,1.2099418487020606
8,80.5,0.6302962230805407,1.1701744313915923,0.8550263198513219,1.4853225429318626,0.888718156858774,0.641280216151078,0.568078048783235,1.209358264934313
8,80.7,0.7293443089073003,1.1799139773962477,0.8152418229425976,1.5445861318498977,0.9287546063146987,0.6490391192019214,0.6042350467137381,1.2532741659156594
8,80.9,0.9380365286983658,1.1672511328646415,0.6982328685154586,1.6362693972138245,0.9620656922464088,0.6430661102325343,0.6405326371301416,1.283598747362676
8,81.1,0.785619279128523,1.0905052318152737,0.6976955922510123,1.4833148713795352,0.9099969299142221,0.606745359452261,0.6066242501880916,1.2133696096403526
8,81.3,0.6843358732822877,1.1314544827489657,0.7892865461078217,1.4736224193901097,0.9227034303642234,0.6527346414684654,0.5963361096299907,1.249070751098456
8,81.5,0.6801682746838925,1.2155060028896894,0.8754218655477431,1.5555901402316357,0.9317501976225013,0.637878970408531,0.6128107124182358,1.2506896828267668
8,81.7,0.826167737463898,1.1273674184822515,0.7142835497503024,1.5404512872142004,0.9274681292629913,0.650127721779189,0.6024042683733968,1.2525319901525858
8,81.9,0.7175550618638529,1.0609743808144239,0.7021968498824975,1.4197519117463504,0.9550171254684388,0.6535500009286361,0.6282421250041207,1.281792125932757
8,82.1,0.5971968289654137,1.0945523257503114,0.7959539112676044,1.393150740233018,1.0077124092191654,0.656713820198152,0.6793554991200894,1.3360693193182414
8,82.3,0.6144834070919561,1.1112740997089132,0.8040323961629351,1.4185158032548912,0.9170438195645261,0.6017040436665175,0.6161917977312673,1.2178958413977847
8,82.5,0.7907784218160169,1.0896103646428728,0.6942211537348643,1.4849995755508811,0.9326305766437417,0.6249985705309699,0.6201312913782568,1.2451298619092266
8,82.7,0.7965360491148152,1.0688490512171045,0.670581026659697,1.4671170757745122,0.914242062881859,0.6366247633237763,0.5959296812199709,1.232554444543747
8,82.9,0.7524449195432183,1.0650384010979996,0.6888159413263905,1.4412608608696087,0.9112584477885202,0.6194414654102652,0.6015377150833876,1.2209791804936527
8,83.1,0.8838709164775671,1.1132877302405675,0.6713522720017838,1.555223188479351,0.9230307001007249,0.6446296194129566,0.6007158903942466,1.245345509807203
8,83.3,0.8386242520144872,1.0868991680574334,0.6675870420501898,1.506211294064677,0.9256005234760918,0.615656000965548,0.6177725229933178,1.2334285239588658
8,83.5,0.5759802314443221,1.1178778725268361,0.8298877568046751,1.4058679882489973,0.928792433161193,0.6288856158290846,0.6143496252466507,1.2432352410757352
8,83.7,0.7842636392612398,1.1017193716721274,0.7095875520415074,1.4938511913027472,0.9345364290091864,0.6285814620196262,0.6202456979993733,1.2488271600189995
8,83.9,0.7499021286374126,1.0365341110873156,0.6615830467686094,1.411485175406022,0.9231186573619699,0.6137950072002871,0.6162211537618263,1.2300161609621134
8,84.1,0.8389642389212734,1.0703321827018528,0.650850063241216,1.4898143021624894,0.8909897061799458,0.6315562136212284,0.5752115993693316,1.20676781299056
8,84.3,0.8469936071823497,1.0947943030908924,0.6712974994997175,1.5182911066820672,0.8868849007660505,0.6130306661746789,0.5803695676787111,1.19340023385339
8,84.5,0.8527805972301823,1.0880110347086762,0.6616207360935852,1.5144013333237674,0.931987208171813,0.6507574269019828,0.6066084947208217,1.2573659216228044
8,84.7,1.14883102204373,0.9160676291470864,0.34165211812522145,1.4904831401689513,0.9541469272287151,0.6535774092074366,0.6273582226249967,1.2809356318324334
8,84.9,1.1437449262504633,0.9402629282200846,0.3683904650948529,1.5121353913453164,0.9573690143796811,0.6434548779729501,0.6356415753932061,1.2790964533661562
8,85.1,0.7450781316028384,1.090456477552212,0.7179174117507928,1.4629955433536312,0.9304272264213884,0.626308372161195,0.6172730403407909,1.243581412501986
8,85.3,0.8509855085582156,1.0645332222008104,0.6390404679217025,1.4900259764799182,0.9186858274026328,0.6153261936335112,0.6110227305858773,1.2263489242193883
8,85.5,0.9838250590709458,0.9301551631478251,0.4382426336123521,1.422067692683298,0.9466280012119213,0.6336830893278776,0.6297864565479825,1.26346954587586
8,85.7,1.175338205568971,0.8225301617902844,0.23486105900579882,1.4101992645747699,0.9277177743770958,0.6198292758960208,0.6178031364290855,1.2376324123251061
8,85.9,0.5877475457093219,1.0814449139647548,0.7875711411100941,1.3753186868194158,0.8978413569239693,0.6150643950011422,0.5903091594233982,1.2053735544245403
8,86.1,0.6444254293732763,1.0801013669680635,0.7578886522814253,1.4023140816547015,0.9395970289975777,0.6416069483991736,0.6187935547979908,1.2604005031971646
8,86.3,0.8109176355750118,1.117441787167472,0.7119829693799661,1.522900604954978,0.9328321424902942,0.6368269165335335,0.6144186842235275,1.251245600757061
8,86.5,0.7367690118276193,1.1141581364945763,0.7457736305807667,1.482542642408386,0.9351490786409566,0.5971877562178711,0.6365552005320211,1.233742956749892
8,86.7,0.885633562242155,1.1255856792910595,0.682768898169982,1.568402460412137,0.9022066958295347,0.6151076207485068,0.5946528854552813,1.2097605062037882
8,86.9,0.9480138626861788,1.0168891887033449,0.5428822573602555,1.4908961200464343,0.9445582209978268,0.634398285681745,0.6273590781569544,1.2617573638386994
8,87.1,0.9919733482933513,0.9106222192237038,0.4146355450770282,1.4066088933703793,0.9135612859707019,0.6285403798459752,0.5992910960477142,1.2278314758936895
8,87.3,0.8022052278245477,1.068087254647986,0.6669846407357122,1.4691898685602598,0.935266468918075,0.6384102666185875,0.6160613356087812,1.2544716022273688
8,87.5,0.8535756763158425,1.0548423860993592,0.628054547941438,1.4816302242572805,0.9564459770481046,0.6308354943434631,0.6410282298763731,1.2718637242198363
8,87.7,0.7144883093642628,1.0384230958155682,0.6811789411334368,1.3956672504976997,0.9372434933097381,0.6111825654668026,0.6316522105763368,1.2428347760431393
8,87.9,0.5212625887725778,1.1067258964504507,0.8460946020641619,1.3673571908367397,0.960833640084072,0.637759888229235,0.6419536959694545,1.2797135841986895
8,88.1,0.7154901591073024,1.0831954208667103,0.7254503413130592,1.4409405004203615,1.0077728194041196,0.6508240514251803,0.6823607936915295,1.3331848451167096
8,88.3,1.1377354084240665,0.9477355260861324,0.3788678218740992,1.5166032302981656,0.9553284949651432,0.6013859745784017,0.6546355076759423,1.256021482254344
8,88.5,0.7132726593319142,1.0722348912857755,0.7155985616198185,1.4288712209517327,0.9760771776253875,0.6713195751334803,0.6404173900586474,1.3117369651921276
8,88.7,0.7947023678902075,1.074732061032449,0.6773808770873451,1.4720832449775527,0.9921713570127138,0.6135042892228308,0.6854192124012983,1.2989235016241292
8,88.9,0.6415744714585384,1.111338272386541,0.7905510366572718,1.4321255081158102,0.9256541738678075,0.6086754704325326,0.6213164386515412,1.2299919090840739
8,89.1,0.6303628235835722,1.0862007189038247,0.7710193071120386,1.401382130695611,0.9113440605653196,0.5962075863198922,0.6132402674053734,1.2094478537252658
8,89.3,0.68502901861029,1.0669008961931212,0.7243863868879762,1.4094154054982662,0.9128635045030711,0.5969793401001603,0.614373834452991,1.2113531745531512
8,89.5,0.5979666788429416,1.0853727278673124,0.7863893884458416,1.3843560672887831,0.9059244938688255,0.6266991013495488,0.592574943194051,1.2192740445435999
8,89.7,0.7687163732479046,1.0863575412584296,0.7019993546344773,1.470715727882382,0.884776721170448,0.6095401575349209,0.5800066424029876,1.1895467999379084
8,89.9,0.7666460817220158,1.0858971507437247,0.7025741098827167,1.4692201916047325,0.8865254743672677,0.5957070924438338,0.5886719281453507,1.1843790205891847
8,90.1,0.7806567373034707,1.0773070857175537,0.6869787170658184,1.467635454369289,0.9119293419422593,0.6275638768494797,0.5981474035175194,1.2257112803669992
8,90.3,0.3267228479266914,1.109780184234686,0.9464187602713402,1.2731416081980316,0.9400914686945488,0.6292814548983277,0.625450741245385,1.2547321961437126
8,90.5,0.571998204025542,1.0899209953143514,0.8039218933015803,1.3759200973271224,0.9494867102030554,0.6302697894378384,0.6343518154841362,1.2646216049219747
8,90.7,0.5989123333077556,1.0802705390045355,0.7808143723506578,1.3797267056584133,0.8878633777020234,0.6211199311674812,0.5773034121182827,1.198423343285764
8,90.9,0.765126401796839,1.0608557543589896,0.6782925534605702,1.443418955257409,0.8895009866393218,0.5870529930528864,0.5959744901128785,1.183027483165765
8,91.1,0.7461298261244494,1.0204410201016851,0.6473761070394606,1.39350593316391,0.9747463584401409,0.6397153492018617,0.6548886838392101,1.2946040330410717
8,91.3,0.7210471128495035,1.0649960067646949,0.7044724503399429,1.4255195631894466,0.9913325397516235,0.6378202972373974,0.6724223911329248,1.3102426883703222
8,91.5,0.747314659280491,1.0532659010438867,0.6796085714036413,1.4269232306841324,0.9826779120106052,0.6132211712748237,0.6760673263731933,1.289288497648017
8,91.7,0.6111132753107967,1.1039561736003056,0.7983995359449073,1.409512811255704,0.9751611672297589,0.6512286264322913,0.6495468540136132,1.3007754804459046
8,91.9,0.683442794827056,1.0861619479802131,0.7444405505666853,1.4278833453937412,0.9686883500210142,0.6003528160133049,0.6685119420143617,1.2688647580276666
8,92.1,0.7944078951478141,1.0535181055203278,0.6563141579464208,1.4507220530942349,0.9505970061067607,0.6413512040498706,0.6299214040818254,1.2712726081316958
8,92.3,0.7204347345698132,1.0334918549944265,0.6732744877095198,1.393709222279333,0.9514098219584565,0.622477428343,0.6401711077869565,1.2626485361299564
8,92.5,0.9042482898724046,1.0504779668879505,0.5983538219517482,1.5026021118241528,1.0036017109083555,0.6541879152737106,0.6765077532715003,1.3306956685452107
8,92.7,0.9747264135650556,0.991303965300449,0.5039407585179213,1.4786671720829767,1.0043270941520392,0.642589859261148,0.6830321645214652,1.3256220237826133
8,92.9,1.0209791457059414,1.1938209017418902,0.6833313288889193,1.7043104745948607,0.9423641144089401,0.6156437540745021,0.634542237371689,1.250185991446191
8,93.1,0.6759185054248886,1.044811225132231,0.7068519724197867,1.3827704778446754,0.9325752064598191,0.5869319918076091,0.6391092105560146,1.2260412023636236
8,93.3,0.9287376073984475,1.1957529622563299,0.7313841585571061,1.6601217659555538,0.9217025040825835,0.6165145853663705,0.6134452113993982,1.2299597967657687
8,93.5,0.7880960646208804,1.1059003140384953,0.711852281728055,1.4999483463489354,1.0026434471213543,0.661044110558939,0.6721213918418849,1.3331655024008238
8,93.7,0.7622532484991918,1.1672780724984948,0.7861514482488989,1.5484046967480907,1.0052265105152371,0.6531545011100531,0.6786492599602105,1.3318037610702638
8,93.9,0.8453829625838578,1.0905670256638489,0.66787554437192,1.513258506955778,1.0246669493719271,0.6530941623007451,0.6981198682215546,1.3512140305222997
8,94.1,1.0524321720764505,1.189203455599724,0.6629873695614986,1.7154195416379492,0.9945079466616021,0.6461645563417233,0.6714256684907405,1.3175902248324638
8,94.3,0.5247048602648128,1.0736739420256127,0.8113215118932063,1.3360263721580192,0.9859415234301291,0.5903752189834901,0.690753913938384,1.2811291329218741
8,94.5,0.6778109695514951,1.0851745210514359,0.7462690362756884,1.4240800058271834,0.9523043001696354,0.6058068460818283,0.6494008771287212,1.2552077232105496
8,94.7,1.0061092728704177,1.198983828125431,0.6959291916902222,1.70203846456064,0.9254330519891589,0.6116978510025356,0.6195841264878912,1.2312819774904267
8,94.9,0.8152399200726552,1.1187117595506342,0.7110917995143065,1.5263317195869617,0.9558653580468006,0.6273023058138548,0.6422142051398732,1.269516510953728
8,95.1,0.6896559834787696,1.064662776760669,0.7198347850212841,1.4094907685000535,0.980585321579907,0.6589094787905769,0.6511305821846185,1.3100400609751954
8,95.3,0.6056748583513102,1.0337568509986608,0.7309194218230057,1.336594280174316,0.9950281286025618,0.6285695211698352,0.6807433680176442,1.3093128891874795
8,95.5,0.659554438939346,1.0622095251679884,0.7324323056983155,1.3919867446376615,1.008157502052611,0.6517255651117636,0.6822947194967293,1.3340202846084928
8,95.7,0.6825233127328709,1.0634302608875148,0.7221686045210792,1.4046919172539503,0.9935353844916143,0.6408648995639332,0.6731029347096477,1.3139678342735808
8,95.9,0.888543149430323,1.2031522662837504,0.7588806915685888,1.6474238409989117,0.9781718508225103,0.6148020254273576,0.6707708381088315,1.2855728635361892
10,25.5,0.8927281071823752,0.7557045672512166,0.309340513660029,1.202068620842404,1.1144412781024269,0.7317896257186636,0.7485464652430951,1.4803360909617587
10,25.700000000000003,0.8117760293672148,0.8413840776874484,0.43549606300384097,1.2472720923710559,1.1054743448853332,0.6981103849777419,0.7564191523964623,1.4545295373742042
10,25.89999999999999,0.7626323729592526,0.7752104520169185,0.39389426553729223,1.156526638496545,1.1161697609192107,0.7068063414337792,0.7627665902023211,1.4695729316361004
10,26.099999999999994,0.8016163566045447,0.8528934184943229,0.45208524019205043,1.2537015967965952,1.0876394578808897,0.686368978332636,0.7444549687145716,1.4308239470472077
10,26.299999999999997,0.7713493964724903,0.8714155723147333,0.48574087407848815,1.2570902705509786,1.105753989323682,0.6999546193414364,0.7557766796529639,1.4557312989944002
10,26.5,0.7284495809757091,0.8824001709048941,0.5181753804170395,1.2466249613927487,1.1171733009965656,0.7547857088561081,0.7397804465685116,1.4945661554246197
10,27.5,0.8026487711076454,0.9156131968476722,0.5142888112938494,1.3169375824014948,1.1082699498534538,0.7197881029292342,0.7483758983888367,1.468164001318071
10,27.700000000000003,0.9415574805966799,0.9469468272372659,0.476168086938926,1.4177255675356057,1.1328144192502971,0.7426220109305823,0.761503413785006,1.5041254247155882
10,27.89999999999999,1.0802219399183342,0.9881351677430631,0.4480241977838961,1.52824613770223,1.1137905969609767,0.7308661852356209,0.7483575043431663,1.4792236895787871
10,28.099999999999994,0.8991347493811326,0.9918600373683473,0.542292662677781,1.4414274120589137,1.1167280421753034,0.7120696181178741,0.7606932331163664,1.4727628512342403
10,28.299999999999997,0.6176233503234891,0.9864014887099802,0.6775898135482357,1.2952131638717248,1.1322735989646482,0.7232386223068795,0.7706542878112084,1.493892910118088
10,28.5,0.6819671816607155,0.9222408671817177,0.58125727635136,1.2632244580120755,1.1350610499839673,0.7437528315683348,0.7631846341997999,1.5069374657681347
10,28.700000000000003,0.8485695320424032,0.8375247820569037,0.4132400160357022,1.2618095480781053,1.1257266004640143,0.7159299106534324,0.7677616451372982,1.4836915557907304
10,28.89999999999999,0.9019788706771014,0.8448890988656508,0.39389966352710004,1.2958785342042014,1.1203305448636978,0.7451588475446228,0.7477511210913863,1.4929099686360092
10,29.099999999999994,0.8794830590049623,0.9158844260785066,0.4761428965760255,1.3556259555809878,1.1236364498456488,0.7242114916947682,0.7615307039982647,1.485742195693033
10,29.299999999999997,0.9622624075186089,0.9870091504840015,0.5058779467246971,1.468140354243306,1.1186955228001902,0.7257659113096929,0.7558125671453437,1.4815784784550368
10,29.5,0.6392177286024089,0.8878939742749783,0.5682851099737737,1.2075028385761828,1.1321555267500423,0.7576939768407724,0.753308538329656,1.5110025151704285
10,29.700000000000003,0.5618246111290024,0.8717428070423672,0.590830501477866,1.1526551126068685,1.1137138381648264,0.7293328254476662,0.7490474254409933,1.4783802508886594
10,29.89999999999999,0.9816459897306444,1.018625463975267,0.5278024691099448,1.5094484588405892,1.1155409179749292,0.7422751248503268,0.7444033555497658,1.4866784804000925
10,30.099999999999994,0.6147317802183861,0.9344720484815808,0.6271061583723876,1.241837938590774,1.133513989141702,0.7204307809122622,0.7732985986855709,1.4937293795978333
10,30.299999999999997,0.5456879893269894,0.9854114386975081,0.7125674440340134,1.2582554333610028,1.1114269436840218,0.7486866251062092,0.7370836311309172,1.4857702562371264
10,30.5,0.5297033861676624,0.952385290318833,0.6875335972350017,1.2172369834026642,1.134812249993673,0.7494527828996085,0.7600858585438688,1.5095386414434773
10,30.700000000000003,0.6955913983752594,0.9036110133003329,0.5558153141127031,1.2514067124879626,1.131577853158795,0.7449577320759435,0.7590989871208232,1.5040567191967669
10,30.89999999999999,0.8513129466072067,1.0789496121825768,0.6532931388789733,1.50460608548618,1.1337538612258289,0.7358490797188232,0.7658293213664173,1.5016784010852404
10,31.099999999999994,0.94177192235671,0.9062613432072117,0.43537538202885684,1.3771473043855667,1.1422609093459988,0.7553548409958938,0.7645834888480518,1.5199383298439457
10,31.299999999999997,0.7803706009656038,0.9053673165388705,0.5151820160560686,1.2955526170216725,1.118763624640022,0.7417851582344624,0.7478710455227908,1.4896562037572534
10,31.5,0.8460098768238864,0.9433206885022603,0.520315750090317,1.3663256269142035,1.1264060470171073,0.7469986848130398,0.7529067046105875,1.4999053894236272
10,31.700000000000003,0.6276435173005626,0.876560090407738,0.5627383317574567,1.1903818490580191,1.1266042566337253,0.754949257896656,0.7491296276853974,1.5040788855820533
10,31.89999999999999,0.7904156942901547,0.8818975589678826,0.4866897118228052,1.2771054061129599,1.113409067947028,0.7463224065912081,0.7402478646514241,1.486570271242632
10,32.099999999999994,0.7226393863933714,0.8274398464640754,0.4661201532673898,1.188759539660761,1.110711271181542,0.7424984473870213,0.7394620474880312,1.4819604948750524
10,32.3,0.6366291253190836,0.8676006901505002,0.5492861274909585,1.185915252810042,1.143562843122656,0.7441841748188859,0.7714707557132132,1.515654930532099
10,32.5,0.5700905865629554,0.9131246809380917,0.628079387656614,1.1981699742195695,1.142484138001998,0.7492984242528374,0.7678349258755794,1.5171333501284168
10,32.7,0.6717173091507896,0.9230917440202137,0.5872330894448188,1.2589503985956085,1.1148185468409417,0.7287845942203774,0.750426249730753,1.4792108439511304
10,32.89999999999999,0.615070569245959,0.9828501810546517,0.6753148964316723,1.2903854656776312,1.1342131601608603,0.7440787196496407,0.7621738003360399,1.5062525199856807
10,33.099999999999994,0.5459643315222221,0.9579637531772514,0.6849815874161403,1.2309459189383625,1.130082461139435,0.7630547068276337,0.7485551077256181,1.5116098145532517
10,33.3,0.7090026737387304,0.8931093100495312,0.5386079731801661,1.2476106469188963,1.1423670280420186,0.7578071038661349,0.7634634761089512,1.521270579975086
10,33.5,0.5738714716831044,0.9137833970671768,0.6268476612256246,1.200719132908729,1.1266312520248345,0.7424263593907281,0.7554180723294704,1.4978444317201984
10,33.7,0.6351006121029282,0.8784043502082508,0.5608540441567867,1.1959546562597148,1.1099946831733576,0.7525004568202512,0.7337444547632319,1.4862449115834833
10,33.89999999999999,0.507258771660381,0.9283957707715611,0.6747663849413705,1.1820251566017517,1.1111988767104453,0.7418046650551274,0.7402965441828815,1.482101209238009
10,34.099999999999994,0.635592959591708,0.9038975855177246,0.5861011057218706,1.2216940653135786,1.1198840262942817,0.7584814956698231,0.7406432784593702,1.4991247741291933
10,34.3,0.6124362428562852,0.917867091119665,0.6116489696915224,1.2240852125478077,1.1141420548504646,0.7541458573679737,0.7370691261664777,1.4912149835344515
10,34.5,0.8230736732244057,0.7828691336387043,0.37133229702650145,1.1944059702509071,1.117317493123458,0.7358981311820603,0.7493684275324278,1.4852665587144882
10,34.7,0.5706132623856743,0.9293208169809191,0.6440141857880819,1.2146274481737562,1.1242427256711,0.7587948681390039,0.7448452916015982,1.503640159740602
10,34.89999999999999,0.49873534611379694,0.9369176026653215,0.6875499296084231,1.18628527572222,1.1301858077854865,0.7622348816311525,0.7490683669699103,1.5113032486010627
10,35.099999999999994,0.6153281288692677,0.9703226493473635,0.6626585849127296,1.2779867137819974,1.1445375925420638,0.7748462176451777,0.757114483719475,1.5319607013646526
10,35.3,0.7927327830035853,0.9292015482538866,0.5328351567520939,1.3255679397556792,1.1253062175244553,0.7664079567014416,0.7421022391737344,1.508510195875176
10,35.5,0.8897065015193703,0.9525640891402589,0.5077108383805737,1.397417339899944,1.1237006868411887,0.7576787440732561,0.7448613148045606,1.5025400588778168
10,35.7,0.6187588805450355,0.9468251453604283,0.6374457050879105,1.256204585632946,1.122124386819606,0.7675275106124159,0.7383606315133981,1.505888142125814
10,35.89999999999999,0.9585429640855148,1.0795325327647691,0.6002610507220117,1.5588040148075264,1.126149430414523,0.7688913333441137,0.7417037637424662,1.5105950970865798
10,36.099999999999994,0.6681896579158229,0.9793542475638957,0.6452594186059842,1.3134490765218072,1.1197781687044561,0.757898120534186,0.740829108437363,1.4987272289715492
10,36.3,0.648302882573249,0.9223742467895825,0.5982228055029579,1.246525688076207,1.1077255596773512,0.7579678329521533,0.7287416432012745,1.4867094761534279
10,36.5,0.6354901457583686,0.9387696107125901,0.6210245378334058,1.2565146835917744,1.1284318454695448,0.762598744573934,0.7471324731825778,1.5097312177565119
10,36.699999999999996,0.6893384919554889,0.9240481881871245,0.5793789422093801,1.268717434164869,1.1286002462027576,0.7675909976570787,0.7448047473742182,1.5123957450312968
10,36.9,0.5265826713538401,0.9096031419273962,0.6463118062504761,1.1728944776043162,1.1044040428668738,0.7364496354195098,0.7361792251571189,1.4726288605766287
10,37.099999999999994,0.6775231428083309,0.9148212880839497,0.5760597166797842,1.253582859488115,1.100780632026029,0.7593402812483901,0.7211104914018338,1.480450772650224
10,37.3,0.4954560496177196,0.971456256931843,0.7237282321229831,1.2191842817407028,1.1200327407444237,0.768241297981602,0.7359120917536227,1.5041533897352246
10,37.5,0.6564547299146015,0.9402368088691455,0.6120094439118446,1.2684641738264464,1.1211420071710696,0.7663915102219361,0.7379462520601016,1.5043377622820375
10,37.699999999999996,0.6408212216890212,0.9103788217896314,0.5899682109451208,1.230789432634142,1.1153187369295974,0.7440844151107641,0.7432765293742154,1.4873609444849794
10,37.9,0.49713900701750063,0.9808456391632263,0.7322761356544759,1.2294151426719766,1.1047920285746726,0.7296423182402981,0.7399708694545235,1.4696131876948217
10,38.099999999999994,0.5575984158941445,0.9328327948780282,0.6540335869309559,1.2116320028251004,1.096602583993345,0.753309166594001,0.7199480006963446,1.4732571672903456
10,38.3,0.5523926372273174,0.9404138212961131,0.6642175026824543,1.2166101399097717,1.1167019854463116,0.7528128065882566,0.7402955821521833,1.49310838874044
10,38.5,0.7598614042405709,0.9700150940323834,0.5900843919120979,1.3499457961526689,1.1164635080340934,0.7729950789745171,0.7299659685468349,1.502961047521352
10,38.699999999999996,0.6101715457355114,0.9394872481232337,0.634401475255478,1.2445730209909893,1.1259403862825816,0.7641399163467185,0.7438704281092223,1.508010344455941
10,38.9,0.6940333849460065,0.8817415343719608,0.5347248418989575,1.228758226844964,1.1152717346283603,0.7497700931675333,0.7403866880445936,1.4901567812121268
10,39.099999999999994,0.9375438559566008,0.7597416802828658,0.2909697523045654,1.2285136082611663,1.0892754736879362,0.7349928899432498,0.7217790287163113,1.4567719186595611
10,39.3,0.8413130087840622,0.837747748844472,0.41709124445244083,1.2584042532365032,1.1032621343891238,0.7545387853087264,0.7259927417347606,1.4805315270434871
10,39.5,0.6217054384336091,1.0008839203430484,0.6900312011262437,1.3117366395598529,1.1143006591076139,0.7490274797824157,0.739786919216406,1.4888143989988216
10,39.699999999999996,0.6897990783471591,0.9773911190613664,0.6324915798877868,1.322290658234946,1.1178969498841964,0.7573645458294895,0.7392146769694516,1.4965792227989412
10,39.9,0.579733363615311,0.9510812717131184,0.6612145899054629,1.240947953520774,1.1081157328172753,0.767155727656713,0.7245378689889188,1.4916935966456317
10,40.099999999999994,0.8884282891209146,1.0643097696378563,0.620095625077399,1.5085239141983136,1.095720659180033,0.7355006258902326,0.7279703462349167,1.4634709721251493
10,40.3,0.9187799301978148,1.167174600757892,0.7077846356589845,1.6265645658567993,1.1227307168669998,0.7791534998166095,0.7331539669586951,1.5123074667753045
10,40.5,0.57593404224902,0.9540028265027527,0.6660358053782428,1.2419698476272627,1.112562028330017,0.7784603649251903,0.7233318458674218,1.5017922107926123
10,40.699999999999996,0.4983942130829573,0.9356543385020777,0.6864572319605992,1.1848514450435563,1.124675313453111,0.7508642397571164,0.7492431935745527,1.500107433331669
10,40.9,0.6957297682646469,0.9920004343378532,0.6441355502055298,1.3398653184701768,1.1304026306653632,0.7835902963979358,0.7386074824663953,1.522197778864331
10,41.099999999999994,0.48633999157398283,0.9421664171638684,0.698996421376877,1.18533641295086,1.1128493526777428,0.7498290762825397,0.7379348145364729,1.4877638908190125
10,41.3,0.5367340317854326,0.9359092218783702,0.6675422059856538,1.2042762377710865,1.103406351450015,0.7189946903474207,0.7439090062763046,1.4629036966237252
10,41.5,0.9258388006390402,0.8161241637778156,0.35320476345829543,1.2790435640973357,1.0881627593727399,0.7475365060616521,0.7143945063419138,1.461931012403566
10,41.699999999999996,0.6304538599390368,0.9530121942076235,0.6377852642381051,1.268239124177142,1.1102525649145454,0.7602986603785377,0.7301032347252765,1.4904018951038143
10,41.9,1.3272942715565712,1.0091427101717132,0.34549557439342754,1.6727898459499988,1.0999247374792365,0.7562538521450236,0.7217978114067247,1.4780516635517482
10,42.099999999999994,0.790139584112092,1.1043868897730398,0.7093170977169937,1.4994566818290858,1.1180422928367928,0.7628273551084788,0.7366286152825534,1.4994559703910322
10,42.3,0.8248662172768384,1.0893630615411276,0.6769299529027083,1.5017961701795468,1.1188269750553799,0.7771468995800563,0.7302535252653517,1.507400424845408
10,42.5,0.5372798347727097,0.9819208830475703,0.7132809656612155,1.2505608004339253,1.1141046402822279,0.7578553951232744,0.7351769427205908,1.493032337843865
10,42.699999999999996,0.4269518771123401,0.9942455399708837,0.7807696014147136,1.2077214785270538,1.1007831317865993,0.74558650620532,0.7279898786839393,1.4735763848892591
10,42.9,0.5741569267287022,0.9479860485427917,0.6609075851784405,1.2350645119071428,1.0980411110617845,0.7401131698981342,0.7279845261127174,1.4680976960108516
10,43.099999999999994,0.6347095569191514,0.9034953734056257,0.58614059494605,1.2208501518652013,1.0955528586194707,0.7594709774047743,0.7158173699170836,1.4752883473218579
10,43.3,0.7621775551219186,0.918417115206965,0.5373283376460056,1.2995058927679244,1.1008528324244136,0.7628491570427736,0.7194282539030268,1.4822774109458003
10,43.5,0.6727262737285064,0.9721490719270354,0.6357859350627822,1.3085122087912886,1.1068131887013404,0.761192281617154,0.7262170478927634,1.4874093295099173
10,43.699999999999996,0.6848703640313875,1.0640853882955632,0.7216502062798695,1.406520570311257,1.1013856784707245,0.7568120042455233,0.7229796763479629,1.479791680593486
10,43.9,0.6210978290700077,0.9937774450286816,0.6832285304936777,1.3043263595636854,1.1186968419154366,0.755024455054014,0.7411846143884295,1.4962090694424437
10,44.099999999999994,0.6364485641180385,0.9763855387681666,0.6581612567091474,1.294609820827186,1.1147391246469132,0.7771692386355735,0.7261545053291264,1.5033237439647
10,44.3,0.5249839637498314,0.9482245577762718,0.6857325759013562,1.2107165396511874,1.1113062740912565,0.7452552101659504,0.7386786690082813,1.4839338791742316
10,44.5,0.6014586824890188,0.9143155425358471,0.6135862012913378,1.2150448837803565,1.1052298331228132,0.7385603505876281,0.7359496578289991,1.4745100084166274
10,44.699999999999996,0.45949067949053135,0.9809920808353828,0.7512467410901171,1.2107374205806485,1.0859569776226925,0.7239832429626935,0.7239653561413457,1.4479485991040393
10,44.9,0.6453288234710737,0.9772174587072364,0.6545530469716996,1.2998818704427733,1.1050094332574463,0.761203503758661,0.7244076813781157,1.4856111851367768
10,45.099999999999994,0.5619118690928797,0.9328201954342337,0.6518642608877939,1.2137761299806735,1.094894618092842,0.7283756380017061,0.730706799091989,1.459082437093695
10,45.3,0.7059709000292759,0.909389071202877,0.556403621188239,1.262374521217515,1.0823262657342365,0.7182662837853968,0.7231931238415381,1.441459407626935
10,45.5,0.8705355962886977,0.730687854388784,0.2954200562444352,1.165955652533133,1.1111874899230747,0.7530146365049714,0.7346801716705891,1.4876948081755603
10,45.699999999999996,0.6680233906469786,0.9625763166235322,0.6285646213000429,1.2965880119470214,1.1046534115736413,0.7519327410507047,0.7286870410482889,1.4806197820989937
10,45.9,0.7198320950500401,0.9743546504593046,0.6144386029342844,1.3342706979843246,1.0954041568008555,0.740911487969418,0.7249484128161465,1.4658599007855644
10,46.099999999999994,0.5069147663072718,1.0044872285165,0.7510298453628642,1.257944611670136,1.0975944630196033,0.742278113203092,0.7264554064180573,1.4687335196211493
10,46.3,0.7700505095935758,0.9136554695407351,0.5286302147439471,1.298680724337523,1.0925726692109439,0.7390036010466556,0.723070868687616,1.4620744697342718
10,46.5,0.5021360254084657,0.9597198176164676,0.7086518049122347,1.2107878303207005,1.0852612626684346,0.7258235635690348,0.7223494808839173,1.448173044452952
10,46.699999999999996,0.4727660230873074,0.9790664446574207,0.7426834331137669,1.2154494562010743,1.07196946730433,0.723129256280418,0.7104048391641211,1.433534095444539
10,46.9,0.48547867231741987,0.9783086295211936,0.7355692933624837,1.2210479656799036,1.0929289895597616,0.7268418329648749,0.7295080730773241,1.456349906042199
10,47.099999999999994,0.5682177864280662,0.9322390748172472,0.6481301816032141,1.2163479680312803,1.0779724915308628,0.7225827080557938,0.7166811375029659,1.4392638455587599
10,47.3,0.5153589150124387,0.9336624436518082,0.6759829861455888,1.1913419011580275,1.0969578578278125,0.7440434394616455,0.7249361380969898,1.4689795775586352
10,47.5,0.626771102145284,0.9791314984686246,0.6657459473959827,1.2925170495412666,1.08363358169204,0.7278314787719484,0.7197178423060657,1.4475493210780142
10,47.699999999999996,0.6379697536935133,0.9615763064505286,0.642591429603772,1.2805611832972852,1.086893115518109,0.7421299209058108,0.7158281550652036,1.4579580759710145
10,47.9,0.7985615581393106,0.8567977468379768,0.4575169677683215,1.2560785259076321,1.1043521205046867,0.7460527142162497,0.7313257633965617,1.4773784776128116
10,48.099999999999994,0.5775156839417219,0.9494718535564244,0.6607140115855633,1.2382296955272853,1.0948886204421662,0.7435638586870658,0.7231066910986332,1.466670549785699
10,48.3,0.6856398013204029,0.9497044125801567,0.6068845119199553,1.292524313240358,1.0980189461071808,0.7155778512459445,0.7402300204842085,1.455807871730153
10,48.5,0.954888529151851,1.1544495508326464,0.677005286256721,1.631893815408572,1.0699360071790562,0.744710806260687,0.6975806040487127,1.4422914103093998
10,48.699999999999996,0.7296768513326235,1.0285247881734345,0.6636863625071228,1.3933632138397465,1.0785289265616618,0.7354574136065017,0.7108002197584109,1.4462576333649126
10,48.9,0.7330014446863483,0.9719021052920178,0.6054013829488437,1.338402827635192,1.0710019750834823,0.7107217301118062,0.7156411100275792,1.4263628401393853
10,49.099999999999994,0.6236278486896464,0.9942993832145224,0.6824854588696992,1.3061133075593456,1.0793402172396662,0.7263350043482907,0.7161727150655208,1.4425077194138116
10,49.3,0.6694741741471428,1.0767302635364342,0.7419931764628628,1.4114673506100055,1.078680148891514,0.7194178829423935,0.7189712074203174,1.4383890903627108
10,49.5,0.6507206331056011,0.9994612905545446,0.674100974001744,1.324821607107345,1.0745909324624487,0.717623338138097,0.7157792633934003,1.4334026015314971
10,49.699999999999996,0.5066559393258881,0.9889680862122416,0.7356401165492977,1.2422960558751857,1.0708749553290169,0.7252858284875265,0.7082320410852536,1.4335178695727802
10,49.9,0.9925359474686276,1.124356835039136,0.6280888613048222,1.6206248087734498,1.0710153131531073,0.7132014645898113,0.7144145808582016,1.427616045448013
10,50.099999999999994,0.7842866909382846,0.9323275046053461,0.5401841591362038,1.3244708500744884,1.0527812022155734,0.7163256997071548,0.694618352361996,1.4109440520691507
10,50.3,0.9848230865172968,1.1227172534979872,0.630305710239339,1.6151287967566357,1.0696076536490846,0.7210461730938066,0.7090845671021813,1.430130740195988
10,50.5,0.6904331974307386,1.0054712722889942,0.6602546735736249,1.3506878710043635,1.089956591865625,0.7391351998461001,0.720388991942575,1.4595241917886752
10,50.699999999999996,0.7737621633157334,1.0647760887926208,0.677895007134754,1.4516571704504875,1.0832623613765298,0.7492216564360613,0.708651533158499,1.4578731895945605
10,50.9,0.7412407109982327,1.1056612159317094,0.7350408604325929,1.4762815714308257,1.089000020471685,0.7139915574077308,0.7320042417678196,1.4459957991755503
10,51.099999999999994,0.9006929774994382,0.8999111175661643,0.4495646288164452,1.3502576063158833,1.0786553796800664,0.7457181216412471,0.7057963188594429,1.45151444050069
10,51.3,0.6730634728814868,1.0190838198944736,0.6825520834537303,1.355615556335217,1.0590222652511565,0.7026368740761056,0.7077038282131036,1.4103407022892094
10,51.5,0.8352731155618064,1.2069007093422843,0.7892641515613811,1.6245372671231875,1.0755544658138492,0.7113615515186708,0.7198736900545137,1.4312352415731846
10,51.699999999999996,0.6697485300200033,1.0208860310062224,0.6860117659962207,1.3557602960162243,1.0815146525869548,0.7217100270056186,0.7206596390841455,1.442369666089764
10,51.9,0.7239760536648497,1.0431564204868335,0.6811683936544088,1.4051444473192585,1.0573282725151119,0.7045961216324026,0.7050302116989106,1.409626333331313
10,52.099999999999994,0.5131549883555955,1.0049305831565163,0.7483530889787187,1.2615080773343141,1.0690479579394263,0.7044607213400732,0.7168175972693898,1.4212783186094629
10,52.3,0.6362085923654044,1.0583632428515322,0.7402589466688299,1.3764675390342342,1.0891476936583337,0.7278115745264849,0.7252419063950912,1.4530534809215763
10,52.5,0.6591872824410983,0.9881557858205643,0.658562144600015,1.3177494270411134,1.0715707498601916,0.7211080907016887,0.7110167045093473,1.432124795211036
10,52.699999999999996,0.7068300798730206,1.0347243157736017,0.6813092758370916,1.388139355710112,1.080168641557841,0.7197339069757959,0.7203016880699431,1.440035595045739
10,52.9,0.6418068485518611,0.9831602789214327,0.6622568546455022,1.3040637031973632,1.0692250745958747,0.7128275297792572,0.7128113097062461,1.4256388394855033
10,53.099999999999994,0.9848916882890965,1.0086930782907433,0.5162472341461951,1.5011389224352916,1.075314727643926,0.6890569817226747,0.7307862367825888,1.4198432185052634
10,53.3,0.6485758888635962,0.9541749400743951,0.6298869956425969,1.2784628845061934,1.0947364169414855,0.7346023652100114,0.7274352343364798,1.4620375995464912
10,53.5,0.5513722917139532,0.9973080857020309,0.7216219398450543,1.2729942315590075,1.0813280014666014,0.7138196990297023,0.7244181519517502,1.4382378509814524
10,53.699999999999996,0.7117514786297799,0.959794033509336,0.603918294194446,1.315669772824226,1.0742085046433578,0.7201555801447779,0.7141307145709689,1.4342862947157466
10,53.9,0.7580467525386322,0.9598729211665559,0.5808495448972397,1.338896297435872,1.0593607849383089,0.7174708834602613,0.7006253432081782,1.4180962266684396
10,54.099999999999994,0.7178370357635243,0.9290110705384711,0.570092552656709,1.2879295884202333,1.0542619693378963,0.6906881785496841,0.7089178800630542,1.3996060586127383
10,54.3,1.0868967291602063,0.7973509325719639,0.2539025679918608,1.340799297152067,1.06696607517475,0.7036195747368473,0.7151562878063265,1.4187758625431737
10,54.5,0.8291895608854842,1.1047031283184034,0.6901083478756612,1.5192979087611456,1.0610201458325017,0.7151847390992214,0.703427776282891,1.4186125153821125
10,54.699999999999996,0.5493332602958102,1.0468118672548856,0.7721452371069804,1.3214784974027907,1.0608258217220594,0.6994283233414155,0.7111116600513516,1.4105399833927672
10,54.9,0.6474570599546249,1.037523553505246,0.7137950235279337,1.3612520834825586,1.0720066420832604,0.724287058700113,0.7098631127332038,1.434150171433317
10,55.099999999999994,0.5945884282114101,0.9970466495095045,0.6997524354037995,1.2943408636152096,1.0720071285382748,0.7045318721768535,0.719741192449848,1.4242730646267017
10,55.3,0.471742066685299,0.983081917360259,0.7472108840176095,1.2189529507029084,1.0783073471064095,0.7038648944541899,0.7263748998793146,1.4302397943335046
10,55.5,0.8504041245262233,0.8139165400569708,0.3887144777938592,1.2391186023200824,1.054303587110412,0.6965378657292437,0.7060346542457903,1.4025725199750338
10,55.699999999999996,0.4803700005876006,0.9901354063939539,0.7499504061001536,1.2303204066877542,1.0666873685606346,0.7203280759691751,0.706523330576047,1.4268514065452222
10,55.9,0.7120385578310163,1.0370423599277472,0.681023081012239,1.3930616388432553,1.0656115773053676,0.7077772494354886,0.7117229525876233,1.4195002020231118
10,56.099999999999994,0.7106000324072224,1.02002199553557,0.6647219793319589,1.3753220117391811,1.056292501898968,0.7110353051213196,0.7007748493383081,1.4118101544596278
10,56.3,0.6436950760378229,1.009777441132953,0.6879299031140415,1.3316249791518644,1.0609727837592016,0.7092111740310855,0.7063671967436589,1.4155783707747442
10,56.5,0.5225228377116846,0.9731920434012131,0.7119306245453708,1.2344534622570553,1.0526799568020333,0.6798625743091992,0.7127486696474337,1.392611243956633
10,56.699999999999996,0.6123721766667883,0.9875183678284094,0.6813322794950153,1.2937044561618036,1.0395829081421004,0.6876011704774861,0.6957823229033573,1.3833834933808435
10,56.9,0.645987002662157,0.9621892537863289,0.6391957524552505,1.2851827551174073,1.050387879965267,0.6855531353952525,0.7076113122676408,1.3931644476628933
10,57.099999999999994,0.6023043471810832,1.0012866050534273,0.7001344314628856,1.3024387786439688,1.0719491338343052,0.7041683974179316,0.7198649351253394,1.424033332543271
10,57.3,0.74388910479029,1.105877749242023,0.7339331968468782,1.477822301637168,1.0426031562250668,0.6969186111499136,0.6941438506501101,1.3910624618000236
10,57.5,0.7643201438478288,1.0470565217462997,0.6648964498223854,1.4292165936702141,1.0626775799119204,0.7221456449264493,0.7016047574486957,1.423750402375145
10,57.699999999999996,0.9758554952858955,1.2038072631528558,0.715879515509908,1.6917350107958036,1.0815482242266032,0.6982365882071582,0.7324299301230242,1.4306665183301823
10,57.9,0.6103235642043435,1.0710833642788242,0.7659215821766525,1.376245146380996,1.071599499317675,0.6925967395343695,0.7253011295504902,1.4178978690848596
10,58.099999999999994,0.6234440062409754,0.987793748162364,0.6760717450418764,1.2995157512828517,1.0629205237122148,0.6864016296120705,0.7197197089061795,1.40612133851825
10,58.3,0.5318754933323434,0.9695169697084327,0.7035792230422611,1.2354547163746044,1.0558915630725445,0.6877534479673469,0.712014839088871,1.399768287056218
10,58.5,0.6607854939687259,0.9993831840464886,0.6689904370621257,1.3297759310308515,1.0583425924600913,0.71308810515394,0.7017985398831212,1.4148866450370614
10,58.699999999999996,0.5657304698769925,1.0248674078127227,0.7420021728742263,1.307732642751219,1.086047293545015,0.7025722664962634,0.7347611602968833,1.4373334267931466
10,58.9,0.45695935569959306,1.0313003727023784,0.8028206948525817,1.259780050552175,1.0790284165046529,0.718996517722273,0.7195301576435164,1.4385266753657895
10,59.099999999999994,0.5056253506357337,1.0280841934588347,0.775271518140968,1.2808968687767015,1.0711249316239022,0.7195429060670022,0.7113534785904011,1.4308963846574034
10,59.3,0.6106474169733638,1.067539253204515,0.762215544717833,1.3728629616911967,1.0761057881824003,0.6970529870929865,0.7275792946359071,1.4246322817288934
10,59.5,0.5530335358104083,1.0432017018954511,0.766684933990247,1.3197184698006552,1.0543256731338857,0.6995135631351918,0.7045688915662898,1.4040824547014816
10,59.699999999999996,0.5935203400793365,1.043916852852981,0.7471566828133127,1.3406770228926492,1.0663417900469032,0.6931768482231316,0.7197533659353375,1.412930214158469
10,59.9,0.5070143208369747,1.0790902546216614,0.8255830942031741,1.332597415040149,1.057190182504612,0.7124136204735432,0.7009833722678404,1.4133969927413834
10,60.099999999999994,0.5626357507911005,1.0501190430129599,0.7688011676174096,1.3314369184085102,1.080821015273939,0.712455168305015,0.7245934311214315,1.4370485994264466
10,60.3,0.6096248001180422,1.036986625064675,0.7321742250056541,1.3417990251236962,1.0700606487688376,0.7227098881310601,0.7087057047033075,1.4314155928343677
10,60.5,0.5669204972229356,0.9930093451139976,0.7095490965025298,1.2764695937254655,1.0746342310511319,0.692795256818113,0.7282366026420753,1.4210318594601885
10,60.699999999999996,0.5075233330729216,0.99916266198027,0.7454009954438092,1.2529243285167309,1.0889469926048398,0.7117937924766136,0.7330500963665331,1.4448438888431467
10,60.9,0.49351770775545245,0.989871085231615,0.7431122313538888,1.2366299391093414,1.1196984908765635,0.736727041665731,0.751334970043698,1.488062011709429
10,61.099999999999994,0.5229610253495814,0.9707339079888679,0.7092533953140772,1.2322144206636587,1.0858296802560803,0.7105526867626079,0.7305533368747763,1.4411060236373843
10,61.3,0.45112725031276973,0.9927244145065853,0.7671607893502004,1.2182880396629703,1.0639618941382918,0.6944177104168802,0.7167530389298518,1.4111707493467318
10,61.5,1.019574959708212,0.8340769207708069,0.3242894409167008,1.343864400624913,1.0789055473293325,0.6989384427933689,0.7294363259326481,1.4283747687260169
10,61.699999999999996,0.5913933551763739,1.0009177598290773,0.7052210822408904,1.2966144374172643,1.0532113107479495,0.7124736609617345,0.6969744802670823,1.4094481412288167
10,61.9,0.6693248141866628,0.9789565743431556,0.6442941672498242,1.3136189814364871,1.081745373182946,0.72238804033907,0.7205513530134111,1.442939393352481
10,62.1,0.5668878598667106,1.0659425359572996,0.7824986060239443,1.349386465890655,1.0802939521154729,0.7333834784895595,0.7136022128706931,1.4469856913602526
10,62.3,0.659438292897455,1.0586181215451773,0.7288989750964497,1.3883372679939048,1.073900886519008,0.7106921897857936,0.7185547916261112,1.4292469814119049
10,62.5,0.6251811672736615,1.0178887180660612,0.7052981344292305,1.330479301702892,1.0674960118415926,0.7077651485046303,0.7136134375892774,1.4213785860939079
10,62.699999999999996,0.8021794738253294,1.0414352854599598,0.6403455485472952,1.4425250223726245,1.0725788064733306,0.7153403616902785,0.7149086256281914,1.4302489873184698
10,62.9,0.6691157648358906,1.0620792492509499,0.7275213668330046,1.3966371316688952,1.0704621469029056,0.7230238360278964,0.7089502288889574,1.431974064916854
10,63.1,0.6095429950687052,1.0255412440811034,0.7207697465467509,1.330312741615456,1.0740323638986728,0.7104669530587256,0.7187988873693101,1.4292658404280356
10,63.3,0.5310757116158475,1.0486852342797632,0.7831473784718395,1.314223090087687,1.0714832545051078,0.7227912450884909,0.7100876319608624,1.4328788770493532
10,63.5,0.7979662175489954,1.1366219174804493,0.7376388087059516,1.535605026254947,1.0589840782757156,0.7188690026820499,0.6995495769346907,1.4184185796167406
10,63.699999999999996,0.7391630185815891,1.0356879292550571,0.6661064199642626,1.4052694385458515,1.0589723681429222,0.7096100382586019,0.7041673490136212,1.4137773872722232
10,63.9,0.6644054913601075,1.021514273291001,0.6893115276109473,1.3537170189710548,1.0683419760553594,0.7272637180550761,0.7047101170278214,1.4319738350828974
10,64.1,0.5237048428094785,0.9718596722028221,0.7100072507980827,1.2337120936075614,1.0624693933329767,0.7093353619317126,0.7078017123671204,1.4171370742988332
10,64.3,0.5818866557161482,1.0262862110907598,0.7353428832326856,1.3172295389488338,1.0674744057644738,0.7172910075882337,0.708828901970357,1.4261199095585906
10,64.5,0.6529305345550938,1.058343792231288,0.731878524953741,1.3848090595088347,1.0610156397583894,0.7046051367537352,0.7087130713815218,1.4133182081352569
10,64.69999999999999,1.23022946973427,0.9856346057538148,0.37051987088667987,1.6007493406209496,1.0737480333367255,0.7120428892316542,0.7177265887208985,1.4297694779525525
10,64.9,0.5389658842084128,1.0364888229054885,0.767005880801282,1.305971765009695,1.0864393158068208,0.7332111533863614,0.7198337391136401,1.4530448925000017
10,65.1,0.5414249753413611,1.0609738422969195,0.790261354626239,1.3316863299676,1.0762730110049648,0.7358155960067222,0.7083652130016036,1.444180809008326
10,65.3,0.4613291294666716,1.0539115960555443,0.8232470313222086,1.2845761607888802,1.0841115966761927,0.7431602927832343,0.7125314502845757,1.4556917430678098
10,65.5,0.5781540541206878,1.0547150316901743,0.7656380046298303,1.343792058750518,1.0618871654904565,0.7130261262476953,0.7053741023666088,1.418400228614304
10,65.69999999999999,0.6373490386357253,1.0573902473690193,0.7387157280511565,1.376064766686882,1.084130019546674,0.7183438883674178,0.7249580753629652,1.443301963730383
10,65.9,0.5507373154936714,1.063550482152945,0.7881818244061092,1.3389191398997806,1.0660603210942836,0.7348461660851766,0.6986372380516953,1.4334834041368718
10,66.1,0.560420332600686,1.0353001567968931,0.7550899904965501,1.3155103230972363,1.0981346820397473,0.714223001756207,0.7410231811616438,1.455246182917851
10,66.3,0.690604204141098,1.0954035492633627,0.7501014471928137,1.4407056513339116,1.0644111703898766,0.7159457152213475,0.7064383127792029,1.4223840280005504
10,66.5,0.6069921867150974,1.077672291610004,0.7741761982524554,1.381168384967553,1.0605769158461031,0.7113825990371464,0.7048856163275299,1.4162682153646764
10,66.69999999999999,0.6723037880702174,1.1183310890791351,0.7821791950440264,1.4544829831142438,1.078770707817443,0.7137169814796752,0.7219122170776056,1.4356291985572807
10,66.9,0.5856478927653999,1.0172606789380116,0.7244367325553118,1.3100846253207115,1.065463312202288,0.7486618121316029,0.6911324061364866,1.4397942182680894
10,67.1,0.5754472027168465,1.0911313098588917,0.8034077085004685,1.3788549112173147,1.0774420230433548,0.7088515621859662,0.7230162419503716,1.431867804136338
10,67.3,0.6291136383392512,1.1013014785685717,0.7867446593989461,1.4158582977381973,1.0537204224478751,0.7100612079501963,0.698689818472777,1.4087510264229732
10,67.5,0.6185746893344529,1.019342195559331,0.7100548508921043,1.3286295402265573,1.0694671893268919,0.7003210449108189,0.7193066668714825,1.4196277117823013
10,67.69999999999999,0.6055258576517037,0.9625691022252479,0.6598061733993961,1.2653320310510998,1.0743441184771687,0.7361668063179421,0.7062607153181977,1.4424275216361397
10,67.9,0.7312651295616914,1.0056561097656127,0.6400235449847669,1.3712886745464583,1.0867236301363252,0.73521964861943,0.7191138058266102,1.4543334544460402
10,68.1,0.7412234427120025,1.0172802462036605,0.6466685248476591,1.3878919675596617,1.0774812090841734,0.732816270888597,0.7110730736398749,1.443889344528472
10,68.3,1.0043376738796206,1.1972887615574193,0.6951199246176089,1.6994575984972295,1.0868358986859106,0.7135886435192801,0.7300415769262705,1.4436302204455507
10,68.5,0.5071692653056943,1.074921547722108,0.8213369150692608,1.3285061803749552,1.0962133231451552,0.7159204164161427,0.7382531149370839,1.4541735313532265
10,68.7,0.5289022186641933,1.0572910606972459,0.7928399513651493,1.3217421700293426,1.0956165147526131,0.7354770129071599,0.7278780082990332,1.4633550212061932
10,68.9,0.9173734601984318,1.2004620892517868,0.7417753591525708,1.6591488193510027,1.0997686959586295,0.748273773068861,0.7256318094241989,1.47390558249306
10,69.1,0.6400381028828146,1.1101710534132523,0.790152001971845,1.4301901048546595,1.0724846036212732,0.7104899954736402,0.717239605884453,1.4277296013580933
10,69.3,0.5280397839862391,1.0778886429450878,0.8138687509519683,1.3419085349382074,1.0718027199115747,0.7193652385242151,0.7121201006494672,1.4314853391736824
10,69.5,0.6841147687854342,1.0120875686337387,0.6700301842410216,1.3541449530264558,1.0826454034470891,0.7300636362152246,0.7176135853394768,1.4476772215547014
10,69.7,0.6580026187035672,1.089707515723938,0.7607062063721545,1.4187088250757216,1.07779245866745,0.7231870855815888,0.7161989158766557,1.4393860014582445
10,69.9,0.7198912935044589,1.008939984839372,0.6489943380871428,1.3688856315916016,1.0754473067528376,0.7307074533689678,0.7100935800683537,1.4408010334373216
10,70.1,0.6180599556733003,1.095890255725259,0.7868602778886087,1.404920233561909,1.0732823325317828,0.7060162987182683,0.7202741831726487,1.426290481890917
10,70.3,0.5598208420184293,1.0740401780731577,0.7941297570639431,1.3539505990823724,1.079214770425782,0.7333662339193918,0.712531653466086,1.445897887385478
10,70.5,0.5947494135337708,1.0469873579514646,0.7496126511845793,1.34436206471835,1.0898251406130157,0.7186910316881874,0.730479624768922,1.4491706564571094
10,70.7,0.672634707404067,1.0223806879207262,0.6860633342186926,1.3586980416227596,1.0949048635774616,0.7316275088419167,0.7290911091565033,1.46071861799842
10,70.9,0.6408237445945534,1.0362358610890552,0.7158239887917788,1.3566477333863318,1.0786301606943975,0.7194320959397136,0.7189141127245408,1.4383462086642544
10,71.1,0.5601944860728564,1.059932417098556,0.7798351740621278,1.3400296601349841,1.07977895165019,0.7170667956959444,0.7212455538022179,1.4383123494981622
10,71.3,0.5157416842811776,1.0616737210606284,0.8038028789200397,1.3195445632012173,1.0799625616212964,0.7330565012299245,0.7134343110063341,1.4464908122362587
10,71.5,0.5924259914231517,1.0866656220386552,0.7904526263270795,1.382878617750231,1.0941944138361372,0.7302672113742302,0.7290608081490222,1.4593280195232523
10,71.7,0.5981053493010948,1.1079790109367873,0.80892633628624,1.4070316855873348,1.0948099218305003,0.7249554544452705,0.732332194607865,1.4572876490531357
10,71.9,0.6068932982018393,1.1442830162931248,0.8408363671922052,1.4477296653940446,1.092358222963009,0.7317662727499492,0.7264750865880345,1.4582413593379837
10,72.1,0.5031466300770348,1.0727856861398113,0.821212371101294,1.3243590011783286,1.090195354718622,0.725178456599235,0.7276061264190046,1.4527845830182395
10,72.3,0.5130522568374942,1.0852896348659957,0.8287635064472486,1.3418157632847427,1.081168831878459,0.7160881764307807,0.7231247436630686,1.4392129200938493
10,72.5,0.5605938230204309,1.1096393131155902,0.8293424016053746,1.3899362246258056,1.094035581321346,0.7229024809967873,0.7325843408229524,1.4554868218197397
10,72.7,0.4842305846603964,1.0755500418889579,0.8334347495587598,1.317665334219156,1.0862834580448613,0.7245861593938546,0.723990378347934,1.4485765377417885
10,72.9,0.4079804985036515,1.0625048100398824,0.8585145607880567,1.2664950592917081,1.0862403595468526,0.7314562112145743,0.7205122539395654,1.4519684651541398
10,73.1,0.6173265293128423,1.0816597960883887,0.7729965314319678,1.3903230607448098,1.106001533143834,0.7334148087921722,0.7392941287477479,1.47270893753992
10,73.3,0.5547936467139113,1.0812346232062473,0.8038377998492917,1.358631446563203,1.0972785556102556,0.7320281234551109,0.7312644938827001,1.4632926173378111
10,73.5,0.851058598776599,0.9694302279407784,0.543900928552479,1.3949595273290778,1.1046311414915098,0.730503091556894,0.7393795957130628,1.4698826872699566
10,73.7,0.9511030042819243,1.2386038024122277,0.7630523002712656,1.7141553045531899,1.084377518421966,0.7212059591846273,0.7237745388296524,1.4449804980142795
10,73.9,0.6618194442143381,1.071823709857768,0.7409139877505991,1.4027334319649372,1.099138495378268,0.7338120479792171,0.7322324713886594,1.4660445193678764
10,74.1,0.5358264742932013,1.0745582031410372,0.8066449659944367,1.3424714402876379,1.0888876786872943,0.7319633961092722,0.7229059806326582,1.4548693767419305
10,74.3,0.5230950116644268,1.073805185230649,0.8122576793984355,1.3353526910628624,1.0899150571032814,0.7256203152593759,0.7271048994735935,1.4527252147329692
10,74.5,0.6794503655660943,1.1015490691794105,0.7618238863963634,1.4412742519624577,1.083113101464003,0.7353333822774263,0.7154464103252898,1.4507797926027162
10,74.7,0.5342645485509896,1.0231549462677314,0.7560226719922367,1.290287220543226,1.0789685446767443,0.7232975398616681,0.7173197747459102,1.4406173146075782
10,74.9,0.5103857481098643,1.05002170713043,0.794828833075498,1.3052145811853622,1.0572176427248126,0.7165211985018938,0.6989570434738657,1.4154782419757594
10,75.1,0.43853549499945027,1.1169837749801241,0.8977160274803989,1.3362515224798492,1.1065688707061532,0.7186300297485713,0.7472538558318675,1.4658838855804388
10,75.3,0.5811410659231477,1.054380993723709,0.7638104607621351,1.3449515266852827,1.0693233657268155,0.7517064668824346,0.6934701322855983,1.4451765991680328
10,75.5,0.6210227464814038,1.0304500578199884,0.7199386845792866,1.3409614310606903,1.0789372956533967,0.6960964110916126,0.7308890901075904,1.426985501199203
10,75.7,0.604256769896783,1.0344617557776907,0.7323333708292993,1.3365901407260823,1.0828288915857387,0.72057426649442,0.7225417583385287,1.4431160248329487
10,75.9,0.8943980885201182,0.9664277717876064,0.5192287275275475,1.4136268160476655,1.0949576968275783,0.727412839450531,0.7312512771023127,1.4586641165528438
10,76.1,0.5117142643702958,1.0803002810942324,0.8244431489090844,1.3361574132793803,1.1027028351388477,0.7207738326310609,0.7423159188233173,1.4630897514543781
10,76.3,0.4468610189996177,1.0602546523929632,0.8368241428931544,1.2836851618927723,1.083755974508657,0.7474469797253113,0.7100324846460013,1.4574794643713125
10,76.5,0.5800294059952646,0.9876045667928952,0.6975898637952629,1.2776192697905275,1.087468822334257,0.6720726220852461,0.751432511291634,1.42350513337688
10,76.7,0.5738521983294185,1.0227363732854369,0.7358102741207276,1.309662472450146,1.075851288383078,0.7222259525193814,0.7147383121233872,1.4369642646427687
10,76.9,0.7384273162285403,1.1168028976540807,0.7475892395398105,1.4860165557683507,1.106495592571128,0.6733768220700284,0.7698071815361138,1.443184003606142
10,77.1,1.1114536749629567,0.875757945707887,0.3200311082264088,1.4314847831893653,1.0932502652710046,0.7136303783543436,0.7364350760938327,1.4500654544481764
10,77.3,0.6549190043651352,1.0641491083030679,0.7366896061205003,1.3916086104856353,1.0545108247979347,0.6839464145406783,0.7125376175275955,1.3964840320682739
10,77.5,0.8984014801597762,1.2301948638826625,0.7809941238027744,1.6793956039625506,1.0932463837421462,0.6382946498793569,0.7740990588024678,1.4123937086818246
10,77.7,0.809045331548757,1.1880950506369263,0.7835723848625478,1.5926177164113047,1.1026600056873939,0.7007452680145808,0.7522873716801035,1.4530326396946842
10,77.9,0.5511359968535692,1.0558359909065467,0.7802679924797622,1.3314039893333314,1.0867445608766286,0.7201021087739455,0.7266935064896558,1.4467956152636015
10,78.1,0.6203597860070282,1.0059220641335407,0.6957421711300268,1.3161019571370547,1.0856033585397593,0.7002111912438904,0.7354977629178141,1.4357089541617045
10,78.3,0.679826864507552,1.0665980780203115,0.7266846457665354,1.4065115102740875,1.0763302606458183,0.7106834563778692,0.7209885324568837,1.4316719888347529
10,78.5,0.6043150930204756,1.0901402020728104,0.7879826555625726,1.3922977485830481,1.092705069216903,0.6932603287207192,0.7460749048565434,1.4393352335772625
10,78.7,0.6867428579943708,1.1522666507961825,0.8088952217989971,1.495638079793368,1.0730995271542625,0.7014232548881498,0.7223878997101876,1.4238111545983374
10,78.9,0.38041187862712966,1.146804501579987,0.9565985622664223,1.3370104408935517,1.0858510673435189,0.711044246044342,0.7303289443213479,1.44137319036569
10,79.1,0.6616407151435914,1.1780103265419404,0.8471899689701449,1.508830684113736,1.0472396390069432,0.6944287756918646,0.7000252511610109,1.3944540268528756
10,79.3,0.8184360438960913,1.245695088198633,0.8364770662505875,1.6549131101466787,1.068932831731446,0.6905447854126694,0.7236604390251112,1.4142052244377807
10,79.5,0.7062603124610581,1.1543919530226754,0.8012617967921464,1.5075221092532045,1.070680341345055,0.7171196919449473,0.7121204953725813,1.4292401873175287
10,79.7,0.6115796467550254,1.0587194469209609,0.7529296235434482,1.3645092702984736,1.1085201782939889,0.7323306243247719,0.7423548661316028,1.4746854904563749
10,79.9,0.5496856786774552,1.0872656210972291,0.8124227817585016,1.3621084604359568,1.080336639051483,0.7271823077439863,0.7167454851794899,1.4439277929234762
10,80.1,0.5796809477965065,1.0801796806244823,0.790339206726229,1.3700201545227355,1.097574725677827,0.7294437297466706,0.7328528608044917,1.4622965905511622
10,80.3,0.5823011762671033,1.0625177650986062,0.7713671769650545,1.3536683532321578,1.0780383728549796,0.6946292831660481,0.7307237312719556,1.4253530144380036
10,80.5,0.8174131819524604,1.0083214386787256,0.5996148477024954,1.4170280296549558,1.0600202932911562,0.7059601022205627,0.7070402421808748,1.4130003444014376
10,80.7,0.8259644116589198,1.1786502976771607,0.7656680918477008,1.5916325035066206,1.0741611952824086,0.7152235887913551,0.716549400886731,1.4317729896780862
10,80.9,0.6097152811052591,1.1379842756544478,0.8331266351018183,1.4428419162070774,1.1001607878769417,0.7140575023453931,0.7431320367042451,1.4571895390496383
10,81.1,0.6212089387528893,1.1282697048931798,0.8176652355167353,1.4388741742696245,1.0749791911188136,0.7314078887655185,0.7092752467360544,1.4406831355015728
10,81.3,0.5452277824696217,1.0776538204949384,0.8050399292601276,1.3502677117297492,1.0931279891153558,0.7107148076903834,0.7377705852701641,1.4484853929605475
10,81.5,0.6152723730824179,1.072978387488117,0.7653422009469079,1.3806145740293259,1.078596066089854,0.7183587789226756,0.7194166766285162,1.4377754555511917
10,81.7,0.6623661864352596,1.0777464965790344,0.7465634033614047,1.4089295897966643,1.070747317806438,0.6989881136455217,0.721253260983677,1.4202413746291989
10,81.9,0.549431252165137,1.0722747193295328,0.7975590932469643,1.3469903454121013,1.074445000860333,0.7061815400132735,0.7213542308536962,1.4275357708669698
10,82.1,0.6082355905876832,1.049528415615527,0.7454106203216855,1.3536462109093685,1.063275104670843,0.7126668371152185,0.7069416861132338,1.4196085232284523
10,82.3,0.744906840700623,1.0598416600902176,0.687388239739906,1.432295080440529,1.0666911814805182,0.6937868812153406,0.719797740872848,1.4135846220881885
10,82.5,0.6245449036156994,1.1385322290913609,0.8262597772835111,1.4508046808992106,1.062963701675636,0.7083962234532517,0.7087655899490101,1.4171618134022617
10,82.7,0.4883516359676175,1.1570882810106253,0.9129124630268165,1.401264098994434,1.071898747569653,0.6864649513767969,0.7286662718812547,1.4151312232580515
10,82.9,0.6391190149822016,1.1376968475496818,0.8181373400585811,1.4572563550407827,1.0850431521073616,0.7211470042849233,0.7244696499648999,1.4456166542498232
10,83.1,0.6587688196703645,1.1808641674245655,0.8514797575893833,1.5102485772597478,1.0843478441070775,0.7023236763926552,0.7331860059107499,1.435509682303405
10,83.3,0.6503889675821637,1.1351417887838926,0.8099473049928108,1.4603362725749744,1.0752293825407206,0.7101371993020752,0.720160782889683,1.4302979821917583
10,83.5,0.6617641006122899,1.1013206697249602,0.7704386194188153,1.4322027200311052,1.085086771836664,0.6974058844096142,0.7363838296318568,1.433789714041471
10,83.7,0.7072628420407344,1.141600230668214,0.7879688096478468,1.4952316516885813,1.0630377838591258,0.6941190524675311,0.7159782576253603,1.4100973100928913
10,83.9,0.5595615607347519,1.1570216197405907,0.8772408393732147,1.4368024001079667,1.0856889594606411,0.7176983801882179,0.7268397693665323,1.44453814955475
10,84.1,0.5611731165416869,1.1212928163528006,0.8407062580819572,1.4018793746236442,1.1028780097564133,0.7180361452564762,0.7438599371281751,1.4618960823846514
10,84.3,0.7492031979569312,1.0327563201786598,0.6581547212001941,1.4073579191571255,1.1098760791212192,0.687701874747986,0.7660251417472261,1.4537270164952123
10,84.5,0.4235935112460739,1.0877235526281923,0.8759267970051553,1.2995203082512292,1.0458750475194245,0.6703435407630424,0.7107032771379034,1.3810468179009456
10,84.7,0.5347587954908544,1.1011520525143998,0.8337726547689728,1.3685314502598271,1.0634356458227776,0.6639182223015647,0.7314765346719952,1.3953947569735599
10,84.9,0.5822828849540113,1.1642758926232866,0.8731344501462809,1.4554173351002921,1.0725057764848793,0.6951249016675646,0.7249433256510971,1.4200682273186616
10,85.1,0.6760785279879865,1.158166510131153,0.8201272461371597,1.4962057741251462,1.0848815221710628,0.6908230420627608,0.7394700011396824,1.4302930432024432
10,85.3,1.0235035100958452,1.0528690653627992,0.5411173103148766,1.564620820410722,1.0967566738107903,0.6948263697509605,0.7493434889353101,1.4441698586862706
10,85.5,0.6513739882862182,1.0670541462317347,0.7413671520886257,1.3927411403748438,1.07558664361805,0.6939295583451113,0.7286218644454943,1.4225514227906055
10,85.7,0.6166856423795172,1.062176735942942,0.7538339147531833,1.3705195571327005,1.082542370708299,0.6811429779634935,0.7419708817265522,1.423113859690046
10,85.9,0.6544448561547667,1.2225157829449738,0.8952933548675904,1.549738211022357,1.0765913309878603,0.6889718444633909,0.7321054087561649,1.4210772532195557
10,86.1,0.5298375166003481,1.1242706002351697,0.8593518419349956,1.3891893585353436,1.067095097348194,0.6720514790710328,0.7310693578126777,1.4031208368837105
10,86.3,0.5731806043085694,1.1107998395294572,0.8242095373751723,1.3973901416837418,1.0500229001465418,0.67922708993184,0.7104093551806218,1.3896364451124619
10,86.5,0.6206244406648723,1.115656268862557,0.8053440485301209,1.4259684891949933,1.0920874090454022,0.6861958132280154,0.7489895024313946,1.4351853156594099
10,86.7,0.6422819391735853,1.115302384981491,0.7941614153946982,1.4364433545682835,1.0613509535729508,0.7159564024652113,0.7033727523403452,1.4193291548055564
10,86.9,0.6079981658868289,1.0961212859894651,0.7921222030460507,1.4001203689328794,1.0612504465299049,0.6867848110638818,0.717858040997964,1.4046428520618457
10,87.1,0.6377402955265691,1.1057449750928718,0.7868748273295872,1.4246151228561565,1.065025180981381,0.6905548887504549,0.7197477366061537,1.4103026253566084
10,87.3,0.5732419372886559,1.0908031641477578,0.8041821955034298,1.3774241327920858,1.076812678683776,0.7013905877655415,0.7261173848010052,1.4275079725665467
10,87.5,0.7292515245867895,1.1267132715163175,0.7620875092229227,1.4913390338097121,1.0788435458169086,0.6880467532882507,0.7348201691727831,1.422866922461034
10,87.7,0.6329024893340063,1.1355733048994785,0.8191220602324755,1.4520245495664816,1.0792131432498346,0.6919112930663343,0.7332574967166675,1.4251687897830019
10,87.9,1.049905922075992,1.136461080692177,0.611508119654181,1.661414041730173,1.0752610916759267,0.6986070385368912,0.725957572407481,1.4245646109443721
10,88.1,0.43567033316511056,1.1566352867333514,0.9388001201507961,1.3744704533159067,1.0705099573627128,0.6973634246372709,0.7218282450440774,1.4191916696813482
10,88.3,0.43227467501176786,1.160611963875936,0.944474626370052,1.37674930138182,1.0846080817950934,0.6971689180424521,0.7360236227738673,1.4331925408163193
10,88.5,0.3815525565218902,1.099792892880613,0.909016614619668,1.2905691711415581,1.0927468636561906,0.7163833583277073,0.7345551844923369,1.4509385428200443
10,88.7,0.5607446507368495,1.1118231581742661,0.8314508328058414,1.3921954835426908,1.0804747274171147,0.7006429419664287,0.7301532564339004,1.430796198400329
10,88.9,1.1370275109715364,0.9970005544731719,0.4284867989874036,1.5655143099589401,1.0878072640863827,0.6801176786586547,0.7477484247570554,1.42786610341571
10,89.1,0.5819746150678631,1.1534535180090832,0.8624662104751518,1.4444408255430148,1.085569286301713,0.6998827769323738,0.7356278978355262,1.4355106747678998
10,89.3,0.520465074546346,1.1272309176188782,0.866998380345705,1.3874634548920513,1.0754219686626791,0.6975795426258253,0.7266321973497665,1.4242117399755918
10,89.5,0.6898417302675243,1.1241780475176557,0.7792571823838934,1.4690989126514178,1.0504834784650914,0.6946486361480796,0.7031591603910516,1.3978077965391311
10,89.7,0.6380492722452911,1.1390082382169162,0.8199836020942706,1.4580328743395619,1.0652867088620257,0.6788926010606958,0.7258404083316778,1.4047330093923736
10,89.9,0.5714054202750658,1.1303547520018953,0.8446520418643625,1.4160574621394282,1.0613125444746005,0.7091169120903407,0.7067540884294302,1.415871000519771
10,90.1,0.5082898178097823,1.1326369562327945,0.8784920473279033,1.3867818651376855,1.0786977696582523,0.6956643397285253,0.7308655997939897,1.4265299395225148
10,90.3,0.42797151818066376,1.0911494782206859,0.8771637191303538,1.3051352373110177,1.076927412560611,0.7193816626609345,0.7172365812301438,1.4366182438910782
10,90.5,0.6438971064191819,1.0812117955294673,0.7592632423198764,1.4031603487390583,1.083912115973081,0.683178834277469,0.7423226988343464,1.4255015331118153
10,90.7,0.6466122618249066,1.119846413264531,0.7965402823520777,1.4431525441769844,1.0740348923555838,0.701902373500612,0.7230837056052778,1.42498607910589
10,90.9,0.5037906399540121,1.1432951460210004,0.8913998260439943,1.3951904659980063,1.0744742015446835,0.6996892296138504,0.7246295867377583,1.4243188163516087
10,91.1,0.5507766802621973,1.139258548919283,0.8638702087881844,1.4146468890503816,1.0926002518545816,0.6700320323503314,0.757584235679416,1.4276162680297473
10,91.3,0.5068995709191999,1.162647515050165,0.909197729590565,1.416097300509765,1.0528865574654551,0.7034060413100236,0.7011835368104433,1.404589578120467
10,91.5,0.43490985916594893,1.1600610589743128,0.9426061293913381,1.3775159885572872,1.0570771007084876,0.6763486004556187,0.7189028004806782,1.395251400936297
10,91.7,0.6509645969621569,1.1549203661125755,0.8294380676314971,1.4804026645936539,1.074742041638076,0.687903591802062,0.730790245737045,1.418693837539107
10,91.9,0.8169586504989265,1.279509702807119,0.8710303775576557,1.6879890280565821,1.0781805974006726,0.6900714741930241,0.7331448603041606,1.4232163344971847
10,92.1,0.5610397493572217,1.2001701725716036,0.9196502978929929,1.4806900472502145,1.0804362745199847,0.6886918776510205,0.7360903356944745,1.424782213345495
10,92.3,0.43825024350486924,1.160179072816773,0.9410539510643383,1.3793041945692077,1.0749707016854335,0.6877328084928697,0.7311042974389987,1.4188371059318683
10,92.5,0.5378300592831542,1.1857791397955881,0.9168641101540111,1.4546941694371653,1.0975317160002065,0.7179454683294594,0.7385589818354767,1.4565044501649362
10,92.7,0.6057624486907777,1.1869071838165524,0.8840259594711635,1.4897884081619412,1.082452554378738,0.6834399904443349,0.7407325591565705,1.4241725496009054
10,92.9,0.5165425910851603,1.12046982963233,0.8621985340897499,1.3787411251749102,1.0990973346161121,0.6875021490840383,0.755346260074093,1.4428484091581313
10,93.1,0.9665555421937392,0.926257745765062,0.44297997466819233,1.4095355168619317,1.076210740698536,0.7121844083765264,0.7201185365102727,1.4323029448867992
10,93.3,0.37971484442412806,1.147601037016861,0.957743614804797,1.337458459228925,1.0846574057074385,0.7007758283761956,0.7342694915193407,1.4350453198955364
10,93.5,0.6344988227935444,1.1385369609801328,0.8212875495833607,1.455786372376905,1.0700046294653818,0.6768938995755688,0.7315576796775973,1.4084515792531662
10,93.7,0.6020321885848524,1.1859554986237764,0.88493940433135,1.4869715929162026,1.056047889088817,0.6925104820090919,0.709792648084271,1.402303130093363
10,93.9,0.47230969453936694,1.1409469216088992,0.9047920743392158,1.3771017688785827,1.0850536800317827,0.702770006338883,0.7336686768623413,1.4364386832012241
10,94.1,0.5725886624407333,1.191056506869381,0.9047621756490145,1.4773508380897475,1.0866456786753973,0.7184041864607925,0.727443585445001,1.4458477719057936
10,94.3,0.6125686327820976,1.2049656949534397,0.8986813785623909,1.5112500113444884,1.0928379871189977,0.7114281691325621,0.7371239025527166,1.4485520716852789
10,94.5,0.2829683875975956,1.1522495967168462,1.0107654029180484,1.293733790515644,1.0866099443931008,0.7084493992869333,0.7323852447496342,1.4408346440365674
10,94.7,0.5420874561876203,1.137379045984964,0.8663353178911537,1.408422774078774,1.079610611740237,0.711102156272217,0.7240595336041287,1.4351616898763455
10,94.9,0.6285754984555117,1.160521306389597,0.846233557161841,1.4748090556173528,1.0702754490183526,0.6857348588698481,0.7274080195834285,1.4131428784532767
10,95.1,0.6333705565488931,1.190334707000147,0.8736494287257005,1.5070199852745936,1.074188913174938,0.7013831899718989,0.7234973181889885,1.4248805081608875
10,95.3,0.6597529598220861,1.1605781841043223,0.830701704193279,1.4904546640153655,1.0921249163890183,0.7209856381131379,0.7316320973324494,1.4526177354455871
10,95.5,1.0476069098095155,0.9800942472948728,0.45629079239011505,1.5038977021996307,1.1049408301107309,0.7119146012887905,0.7489835294663356,1.460898130755126
10,95.7,0.5730826797286265,1.1751544520566068,0.8886131121922936,1.4616957919209204,1.096541540382943,0.7185071558492623,0.737287962458312,1.4557951183075741
10,95.9,0.6156143293943482,1.1753582549292236,0.8675510902320493,1.4831654196263977,1.0821776695400156,0.7001133666144763,0.7321209862327774,1.4322343528472539
14,24.700000000000003,0.44435651707097945,0.499445155680062,0.27726689714457226,0.7216234142155517,0.8264068372906509,0.5929918188450133,0.5299109278681442,1.1229027467131576
14,24.89999999999999,0.4080430343402491,1.0722117550774866,0.868190237907362,1.276233272247611,0.8376796342070045,0.575796720706727,0.549781273853641,1.1255779945603681
14,25.099999999999994,0.4634846804473713,1.0509786412137327,0.8192363009900473,1.2827209814374183,0.8601255849726012,0.6061847448624955,0.5570332125413534,1.163217957403849
14,25.299999999999997,1.109778152125103,1.048548588823528,0.4936595127609767,1.6034376648860793,0.8629463035803707,0.6009289913404324,0.5624818079101546,1.1634107992505869
14,25.5,0.5272563282983598,1.0672184803884308,0.8035903162392509,1.3308466445376108,0.8891939400397898,0.6179300471117743,0.5802289164839026,1.1981589635956769
14,25.700000000000003,0.4021715717241879,1.0627011795892842,0.8616153937271902,1.2637869654513783,0.8633028693613287,0.619896981948567,0.5533543783870452,1.1732513603356123
14,25.89999999999999,0.5775632307882308,1.1381485611831714,0.8493669457890559,1.4269301765772868,0.8820907329303346,0.6103903049310704,0.5768955804647994,1.1872858853958697
14,26.099999999999994,1.0674567168079823,0.8477738698162918,0.3140455114123006,1.381502228220283,0.8591967698926197,0.5897697527567449,0.5643118935142473,1.1540816462709922
14,26.299999999999997,0.4733283558706848,1.0561677782962198,0.8195036003608774,1.2928319562315622,0.8414541987871019,0.5791681582579952,0.5518701196581044,1.1310382779160995
14,26.5,0.6311204669421341,1.0548866823872345,0.7393264489161675,1.3704469158583015,0.8342255025320908,0.5889077576647817,0.5397716236997,1.1286793813644818
14,26.700000000000003,0.4821923435813862,1.0695958528735638,0.8284996810828708,1.3106920246642568,0.7914566789379714,0.5758235184939161,0.5035449196910133,1.0793684381849296
14,26.89999999999999,0.41362592599994585,1.0757541557360135,0.8689411927360405,1.2825671187359864,0.8303504951588216,0.6069674841326353,0.526866753092504,1.1338342372251393
14,27.099999999999994,0.554936849534779,1.0949045757036389,0.8174361509362494,1.3723730004710284,0.8091775984028096,0.579710676047334,0.5193222603791425,1.0990329364264766
14,27.299999999999997,0.476901759190771,1.0553375354116201,0.8168866558162345,1.2937884150070058,0.8114546404810247,0.5790891600038347,0.5219100604791074,1.100999220482942
14,27.5,0.5582687837288468,1.0239348295100967,0.7448004376456733,1.30306922137452,0.8239125095826237,0.5847249849882058,0.5315500170885208,1.1162750020767267
14,27.700000000000003,0.6769198120851284,1.0851206937888995,0.7466607877463353,1.4235805998314637,0.8273489453272003,0.6002879740639732,0.5272049582952136,1.127492932359187
14,27.89999999999999,0.5788407710948076,1.1549471488776093,0.8655267633302055,1.444367534425013,0.844354165615454,0.5961012402125054,0.5463035455092012,1.1424047857217068
14,28.099999999999994,0.7150891480871082,1.12038844616663,0.7628438721230759,1.4779330202101841,0.8587296574801366,0.6111576365887854,0.5531508391857439,1.1643084757745292
14,28.299999999999997,0.8687964372879533,1.1848853685685357,0.7504871499245591,1.6192835872125122,0.871573945395411,0.5952975636558643,0.5739251635674789,1.169222727223343
14,28.5,0.3687097199938242,1.061588725830127,0.8772338658332149,1.2459435858270391,0.8518119250081353,0.5831290648457923,0.5602473925852391,1.1433764574310314
14,28.700000000000003,0.4375716762027674,1.0363219957159355,0.8175361576145518,1.2551078338173192,0.826813136748902,0.5640725034735892,0.5447768850121074,1.1088493884856967
14,28.89999999999999,0.5437159954182188,1.04986045322614,0.7780024555170304,1.3217184509352493,0.8623485289128253,0.599800167162449,0.5624484453316008,1.1622486124940499
14,29.099999999999994,0.5019129688627746,0.9946202937553807,0.7436638093239935,1.245576778186768,0.8710325133142877,0.5995627129435606,0.5712511568425074,1.170813869786068
14,29.299999999999997,0.4568488939277078,1.048802557265812,0.820378110301958,1.2772270042296658,0.8957361325322699,0.6056297908620015,0.5929212371012691,1.1985510279632707
14,29.5,0.922558559088055,1.2315245821381562,0.7702453025941287,1.6928038616821837,0.8670350972467671,0.6104856397350634,0.5617922773792354,1.1722779171142987
14,29.700000000000003,0.6835663677605269,1.0897439778631897,0.7479607939829261,1.431527161743453,0.865965532979438,0.6086291778686361,0.56165094404512,1.170280121913756
14,29.89999999999999,0.34358371510183733,1.0885539892817269,0.916762131730808,1.2603458468326456,0.8328810165591767,0.5698148927464247,0.5479735701859643,1.117788462932389
14,30.099999999999994,0.94929771719413,1.248660328857031,0.774011470259966,1.723309187454096,0.8687621553289936,0.5977435449582921,0.5698903828498476,1.1676339278081396
14,30.299999999999997,0.5349538545441832,1.0821999085957354,0.8147229813236438,1.349676835867827,0.8696348933967151,0.5825370561653681,0.578366365314031,1.1609034214793992
14,30.5,0.5717747844258088,1.098687921736363,0.8128005295234587,1.3845753139492674,0.8775774736435362,0.596736798507571,0.5792090743897507,1.1759458728973218
14,30.700000000000003,1.005687660481393,1.283215724741357,0.7803718945006606,1.7860595549820535,0.8870209204273326,0.5980605857743709,0.5879906275401472,1.186051213314518
14,30.89999999999999,0.9887049343917436,1.2941974829060299,0.799845015710158,1.7885499501019018,0.8726375110102239,0.590889569825365,0.5771927260975414,1.1680822959229065
14,31.099999999999994,1.02321879331013,1.1790576342242565,0.6674482375691914,1.6906670308793215,0.7651118019339427,0.5192430504506103,0.5054902767086376,1.0247333271592478
14,31.299999999999997,0.3565125180216865,1.0608591800976108,0.8826029210867675,1.239115439108454,0.8342662452740875,0.5706250059980768,0.5489537422750492,1.1195787482731259
14,31.5,0.6363144808053228,1.0990885846657743,0.7809313442631131,1.4172458250684357,0.803018741364038,0.595830296096493,0.5051035933157915,1.1009338894122844
14,31.700000000000003,0.46651165701617586,1.0488506424059152,0.8155948138978273,1.282106470914003,0.864031478466742,0.5861541963541252,0.5709543802896794,1.1571085766438047
14,31.89999999999999,0.4295961764731973,1.0341855205217028,0.8193874322851041,1.2489836087583015,0.8635406706421193,0.5610385949000147,0.5830213731921119,1.1440599680921266
14,32.099999999999994,0.44471397414053015,1.0775967330386806,0.8552397459684157,1.2999537201089457,0.8767049716253863,0.5984970256691855,0.5774564587907935,1.175953484459979
14,32.3,0.47694298809807806,1.112854035471309,0.87438254142227,1.3513255295203481,0.8134309469358978,0.5696110398671146,0.5286254270023405,1.098236466869455
14,32.5,0.4128717560603425,1.0734855738014386,0.8670496957712673,1.27992145183161,0.8280235841696897,0.5541074173021299,0.5509698755186248,1.1050772928207546
14,32.7,0.4013391069261514,1.016771613568344,0.8161020601052682,1.2174411670314196,0.8749853392982864,0.596682394133214,0.5766441422316794,1.1733265363648933
14,32.89999999999999,0.72317648582706,1.0944045189245326,0.7328162760110026,1.4559927618380626,0.8500917983980987,0.557741002700252,0.5712212970479726,1.1289622997482247
14,33.099999999999994,0.5501905318909991,1.0365737801181272,0.7614785141726276,1.3116690460636267,0.8064206279804993,0.5576531189961142,0.5275940684824422,1.0852471874785565
14,33.3,0.430674980001676,1.016196205606643,0.8008587156058048,1.231533695607481,0.8341366118801177,0.5634787522782563,0.5523972357409895,1.115875988019246
14,33.5,0.5668722958696683,1.120104904305856,0.8366687563710218,1.4035410522406901,0.783273265432925,0.5741447146539709,0.49620090810593953,1.0703456227599104
14,33.7,0.8134851212469154,1.1720870877459029,0.7653445271224452,1.5788296483693605,0.83975804086156,0.5555330717155353,0.5619915050037924,1.1175245767193278
14,33.89999999999999,0.492930453154352,1.0563207101620007,0.8098554835848247,1.3027859367391768,0.8523820895716154,0.5866803560541791,0.5590419115445259,1.145722267598705
14,34.099999999999994,0.6067091372475697,1.0400431774240437,0.736688608800259,1.3433977460478286,0.8467311971336637,0.5688691802602613,0.5622966070035331,1.1311657872637944
14,34.3,0.6171229385065421,1.017825478406904,0.709264009153633,1.326386947660175,0.8482065545595627,0.5940059531714742,0.5512035779738256,1.1452095311452999
14,34.5,0.9663047289542848,0.7904084722159809,0.30725610773883855,1.2735608366931233,0.7784446127096741,0.5312590698052405,0.5128150778070539,1.0440741476122943
14,34.7,0.6101820115985498,1.0317880430483617,0.7266970372490867,1.3368790488476365,0.8268302591129049,0.5560571223843866,0.5488016979207115,1.1048588203050982
14,34.89999999999999,0.6714621331414727,1.0711885511670305,0.735457484596294,1.4069196177377667,0.8589844373626059,0.5964319939926079,0.5607684403663019,1.1572004343589097
14,35.099999999999994,0.5656171753977599,1.049958926883052,0.7671503391841722,1.332767514581932,0.8671959054168122,0.5884421221696644,0.57297484433198,1.1614169665016445
14,35.3,0.622257321466358,1.0174491717425669,0.706320511009388,1.328577832475746,0.8885629342717367,0.5978047071791655,0.589660580682154,1.1874652878613194
14,35.5,0.44900742175115954,1.0020945899612,0.7775908790856201,1.2265983008367796,0.8439916115777428,0.5577101446626015,0.565136539246442,1.1228466839090436
14,35.7,0.5811208706124461,1.0087947489753322,0.7182343136691091,1.2993551842815552,0.8893244934680896,0.5814594954847854,0.5985947457256969,1.1800542412104824
14,35.89999999999999,1.175356543331555,1.1844520290508158,0.5967737573850384,1.7721303007165932,0.8479465912236138,0.5717927445803013,0.5620502189334632,1.1338429635137643
14,36.099999999999994,1.2031858613423017,0.905562893192559,0.3039699625214082,1.5071558238637097,0.8706089981289447,0.5903072969486979,0.5754553496545958,1.1657626466032935
14,36.3,0.35477411290897326,0.9810197924179973,0.8036327359635107,1.158406848872484,0.896496546292451,0.5957527479473022,0.5986201723187999,1.194372920266102
14,36.5,0.45845073673197145,0.999012953739723,0.7697875853737373,1.2282383221057087,0.8973032090200956,0.6092699079696262,0.5926682550352825,1.2019381630049089
14,36.699999999999996,0.4723866370968405,1.1468579665305612,0.910664647982141,1.3830512850789816,0.9075165842135265,0.5966271289032419,0.6092030197619056,1.2058301486651475
14,36.9,0.6895971359757642,1.1651145850135358,0.8203160170256538,1.509913153001418,0.8919565311518304,0.5785422301573867,0.602685416073137,1.1812276462305238
14,37.099999999999994,0.6414869720894233,1.1188743372339114,0.7981308511891998,1.439617823278623,0.9022380620389551,0.5898015040526774,0.6073373100126164,1.1971388140652937
14,37.3,1.319955411111935,1.1158280321116059,0.4558503265556386,1.7758057376675733,0.8906151447210946,0.5934667435052019,0.5938817729684936,1.1873485164736954
14,37.5,0.4915760376912243,1.064550273782148,0.8187622549365359,1.31033829262776,0.9077889330721534,0.5892647508535602,0.6131565576453732,1.2024213084989335
14,37.699999999999996,0.6094609388730376,0.936301572467736,0.6315711030312172,1.2410320419042549,0.8997241981066325,0.5648356935430601,0.6173063513351025,1.1821420448781625
14,37.9,0.5339622648696424,1.016413181307387,0.7494320488725656,1.283394313742208,0.7847712738463972,0.5197263170127802,0.5249081153400071,1.0446344323527872
14,38.099999999999994,0.6121916136976446,1.00558675894682,0.6994909520979976,1.3116825657956421,0.7594983212309215,0.515460592434655,0.5017680250135941,1.017228617448249
14,38.3,0.954774059592392,1.1657546202357325,0.6883675904395364,1.6431416500319285,0.8159085843199624,0.555046198467601,0.5383854850861619,1.0934316835537627
14,38.5,0.7158809305833107,1.0908399533946986,0.7328994881030433,1.4487804186863542,0.8166461324537535,0.5644133702402092,0.5344394473336489,1.098852817573858
14,38.699999999999996,0.4690529712860465,1.022166114026689,0.7876396283836659,1.2566925996697125,0.8804373943089802,0.5628661596567787,0.5990043144805908,1.1618704741373695
14,38.9,0.4774330269419425,1.0305555271337612,0.7918390136627899,1.2692720406047324,0.8540873665037917,0.5814493705276929,0.5633626812399453,1.1448120517676381
14,39.099999999999994,0.5202205265241739,1.0524367176375469,0.7923264543754598,1.3125469808996337,0.9007534543910403,0.5868267741048275,0.6073400673386264,1.194166841443454
14,39.3,0.7414652092589495,0.9237327432805187,0.553000138651044,1.2944653479099935,0.9040133483540407,0.5729443042301218,0.6175411962389799,1.1904855004691015
14,39.5,1.0383523346923749,0.8421175452907272,0.3229413779445398,1.3612937126369147,0.8783625266782669,0.5887852559679817,0.5839698986942761,1.1727551546622577
14,39.699999999999996,0.28894546627344764,1.0600649949148724,0.9155922617781485,1.204537728051596,0.9034143536628881,0.5964780259276441,0.6051753406990661,1.2016533666267102
14,39.9,0.4657582907550227,1.0468401703771033,0.813961024999592,1.2797193157546147,0.900910331495713,0.5807255231604861,0.6105475699154699,1.191273093075956
14,40.099999999999994,0.5185884336805938,1.1107966520906074,0.8515024352503107,1.3700908689309044,0.8917858924931513,0.5764414027247264,0.6035651911307881,1.1800065938555147
14,40.3,0.8036384778812872,1.1752528794058332,0.7734336404651897,1.5770721183464769,0.8881107702530421,0.5747660526178519,0.6007277439441161,1.175493796561968
14,40.5,0.7812204200168339,1.1125365494543709,0.721926339445954,1.5031467594627879,0.9153303919857028,0.5829173775778435,0.6238717031967811,1.2067890807746244
14,40.699999999999996,0.6120345674788418,0.9385029708614224,0.6324856871220015,1.2445202546008434,0.8749978858860843,0.5899009240865533,0.5800474238428077,1.1699483479293609
14,40.9,0.6453828234449175,0.8201030741943264,0.4974116624718676,1.1427944859167851,0.8538294491162284,0.5672284899768034,0.5702152041278267,1.13744369410463
14,41.099999999999994,0.865750054219774,0.7830967345952607,0.3502217074853737,1.2159717617051478,0.8768856168892778,0.5830416635428441,0.5853647851178557,1.1684064486606998
14,41.3,0.4915325343464616,1.0327841001878308,0.7870178330145999,1.2785503673610616,0.8768623001572521,0.5716691379192729,0.5910277311976156,1.1626968691168886
14,41.5,0.4629026264506625,1.0782111260471166,0.8467598128217854,1.3096624392724479,0.9267370363346552,0.6053286697974408,0.6240727014359349,1.2294013712333756
14,41.699999999999996,0.5020120874702705,1.0569967557610822,0.805990712025947,1.3080027994962176,0.8950218741431956,0.587593330737281,0.6012252087745551,1.188818539511836
14,41.9,0.48493542020538305,1.0632216714505511,0.8207539613478596,1.3056893815532427,0.8686379746488079,0.5524146887616199,0.5924306302679979,1.144845319029618
14,42.099999999999994,0.8186943747179599,1.196372113553214,0.7870249261942339,1.605719300912194,0.8689641116149456,0.573593939333074,0.5821671419484086,1.1557610812814825
14,42.3,1.105808126470573,0.8268719337809142,0.2739678705456276,1.3797759970162007,0.8742285922978765,0.5713674623787174,0.5885448611085178,1.1599123234872353
14,42.5,0.5352664260958488,1.05869760607672,0.7910643930287955,1.3263308191246443,0.8893957951694836,0.5700095532973372,0.604391018520815,1.1744005718181523
14,42.699999999999996,0.5680873173342216,1.065163715925352,0.7811200572582411,1.3492073745924626,0.8772016554693002,0.5806336404285586,0.5868848352550209,1.1675184756835795
14,42.9,0.5742653624801091,1.082635725255906,0.7955030440158516,1.3697684064959605,0.9032774137570244,0.5860073248380071,0.6102737513380209,1.196281076176028
14,43.099999999999994,0.569494535584372,1.0344304643687412,0.7496831965765552,1.3191777321609273,0.9081777843301375,0.6099438697068877,0.6032058494766936,1.2131497191835814
14,43.3,0.6040442508586625,1.0421451457898674,0.740123020360536,1.3441672712191985,0.9062710554211045,0.5789861255756998,0.6167779926332546,1.1957641182089545
14,43.5,0.804726929241325,1.0571973331759765,0.6548338685553141,1.4595607977966392,0.9019509526676638,0.5687547468347314,0.6175735792502981,1.1863283260850295
14,43.699999999999996,0.577899437792908,1.019968553596235,0.731018834699781,1.3089182724926889,0.862630847311177,0.5611365842465673,0.5820625551878933,1.1431991394344607
14,43.9,0.7624893350398732,1.149911987564924,0.7686673200449874,1.5311566550848605,0.8929852396499269,0.5768821202426129,0.6045441795286205,1.1814262997712333
14,44.099999999999994,0.9397380014800173,1.1699752084575898,0.7001062077175814,1.6398442091975984,0.9053642530187156,0.5670951716831498,0.6218166671771407,1.1889118388602906
14,44.3,0.4936000468752459,1.0111750124689092,0.7643749890312863,1.2579750359065323,0.8954718152538265,0.5866970013460215,0.6021233145808157,1.1888203159268373
14,44.5,0.44545471605803977,1.055937270010793,0.833209911981773,1.2786646280398128,0.8896925901706126,0.5608823303894477,0.6092514249758888,1.1701337553653364
14,44.699999999999996,0.5115747621079088,1.0426596368296595,0.7868722557757051,1.2984470178836138,0.822084196707115,0.5383918682338147,0.5528882625902076,1.0912801308240223
14,44.9,0.4899310253105513,1.0681784406684685,0.8232129280131928,1.3131439533237441,0.9070079452371963,0.5982891550323771,0.6078633677210077,1.206152522753385
14,45.099999999999994,0.4886989482809849,1.0429130877919648,0.7985636136514723,1.2872625619324574,0.8836913070291325,0.603333438311272,0.5820245878734964,1.1853580261847685
14,45.3,0.5845733682811703,0.9902537243179024,0.6979670401773171,1.2825404084584875,0.9149780010303077,0.5740213233948152,0.6279673393329002,1.2019886627277152
14,45.5,0.653537068814069,0.9977972774202436,0.6710287430132091,1.324565811827278,0.9025738307096686,0.5681567724891934,0.6184954444650719,1.1866522169542653
14,45.699999999999996,0.5156256601502496,1.0364857426430076,0.7786729125678828,1.2942985727181324,0.909296955664113,0.577027817519689,0.6207830469042684,1.1978108644239573
14,45.9,1.1170830317141702,1.0498939358219828,0.4913524199648976,1.6084354516790678,0.9097726409472493,0.5880269037104011,0.6157591890920487,1.2037860928024497
14,46.099999999999994,0.5206711642317668,1.0351268477902495,0.7747912656743662,1.295462429906133,0.853081761013803,0.5437011257724429,0.5812311981275815,1.1249323239000244
14,46.3,0.3846203706096824,0.9923818778806048,0.8000716925757636,1.184692063185446,0.8025684179131694,0.5323344625218738,0.5364011866522325,1.0687356491741062
14,46.5,0.9568101890946229,1.1911020264621381,0.7126969319148265,1.6695071210094496,0.8510789007873619,0.5545761928798572,0.5737908043474333,1.1283669972272905
14,46.699999999999996,1.1284079304573262,0.7574120762010571,0.19320811097239396,1.3216160414297202,0.8393031305470262,0.5817373957784788,0.5484344326577868,1.1301718284362656
14,46.9,0.4118015706022197,1.0328481631094513,0.8269473778083415,1.2387489484105612,0.8807007586553807,0.5376541169892683,0.6118737001607465,1.1495278171500147
14,47.099999999999994,0.5153755000828141,1.011467626850738,0.7537798768093309,1.269155376892145,0.9173719661981155,0.6228184829435248,0.605962724726353,1.2287812076698779
14,47.3,0.7214500679165753,1.0162750308659274,0.6555499969076399,1.377000064824215,0.8923344293308146,0.5607937406177481,0.6119375590219406,1.1727312996396888
14,47.5,0.8156761017353708,0.9053314819175811,0.4974934310498958,1.3131695327852664,0.8960976908406317,0.5797706026819739,0.6062123894996447,1.1859829921816187
14,47.699999999999996,0.6410365860962122,1.0013995251684629,0.6808812321203569,1.321917818216569,0.8908393977185391,0.5600552074953729,0.6108117939708527,1.1708670014662257
14,47.9,0.4539417103005174,1.0560640129001306,0.8290931577498718,1.2830348680503894,0.8718717537046736,0.5697745170623941,0.5869844951734766,1.1567590122358706
14,48.099999999999994,0.7983404620853292,1.1288649874741266,0.7296947564314619,1.5280352185167911,0.8866577597639016,0.5745750846867995,0.5993702174205018,1.1739453021073014
14,48.3,0.6078824866429553,1.0004233571978274,0.6964821138763497,1.3043646005193048,0.9077261767006789,0.5905139619157183,0.6124691957428198,1.202983157658538
14,48.5,0.9092621519515114,0.8257360947097506,0.3711050187339949,1.2803671706855064,0.9360106319278912,0.6184051087416494,0.6268080775570666,1.245213186298716
14,48.699999999999996,0.6278782719466338,1.0367427763557169,0.7228036403823999,1.3506819123290337,0.8323651919349493,0.5301435690457661,0.5672934074120662,1.0974369764578324
14,48.9,0.6038628936951588,1.0303940077755416,0.7284625609279621,1.332325454623121,0.8854663060615152,0.5375132332499024,0.616709689436564,1.1542229226864664
14,49.099999999999994,0.5794149325682502,0.9955315303236546,0.7058240640395295,1.2852389966077797,0.8383921639264194,0.54367512223209,0.5665546028103743,1.1102297250424644
14,49.3,0.5849607120808821,1.0148299241671714,0.7223495681267302,1.3073102802076124,0.9111423605468902,0.5775713548023521,0.6223566831457141,1.1999280379480664
14,49.5,0.5600993346317379,0.9967665334119058,0.7167168660960369,1.2768162007277748,0.8526628554592495,0.5543666651206818,0.5754795228989086,1.1298461880195902
14,49.699999999999996,0.4799024696832519,1.0054719396970329,0.765520704855407,1.2454231745386588,0.8081419580711139,0.5242555685776991,0.5460141737822644,1.0702697423599634
14,49.9,0.9580542299477537,0.7677128743728201,0.2886857593989432,1.246739989346697,0.8672561734654552,0.5689775388079331,0.5827674040614887,1.1517449428694218
14,50.099999999999994,0.48940060497343424,0.9501158607118163,0.7054155582250992,1.1948161631985335,0.8823071642746907,0.5894906116508634,0.587561858449259,1.1770524701001224
14,50.3,0.4921854427745703,1.0315209825037943,0.7854282611165091,1.2776137038910793,0.8571453020772279,0.5643757925354833,0.5749574058094863,1.1393331983449695
14,50.5,0.5256996805720335,1.0080375908012633,0.7451877505152467,1.2708874310872802,0.8596577400517662,0.5424040477222325,0.58845571619065,1.1308597639128823
14,50.699999999999996,0.6144188488399019,0.9875704542491488,0.6803610298291979,1.2947798786690998,0.8738729497653437,0.5570241486464107,0.5953608754421383,1.1523850240885491
14,50.9,0.4507330369402237,0.967877438461795,0.7425109199916832,1.1932439569319067,0.8693242360440303,0.5282476316848352,0.6052004202016127,1.133448051886448
14,51.099999999999994,0.46727971319206796,0.9935179695635197,0.7598781129674858,1.2271578261595537,0.8799310492038559,0.56361883739725,0.5981216305052308,1.161740467902481
14,51.3,0.3792171134829922,1.0316290753898296,0.8420205186483335,1.2212376321313256,0.8144930113387997,0.558009614172408,0.5354882042525957,1.0934978184250037
14,51.5,0.3788736555255473,1.024069413514512,0.8346325857517384,1.2135062412772857,0.8524209871190588,0.5414240660490006,0.5817089540945585,1.123133020143559
14,51.699999999999996,0.920247110277183,1.2493784353189477,0.789254880180356,1.7095019904575393,0.8124107708039415,0.5379513742072719,0.5434350837003056,1.0813864579075774
14,51.9,0.46046289930089757,1.0167981437139673,0.7865666940635186,1.247029593364416,0.8634659793331154,0.5612357402838362,0.5828481091911973,1.1440838494750336
14,52.099999999999994,0.5646726832149581,0.9903384774609897,0.7080021358535107,1.2726748190684687,0.8796098924977209,0.5730098284140661,0.5931049782906879,1.166114806704754
14,52.3,0.632063566914375,0.9692246743708187,0.6531928909136313,1.2852564578280061,0.8684750984171457,0.5629855536537445,0.5869823215902734,1.149967875244018
14,52.5,0.27193562145337513,1.0649594518739445,0.9289916411472567,1.200927262600632,0.8811247625529776,0.5563418629831756,0.6029538310613898,1.1592956940445653
14,52.699999999999996,0.5309371723831394,1.0628018395892518,0.7973332533976822,1.3282704257808216,0.8608170267487316,0.546046078525384,0.5877939874860396,1.1338400660114236
14,52.9,0.5482810441876234,0.9877605396976326,0.7136200176038209,1.2619010617914441,0.8607503558195639,0.5521655868876324,0.5846675623757478,1.13683314926338
14,53.099999999999994,0.6506726972671008,0.9384793421396482,0.6131429935060977,1.2638156907731988,0.8612304531202544,0.5663657987452346,0.578047553747637,1.1444133524928717
14,53.3,0.5037764437528583,1.0286995560579568,0.7768113341815276,1.280587777934386,0.8996802583934039,0.5876799998755529,0.6058402584556275,1.1935202583311804
14,53.5,0.6026968670292884,1.0176188332535343,0.7162703997388902,1.3189672667681787,0.9112689163811374,0.5920302126204269,0.615253810070924,1.2072840226913508
14,53.699999999999996,0.46586194049270635,1.0293277839818589,0.7963968137355055,1.262258754228212,0.9064689240721381,0.5760493262050392,0.6184442609696185,1.1944935871746578
14,53.9,0.48445954200828106,1.047732901782263,0.8055031307781225,1.2899626727864035,0.850876156299844,0.5429269120819176,0.5794127002588852,1.1223396123408027
14,54.099999999999994,0.5590047599238255,0.9847019549494729,0.7051995749875603,1.2642043349113856,0.8526793752860569,0.5201423112814518,0.592608219645331,1.1127505309267827
14,54.3,0.37112343311985185,1.0095304249686865,0.8239687084087605,1.1950921415286124,0.8877916185910092,0.5697310099628887,0.6029261136095648,1.1726571235724537
14,54.5,0.6593725799568827,1.1247124178024195,0.7950261278239781,1.4543987077808609,0.8808768931087718,0.5529914495086252,0.6043811683544592,1.1573726178630843
14,54.699999999999996,0.5770831965443853,0.9515349845249136,0.6629933862527209,1.2400765827971063,0.8891950988112185,0.5680031546623036,0.6051935214800668,1.1731966761423702
14,54.9,1.1446563066241224,0.7108778911697231,0.13854973785766161,1.2832060444817845,0.8773038461404894,0.5770409409189174,0.5887833756810307,1.1658243165999482
14,55.099999999999994,0.5275178704195878,1.04528935620479,0.7815304209949961,1.3090482914145838,0.8298317275726728,0.5476488348767892,0.5560073101342782,1.1036561450110673
14,55.3,0.6234888138517964,1.145486506707543,0.8337420997816449,1.4572309136334414,0.8398711633943466,0.5477438849265752,0.565999220931059,1.1137431058576341
14,55.5,0.5215937659318409,1.0469663939627412,0.7861695109968206,1.3077632769286616,0.8603163311595862,0.5223651385282636,0.5991337618954544,1.121498900423718
14,55.699999999999996,0.9065600571965797,0.8687863490517773,0.41550632045348745,1.3220663776500672,0.8771632983209,0.5568452579414215,0.5987406693501893,1.1555859272916107
14,55.9,1.2042584194021075,1.0399665089219259,0.437837299220872,1.6420957186229796,0.8936592053085138,0.5665339801321585,0.6103922152424346,1.176926195374593
14,56.099999999999994,0.8853570543861466,1.1656822741284356,0.7230037469353623,1.608360801321509,0.876899685303911,0.5446285755585697,0.6045853975246263,1.1492139730831958
14,56.3,0.41506426719876743,1.0676035939506203,0.8600714603512367,1.2751357275500041,0.8162244103945187,0.530737439612504,0.5508556905882667,1.0815931302007706
14,56.5,0.6169889541784016,1.0711642440859932,0.7626697669967926,1.379658721175194,0.8569481945192572,0.5487538848249659,0.5825712521067743,1.13132513693174
14,56.699999999999996,1.1862496313244306,0.8825637948749011,0.28943897921268563,1.4756886105371165,0.8659475000052685,0.5662031307266326,0.5828459346419522,1.149049065368585
14,56.9,0.44300077953815714,1.0377709220248965,0.8162705322558179,1.2592713117939751,0.8298232338347169,0.5288628990908836,0.5653917842892751,1.0942546833801587
14,57.099999999999994,0.6181730624899989,1.0072258794564604,0.6981393482114608,1.3163124107014599,0.8261043006898798,0.5145944953136707,0.5688070530330445,1.0834015483467152
14,57.3,0.4238743207944402,1.0629958908343136,0.8510587304370935,1.2749330512315336,0.8420332730037638,0.5449715899064053,0.5695474780505612,1.1145190679569665
14,57.5,0.499603962468369,1.0249764138236193,0.7751744325894346,1.2747783950578038,0.8353363930187692,0.5129953382103769,0.5788387239135807,1.0918340621239575
14,57.699999999999996,0.5089499172825569,1.1176991360553297,0.8632241774140511,1.3721740946966081,0.7979867262696103,0.5130197854292957,0.5414768335549625,1.0544966189842582
14,57.9,0.584779892298094,1.0062332862709709,0.713843340121924,1.298623232420018,0.8594209081087951,0.538166152585859,0.5903378318158656,1.1285039844017246
14,58.099999999999994,0.34314644475453515,1.038318369321293,0.8667451469440254,1.2098915916985604,0.9021128056359154,0.5729917496200465,0.6156169308258922,1.1886086804459386
14,58.3,0.6550469042228999,0.9606174241896129,0.633093972078163,1.2881408763010629,0.8799163083798908,0.5729515450034807,0.5934405358781505,1.166392080881631
14,58.5,0.5015753488507179,1.0286160916117133,0.7778284171863542,1.2794037660370723,0.867975713691115,0.5243134525684595,0.6058189874068853,1.1301324399753447
14,58.699999999999996,0.4465011402082312,1.0318933901080596,0.808642820003944,1.255143960212175,0.8441653419303159,0.5180115425459365,0.5851595706573476,1.1031711132032842
14,58.9,0.4481711702036618,1.01682073732431,0.7927351522224791,1.240906322426141,0.8192675202771894,0.5245697917330588,0.5569826244106599,1.0815524161437189
14,59.099999999999994,1.1042702617235725,1.206091349150955,0.6539562182891688,1.7582264800127412,0.8718574597034747,0.535213082538237,0.6042509184343563,1.1394640009725931
14,59.3,0.5604987515071242,1.026088520347735,0.7458391445941729,1.306337896101297,0.8890941930892745,0.5611389204371586,0.6085247328706952,1.169663653307854
14,59.5,0.5229191181078681,1.0220864460396262,0.7606268869856921,1.2835460050935603,0.9294883811974708,0.5827008105881408,0.6381379759034004,1.2208387864915413
14,59.699999999999996,0.8762359342753796,1.111518051704229,0.6734000845665391,1.5496360188419187,0.9125239650005799,0.5617193083097366,0.6316643108457116,1.193383619155448
14,59.9,0.8320554399494106,1.1231459334978307,0.7071182135231255,1.539173653472536,0.8552385766958489,0.5353193955820077,0.5875788789048451,1.1228982744868528
14,60.099999999999994,0.4557272104590575,1.0436793042596157,0.8158156990300869,1.2715429094891444,0.8866741883238842,0.5632708401384903,0.6050387682546391,1.1683096083931295
14,60.3,0.5104861175535249,1.0827070450413163,0.8274639862645539,1.3379501038180788,0.8941920448759394,0.5312737321112364,0.6285551788203212,1.1598289109315576
14,60.5,0.39689736956104205,1.026747988977021,0.8282993041965001,1.2251966737575422,0.8610721835903339,0.5458366294304703,0.5881538688750987,1.133990498305569
14,60.699999999999996,0.5088147375124829,1.1347711806463243,0.880363811890083,1.389178549402566,0.8857583931534494,0.5675711231290954,0.6019728315889017,1.169543954717997
14,60.9,0.3085494891901362,1.013773504322749,0.8594987597276809,1.168048248917817,0.8560107693033603,0.5275238014891566,0.592248868558782,1.1197726700479387
14,61.099999999999994,0.4724910002065467,1.0007491862870235,0.76450368618375,1.2369946863902967,0.8703405526604552,0.5339938488235346,0.6033436282486879,1.1373374770722224
14,61.3,0.9058064943757967,1.174960685358165,0.7220574381702666,1.6278639325460633,0.7673324496985826,0.49029095755901453,0.5221869709190754,1.0124779284780898
14,61.5,0.5226339030072986,0.9907182646181971,0.7294013131145478,1.2520352161218464,0.8039042141674169,0.5240785968448352,0.5418649157449993,1.0659435125898344
14,61.699999999999996,0.6511001419072993,0.8998602208837141,0.5743101499300646,1.2254102918373637,0.8507594071401072,0.5483594393488346,0.5765796874656899,1.1249391268145246
14,61.9,0.6044870007601604,1.0097748677467937,0.7075313673667135,1.312018368126874,0.8521219676826848,0.5589375914548425,0.5726531719552636,1.131590763410106
14,62.1,0.4322418001888376,1.0078566583112618,0.7917357582168429,1.2239775584056807,0.8840971420451166,0.523020725821483,0.6225867791343751,1.145607504955858
14,62.3,0.3508974507347276,1.0179568113021062,0.8425080859347425,1.1934055366694702,0.862731502016869,0.5397068230073633,0.5928780905131874,1.1325849135205506
14,62.5,0.868994059561051,1.12920055233892,0.6947035225583945,1.5636975821194454,0.865425401505209,0.5465333483916817,0.5921587273093681,1.1386920757010497
14,62.699999999999996,0.8046976245620623,1.2313140260205429,0.8289652137395116,1.6336628383015739,0.8818289509552478,0.5508723317784477,0.606392785066024,1.1572651168444716
14,62.9,0.5023646177025226,1.0299944260778255,0.7788121172265642,1.2811767349290868,0.8936862786268512,0.5629848677618047,0.612193844745949,1.1751787125077535
14,63.1,0.6439362326443913,0.9962531813975553,0.6742850650753597,1.318221297719751,0.8686830096977914,0.5606244377467924,0.5883707908243953,1.1489952285711875
14,63.3,0.6110837018168906,1.0029705866754588,0.6974287357670134,1.3085124375839041,0.878677455536071,0.5170401678282404,0.6201573716219508,1.1371975394501912
14,63.5,0.4907376429977267,0.9838236578938964,0.7384548363950331,1.2291924793927598,0.844385037549628,0.5274267453463912,0.5806716648764324,1.1080984102228237
14,63.699999999999996,0.4419370330101543,1.015836615398948,0.7948680988938708,1.2368051319040252,0.8765871924476574,0.5579327381139702,0.5976208233906724,1.1555535615046424
14,63.9,0.5882255055078516,1.06928196572667,0.7751692129727441,1.3633947184805957,0.8670190458884107,0.5220680552475737,0.6059850182646238,1.1280530735121976
14,64.1,0.9777759664896188,1.233892522155569,0.7450045389107595,1.7227805054003784,0.8851982907882524,0.5556487282260468,0.6073739266752289,1.1630226549012759
14,64.3,0.5480002706142982,0.9748334233478964,0.7008332880407472,1.2488335586550454,0.8417717867505212,0.5096277129378408,0.5869579302816008,1.0965856432194416
14,64.5,0.5494746545621505,0.9246193128385141,0.6498819855574388,1.1993566401195894,0.8168701603532426,0.5247728492064607,0.5544837357500122,1.079256584956473
14,64.69999999999999,0.5228178743994484,0.9945340748761633,0.733125137676439,1.2559430120758874,0.8190581524043743,0.5210662534144676,0.5585250256971406,1.079591279111608
14,64.9,0.5150611466909794,0.9608395644818792,0.7033089911363894,1.218370137827369,0.8953162992319001,0.5470628483914427,0.6217848750361787,1.1688477234276216
14,65.1,0.46413596361505105,0.9736154650016402,0.7415474831941146,1.2056834468091657,0.8889879603827561,0.5580141962325581,0.6099808622664771,1.167995058499035
14,65.3,0.6264353553638334,0.9465937049207245,0.6333760272388077,1.2598113826026411,0.8610056208835675,0.5370511684212317,0.5924800366729517,1.1295312050941833
14,65.5,0.5475403655526165,1.0286861957515168,0.7549160129752085,1.302456378527825,0.8702256875824479,0.5131013569238552,0.6136750091205203,1.1267763660443755
14,65.69999999999999,0.7752218509477895,1.064611921630085,0.6770009961561904,1.4522228471039795,0.8871510994851539,0.537549690703783,0.6183762541332625,1.1559259448370454
14,65.9,0.5102825405012783,0.9754829311318443,0.7203416608812051,1.2306242013824833,0.8738002058897141,0.5273027865107134,0.6101488126343574,1.1374515991450709
14,66.1,0.5700310722670826,0.9771346320135217,0.6921190958799804,1.262150168147063,0.8736199537527158,0.5394528710857752,0.6038935182098282,1.1433463892956035
14,66.3,0.38092536265656557,1.030799566813034,0.8403368854847513,1.221262248141317,0.8582333120116042,0.5308788042359749,0.5927939098936168,1.1236727141295917
14,66.5,0.8325851090572409,1.234748182165721,0.8184556276371004,1.6510407366943416,0.8622124418442141,0.5293287038983746,0.5975480898950267,1.1268767937934014
14,66.69999999999999,0.39604916845724014,0.997987081567498,0.7999624973388778,1.1960116657961182,0.8477179730816127,0.5176264010013276,0.5889047725809489,1.1065311735822765
14,66.9,0.4840294898067126,0.978470488624472,0.7364557437211156,1.2204852335278282,0.8098432915630378,0.5118866935408972,0.5538999447925892,1.0657866383334864
14,67.1,0.4856847966009482,0.9626771533637593,0.7198347550632852,1.2055195516642334,0.831020178290418,0.5205276608221636,0.5707563478793362,1.0912840087014999
14,67.3,0.5244900558923089,0.9791980884134317,0.7169530604672772,1.241443116359586,0.8154014709795114,0.5326330587461895,0.5490849416064167,1.0817180003526061
14,67.5,0.552299351976832,0.9098761737478003,0.6337264977593843,1.1860258497362164,0.9231059264665008,0.5450194318828813,0.6505962105250602,1.1956156424079414
14,67.69999999999999,0.5964969819920152,0.9798001557087088,0.6815516647127012,1.2780486467047165,0.8163204419490799,0.5392517495566423,0.5466945671707588,1.085946316727401
14,67.9,0.5703128226350932,0.9697882714043058,0.6846318600867592,1.2549446827218524,0.873522406624316,0.5161282014223061,0.615458305913163,1.1315865073354692
14,68.1,0.6006670675346995,0.9581616666497013,0.6578281328823516,1.2584952004170509,0.8487470040387008,0.5249611544046686,0.5862664268363665,1.1112275812410353
14,68.3,0.7540471866555902,1.099422713680277,0.7223991203524819,1.476446307008072,0.8168192515016733,0.515846280023986,0.5588961114896803,1.0747423915136665
14,68.5,0.4484184451663604,0.9996891274249237,0.7754799048417433,1.223898350008104,0.8307378996402293,0.5204455423564024,0.570515128462028,1.0909606708184305
14,68.7,0.8409420645892227,1.087427035533275,0.6669560032386636,1.5078980678278864,0.8082872194170994,0.49217809698020526,0.5621981709269968,1.054376267907202
14,68.9,0.5764195146075759,0.9414452955371047,0.6532355382333167,1.2296550528408927,0.842930054872503,0.5278015029649763,0.5790293033900149,1.1068308063549912
14,69.1,0.4075684596499016,0.9883940647900977,0.7846098349651469,1.1921782946150485,0.8742460740108432,0.5205992219532516,0.6139464630342174,1.134545684987469
14,69.3,0.9688609115090739,1.1904533482667015,0.7060228925121645,1.6748838040212384,0.8165716355839407,0.5085437978368474,0.562299736665517,1.0708435345023646
14,69.5,0.5241360199708637,0.9803749760199232,0.7183069660344913,1.242442986005355,0.8384832436532041,0.5174870541261672,0.5797397165901206,1.0972267707162877
14,69.7,1.1260728438501533,0.9373875599849485,0.3743511380598719,1.5004239819100251,0.8691193751507011,0.5248521462905347,0.6066933020054338,1.1315454482959684
14,69.9,0.4396547984877224,0.9582978582092078,0.7384704589653466,1.178125257453069,0.8717334866605166,0.5229160469451687,0.6102754631879324,1.133191510133101
14,70.1,0.6040963962887701,0.9799881510877009,0.6779399529433158,1.2820363492320859,0.896370626524857,0.5413027582068181,0.6257192474214479,1.167022005628266
14,70.3,0.46830262748623425,0.9988553898160554,0.7647040760729382,1.2330067035591725,0.8718672183306934,0.5332395464785138,0.6052474450914365,1.1384869915699503
14,70.5,0.8820828038413606,0.838910864545215,0.3978694626245346,1.2799522664658953,0.8312521359419021,0.49171696359643347,0.5853936541436853,1.0771106177401188
14,70.7,0.9346623558194878,0.7743956376438681,0.3070644597341242,1.2417268155536119,0.8487938535926813,0.5252256303324893,0.5861810384264368,1.111406668758926
14,70.9,1.0217972853668047,0.7322895939731638,0.22139095128976138,1.2431882366565663,0.8284524137749989,0.5219797082100637,0.5674625596699671,1.0894422678800306
14,71.1,0.5513526192438525,0.9531449868176122,0.6774686771956859,1.2288212964395384,0.8877320444104498,0.5088285461527078,0.633317771334096,1.1421463174868038
14,71.3,0.5597746130593917,0.9681165927035353,0.6882292861738394,1.2480038992332312,0.893080795531753,0.5316658033769983,0.6272478938432539,1.1589136972202523
14,71.5,1.0705448061435219,0.9681961894766571,0.43292378640489604,1.5034685925484181,0.894489881350293,0.526957754737054,0.631011003981766,1.1579687587188199
14,71.7,0.4899935496868929,0.9887983393958428,0.7438015645523963,1.2337951142392893,0.874064869977831,0.5300450985698103,0.6090423206929259,1.139087419262736
14,71.9,0.5366653425077538,1.0172953761060526,0.7489627048521756,1.2856280473599295,0.8750708818766015,0.5250970449829417,0.6125223593851307,1.1376194043680723
14,72.1,0.5389400978392722,0.9789421342124007,0.7094720852927646,1.248412183132037,0.8813328484885412,0.5386893093515551,0.6119881938127636,1.1506775031643188
14,72.3,0.9500056212121567,1.1354075761360138,0.6604047655299357,1.610410386742092,0.905013568316553,0.5325387486060188,0.6387441940135437,1.1712829426195623
14,72.5,0.8959138620424352,1.184005732376709,0.7360488013554913,1.6319626633979265,0.9474957012198717,0.5485389246002155,0.673226238919764,1.2217651635199793
14,72.7,0.46996889758353494,1.1033033837132074,0.8683189349214397,1.3382878325049747,0.9248768585337194,0.5702507239143849,0.639751496576527,1.2100022204909118
14,72.9,0.8792820523451648,1.1474122937798543,0.707771267607272,1.5870533199524368,0.9370895170818061,0.5406820820627782,0.666748476050417,1.2074305581131952
14,73.1,0.8822578876800828,1.0971446363286317,0.6560156924885903,1.538273580168673,0.9030665816839467,0.5413750874682506,0.6323790379498214,1.1737541254180721
14,73.3,0.7631072425538522,1.1111305727179523,0.7295769514410264,1.4926841939948785,0.8885210570596446,0.5046012376846208,0.6362204382173342,1.140821675901955
14,73.5,0.8220467301301286,1.1157268825088869,0.7047035174438225,1.5267502475739512,0.919001447201775,0.5419802501540956,0.6480113221247272,1.1899915722788228
14,73.7,0.7938663205570945,1.073959214077663,0.6770260537991158,1.4708923743562103,0.9070726376519234,0.5232703601494804,0.6454374575771832,1.1687078177266637
14,73.9,0.831115621015729,1.1579613553154633,0.7424035448075988,1.5735191658233278,0.9269580555839713,0.5484067955530525,0.652754657807445,1.2011614533604975
14,74.1,0.5411522466393853,0.9835762647589141,0.7130001414392214,1.2541523880786067,0.9078765895148105,0.5335561764091351,0.641098501310243,1.174654677719378
14,74.3,0.6346442699878139,0.9393541621965595,0.6220320272026526,1.2566762971904666,0.8968528397281699,0.5155626375692238,0.639071520943558,1.1546341585127817
14,74.5,0.8808765985120701,1.1536690085055208,0.7132307092494857,1.594107307761556,0.9419763962667714,0.5667708999154187,0.658590946309062,1.2253618462244809
14,74.7,0.7136472306068739,1.040343515763003,0.6835199004595662,1.39716713106644,0.9109447010155282,0.5442695195143055,0.6388099412583754,1.183079460772681
14,74.9,0.576921502405612,0.9823773823232819,0.6939166311204759,1.2708381335260879,0.9096901750192111,0.5051813311215005,0.6570995094584609,1.1622808405799614
14,75.1,0.4142113204356701,0.979277133308986,0.772171473091151,1.1863827935268212,0.9108809478577277,0.5380878084782917,0.6418370436185818,1.1799248520968735
14,75.3,0.4635433921040003,1.0099360175355576,0.7781643214835574,1.2417077135875578,0.9072797282378684,0.5308870375486094,0.6418362094635637,1.1727232470121731
14,75.5,0.8187454180992717,1.1357022494080298,0.7263295403583939,1.5450749584576655,0.8902220807376116,0.5158149468452065,0.6323146073150083,1.1481295541602148
14,75.7,0.644886305048461,1.0314643121840739,0.7090211596598434,1.3539074647083045,0.8840662431356319,0.5114374766343945,0.6283475048184346,1.1397849814528291
14,75.9,0.5112906445172788,0.9724394580350642,0.7167941357764248,1.2280847802937036,0.9239186956609199,0.5565191204998402,0.6456591354109997,1.20217825591084
14,76.1,0.543863361270901,0.9197395151558537,0.6478078345204032,1.1916711957913042,0.8887892991751527,0.530865582282584,0.6233565080338608,1.1542220903164446
14,76.3,0.4213827636922411,0.9553849140075412,0.7446935321614205,1.166076295853662,0.8934333355433097,0.5288623765913528,0.6290021472476333,1.1578645238389862
14,76.5,0.5373355288826045,0.9307440206586228,0.6620762562173206,1.199411785099925,0.8622842303713157,0.49779796148370953,0.613385249629461,1.1111832111131705
14,76.7,0.5809060514442081,0.9356894350811036,0.6452364093589995,1.2261424608032077,0.8948929926851688,0.5382498992993885,0.6257680430354745,1.1640179423348629
14,76.9,0.5204626587038639,0.9783032539651921,0.7180719246132602,1.238534583317124,0.8935016199180075,0.5140885596506484,0.6364573400926833,1.1505458997433315
14,77.1,0.4832425198002476,0.9921939900752279,0.7505727301751041,1.2338152499753516,0.9520533972580635,0.5529685665545289,0.6755691139807991,1.2285376805353279
14,77.3,0.44652247559460534,0.981721230139522,0.7584599923422193,1.2049824679368246,0.9450392209498238,0.5473929341899963,0.6713427538548257,1.2187356880448221
14,77.5,0.4582315427524266,0.999635040579776,0.7705192692035626,1.2287508119559893,0.914156192002069,0.5356940256822932,0.6463091791609223,1.1820032048432156
14,77.7,0.47880719360511953,1.001419814019556,0.7620162172169962,1.2408234108221157,0.9599093718852864,0.5438215024395878,0.6879986206654924,1.2318201231050803
14,77.9,0.5555943344029959,0.9488055667061254,0.6710083995046274,1.2266027339076233,0.9400461480220912,0.5318391853111458,0.6741265553665183,1.205965740677664
14,78.1,0.5113363714243289,0.899522773611966,0.6438545878998015,1.1551909593241305,0.9407287975805552,0.5435612294494641,0.6689481828558231,1.212509412305287
14,78.3,0.4391113535195232,0.9241841746063184,0.7046284978465567,1.1437398513660801,0.9431054032208229,0.5546299564478165,0.6657904249969147,1.2204203814447312
14,78.5,0.4768028955750494,1.0027530378989238,0.7643515901113991,1.2411544856864485,0.9458050059604907,0.5375115493735811,0.6770492312737001,1.2145607806472811
14,78.7,0.5040390006275759,0.9784635187748383,0.7264440184610502,1.2304830190886262,0.9557061247233718,0.5383462375014543,0.6865330059726447,1.224879243474099
14,78.9,0.49758925813677285,0.9652817941018716,0.7164871650334852,1.214076423170258,0.9534326064499354,0.5652705443011767,0.6707973342993471,1.2360678786005237
14,79.1,0.4124122800149879,0.9219244893539051,0.7157183493464112,1.128130629361399,0.9188107240628033,0.5002291521348053,0.6686961479954006,1.168925300130206
14,79.3,0.4063372056006881,0.9104368610784088,0.7072682582780646,1.113605463878753,0.9305104234173026,0.5525119601374536,0.6542544433485757,1.2067664034860295
14,79.5,0.5299475703142706,0.9285638069488116,0.6635900217916763,1.193537592105947,0.8984738936781866,0.5190760781789183,0.6389358545887275,1.158011932767646
14,79.7,0.6343973298643522,1.0500031175458713,0.7328044526136953,1.3672017824780471,0.9497297190474916,0.5369000594172076,0.6812796893388877,1.2181797487560955
14,79.9,0.9788592847753986,1.246970027128934,0.7575403847412346,1.7363996695166333,0.9846235599899423,0.5948157958627598,0.6872156620585624,1.2820314579213221
14,80.1,0.5244811143393265,1.0557513463344232,0.7935107891647601,1.3179919035040866,0.9487368973121728,0.5521132054510631,0.6726802945866412,1.2247935000377044
14,80.3,0.8170270489905993,1.1916083638278603,0.7830948393325607,1.60012188832316,0.9593057297806056,0.5404056858147862,0.6891028868732125,1.2295085726879986
14,80.5,0.6303347406833276,1.0532677367517023,0.7381003664100385,1.3684351070933662,0.9422641949368847,0.5250778636784053,0.6797252630976821,1.2048031267760875
14,80.7,1.151952463441021,0.8845787815251265,0.30860254980461593,1.460555013245637,0.8812678554532307,0.49794107459012105,0.6322973181581701,1.1302383927482913
14,80.9,0.9942320744755121,1.1520089008774466,0.6548928636396906,1.6491249381152027,0.9100361734392484,0.5438757946168221,0.6380982761308374,1.1819740707476594
14,81.1,1.0906763305423535,1.23504496390571,0.6897067986345332,1.7803831291768868,0.9409414338892694,0.5307175492619778,0.6755826592582805,1.2063002085202583
14,81.3,1.1892050131906025,1.062204485410186,0.4676019788148847,1.656806992005487,0.9702245641937152,0.5478645952336831,0.6962922665768736,1.2441568618105567
14,81.5,0.6097189563084138,1.0340248226830195,0.7291653445288127,1.3388843008372264,0.9484455894998216,0.5699229797740636,0.6634840996127898,1.2334070793868535
14,81.7,0.5104881258343624,0.9624883031867929,0.7072442402696117,1.217732366103974,0.9475139590251932,0.5434649693309037,0.6757814743597413,1.2192464436906452
14,81.9,0.462269576826297,1.0203987603229707,0.7892639719098221,1.2515335487361192,0.9184403810530004,0.5154392877263628,0.6607207371898189,1.1761600249161819
14,82.1,0.6064258505244688,1.0555273848687148,0.7523144596064804,1.3587403101309492,0.9245353976281561,0.5209198293033102,0.664075482976501,1.1849953122798111
14,82.3,0.7025313963799457,1.0338262479205922,0.6825605497306194,1.385091946110565,0.9274364124865176,0.51380438422941,0.6705342203718127,1.1843386046012228
14,82.5,0.536469572233667,0.9451246971864964,0.676889911069663,1.2133594833033299,0.9263848606735663,0.5366418648827848,0.6580639282321739,1.1947057931149587
14,82.7,0.4962914165703337,0.920114243194089,0.6719685349089222,1.1682599514792558,0.9694944125569979,0.5312276263196184,0.7038805993971886,1.2351082257168071
14,82.9,0.518974413004229,0.918961142319504,0.6594739358173896,1.1784483488216184,0.9519702472997152,0.5538804888789017,0.6750300028602644,1.2289104917391662
14,83.1,0.4086962569914539,0.9549712569252691,0.7506231284295422,1.159319385420996,0.9409756308042622,0.5238648122361096,0.6790432246862074,1.202908036922317
14,83.3,0.6110348597850495,1.2959388178326596,0.9904213879401349,1.6014562477251844,0.9453958560335197,0.5301472134548699,0.6803222493060848,1.2104694627609547
14,83.5,0.6321675120659493,0.8677563438957838,0.5516725878628091,1.1838400999287584,0.9219353619380359,0.5460485302926645,0.6489110967917037,1.1949596270843683
14,83.7,0.545824750355244,0.9522687669339425,0.6793563917563205,1.2251811421115644,0.9115040107154119,0.4896156382563323,0.6666961915872457,1.156311829843578
14,83.9,0.32351566513899416,0.9391647709074696,0.7774069383379725,1.1009226034769668,0.92474178481649,0.5134095693807577,0.6680370001261112,1.181446569506869
14,84.1,0.2953087872317772,0.9346770624717232,0.7870226688558346,1.0823314560876118,0.9239866917355607,0.5339913720237733,0.6569910057236741,1.1909823777474473
14,84.3,0.5779096810633054,0.9610982754953585,0.6721434349637059,1.2500531160270112,0.9549360214557546,0.531468521029961,0.6892017609407741,1.2206702819707351
14,84.5,0.38643040492652597,0.9542598033306262,0.7610446008673633,1.1474750057938892,0.9690135969868122,0.5492951291189253,0.6943660324273495,1.243661161546275
14,84.7,0.4761347841753384,0.9077211575299435,0.6696537654422744,1.1457885496176128,0.9942724743580755,0.5787340310656426,0.7049054588252542,1.2836394898908967
14,84.9,0.5001329682350091,0.9273420253330481,0.6772755412155436,1.1774085094505526,0.9750244719881968,0.5672581704442903,0.6913953867660516,1.2586535572103419
14,85.1,0.4305283540679643,0.9505579949300574,0.7352938178960753,1.1658221719640396,0.9762002844046559,0.5328861768531518,0.70975719597808,1.2426433728312318
14,85.3,0.5505817447254192,0.9702368677141221,0.6949459953514125,1.2455277400768316,0.9734659816761345,0.5523706773421351,0.697280643005067,1.2496513203472022
14,85.5,0.5176602857040303,0.9599100808817779,0.7010799380297628,1.218740223733793,0.9036215309565581,0.492960920835783,0.6571410705386665,1.1501019913744495
14,85.7,0.4045619817705706,0.9202781149235428,0.7179971240382576,1.1225591058088282,0.9394421394687865,0.5275748740879325,0.6756547024248203,1.2032295765127528
14,85.9,1.2935122267953665,1.058552731234379,0.4117966178366957,1.7053088446320621,0.962792290998835,0.557658031752982,0.683963275122344,1.241621306875326
14,86.1,0.4814884087927931,0.9372008631984722,0.6964566588020757,1.1779450675948686,0.9258343574875112,0.5227476546288282,0.664460530173097,1.1872081848019254
14,86.3,0.4967151107288507,0.9586231984681852,0.7102656431037598,1.2069807538326105,0.944571317723768,0.5260120926959485,0.6815652713757938,1.2075773640717422
14,86.5,0.9376578558539463,1.185341667537034,0.7165127396100608,1.6541705954640074,0.9463495548389276,0.5059403442697281,0.6933793827040635,1.1993197269737916
14,86.7,0.45192532642528954,0.947744798078436,0.7217821348657913,1.1737074612910807,0.9435541790514875,0.5338215285165336,0.6766434147932208,1.2104649433097543
14,86.9,0.6354893628088525,0.9242580557410599,0.6065133743366335,1.2420027371454863,0.948083337056067,0.5350742667182414,0.6805462036969463,1.2156204704151876
14,87.1,0.434859308305741,0.9011867720669448,0.6837571179140742,1.1186164262198153,0.9547127433730942,0.5311040242368226,0.6891607312546829,1.2202647554915056
14,87.3,0.4877443128154431,0.9137867790699721,0.6699146226622504,1.1576589354776936,0.9544994473586028,0.522231889392354,0.6933835026624258,1.2156153920547799
14,87.5,0.7302039016785687,1.0697511001814444,0.70464914934216,1.4348530510207287,0.9586595821469421,0.5400658106459458,0.6886266768239693,1.228692487469915
14,87.7,0.5472842792032896,0.9247493477415621,0.6511072081399174,1.1983914873432069,0.9419633779847157,0.5082134914566547,0.6878566322563884,1.196070123713043
14,87.9,0.9956644510870258,0.9662459946794423,0.46841376913592936,1.4640782202229552,0.9418076770218459,0.5338001192852799,0.6749076173792059,1.2087077366644858
14,88.1,0.6130650839469741,0.9078081738778895,0.6012756319044024,1.2143407158513766,0.9554612229298863,0.5340111750022256,0.6884556354287735,1.222466810430999
14,88.3,0.85751478148764,1.1582998084197609,0.7295424176759409,1.587057199163581,0.9469086901102863,0.5333207738940963,0.6802483031632383,1.2135690770573344
14,88.5,0.4818105214080677,1.0004473250102284,0.7595420643061944,1.2413525857142622,0.9343369184656265,0.5229989584472228,0.6728374392420151,1.1958363976892379
14,88.7,0.9661032857298875,1.2140845922749453,0.7310329494100016,1.697136235139889,0.9200906277350667,0.5111745529067351,0.6645033512816991,1.1756779041884342
14,88.9,0.6160885670283252,1.065458420936595,0.7574141374224324,1.3735027044507575,0.9393271512529241,0.5108685770598104,0.683892862723019,1.1947614397828292
14,89.1,0.9496610703383447,1.2092373103434078,0.7344067751742354,1.68406784551258,0.9418160817848639,0.543130960001805,0.6702506017839613,1.2133815617857664
14,89.3,1.4050286322412306,1.1078837201278817,0.40536940400726634,1.810398036248497,0.9324711341137527,0.5406444710185917,0.6621488986044568,1.2027933696230486
14,89.5,0.6773516510349813,0.9114219101259418,0.572746084608451,1.2500977356434326,0.9422065619635916,0.5130395073034517,0.6856868083118658,1.1987263156153176
14,89.7,0.5569192628728609,0.913417065915259,0.6349574344788286,1.1918766973516894,0.9481318055176647,0.5426637668387929,0.6767999220982683,1.2194636889370611
14,89.9,0.6060064416600811,0.8959440232472176,0.592940802417177,1.1989472440772582,0.9318528721289352,0.49797542723540267,0.6828651585112339,1.1808405857466364
14,90.1,0.6223463569627216,0.9447611169569172,0.6335879384755564,1.255934295438278,0.9699864573982825,0.5270515800444099,0.7064606673760776,1.2335122474204874
14,90.3,0.510079070177829,0.9613250399731792,0.7062855048842647,1.2163645750620937,0.9714020433407861,0.5678372373874687,0.6874834246470517,1.2553206620345203
14,90.5,0.7366447788375079,1.0341368542122265,0.6658144647934724,1.4024592436309804,0.9522859504143193,0.5217379726754814,0.6914169640765786,1.21315493675206
14,90.7,0.8559363899168085,1.0665022846547965,0.638534089696392,1.4944704796132007,0.948202994207914,0.5191141344973936,0.6886459269592171,1.2077600614566109
14,90.9,0.5161932366064653,0.9302527041967581,0.6721560858935254,1.1883493224999908,0.9325925859284567,0.5049422655036373,0.6801214531766381,1.1850637186802753
14,91.1,0.8287757308937741,0.7450746385817737,0.33068677313488654,1.1594625040286608,0.9444659211544313,0.48664533233398144,0.7011432549874406,1.187788587321422
14,91.3,0.9453712666780824,0.7346732082447613,0.26198757490572,1.2073588415838026,0.9157233129864217,0.4992680068948838,0.6660893095389798,1.1653573164338638
14,91.5,0.7390451333559902,1.01499663065271,0.645474063974715,1.3845191973307052,0.9216157455145997,0.5257941779990354,0.658718656515082,1.1845128345141174
14,91.7,0.7290606076388385,1.0858938423748472,0.7213635385554278,1.4504241461942664,0.9394146338758621,0.5073386135144679,0.6857453271186282,1.193083940633096
14,91.9,0.9767843836636603,1.19407277204702,0.7056805802151896,1.68246496387885,0.9662758533383076,0.5388393119690122,0.6968561973538014,1.2356955093228137
14,92.1,0.8589212723654106,1.0938669674208996,0.6644063312381944,1.523327603603605,0.9178517837526456,0.5017464556666318,0.6669785559193298,1.1687250115859615
14,92.3,0.3069363371444426,0.9751588958372743,0.821690727265053,1.1286270644094956,0.9067846796408126,0.4969037613990897,0.6583327989412677,1.1552365603403574
14,92.5,0.43997525037814816,0.9338386229947717,0.7138509978056976,1.1538262481838457,0.9034360210915768,0.47993746655588265,0.6634672878136355,1.1434047543695183
14,92.7,0.2039075597809433,1.3894606118748725,1.2875068319844007,1.4914143917653442,0.9173851585723756,0.49119734824501804,0.6717864844498665,1.1629838326948847
14,92.9,1.001004749098432,1.1602930709400456,0.6597906963908297,1.6607954454892617,0.8611757270457392,0.47541695682844826,0.623467248631515,1.0988842054599632
14,93.1,0.5925033648065868,0.9291094978641117,0.6328578154608183,1.2253611802674051,0.8889350434983684,0.4790430257882381,0.6494135306042493,1.1284565563924875
14,93.3,0.5099866462775111,0.9107397781480429,0.6557464550092873,1.1657331012867984,0.8740305299204628,0.4784807079311316,0.6347901759548971,1.1132708838860286
14,93.5,0.4431674426000501,0.9318708767326704,0.7102871554326454,1.1534545980326953,0.8888856721864445,0.4820968856075493,0.6478372293826699,1.1299341149902191
14,93.7,0.6131819671792311,0.9591207397060557,0.6525297561164402,1.2657117232956712,0.9054227395974381,0.5006311261560102,0.655107176519433,1.1557383026754433
14,93.9,0.6784325650424317,1.0703454459034907,0.7311291633822747,1.4095617284247064,0.8945985105182279,0.4762243989334193,0.6564863110515182,1.1327107099849376
14,94.1,0.6355210172947399,1.0019117188739344,0.6841512102265646,1.3196722275213044,0.9078006541374398,0.48877884244919934,0.6634112329128401,1.1521900753620395
14,94.3,0.8571158807202288,0.9018874334721128,0.47332949311199835,1.3304453738322273,0.9191453031918958,0.4983494931965491,0.6699705565936213,1.1683200497901702
14,94.5,0.43066418243689386,0.9355797205166947,0.7202476292982477,1.1509118117351416,0.8844934822091347,0.4857427576491447,0.6416221033845624,1.127364861033707
14,94.7,0.9958346808498884,1.2227390617819816,0.7248217213570375,1.7206564022069257,0.917772091344099,0.4782349079972279,0.678654637345485,1.1568895453427128
14,94.9,0.2791489410858568,1.422967152449472,1.2833926819065435,1.5625416229924005,0.8833834295459374,0.47984343168261623,0.6434617137046292,1.1233051453872456
14,95.1,0.5638077758758754,0.9340575907725243,0.6521537028345865,1.215961478710462,0.8904501528850245,0.49347157611188985,0.6437143648290795,1.1371859409409695
14,95.3,0.5135288215777264,0.9068131356194913,0.650048724830628,1.1635775464083544,0.9255234985302839,0.5094733408893759,0.670786828085596,1.1802601689749719
14,95.5,0.7306355973161268,1.0799803508489771,0.7146625521909137,1.4452981495070405,0.8918977949885034,0.49167698800893844,0.6460593009840342,1.1377362889929725
14,95.7,0.6378737284969768,0.9910685558163299,0.6721316915678416,1.3100054200648183,0.9141058323162639,0.5060334189253727,0.6610891228535776,1.1671225417789501
14,95.9,0.4421878383980679,0.9204617878189933,0.6993678686199594,1.1415557070180273,0.9199699453750384,0.4955274204720785,0.6722062351389991,1.1677336556110776
21,28.299999999999997,0.2577105974248767,0.5550585544862023,0.426203255773764,0.6839138531986407,0.8473939024694398,0.7565385120468131,0.46912464644603324,1.2256631584928463
21,28.5,0.7282814568224606,1.0499231595102096,0.6857824310989793,1.41406388792144,0.8745077153190723,0.6994122241713631,0.5248016032333909,1.2242138274047538
21,28.700000000000003,0.472183902876143,1.1367886645450525,0.9006967131069811,1.372880615983124,0.8971675053070713,0.7381812487008415,0.5280768809566506,1.266258129657492
21,28.89999999999999,0.9748360172469895,0.8755486928893775,0.38813068426588265,1.3629667015128724,0.9127460848019269,0.7484887604080246,0.5385017045979146,1.2869904650059392
21,29.099999999999994,0.673414673652995,1.2284654959888848,0.8917581591623872,1.5651728328153822,0.879407522909011,0.7431880797133494,0.5078134830523363,1.2510015627656856
21,29.299999999999997,0.45795241752300464,1.0511099866082905,0.8221337778467881,1.2800861953697926,0.8650049855925626,0.7426356789456243,0.4936871461197504,1.2363228250653746
21,29.5,0.40064591530578963,1.1076597578237155,0.9073368001708206,1.3079827154766104,0.8680185098341763,0.7956362434989138,0.47020038808471937,1.2658366315836331
21,29.700000000000003,0.28004465389270694,0.684298040909145,0.5442757139627915,0.8243203678554984,0.879153013467938,0.7410505703756455,0.5086277282801153,1.2496782986557606
21,29.89999999999999,1.1107957377531978,1.1458773741678532,0.5904795052912544,1.7012752430444522,0.8379916968549437,0.8286141806180596,0.4236846065459139,1.2522987871639735
21,30.099999999999994,0.39601743972744413,1.3123722946957255,1.1143635748320033,1.5103810145594474,0.8807596192616116,0.7179805083383762,0.5217693650924236,1.2397498734307997
21,30.299999999999997,0.3496962734324844,0.9887076817915383,0.8138595450752962,1.1635558185077806,0.8459715996500433,0.7491193744462631,0.47141191242691177,1.2205312868731748
21,30.5,1.0637129934777165,1.1250623491780283,0.59320585243917,1.6569188459168867,0.8562393481830899,0.8239212772720385,0.44427870954707066,1.2681999868191092
21,30.700000000000003,0.36154096456488016,0.7541085363152727,0.5733380540328327,0.9348790185977128,0.8981095379606712,0.7715313136411416,0.5123438811401004,1.283875194781242
21,30.89999999999999,0.5673008521877044,1.039641160235372,0.7559907341415196,1.323291586329224,0.859486773393888,0.748228823576497,0.4853723616056395,1.2336011851821365
21,31.099999999999994,1.1773045393361485,1.0914814499403647,0.5028291802722903,1.680133719608439,0.8750127063873527,0.7841581183579436,0.48293364720838095,1.2670917655663245
21,31.299999999999997,0.750485683951853,1.0783577432600884,0.7031149012841619,1.453600585236015,0.863645428281129,0.7296817680022402,0.4988045442800089,1.2284863122822491
21,31.5,0.8857034524792224,0.9182514752504878,0.47539974901087667,1.361103201490099,0.8540203075442041,0.7908679510747018,0.4585863320068532,1.249454283081555
21,31.700000000000003,0.2432844094516149,0.693957997796308,0.5723157930705005,0.8156002025221154,0.8578388631806939,0.7347522619019031,0.49046273222974235,1.2252149941316455
21,31.89999999999999,0.26475327795022235,0.7023801805750015,0.5700035415998903,0.8347568195501127,0.8400214779485298,0.777699948669928,0.4511715036135658,1.2288714522834938
21,32.099999999999994,0.5791392131695161,1.0062197138627693,0.7166501072780113,1.2957893204475275,0.880705811710798,0.7222213229482854,0.5195951502366553,1.2418164731849406
21,32.3,0.4429360678030712,1.0097832304490915,0.7883151965475559,1.231251264350627,0.8476570157179887,0.7647932825418359,0.46526037444707075,1.2300536569889067
21,32.5,0.4134591675048759,1.1648221365552536,0.9580925528028156,1.3715517203076917,0.8622364508684645,0.7314804475073644,0.49649622711478225,1.2279766746221465
21,32.7,1.2860695132925304,0.8149105956539479,0.17187583900768263,1.457945352300213,0.8646848177833717,0.7965395209031918,0.4664150573317758,1.2629545782349676
21,32.89999999999999,0.4571656527807335,1.176745568842314,0.9481627424519474,1.405328395232681,0.8459572419118836,0.8043678958403955,0.44377329399168586,1.2481411898320813
21,33.099999999999994,1.0572601262441592,1.258989727737157,0.7303596646150772,1.7876197908592366,0.9019480556173257,0.6823467566737166,0.5607746772804674,1.243121433954184
21,33.3,0.5659459532528104,1.264730203461765,0.9817572268353596,1.54770318008817,0.8792431643992606,0.7475000909727965,0.5054931189128624,1.2529932098856589
21,33.5,0.2690079047006913,1.2131150581535652,1.0786111058032195,1.3476190105039108,0.9050409936835646,0.7730272326492187,0.5185273773589553,1.2915546100081738
21,33.7,0.3276709644172138,0.7245519632180303,0.5607164810094234,0.8883874454266372,0.8954327744138428,0.7676916469101207,0.5115869509587825,1.2792785978689032
21,33.89999999999999,1.300727395022502,0.8292082394921396,0.17884454198088867,1.4795719370033906,0.8876349866074805,0.7978792847027235,0.48869534425611877,1.2865746289588422
21,34.099999999999994,0.4165559358226161,0.7385907438723506,0.5303127759610425,0.9468687117836586,0.877425742800298,0.7378819921789707,0.5084847467108127,1.2463667388897832
21,34.3,1.0777864662029524,1.1747057455042398,0.6358125124027635,1.713598978605716,0.8793300234470602,0.7229034132129335,0.5178783168405935,1.240781730053527
21,34.5,0.2750015169868582,1.5741941878389614,1.4366934293455322,1.7116949463323905,0.9268235687937034,0.7719928303001345,0.5408271536436362,1.3128199839437706
21,34.7,0.30321744403664785,0.9677364553280967,0.8161277333097727,1.1193451773464207,0.8727893589854954,0.7657472017172805,0.4899157581268551,1.2556629598441356
21,34.89999999999999,0.7183866797553903,1.1030669735406478,0.7438736336629528,1.462260313418343,0.8798127883224136,0.7543530318083771,0.5026362724182251,1.256989304226602
21,35.099999999999994,0.2672993576018567,0.6837380817395157,0.5500884029385873,0.817387760540444,0.8616615490921675,0.7566062264855411,0.483358435849397,1.239964662334938
21,35.3,0.21123236985067395,0.6321270604531477,0.5265108755278107,0.7377432453784847,0.8902517527143707,0.7187929357373961,0.5308552848456727,1.2496482205830688
21,35.5,0.2749290583247523,0.7714538287190494,0.6339892995566733,0.9089183578814256,0.8847831804960875,0.7573345038947155,0.5061159285487298,1.2634504324434452
21,35.7,0.6080493532039873,0.5166738958570181,0.21264921925502436,0.8206985724590117,0.9217831719435307,0.813775162959323,0.5148955904638692,1.328670753423192
21,35.89999999999999,0.785456979199321,0.7317185982347639,0.3389901086351034,1.1244470878344244,0.861097678970845,0.811472814194504,0.455361271873593,1.2668340860680969
21,36.099999999999994,0.5716969241158293,0.7091203066119172,0.4232718445540025,0.9949687686698317,0.9148945575935091,0.6974451490057038,0.5661719830906573,1.263617132096361
21,36.3,0.214406392873362,0.6961796671666429,0.5889764707299618,0.8033828636033239,0.8647556382997168,0.7746917525876977,0.47740976200586793,1.2521015145935657
21,36.5,0.41036929114831533,0.7297250708079674,0.5245404252338097,0.9349097163821251,0.8750308897770294,0.7269477203921855,0.5115570295809366,1.238504749973122
21,36.699999999999996,0.3290274988338282,0.7344977613240602,0.5699840119071462,0.8990115107409743,0.9511591024059805,0.820017659911662,0.5411502724501495,1.3611679323618113
21,36.9,0.4402925814017948,0.5254422250648844,0.30529593436398694,0.7455885157657818,0.9302739031549508,0.5371060808592001,0.6617208627253508,1.1988269435845509
21,37.099999999999994,0.5202022875395252,1.0210090523481161,0.7609079085783536,1.2811101961178788,0.8719737900999665,0.8488995498381364,0.44752401518089824,1.2964235650190346
21,37.3,0.5448153877861918,1.1190154954318396,0.8466078015387437,1.3914231893249354,0.8460928585028606,0.7875260898031853,0.452329813601268,1.2398559034044534
21,37.5,0.2260201917581068,0.6426100572015834,0.52959996132253,0.7556201530806368,0.9063688305478714,0.6542150564575326,0.5792613023191051,1.2334763587766377
21,37.699999999999996,0.7412445436289853,1.2910463322589907,0.920424060444498,1.6616686040734834,0.8948586956468608,0.7739082449336594,0.5079045731800311,1.2818128181136905
21,37.9,0.5675899171048492,0.9845521923742311,0.7007572338218065,1.2683471509266557,0.905680631936893,0.7870867216796117,0.5121372710970871,1.2992239927766989
21,38.099999999999994,0.6511196975900954,0.6004562372776026,0.2748963884825548,0.9260160860726503,0.9209064306752628,0.7786720059452539,0.5315704277026359,1.3102424336478897
21,38.3,0.26117907514836747,0.9949100691308124,0.8643205315566286,1.1254996067049963,0.8690569002167332,0.7144578280176638,0.5118279862079014,1.226285814225565
21,38.5,0.31444043494675933,1.0294123516096798,0.8721921341363,1.1866325690830595,0.8783013816284189,0.7565672066707797,0.5000177782930291,1.2565849849638087
21,38.699999999999996,0.8883546510703842,1.1581809679234096,0.7140036423882175,1.6023582934586016,0.8839113908234103,0.7371356355541868,0.515343573046317,1.2524792086005037
21,38.9,0.3557086432979358,0.9422065012367654,0.7643521795877974,1.1200608228857334,0.8940235728032612,0.7374985288443963,0.525274308381063,1.2627728372254592
21,39.099999999999994,0.5394358036765603,0.9672390562562921,0.697521154418012,1.2369569580945723,0.8935822682493846,0.7050765863707519,0.5410439750640086,1.2461205614347606
21,39.3,0.8213912579550453,0.9093430634700123,0.49864743449248955,1.320038692447535,0.944455635550164,0.7673219554988574,0.5607946578007352,1.3281166132995927
21,39.5,0.24832688979058434,0.9219531510774783,0.7977897061821861,1.0461165959727705,0.912610855974199,0.7149054548628428,0.5551581285427776,1.2700635834056204
21,39.699999999999996,0.710509275018832,1.2952808141327292,0.9400261766233131,1.650535451642145,0.9156934062003959,0.7429577303631163,0.5442145410188377,1.287172271381954
21,39.9,1.1154140420806427,1.082103575732308,0.5243965546919868,1.6398105967726295,0.8758262671287398,0.7971167817369664,0.4772678762602566,1.274384657997223
21,40.099999999999994,0.25197454603633374,0.6804413956085229,0.5544541225903561,0.8064286686266898,0.8881793938003602,0.6640882121866973,0.5561352877070115,1.220223499893709
21,40.3,0.6773496762159513,0.5184605275244876,0.17978568941651193,0.8571353656324633,0.9083152544262196,0.7630775604008851,0.526776474225777,1.2898540346266623
21,40.5,0.5066100019517206,1.0217961565037703,0.76849115552791,1.2751011574796305,0.9263769436016538,0.804729678627252,0.5240121042880278,1.3287417829152797
21,40.699999999999996,0.34837704936913977,0.687454435094262,0.5132659104096922,0.8616429597788319,0.8910458722693855,0.6994241352404538,0.5413338046491586,1.2407579398896122
21,40.9,0.2912505415576478,0.6356313723528842,0.4900061015740604,0.7812566431317082,1.0011733039435056,0.9434896632514461,0.5294284723177825,1.4729181355692287
21,41.099999999999994,0.2364304627410467,0.4544341662896514,0.33621893491912797,0.5726493976601748,0.9747572871995046,0.48578572590574054,0.7318644242466343,1.2176501501523749
21,41.3,0.2793307591792862,1.0955239910033274,0.9558586114136844,1.2351893705929706,1.0274304041693645,0.6391542651334018,0.7078532716026635,1.3470075367360654
21,41.5,0.6048595691222497,1.2054831140711624,0.9030533295100375,1.5079128986322872,0.9254238139152317,0.9060538137959181,0.4723969070172726,1.3784507208131906
21,41.699999999999996,0.6950236660875373,0.929530600915525,0.5820187678717563,1.2770424339592936,0.9902427114480703,0.7970643872416985,0.5917105178272211,1.3887749050689195
21,41.9,0.46243270630695277,1.1381723784901043,0.9069560253366279,1.3693887316435807,0.9034275431954487,0.777677179646876,0.5145889533720107,1.2922661330188867
21,42.099999999999994,0.22060765315926104,0.680232759294398,0.5699289327147675,0.7905365858740285,1.0034633869054874,0.8121104152500633,0.5974081792804558,1.409518594530519
21,42.3,0.61816183633899,1.2748643611618837,0.9657834429923887,1.5839452793313786,0.8928084339756008,0.7347967986266718,0.525410034662265,1.2602068332889367
21,42.5,0.5299016751934708,1.0095300214676846,0.7445791838709491,1.2744808590644199,0.886447239936259,0.7359521998946461,0.5184711399889359,1.254423339883582
21,42.699999999999996,1.2113887629658295,0.9358197347546062,0.33012535327169157,1.541514116237521,0.8724215514387574,0.7469181709170698,0.49896246598022254,1.2458806368972923
21,42.9,0.9199797849456494,0.8862579148278207,0.426268022354996,1.3462478073006454,0.909819422802535,0.7064245152242643,0.5566071651904029,1.263031680414667
21,43.099999999999994,0.7781609395843332,0.7489963249894663,0.35991585519729963,1.138076794781633,0.9468124555126578,0.7516695188086283,0.5709776961083437,1.322647214916972
21,43.3,0.7429872526340442,1.2087792479203054,0.8372856216032833,1.5802728742373273,0.9340021799518504,0.672801280407044,0.5976015397483284,1.2704028201553723
21,43.5,0.9183058008701418,0.8227098486447888,0.36355694820971773,1.2818627490798598,0.9026647314174021,0.6763489560707406,0.5644902533820317,1.2408392094527725
21,43.699999999999996,0.24818789182076106,0.9043923803950354,0.7802984344846549,1.028486326305416,0.9165410383928634,0.7198949072710635,0.5565935847573316,1.2764884920283952
21,43.9,0.6822602270956419,0.8711435580681526,0.5300134445203316,1.2122736716159737,0.9275777446202612,0.6916162822634091,0.5817696034885567,1.2733858857519658
21,44.099999999999994,0.3395836945571202,0.5830829002017596,0.4132910529231994,0.7528747474803197,0.8619235200990756,0.7934202091396138,0.4652134155292687,1.2586336246688825
21,44.3,0.4734393827279074,1.1168626258533794,0.8801429344894257,1.3535823172173331,0.9099550461288428,0.6808776788795398,0.5695162066890729,1.2503938855686128
21,44.5,0.897217366568355,0.9008693938455512,0.45226071056137357,1.3494780771297288,0.9541599246048134,0.7225773189036624,0.5928712651529822,1.3154485840566446
21,44.699999999999996,0.5802988585525656,1.0080296620236209,0.7178802327473381,1.2981790912999036,0.9571333670184051,0.7952711317003417,0.5594978011682343,1.354768932868576
21,44.9,0.746548480277313,0.9662231437044303,0.5929489035657738,1.3394973838430868,0.9185035312435537,0.7826817836122546,0.5271626394374264,1.309844423049681
21,45.099999999999994,0.6750605113971323,1.0947046493336565,0.7571743936350904,1.4322349050322227,0.9575633032499863,0.6844550749567083,0.6153357657716321,1.2997908407283405
21,45.3,0.8526023851905828,0.8309851930829999,0.4046840004877084,1.2572863856782914,0.9231824491289419,0.7488897601626576,0.5487375690476131,1.2976273292102707
21,45.5,0.38939604292265406,1.074886618019648,0.8801885965583208,1.2695846394809749,0.915767468691373,0.7472617640477912,0.5421365866674774,1.2893983507152686
21,45.699999999999996,0.264605611790192,1.0844585610378612,0.9521557551427653,1.2167613669329573,0.8941811430290882,0.6723039519054231,0.5580291670763766,1.2303331189817999
21,45.9,0.442425798697132,1.0575191456560016,0.8363062463074356,1.2787320450045676,0.906615687228965,0.6623366553457676,0.5754473595560812,1.2377840149018489
21,46.099999999999994,0.6011598204221009,1.029415440266795,0.7288355300557445,1.3299953504778455,0.9042318261128266,0.7312137207462658,0.5386249657396938,1.2698386864859594
21,46.3,0.399002985885391,0.9000676321698422,0.7005661392271467,1.0995691251125377,0.9036585528028533,0.7074508588105339,0.5499331233975864,1.2573839822081203
21,46.5,0.2300247541711489,0.5633568933677536,0.44834451628217914,0.6783692704533281,0.9705202165544582,0.7534863578491305,0.593777037629893,1.3472633954790234
21,46.699999999999996,0.4078922461474197,0.8049553758978671,0.6010092528241572,1.008901498971577,0.8741271503997552,0.8330772936952316,0.45758850355213937,1.290665797247371
21,46.9,0.6098141786125941,0.7292228072749225,0.42431571796862555,1.0341298965812196,0.9512156299139007,0.6819709329782552,0.6102301634247731,1.2922010964030284
21,47.099999999999994,0.29208530915811265,0.4324766740505567,0.2864340194715003,0.5785193286296131,0.9074756256235733,0.6807382818983618,0.5671064846743924,1.2478447665727543
21,47.5,0.3919735222515494,0.6014459718626287,0.405459210736854,0.7974327329884034,0.9468073348037772,0.7356398522427954,0.5789874086823795,1.314627260925175
21,47.699999999999996,0.30474275855563904,0.5617247435856114,0.40935336430779196,0.7140961228634309,0.9333805559015176,0.725219742138078,0.5707706848324785,1.2959904269705567
21,47.9,1.1125711440857602,0.9087326446338106,0.3524470725909306,1.4650182166766907,0.9140710176743632,0.721661941066613,0.5532400471410567,1.2749019882076698
21,48.099999999999994,1.0133293690111733,0.878626032724599,0.3719613482190125,1.3852907172301856,0.969060594556721,0.7349450748651559,0.601588057124143,1.336533131989299
21,48.3,0.2526842926773762,0.7844005710293221,0.658058424690634,0.9107427173680103,0.8978432095361921,0.719489326825522,0.5380985461234311,1.2575878729489531
21,48.5,0.6993399352076862,0.9470352111564416,0.5973652435525985,1.2967051787602848,0.8772208438190708,0.7473178199838602,0.5035619338271408,1.250879753811001
21,48.699999999999996,0.8267338838372689,0.9687532759927318,0.5553863340740975,1.382120217911366,0.8976449437236605,0.7161936995221687,0.5395480939625762,1.255741793484745
21,48.9,0.5048519493107055,1.1718039018065625,0.9193779271512097,1.4242298764619152,0.9664731323144227,0.9318906840618331,0.5005277902835061,1.4324184743453392
21,49.099999999999994,0.5159196525825637,1.003476547504267,0.7455167212129853,1.261436373795549,0.8775225387141082,0.7893866424556488,0.4828292174862838,1.2722158599419326
21,49.3,0.40643995125645427,1.0363318042626457,0.8331118286344186,1.2395517798908728,1.0046519132130083,0.48134255671825854,0.763980634853879,1.2453231915721377
21,49.5,0.735311827248211,0.881662700041026,0.5140067864169205,1.2493186136651315,0.9455672484734463,0.9081452512884622,0.4914946228292152,1.3996398741176774
21,49.699999999999996,0.3724668441993681,0.9336635998707917,0.7474301777711077,1.1198970219704758,0.8941233323843171,0.7271927993743781,0.530526932697128,1.2577197320715061
21,49.9,0.26153502946195734,0.5106568908637443,0.3798893761327657,0.641424405594723,0.8964614322620339,0.7270888946739913,0.5329169849250383,1.2600058795990297
21,50.099999999999994,0.5372534599214003,0.7704559163446041,0.5018291863839038,1.0390826463053042,0.9362915612075902,0.6909266372091146,0.5908282426030329,1.2817548798121474
21,50.3,0.21617746015773556,0.6756387299257074,0.5675499998468396,0.7837274600045753,0.9296086695858227,0.7598451914839129,0.5496860738438663,1.309531265327779
21,50.5,0.79969285074784,0.9153833957670265,0.5155369703931064,1.3152298211409466,0.9781906412839166,0.7189677162511243,0.6187067831583545,1.337674499409479
21,50.699999999999996,0.9439127633837425,1.0700610251668092,0.598104643474938,1.5420174068586805,0.9317829932629945,0.7907200051527953,0.5364229906865969,1.327142995839392
21,50.9,0.43483174817574466,0.7380627493477335,0.5206468752598612,0.9554786234356059,0.9336056531044584,0.7969246424564098,0.5351433318762535,1.3320679743326633
21,51.099999999999994,0.46996756547550644,1.169408437151237,0.9344246544134839,1.4043922198889902,1.0432513123813263,0.6465443680908187,0.7199791283359169,1.3665234964267357
21,51.3,0.5402221335467052,1.0191195892415406,0.7490085224681879,1.2892306560148932,0.9105947335423963,0.7922657269468487,0.5144618700689719,1.3067275970158208
21,51.5,0.8075187582344392,1.3060947841167991,0.9023354049995796,1.7098541632340187,0.9520040299376709,0.6980945939499842,0.6029567329626788,1.301051326912663
21,51.699999999999996,0.37029189320918116,1.1223229731054039,0.9371770265008134,1.3074689197099945,0.9865222448919231,0.7970211555925002,0.588011667095673,1.3850328226881732
21,51.9,0.7144000395044235,1.1984578280814935,0.8412578083292819,1.5556578478337053,0.9811338451759952,0.7157142912248713,0.6232766995635596,1.3389909907884308
21,52.099999999999994,0.3897197204204402,0.6361525897512603,0.4412927295410402,0.8310124499614804,1.0267649605535647,0.788652241728667,0.6324388396892312,1.4210910814178983
21,52.3,0.7344764746548499,1.1940719507358493,0.8268337134084243,1.5613101880632743,0.9364078867632961,0.6984063910495729,0.5872046912385096,1.2856110822880826
21,52.5,0.3094434580232572,0.6081848871835077,0.4534631581718791,0.7629066161951363,0.9471951693200967,0.707883959501922,0.5932531895691358,1.3011371490710577
21,52.699999999999996,0.2683899109616144,0.9223203829643409,0.7881254274835338,1.0565153384451482,0.9287720368143482,0.7537141007955829,0.5519149864165567,1.3056290872121397
21,52.9,0.3039695434006214,0.6563861578454981,0.5044013861451875,0.8083709295458089,0.9716879299678025,0.6342757109956444,0.6545500744699804,1.2888257854656247
21,53.099999999999994,0.2611152489964943,0.6377326786287572,0.5071750541305101,0.7682903031270043,0.9712647967294024,0.7636842695248889,0.5894226619669579,1.3531069314918467
21,53.3,0.8377081994926693,1.3201436592372655,0.9012895594909308,1.7389977589836,0.9446974458666743,0.7058257344492416,0.5917845786420535,1.297610313091295
21,53.5,0.6445836576291201,1.1614169154306127,0.8391250866160527,1.4837087442451729,0.962940386562785,0.7357101977415019,0.5950852876920341,1.330795485433536
21,53.699999999999996,0.39220363366035493,1.0440509251483774,0.8479491083182,1.240152741978555,0.9909428785851147,0.7044529227105207,0.6387164172298543,1.343169339940375
21,53.9,0.4047088316201534,1.0974276675752983,0.8950732517652217,1.299782083385375,1.0212819772043458,0.8127055952519437,0.6149291795783739,1.4276347748303175
21,54.099999999999994,0.8683161374280381,1.1893481976613505,0.7551901289473314,1.6235062663753694,0.935570288491591,0.7462270656707363,0.5624567556562228,1.3086838213269592
21,54.3,0.23206906001609567,0.7543703218182529,0.638335791810205,0.8704048518263008,0.9568215875215064,0.7556798934545879,0.5789816407942124,1.3346615342488004
21,54.5,0.24146968867039087,0.660198182012672,0.5394633376774766,0.7809330263478674,0.9152820481358566,0.796905502881181,0.5168292966952661,1.313734799576447
21,54.699999999999996,0.9456775790858277,0.7286250672689982,0.2557862777260843,1.201463856811912,1.1153153137956768,0.9129595131639228,0.6588355572137155,1.5717950703776382
21,54.9,0.6553322155447134,0.9632395580280367,0.63557345025568,1.2909056658003935,1.0056446126831557,0.4864679830085096,0.762410621178901,1.2488786041874105
21,55.099999999999994,0.4496545510840874,0.9771965918654872,0.7523693163234436,1.202023867407531,0.9576543999121655,0.8114887548050276,0.5519100225096517,1.3633987773146794
21,55.3,0.4265406223058461,1.0067575753218174,0.7934872641688944,1.2200278864747405,0.9604365972647428,0.7629051097912902,0.5789840423690977,1.341889152160388
21,55.5,0.2869771371373197,0.663786929871002,0.5202983613023422,0.8072754984396618,0.9767371606456612,0.7060569579071265,0.6237086816920979,1.3297656395992243
21,55.699999999999996,0.2397926818049702,0.6768912566051303,0.5569949157026451,0.7967875975076154,1.0152480014920755,0.7530305301426968,0.6387327364207271,1.3917632665634239
21,55.9,0.3545762757187378,0.6551443868430121,0.47785624898364315,0.832432524702381,0.9116413298545532,0.7924577738062455,0.5154124429514304,1.307870216757676
21,56.099999999999994,0.5735096963638447,1.0974061669657873,0.8106513187838651,1.3841610151477097,0.9642007416350794,0.7167645490124742,0.6058184671288422,1.3225830161413166
21,56.3,1.0194732560773658,0.9765964120346353,0.46685978399595246,1.4863330400733181,0.968984992793192,0.6727058391798194,0.6326320732032822,1.3053379123831017
21,56.5,0.4418837514809394,0.5987234458744538,0.3777815701339841,0.8196653216149234,0.9504592889506869,0.785714275922624,0.5576021509893749,1.3433164269119988
21,56.699999999999996,0.2573093788046374,0.6858204884260094,0.5571657990236907,0.8144751778283281,0.9452192171634017,0.6510344358463644,0.6197019992402195,1.270736435086584
21,56.9,0.24680145817124474,0.5399386262680492,0.4165378971824268,0.6633393553536716,0.9471869797410339,0.6869057494149295,0.6037341050335692,1.2906398544484987
21,57.099999999999994,0.3556260448811864,0.3421255199076777,0.16431249746708454,0.5199385423482709,0.888661347312132,0.7676424742304083,0.5048401101969278,1.2724825844273362
21,57.3,0.4125828527551452,0.4662976166558242,0.26000619027825156,0.6725890430333968,0.9913633833485364,0.4063014620328989,0.7882126523320869,1.1945141143649858
21,57.5,0.4099388552652986,0.9120761980274772,0.7071067703948277,1.1170456256601267,0.9257461007927126,0.8851209068066739,0.48318564738937564,1.3683065541960495
21,57.699999999999996,0.3340726889138258,1.0113392202870142,0.8443028758301013,1.1783755647439271,0.9831177850043274,0.7048529003776808,0.630691334815487,1.335544235193168
21,57.9,0.5058785690918555,1.0303933633047107,0.777454078758783,1.2833326478506384,0.9551446337097238,0.7775950725927948,0.5663470974133265,1.3439421700061212
21,58.099999999999994,0.7027733831610522,1.062024529027465,0.710637837446939,1.4134112206079912,1.0074544316426717,0.7612130558061945,0.6268479037395744,1.388060959545769
21,58.3,0.5244784915748714,1.120133490845154,0.8578942450577182,1.3823727366325895,0.9357385106334437,0.7068209922252185,0.5823280145208345,1.289149006746053
21,58.5,0.21471637951344458,0.5807524771300732,0.4733942873733508,0.6881106668867955,0.9641929559600773,0.7292020954583773,0.5995919082308886,1.328794003689266
21,58.699999999999996,0.2845993600382297,0.5398134919021348,0.39751381188302,0.6821131719212497,1.003525674630923,0.9013461360237573,0.5528526066190442,1.4541987426428016
21,58.9,0.8269497025612115,1.1381913614897705,0.7247165102091647,1.5516662127703762,0.8829148976171028,0.5532654426062654,0.6062821763139701,1.1595476189202356
21,59.099999999999994,0.3218550978419568,0.8540578251008323,0.6931302761798539,1.0149853740218107,0.8630139925162241,0.8442891196192939,0.4408694327065772,1.285158552325871
21,59.3,0.20705632428775525,0.7610240036787788,0.6574958415349011,0.8645521658226565,0.8637015209219983,0.6963170941597409,0.5155429738421278,1.2118600680018687
21,59.5,0.33423725435629853,0.7507718904473267,0.5836532632691774,0.917890517625476,0.9075674230824903,0.681284613395815,0.5669251163845828,1.2482097297803978
21,59.699999999999996,0.7949687814730519,0.8157378548569836,0.4182534641204575,1.2132222455935096,0.9615983497612479,0.8031462383860954,0.5600252305682002,1.3631714689542958
21,59.9,0.26975694764972086,0.6364842460083451,0.5016057721834846,0.7713627198332055,0.9412119306877766,0.6889362043325068,0.5967438285215232,1.28568003285403
21,60.099999999999994,0.2651246472951753,0.6469821723319482,0.5144198486843605,0.7795444959795358,0.9573236888690431,0.6928696987114573,0.6108888395133144,1.3037585382247716
21,60.3,0.39202317186747054,0.890565675403965,0.6945540894702298,1.0865772613377003,0.9744743674647144,0.6810375740232357,0.6339555804530965,1.3149931544763322
21,60.5,0.30852069565625917,0.7392274515301446,0.584967103702015,0.8934877993582742,0.9300115297182261,0.7107791062454407,0.5746219765955057,1.2854010828409463
21,60.699999999999996,0.7109030658775751,0.8960728142243858,0.5406212812855982,1.2515243471631734,0.9739302636307752,0.6354464656382471,0.6562070308116517,1.2916534964498987
21,60.9,1.003503450455731,0.6592490849564459,0.15749735972858048,1.1610008101843112,0.9022041613611222,0.7550454404304562,0.5246814411458942,1.2797268815763503
21,61.099999999999994,0.3588967726598261,1.0557141748447445,0.8762657885148315,1.2351625611746577,0.9089963883650989,0.6943001556565749,0.5618463105368114,1.2561464661933863
21,61.3,0.2747452289445637,0.58923261279272,0.4518599983204381,0.7266052272650019,0.9691511876155382,0.6841455663997994,0.6270784044156386,1.3112239708154378
21,61.5,0.3425600662029052,0.320890604397369,0.14961057129591643,0.49217063749882156,0.9451062991471451,0.7356385184997187,0.5772870398972857,1.3129255583970045
21,61.699999999999996,0.6489261477709528,1.016283000291988,0.6918199264065116,1.3407460741774644,0.9942336598049549,0.5707510335761454,0.7088581430168822,1.2796091765930275
21,61.9,0.26451696881971987,0.6678136589276538,0.5355551745177939,0.8000721433375138,0.9529130834511551,0.7479593487724838,0.5789334090649132,1.326892757837397
21,62.1,0.7979098368762568,0.6862955601851846,0.2873406417470561,1.085250478623313,0.9391285886861402,0.7542987141434263,0.5619792316144271,1.3162779457578533
21,62.3,0.543977043905324,0.9598357783171985,0.6878472563645365,1.2318243002698603,0.959328524583423,0.7012293608508866,0.6087138441579797,1.3099432050088664
21,62.5,0.36790840790955814,1.3636060795424496,1.1796518755876706,1.5475602834972286,1.005360731735915,0.8046921552588222,0.6030146541065039,1.407706809365326
21,62.699999999999996,1.1109443176948317,0.9790015883533879,0.42352942950597217,1.5344737472008037,0.961663975681085,0.7013061976069264,0.6110108768776218,1.312317074484548
21,62.9,0.4658853799344832,1.51340699787179,1.2804643079045483,1.7463496878390314,0.9693737053030258,0.7239169438411268,0.6074152333824624,1.3313321772235893
21,63.1,0.7265322957904196,1.0347319195489948,0.671465771653785,1.3979980674442045,0.94184366823039,0.7408057386927284,0.5714407988840258,1.3122465375767542
21,63.3,0.3458748501720813,0.9019563279860832,0.7290189029000425,1.0748937530721239,0.9626097376232623,0.7113396624575754,0.6069399063944746,1.3182795688520499
21,63.5,0.7464953373741509,1.2518369559436233,0.8785892872565478,1.6250846246306987,0.9481217599807485,0.7043812335516471,0.595931143204925,1.300312376756572
21,63.699999999999996,0.2565817529411382,0.6842555100861318,0.5559646336155628,0.812546386556701,0.9487653701875021,0.6836375404769837,0.6069465999490102,1.290584140425994
21,63.9,0.38725988096305874,1.06467039682817,0.8710404563466406,1.2583003373096995,0.9432944143725208,0.8332761119948633,0.5266563583750892,1.3599324703699525
21,64.1,0.3790910033695985,0.9294452771640385,0.7398997754792392,1.1189907788488378,0.9320482787913312,0.7553117191389814,0.5543924192218406,1.309704138360822
21,64.3,0.8876858847131055,0.8191894763847372,0.37534653402818446,1.2630324187412898,1.0026191716290482,0.4285294396788834,0.7883544517896065,1.2168838914684899
21,64.5,0.24102939217965638,0.669126086554523,0.5486113904646948,0.7896407826443512,0.9409598273795091,0.8296814703134477,0.5261190922227852,1.355800562536233
21,64.69999999999999,0.5645060880342242,0.3466194653949822,0.06436642137786998,0.6288725094120944,0.9635477702319273,0.7177381770195733,0.6046786817221406,1.322416858741714
21,64.9,0.3099930406375069,0.6141879446578434,0.45919142433908994,0.7691844649765969,0.9679889421101971,0.675189780690569,0.6303940517649127,1.3055838324554816
21,65.1,0.26298404176132484,0.5372357437241654,0.40574372284350296,0.6687277646048279,1.0121449185995883,0.6080405428411613,0.7081246471790077,1.316165190020169
21,65.3,0.8361700270208905,0.8502832392272048,0.4321982257167595,1.26836825273765,0.932831109661284,0.8042951810891826,0.5306835191166928,1.3349787002058753
21,65.5,0.3220082995254324,0.39721933340962645,0.23621518364691024,0.5582234831723427,0.9849338067455854,0.6911481311442121,0.6393597411734793,1.3305078723176915
21,65.69999999999999,0.45460502788808077,0.35086764416299077,0.12356513021895037,0.5781701581070312,0.9456026328399478,0.718024037671229,0.5865906140043333,1.3046146516755623
21,65.9,0.5918902352959562,0.4795707412244642,0.18362562357648604,0.7755158588724423,0.9696233268281843,0.696445299983691,0.6214006768363388,1.31784597682003
21,66.1,0.23313018600879928,0.79337135779213,0.6768062647877303,0.9099364507965295,0.927726612729667,0.6643529308536849,0.5955501473028246,1.2599030781565095
21,66.3,0.3702080249530661,1.0054774197223566,0.8203734072458236,1.1905814321988897,0.9507460173586468,0.6747569292158241,0.6133675527507347,1.288124481966559
21,66.5,0.7735005306663282,0.7954196372001643,0.4086693718670002,1.1821699025333283,0.9134077857572467,0.6223173224892009,0.6022491245126462,1.2245664470018471
21,66.69999999999999,0.557745691644367,0.8050866438029242,0.5262137979807406,1.0839594896251077,0.9276873219174536,0.7263422987058336,0.5645161725645369,1.2908584712703703
21,66.9,0.5949350489787127,0.9287883175205571,0.6313207930312009,1.2262558420099134,0.9800548916153894,0.7705441397687276,0.5947828217310256,1.3653269614997532
21,67.1,0.8619256406826293,1.0276752531597062,0.5967124328183916,1.458638073501021,0.9345874623485237,0.6608121459511729,0.6041813893729373,1.2649935353241102
21,67.3,0.2913782542081174,0.5546185185253452,0.40892939142128637,0.7003076456294038,0.938868029174292,0.6309745274476243,0.6233807654504799,1.254355292898104
21,67.69999999999999,0.228586762213206,0.5591646333175179,0.4448712522109149,0.6734580144241209,0.9172396290013028,0.753291832039117,0.5405937129817444,1.2938855450208613
21,67.9,0.3224310948993481,0.5553970684648424,0.39418152101516835,0.7166126159145165,0.9215108071338857,0.702483463923238,0.5702690751722667,1.2727525390955048
21,68.1,0.36685005836454937,0.6946059756992404,0.5111809465169658,0.8780310048815152,0.9505732061527721,0.6978300184217204,0.6016581969419119,1.2994882153636322
21,68.3,0.7726122123273048,0.9553248017462664,0.569018695582614,1.341630907909919,0.9381203058633096,0.7050196527901088,0.5856104794682553,1.290630132258364
21,68.5,0.7608288685458667,0.8422430710840015,0.4618286368110682,1.2226575053569348,0.9573389413381068,0.730826696939182,0.5919255928685159,1.3227522898076978
21,68.7,0.20826386015530204,0.5688068966501021,0.464674966572451,0.6729388267277531,0.9131499887830352,0.6613931452790758,0.5824534161434973,1.243846561422573
21,68.9,0.5322585573902576,0.8321779087200023,0.5660486300248735,1.0983071874151311,0.9619259319183574,0.7494148897331354,0.5872184870517897,1.336633376784925
21,69.1,0.2876470720077002,0.6823724349246103,0.5385488989207602,0.8261959709284604,0.9489402622857251,0.6542083859259191,0.6218360693227656,1.2760444552486847
21,69.3,0.600838991433389,0.8217756317193766,0.5213561360026822,1.122195127436071,0.9973816148137349,0.8183752737864196,0.5881939779205251,1.4065692517069448
21,69.5,0.5634644726301649,0.6151088468569882,0.33337661054190576,0.8968410831720707,0.9320253462840771,0.7510161155075173,0.5565172885303185,1.3075334040378357
21,69.7,0.6227845411155951,1.0812435250087569,0.7698512544509594,1.3926357955665545,0.941620329058034,0.718407859386221,0.5824163993649234,1.3008242587511445
21,69.9,0.2896959125719238,0.9843471943206876,0.8394992380347258,1.1291951506066495,0.9850143927524823,0.6998453624653547,0.6350917115198049,1.3349370739851596
21,70.1,0.4096906164148156,0.45795434212221725,0.25310903391480943,0.6627996503296251,0.9437150253517907,0.7378120321999077,0.574809009251837,1.3126210414517445
21,70.3,0.5605993148842392,0.80784925406924,0.5275495966271204,1.0881489115113596,0.9947512843934588,0.6877490252204354,0.6508767717832411,1.3386257970036766
21,70.5,0.9995589513214462,0.9647855298007546,0.46500605414003154,1.4645650054614776,0.9769209259041935,0.7940558693499333,0.5798929912292269,1.3739488605791603
21,70.7,0.37108313979739316,0.548633599632498,0.3630920297338015,0.7341751695311947,0.9586139378055637,0.7137096023990761,0.6017591366060256,1.3154687390051016
21,70.9,0.8602508131073265,0.7224545858525853,0.292329179298922,1.1525799924062485,0.9641654920700725,0.7167512527015976,0.6057898657192737,1.3225411184208713
21,71.1,0.525107206941972,0.7422046528021385,0.47965104933115255,1.0047582562731245,0.9491749103797764,0.7167667405882407,0.590791540085656,1.3075582806738968
21,71.3,0.25646494277835924,0.8261108414652072,0.6978783700760275,0.9543433128543869,0.9483359788271883,0.7333710843967527,0.581650436628812,1.3150215210255647
21,71.5,0.30425431559053073,1.0552018140490174,0.9030746562537519,1.2073289718442826,0.9948253904203253,0.752014711550094,0.6188180346452783,1.3708327461953722
21,71.7,0.5252367827375387,1.1326148703861785,0.8699964790174092,1.3952332617549479,0.9641087639251308,0.7794203611433304,0.5743985833534656,1.3538189444967959
21,71.9,0.4351932962769164,1.2180789543343105,1.000482306195852,1.4356756024727686,0.9770655450020083,0.7380882893422757,0.6080214003308704,1.3461096896731461
21,72.1,0.30426057037103305,0.995849403151842,0.8437191179663255,1.1479796883373585,1.1042312988783172,0.912719048932388,0.6478717744121232,1.5605908233445112
21,72.3,0.34623993623666166,0.9390761950538906,0.7659562269355596,1.1121961631722215,1.1813457395755733,1.1474337377067436,0.6076288707222015,1.7550626084289451
21,72.5,1.1432536103142,0.7095785954389058,0.13795179028180582,1.2812054005960059,0.9543790612913193,0.8562335561212635,0.5262622832306876,1.382495839351951
21,72.7,0.5416280930068657,1.4003318233839692,1.1295177768805365,1.671145869887402,0.9202858037570517,0.7379489431126188,0.5513113322007424,1.289260275313361
21,72.9,0.3866617140012383,1.2637791395817537,1.0704482825811346,1.4571099965823728,0.9682615547519483,0.6833483465293838,0.6265873814872565,1.3099357280166402
21,73.1,0.8611791188250588,1.2862536551723753,0.855664095759846,1.7168432145849049,0.9688407711697372,0.7567777818713424,0.590451880234066,1.3472296621054083
21,73.3,0.3449445667909031,1.0320722849319905,0.8596000015365389,1.204544568327442,0.9349433142097455,0.7566523356631933,0.5566171463781489,1.3132694820413422
21,73.5,0.5362072407067371,1.1562485311906272,0.8881449108372588,1.4243521515439959,0.9245359078451535,0.8000149211468235,0.5245284472717417,1.3245433684185652
21,73.7,0.29038258210449786,1.427822311227434,1.2826310201751852,1.573013602279683,1.0096981284490032,0.708324550127229,0.6555358533853888,1.3638604035126176
21,73.9,0.7861271355279753,1.0565148252259329,0.6634512574619452,1.4495783929899204,0.9404935930284699,0.8377671281786631,0.5216100289391383,1.3593771571178015
21,74.1,0.6248305915481025,1.1807470585306348,0.8683317627565835,1.4931623543046861,0.9658860194352751,0.72953768870758,0.6011171750814851,1.3306548637890652
21,74.3,1.3232749534353008,0.8347317269735167,0.17309425025586642,1.496369203691167,0.9447547094572163,0.7618775156004929,0.5638159516569698,1.3256934672574627
21,74.5,0.5178976213322087,1.182531908622463,0.9235830979563588,1.4414807192885675,0.9426742634577008,0.6813218612679272,0.6020133328237371,1.2833351940916644
21,74.7,0.2499262667965718,0.7091650079695695,0.5842018745712836,0.8341281413678555,0.953697422484375,0.7633991469240704,0.5719978490223397,1.33539699594641
21,74.9,0.45272613495434194,0.3419794895891723,0.11561642211200127,0.5683425570663433,0.9885564661736077,0.7288166860659301,0.6241481231406427,1.3529648092065727
21,75.1,0.44548187168386727,0.49274891089655976,0.27000797505462604,0.7154898467384935,1.0297369636835352,0.8576055733891756,0.6009341769889474,1.458539750378123
21,75.3,0.2620831178708478,0.6559057464399268,0.5248641875045029,0.7869473053753507,0.9631829152445652,0.7705464386067096,0.5779096959412104,1.34845613454792
21,75.5,0.29134381830927364,0.596667493629391,0.4509955844747542,0.7423394027840279,1.0817000082924821,0.8367964838940368,0.6633017663454637,1.5000982502395006
21,75.7,0.2107004693996418,0.5604638945190932,0.4551136598192722,0.6658141292189141,1.040945924127627,0.846894873705502,0.6174984872748761,1.464393360980378
21,75.9,0.2851144584160791,0.6276849876199624,0.4851277584119228,0.7702422168280019,0.9039131193011869,0.7607490314116175,0.5235386035953782,1.2842876350069956
21,76.1,0.4308852820579401,0.8814710751362895,0.6660284341073195,1.0969137161652596,0.9203953322649706,0.6506393105885898,0.5950756769706758,1.2457149875592655
21,76.3,0.7576331729375547,1.4268933311919785,1.0480767447232011,1.8057099176607558,0.935354018603481,0.7140309293891374,0.5783385539089123,1.2923694832980497
21,76.5,0.23061038573356388,1.1570021509959767,1.0416969581291946,1.2723073438627588,0.9791051140604736,0.7524237557500932,0.602893236185427,1.3553169919355201
21,76.7,0.38802156161790263,0.5583728719239691,0.3643620911150177,0.7523836527329204,0.9495684960898969,0.7541265047854318,0.572505243697181,1.3266317484826127
21,76.9,0.3316535965406598,0.5669345939247104,0.40110779565438043,0.7327613921950402,0.9995011672331253,0.8309061127789789,0.584048110843636,1.4149542236226147
21,77.1,0.2378745126789183,1.3770936760972425,1.2581564197577835,1.4960309324367018,0.9354513539900012,0.8121095135731473,0.5293965972034276,1.341506110776575
21,77.3,0.9250997648943424,1.2549128576970432,0.7923629752498719,1.7174627401442144,0.984000898400173,0.7024748495758502,0.6327634736122479,1.335238323188098
21,77.5,0.5655075977238124,1.020500920053865,0.7377471211919587,1.3032547189157713,0.9793087193792279,0.7536534080025961,0.6024820153779299,1.3561354233805258
21,77.7,0.3652347582598599,0.5728884779636279,0.3902710988336979,0.7555058570935578,0.9795958971720727,0.7647077060887697,0.5972420441276879,1.3619497502164575
21,77.9,0.818452120717433,0.6048041236735536,0.1955780633148371,1.01403018403227,0.9275169014851619,0.7286389993051618,0.5631974018325809,1.2918364011377428
21,78.1,0.5484066812268649,1.0329990071865325,0.7587956665731002,1.307202347799965,0.9759058902875652,0.6886807892497513,0.6315654956626896,1.3202462849124408
21,78.3,0.9204495390402888,1.0281451825286232,0.567920413008479,1.4883699520487677,0.9752021051052431,0.7329893463940135,0.6087074319082364,1.3416967783022498
21,78.5,0.3702588609589158,0.505237109799892,0.32010767932043416,0.69036654027935,0.9804797994400394,0.8297793624394008,0.565590118220339,1.3953694806597396
21,78.7,0.2819317388019862,0.7737709076344761,0.632805038233483,0.9147367770354693,0.9262511329527632,0.8021109076985786,0.5251956791034739,1.3273065868020524
21,78.9,1.1530916516181038,0.9736509179985842,0.39710509218953227,1.550196743807636,0.9203013042217939,0.6897410056431694,0.5754308014002092,1.2651718070433786
21,79.1,0.28140384879808816,1.2083959707748662,1.067694046375822,1.3490978951739103,0.9688466158361474,0.7726833706363415,0.5825049305179766,1.3551883011543182
21,79.3,0.5718965054316675,1.5087065344559565,1.2227582817401226,1.7946547871717902,0.9262154077692597,0.7385071462215251,0.5569618346584971,1.2954689808800222
21,79.5,0.3510486616030863,1.1918214059808478,1.0162970751793048,1.367345736782391,0.9558620971461212,0.7535013419750802,0.5791114261585811,1.3326127681336613
21,79.7,1.0729504880837248,1.0164900353471875,0.48001479130532504,1.5529652793890498,0.9444037207739735,0.6629139673232167,0.6129467371123651,1.2758607044355819
21,79.9,0.4236888269930093,1.3582505643116365,1.146406150815132,1.5700949778081412,0.9867586331163339,0.7976960174475047,0.5879106243925816,1.3856066418400863
21,80.1,0.2289110970026095,0.7351875637699437,0.6207320152686389,0.8496431122712484,0.9122393039902443,0.8228850684494808,0.5007967697655039,1.3236818382149846
21,80.3,0.2185676064424198,0.6292976657339502,0.5200138625127403,0.7385814689551601,0.9295744015697928,0.6294383238347412,0.6148552396524222,1.2442935634871635
21,80.5,0.4683313404357623,1.1482255551510998,0.9140598849332187,1.3823912253689807,0.9278998422695235,0.6704785958566875,0.5926605443411798,1.2631391401978673
21,80.7,0.3897841336647672,1.1005802089733931,0.9056881421410096,1.2954722758057766,0.9765097133374759,0.7312100025648846,0.6109047120550337,1.3421147146199182
21,80.9,1.0181989678939019,1.0015644670143005,0.4924649830673494,1.5106639509612514,0.9003130627533402,0.8491576956834126,0.4757342149116339,1.3248919105950465
21,81.1,0.4281404050130749,0.46910590092824145,0.255035698421704,0.6831761034347789,1.004050523740638,0.7807245928957977,0.6136882272927393,1.3944128201885369
21,81.3,0.7306792057712037,0.8168773663604474,0.45153776347484553,1.1822169692460494,0.9369821761033726,0.6994985067551632,0.5872329227257911,1.2867314294809542
21,81.5,0.35761864126852083,0.9381145883412584,0.759305267706998,1.1169239089755187,0.9271151192781107,0.6652467603344492,0.5944917391108862,1.2597384994453353
21,81.7,0.6585714040171747,0.819540180907184,0.49025447889859647,1.1488258829157714,0.9058359352406452,0.7214809377265162,0.545095466377387,1.2665764041039034
21,81.9,0.5150528067936591,0.319934904751922,0.062408501355092516,0.5774613081487515,0.912188221763823,0.6782894820573612,0.5730434807351423,1.2513329627925036
21,82.1,0.3265437566425545,0.8795999573737698,0.7163280790524925,1.042871835695047,0.910069678084109,0.7378111641893874,0.5411640959894153,1.2789752601788027
21,82.3,0.20704168239826032,0.7230728092835829,0.6195519680844527,0.826593650482713,0.9534224498861906,0.667329603634338,0.6197576480690217,1.2870872517033596
21,82.5,0.25384928277129337,0.6031519674807493,0.4762273260951026,0.730076608866396,0.9348690979294867,0.7351165441203221,0.5673108258693256,1.3024273699896478
21,82.7,0.7183699588920387,0.950038090628881,0.5908531111828615,1.3092230700749004,0.9620125594722091,0.7081734923946027,0.6079258132749077,1.3160993056695105
21,82.9,0.8810005913089815,1.1401399042478881,0.6996396085933976,1.580640199902379,0.9531997317317673,0.7072310299532805,0.5995842167551271,1.3068152467084075
21,83.1,0.3946467370036502,0.9550815305229534,0.7577581620211283,1.1524048990247786,0.9222763283709121,0.8102283777791426,0.5171621394813408,1.3273905172604834
21,83.3,0.2384556391614324,0.6897429948970235,0.5705151753163072,0.8089708144777398,0.9490516610728899,0.6637632281319367,0.6171700470069215,1.2809332751388582
21,83.5,0.29482223653690853,0.6699836865456184,0.522572568277164,0.8173948048140726,0.9518131288658754,0.716723090361295,0.5934515836852279,1.310174674046523
21,83.7,0.23202040947422875,0.5403944893721302,0.4243842846350159,0.6564046941092446,0.9763957464763364,0.7455761870979385,0.6036076529273672,1.3491838400253058
21,83.9,0.3648183934677789,0.6867952402995255,0.5043860435656361,0.869204437033415,0.9485125811011941,0.7641304264786266,0.5664473678618808,1.3305777943405075
21,84.1,0.25140503892918137,0.7040834340621631,0.5783809145975725,0.8297859535267539,0.9749541245813693,0.7612174072842299,0.5943454209392544,1.3555628282234844
21,84.3,0.22826549487794576,1.3491369456139064,1.2350041981749336,1.4632696930528795,0.945590259117575,0.8036037237437785,0.5437883972456857,1.3473921209894644
21,84.5,0.27411962396417144,1.3039322296389761,1.1668724176568903,1.440992041621062,0.924610015982571,0.6593779428771636,0.5949210445439892,1.2542989874211528
21,84.7,0.24372981072200559,1.1881617109526805,1.0662968055916777,1.3100266163136833,1.0242195548896624,0.773430581394247,0.6375042641925389,1.410934845586786
21,84.9,0.8509695538379742,1.1197878746673717,0.6943030977483846,1.5452726515863588,0.9661734339207663,0.7844103074082881,0.5739682802166222,1.3583785876249104
21,85.1,0.3640990520531315,1.294515428953317,1.1124659029267512,1.4765649549798827,0.948818119282446,0.7459189539538258,0.5758586423055331,1.3217775962593588
21,85.3,0.39474977611216544,0.9575490384435072,0.7601741503874245,1.1549239264995899,0.9575535739494969,0.6696953408809684,0.6227059035090128,1.292401244389981
21,85.5,0.6479449396810062,0.9167239787130048,0.5927515088725017,1.240696448553508,0.9724149779015671,0.7338376840593042,0.605496135871915,1.3393338199312192
21,85.7,0.35637201719612466,1.3231075707947166,1.1449215621966542,1.5012935793927789,0.9983963211447138,0.7508964569761901,0.6229480926566187,1.3738445496328089
21,85.9,0.3413341041774884,1.0465286992159313,0.8758616471271872,1.2171957513046756,1.0376706237849973,0.8089591688247921,0.6331910393726012,1.4421502081973934
21,86.1,0.7724511376448776,1.1570935503890336,0.7708679815665949,1.5433191192114726,0.9463281700220172,0.8111349299534865,0.540760705045274,1.3518956349987605
21,86.3,0.2988114991487604,0.47550776188888294,0.32610201231450275,0.6249135114632631,0.8991095468206232,0.6627650854378576,0.5677270041016944,1.230492089539552
21,86.5,0.3404207808631846,0.9414714974670473,0.771261107035455,1.1116818878986396,0.9058629263377714,0.7302391068070919,0.5407433729342255,1.2709824797413174
21,86.7,0.27912796598991424,0.7709015623606654,0.6313375793657083,0.9104655453556226,0.8993911028074283,0.7617735098994265,0.518504347857715,1.2802778577571416
21,86.9,0.3881586837543045,0.9521908741621974,0.7581115322850452,1.1462702160393496,0.9231440994782221,0.66169498279826,0.5922966080790921,1.253991590877352
21,87.1,0.5452551802097205,0.9028837756387293,0.6302561855338692,1.1755113657435896,0.9594701243541448,0.6832443640562115,0.617847942326039,1.3010923063822506
21,87.3,0.5850016022944022,0.7521266968003922,0.4596258956531911,1.0446274979475934,0.9493570819955105,0.703695988721429,0.5975090876347959,1.301205076356225
21,87.5,0.5771841834888869,0.9927264964474255,0.704134404702982,1.281318588191869,0.9257919980300078,0.6900374759466105,0.5807732600567026,1.270810736003313
21,87.7,0.5524371164775509,0.4585901227433081,0.18237156450453268,0.7348086809820835,0.96361989011367,0.6923799130836643,0.6174299335718378,1.3098098466555022
21,87.9,0.23573594941947687,0.43792707341590853,0.32005909870617005,0.555795048125647,0.9516548210600235,0.6630252544128158,0.6201421938536156,1.2831674482664315
21,88.3,0.29358452974819316,0.5277318232547275,0.3809395583806308,0.674524088128824,0.8900913083530939,0.747843973098194,0.5161693218039969,1.264013294902191
21,88.5,1.0100371656737945,1.2505691111785313,0.745550528341634,1.7555876940154285,0.9315710223409209,0.660580288910489,0.6012808778856764,1.2618611667961654
21,88.7,0.23412555998452922,1.3748554850724006,1.2577927050801359,1.4919182650646652,0.8923666802085806,0.7405444906164064,0.5220944349003773,1.2626389255167838
21,88.9,0.3606241021873058,1.5086099401076307,1.328297889013978,1.6889219912012836,0.9366987822265891,0.6758912059645179,0.5987531792443301,1.274644385208848
21,89.1,0.5720385217377211,1.0052814713414004,0.7192622104725399,1.291300732210261,0.9189196088936378,0.7273383821352709,0.5552504178260023,1.2825887999612733
21,89.3,0.26275622699164863,1.2200444406322608,1.0886663271364365,1.351422554128085,0.95645981367391,0.790348381503576,0.5612856229221219,1.351634004425698
21,89.5,0.2796371535521178,0.9820761808813336,0.8422576041052746,1.1218947576573925,0.9773185379656563,0.8409227167862245,0.556857179572544,1.3977798963587684
21,89.7,0.39926474695212527,0.32345435310998044,0.12382197963391776,0.5230867265860432,0.9277792558309091,0.7031616414977376,0.5761984350820404,1.279360076579778
21,89.9,0.3471870246845922,0.21103287570314166,0.037439363360845565,0.38462638804543775,0.9604280873424248,0.6783472425688177,0.6212544660580159,1.2996017086268337
21,90.1,0.5737337688435494,0.35472999368194624,0.06786310926017143,0.641596878103721,0.9711925833329786,0.7193109953415109,0.6115370856622232,1.330848081003734
21,90.3,0.23246554192493823,0.448729487161913,0.3324967161994439,0.5649622581243822,0.9399402383273612,0.8061067406886302,0.5368868679830461,1.3429936086716763
21,90.5,0.2421625318954172,0.47171169947399405,0.3506304335262854,0.5927929654217027,0.919178437458074,0.7668455653024978,0.5357556548068252,1.3026012201093229
21,90.7,0.37431832719587455,0.7370334527386149,0.5498742891406775,0.9241926163365521,0.9503619244441058,0.6843447932981136,0.6081895277950491,1.2925343210931626
21,90.9,0.2932520548990961,0.7618847094014154,0.6152586819518673,0.9085107368509635,0.909072022694589,0.7353119863874167,0.5414160295008806,1.2767280158882972
21,91.1,0.46344713496602596,0.5209760665382821,0.28925249905526906,0.7526996340212951,0.9177061463925491,0.6509558011135934,0.5922282458357524,1.2431840469493458
21,91.3,0.6635209886398749,0.9801618754837778,0.6484013811638403,1.3119223698037152,0.9626482894556148,0.6914811655212002,0.6169077066950146,1.308388872216215
21,91.5,0.39964668831461736,0.4881739186859241,0.2883505745286154,0.6879972628432328,0.8979309161150112,0.7379991952481968,0.5289313184909128,1.2669305137391096
21,91.7,0.465237151457571,0.4368109447798382,0.2041923690510526,0.6694295205086237,0.9190906909227116,0.6659841940833917,0.5860985938810157,1.2520827879644074
21,91.9,0.40919916332075496,0.7899232480824605,0.585323666422083,0.994522829742838,1.0644616926265906,0.8086963793148192,0.660113502969181,1.4688098822840003
21,92.1,0.6394245411368167,0.9121649091345092,0.5924526385661009,1.2318771797029175,0.9030705489582366,0.7596949197907942,0.5232230890628395,1.2829180088536336
21,92.3,0.496976844441589,0.9956664377584653,0.7471780155376708,1.2441548599792598,0.9330632950465464,0.7514727950476261,0.5573268975227333,1.3087996925703593
21,92.5,1.005287380222382,1.1220602301069278,0.6194165399957366,1.6247039202181188,0.9353132330684802,0.6884451943036082,0.5910906359166761,1.2795358302202844
21,92.7,0.29218792219229456,0.5020799051744309,0.35598594407828366,0.6481738662705783,0.9311826677977421,0.6873169234680006,0.5875242060637418,1.2748411295317423
21,92.9,0.31539054261704047,0.7818889632581463,0.624193691949626,0.9395842345666666,0.9508171309717984,0.7569370946925823,0.5723485836255073,1.3292856783180895
21,93.1,0.3939396901196266,0.93050449628445,0.7335346512246367,1.1274743413442634,0.9220453012458552,0.7315246233955793,0.5562829895480654,1.2878076129436449
21,93.3,0.26434091353477623,1.3071466904507503,1.1749762336833622,1.4393171472181385,0.9605412661267356,0.6711579385445934,0.6249622968544389,1.2961202353990324
21,93.5,0.21306465161714797,1.3481560018420728,1.2416236760334989,1.4546883276506468,0.9766869799991937,0.6945002279949658,0.6294368660017109,1.3239370939966766
21,93.7,0.5182274244062114,0.8405826199009905,0.5814689076978848,1.0996963321040962,0.9437294878762592,0.6786452996934076,0.6044068380295554,1.283052137722963
21,93.9,0.512721091377962,0.9720360032878851,0.7156754575989042,1.228396548976866,0.9701852154650903,0.687494987876665,0.6264377215267578,1.3139327094034228
21,94.1,0.2768615055393332,0.9349495895005591,0.7965188367308924,1.0733803422702257,0.9826617509311987,0.6433419191480897,0.6609907913571538,1.3043327105052436
21,94.3,1.2352379756197374,0.7382152355719068,0.12059624776203823,1.3558342233817755,0.9508824607570543,0.7237155176345779,0.5890247019397654,1.3127402195743432
21,94.5,0.34470198398100693,0.4800977294286931,0.30774673743818964,0.6524487214191966,1.0322909806481926,0.7784536186396529,0.6430641713283661,1.4215177899680191
21,94.7,0.4604849129808814,1.032861540607711,0.8026190841172702,1.2631039970981517,0.909318730506709,0.7180275389069204,0.5503049610532488,1.2683324999601693
21,94.9,0.42133406846822463,1.269549353907077,1.0588823196729649,1.4802163881411894,0.9325238903156923,0.6817476097314186,0.591650085449983,1.2733976951814014
21,95.1,0.3712215757155086,1.1958672039344282,1.010256416076674,1.3814779917921827,1.0683922446926906,0.9103001852486847,0.6132421520683482,1.523542337317033
21,95.3,1.0696506260332523,1.3098140770942337,0.7749887640776075,1.84463939011086,0.8860652860378796,0.8352856893300028,0.4684224413728782,1.303708130702881
21,95.5,0.6222090074275458,1.46191742390367,1.1508129201898971,1.773021927617443,0.953577555759187,0.6794381552085469,0.6138584781549136,1.2932966333634606
21,95.7,0.4718145033292256,1.399245320401822,1.1633380687372092,1.6351525720664348,0.9973509491513471,0.813379913844858,0.5906609922289181,1.4040409060737762
21,95.9,0.34896359935177984,0.968210143781988,0.793728344106098,1.142691943457878,0.9406198344290311,0.6668774167356034,0.6071811260612294,1.2740585427968327
