track_id,x_mm,width_mm,center_mm,left_mm,right_mm,width_prediction_mm,center_prediction_mm,left_prediction_mm,right_prediction_mm,baseline_center_prediction_mm,baseline_log_width_prediction,center_residual_prediction_mm,log_width_residual_prediction,predicted_residual_scale_mm,width_lower_90_mm,width_upper_90_mm,global_width_lower_90_mm,global_width_upper_90_mm,outer_track,selected_feature_set,selected_model
8,24.099999999999994,0.7939444005916673,1.0973271909572375,0.7003549906614039,1.494299391253071,0.6717165822014759,1.0180150340955443,0.6821567429948063,1.3538733251962822,1.038415346257972,-0.47651789046750154,-0.020400312162427728,0.07859911036946454,0.08460481128514209,0.2820869804458994,1.0613461839570524,0.24174327691302078,1.101689887489931,8,normalized_compact_thermal,spline_ridge
8,24.299999999999997,0.7708603847311845,1.0855994919038565,0.7001692995382645,1.4710296842694488,0.6427214875839904,1.044729666487062,0.7233689226950668,1.3660904102790572,1.038415346257972,-0.47651789046750154,0.006314320229090066,0.03447409660696142,0.08844748040166565,0.23539528424267803,1.0500476909253027,0.21274818229553527,1.0726947928724455,8,normalized_compact_thermal,spline_ridge
8,24.5,0.7731330342608518,1.1127699169290437,0.7262033997986178,1.4993364340594695,0.6522384720427254,0.9829449499215387,0.656825713900176,1.3090641859429013,1.038415346257972,-0.47651789046750154,-0.05547039633643327,0.049172861206841424,0.09504639513995594,0.21452235963544275,1.089954584450008,0.22226516675427033,1.0822117773311806,8,normalized_compact_thermal,spline_ridge
8,24.700000000000003,0.7310168277079796,1.0947717637596202,0.7292633499056305,1.46028017761361,0.6355428080215313,0.9602734174691905,0.6425020134584248,1.278044821479956,1.038415346257972,-0.47651789046750154,-0.07814192878878147,0.023242061013058726,0.08924099637466629,0.22456223434535805,1.0465233816977046,0.20556950273307617,1.0655161133099864,8,normalized_compact_thermal,spline_ridge
8,24.89999999999999,0.8180768066073618,0.9776214129181773,0.5685830096144963,1.3866598162218582,0.731215811307333,1.0062737106454256,0.6406658049917591,1.371881616299092,1.038415346257972,-0.47651789046750154,-0.03214163561254625,0.16347125517068958,0.09129865652945619,0.31075911807624385,1.1516725045384222,0.3012425060188779,1.1611891165957882,8,normalized_compact_thermal,spline_ridge
8,25.099999999999994,0.7975866922001723,1.0144938636656609,0.6157005175655748,1.413287209765747,0.6624801799378879,0.9827573408890979,0.651517250920154,1.3139974308580418,1.038415346257972,-0.47651789046750154,-0.055658005368874046,0.06475325182333083,0.08278290469248353,0.2812409844647739,1.043719375411002,0.23250687464943276,1.092453485226343,8,normalized_compact_thermal,spline_ridge
8,25.299999999999997,0.7993918619696896,1.0689591917752068,0.669263260790362,1.4686551227600517,0.6380140245162411,0.9813964277819178,0.6623894155237973,1.3004034400400384,1.038415346257972,-0.47651789046750154,-0.05701891847605407,0.02712287658893165,0.10617378341507797,0.14905307394480954,1.1269749750876727,0.208040719227786,1.0679873298046962,8,normalized_compact_thermal,spline_ridge
8,25.5,0.7443992294639245,1.1409729318667006,0.7687733171347384,1.5131725465986627,0.6366431179479609,1.058017043396871,0.7396954844228905,1.3763386023708515,1.038415346257972,-0.47651789046750154,0.019601697138898998,0.02497185565758347,0.07557685662168247,0.28858985596266074,0.9846963799332611,0.2066698126595058,1.066616423236416,8,normalized_compact_thermal,spline_ridge
8,25.700000000000003,0.7065338705830645,1.141318869808855,0.7880519345173228,1.4945858051003873,0.6705170228014977,1.0042566985795265,0.6689981871787776,1.3395152099802754,1.038415346257972,-0.47651789046750154,-0.034158647678445495,0.07681170210480397,0.1017380621709714,0.20198385022031745,1.139050195382678,0.2405437175130426,1.1004903280899527,8,normalized_compact_thermal,spline_ridge
8,25.89999999999999,0.5940449073489923,1.0936643229024983,0.7966418692280021,1.3906867765769946,0.708874855892126,1.0619980884488562,0.7075606605027933,1.4164355163949192,1.038415346257972,-0.47651789046750154,0.023582742190884298,0.13244161452858333,0.08064641377691337,0.3374748184047494,1.0802748933795026,0.27890155060367083,1.1388481611805812,8,normalized_compact_thermal,spline_ridge
8,26.099999999999994,0.8273117888383953,1.0848566881769095,0.6712007937577119,1.4985125825961072,0.6995867756753139,0.9875823622198789,0.637788974382222,1.3373757500575358,1.038415346257972,-0.47651789046750154,-0.05083298403809297,0.11925245175720528,0.07649222723885574,0.34731796750995136,1.0518555838406765,0.2696134703868588,1.1295600809637691,8,normalized_compact_thermal,spline_ridge
8,26.299999999999997,0.6908675524476982,1.0816370520642045,0.7362032758403553,1.4270708282880535,0.7187115853758989,1.0413619015796964,0.6820061088917471,1.4007176942676458,1.038415346257972,-0.47651789046750154,0.0029465553217245047,0.14622275573508123,0.08824096513595305,0.3123364445038929,1.1250867262479047,0.28873828008744373,1.148684890664354,8,normalized_compact_thermal,spline_ridge
8,26.5,0.7183155252690379,1.1203645512373606,0.7612067886028417,1.4795223138718796,0.6857827175255704,1.025500188546275,0.6826088297834897,1.3683915473090602,1.038415346257972,-0.47651789046750154,-0.012915157711697108,0.0993234507381617,0.08595934401958676,0.289915101148014,1.0816503339031267,0.2558094122371153,1.1157560228140255,8,normalized_compact_thermal,spline_ridge
8,26.700000000000003,0.8487725222685899,1.1203237764982223,0.6959375153639273,1.5447100376325174,0.7448200640080848,1.0331109639596396,0.6607009319555972,1.405520995963682,1.038415346257972,-0.47651789046750154,-0.0053043822983323795,0.18190527587174432,0.08110527887672882,0.37130682015117844,1.118333307864991,0.31484675871962964,1.1747933692965398,8,normalized_compact_thermal,spline_ridge
8,26.89999999999999,0.7677402483031927,1.1441885891009,0.7603184649493039,1.5280587132524963,0.7189482356081799,1.0196664261538992,0.6601923083498094,1.3791405439579891,1.038415346257972,-0.47651789046750154,-0.018748920104072767,0.14655197163297895,0.0886203431140379,0.31082594952929143,1.1270705216870684,0.28897493031972477,1.1489215408966351,8,normalized_compact_thermal,spline_ridge
8,27.099999999999994,0.6233573591283056,1.1204281097830573,0.8087494302189044,1.43210678934721,0.7083398790467321,1.0272748120931248,0.6731048725697587,1.381444751616491,1.038415346257972,-0.47651789046750154,-0.011140534164847076,0.13168664514022543,0.10092486679888049,0.24355170611940608,1.1731280519740581,0.278366573758277,1.1383131843351872,8,normalized_compact_thermal,spline_ridge
8,27.299999999999997,0.7177558284730327,1.1140064586293343,0.755128544392818,1.4728843728658505,0.6501836548269024,0.9868555332790454,0.6617637058655942,1.3119473606924967,1.038415346257972,-0.47651789046750154,-0.051559812978926485,0.046017480354017315,0.09131926530678741,0.22963205222148503,1.07073525743232,0.22021034953844731,1.0801569601153576,8,normalized_compact_thermal,spline_ridge
8,27.5,0.7613682905485852,1.1141884945361462,0.7335043492618537,1.4948726398104388,0.6561752209082794,1.0770970024033388,0.7490093919491991,1.4051846128574785,1.038415346257972,-0.47651789046750154,0.038681656145366825,0.0551904698063613,0.085095791401092,0.2642845138545334,1.0480659279620255,0.22620191561982428,1.0861485261967345,8,normalized_compact_thermal,spline_ridge
8,27.700000000000003,0.7491144451391314,1.1288838285735607,0.754326606003995,1.5034410511431264,0.6888849105333691,1.0259470332707006,0.6815045780040161,1.370389488537385,1.038415346257972,-0.47651789046750154,-0.012468312987271399,0.10383683013344627,0.08762479187832505,0.2853474255503752,1.092422395516363,0.25891160524491397,1.1188582158218243,8,normalized_compact_thermal,spline_ridge
8,27.89999999999999,0.74512954454655,1.0763589723668823,0.7037942000936073,1.4489237446401573,0.6667351351154356,1.0038220492220544,0.6704544816643366,1.337189616779772,1.038415346257972,-0.47651789046750154,-0.03459329703591747,0.07115547975893198,0.07713054606599948,0.31152668431468095,1.0219435859161903,0.23676182982698046,1.0967084404038907,8,normalized_compact_thermal,spline_ridge
8,28.099999999999994,1.1243915147095684,1.2157822370020372,0.653586479647253,1.7779779943568215,0.6977390271428482,1.002734700418621,0.6538651868471967,1.351604213990045,1.038415346257972,-0.47651789046750154,-0.03568064583935103,0.11660775771987897,0.08226829579236959,0.31886975434630055,1.0766082999393958,0.26776572185439307,1.1277123324313032,8,normalized_compact_thermal,spline_ridge
8,28.299999999999997,0.880088737629097,1.076649301560942,0.6366049327463935,1.5166936703754903,0.6836321502795116,1.0280566223960035,0.6862405472562476,1.3698726975357594,1.038415346257972,-0.47651789046750154,-0.010358723861968419,0.09618259245691746,0.08640703608626871,0.2857027825783511,1.0815615179806721,0.2536588449910565,1.1136054555679666,8,normalized_compact_thermal,spline_ridge
8,28.5,0.9469180183563036,1.1725991295798646,0.6991401204017129,1.6460581387580164,0.6149059091713743,0.9384195944656718,0.6309666398799847,1.245872549051359,1.038415346257972,-0.47651789046750154,-0.09999575179230015,-0.009768125630051305,0.08012330021924086,0.24591496076596442,0.9838968575767842,0.1849326038829192,1.0448792144598293,8,normalized_compact_thermal,spline_ridge
8,28.700000000000003,1.1070689639969924,1.2488039040102152,0.695269422011719,1.8023383860087114,0.6955354673016171,1.012532202908117,0.6647644692573085,1.3602999365589254,1.038415346257972,-0.47651789046750154,-0.025883143349854906,0.11344461694995932,0.07133097773424993,0.36703570440086924,1.024035230202365,0.26556216201316196,1.1255087725900723,8,normalized_compact_thermal,spline_ridge
8,28.89999999999999,0.7595524592474249,1.1083970987267615,0.7286208691030491,1.4881733283504741,0.7144680938034038,1.020907100336187,0.663673053434485,1.3781411472378888,1.038415346257972,-0.47651789046750154,-0.0175082459217851,0.14030095257955888,0.07710798650097851,0.35936353631795104,1.0695726512888566,0.2844947885149487,1.144441399091859,8,normalized_compact_thermal,spline_ridge
8,29.099999999999994,0.994934989697601,1.1943603587777614,0.6968928639289607,1.6918278536265619,0.699837556635518,1.0005293496428167,0.6506105713250576,1.3504481279605758,1.038415346257972,-0.47651789046750154,-0.03788599661515531,0.11961085764896866,0.08080385714258063,0.3277124469574212,1.071962666313615,0.26986425134706293,1.129810861923973,8,normalized_compact_thermal,spline_ridge
8,29.299999999999997,0.960389541302055,1.1868749461122627,0.7066801754612353,1.6670697167632904,0.6668167027585964,1.0090188230912218,0.6756104717119236,1.34242717447052,1.038415346257972,-0.47651789046750154,-0.02939652316675006,0.0712778111763483,0.08950950316732563,0.25459957771964153,1.0790338277975513,0.23684339747014127,1.0967900080470514,8,normalized_compact_thermal,spline_ridge
8,29.5,0.8003846332703528,1.121869031274451,0.7216767146392747,1.5220613479096274,0.6950513112446441,1.0302637612306198,0.6827381056082977,1.3777894168529419,1.038415346257972,-0.47651789046750154,-0.008151585027352172,0.11274828345390502,0.0883316438646968,0.28825856862598276,1.1018440538633056,0.265078005956189,1.1250246165330993,8,normalized_compact_thermal,spline_ridge
8,29.700000000000003,0.7837153117545215,1.104068671616555,0.7122110157392945,1.495926327493816,0.7061491162595297,0.9839863393138559,0.6309117811840911,1.3370608974436209,1.038415346257972,-0.47651789046750154,-0.054429006944115996,0.12858903950851167,0.08792156554324454,0.3012449027995416,1.1110533297195178,0.2761758109710746,1.1361224215479848,8,normalized_compact_thermal,spline_ridge
8,29.89999999999999,0.7252560478207813,1.0268777815209966,0.664249757610606,1.3895058054313874,0.7330500105571449,1.0648594599111993,0.6983344546326269,1.4313844651897718,1.038415346257972,-0.47651789046750154,0.026444113653227477,0.16597653827130884,0.07248035036632426,0.3992570545849703,1.0668429665293195,0.3030767052686898,1.1630233158456,8,normalized_compact_thermal,spline_ridge
8,30.099999999999994,1.0801568535609811,1.1870574275584969,0.6469790007780063,1.7271358543389874,0.7607795842450122,1.0417710041687407,0.6613812120462346,1.4221607962912468,1.038415346257972,-0.47651789046750154,0.00335565791076883,0.2031062877679161,0.07241230471826017,0.4272999981433413,1.094259170346683,0.3308062789565571,1.1907528895334674,8,normalized_compact_thermal,spline_ridge
8,30.299999999999997,0.8205479298091343,1.082040613832552,0.6717666489279849,1.492314578737119,0.7122629209137169,1.0519432721174247,0.6958118116605663,1.408074732574283,1.038415346257972,-0.47651789046750154,0.013527925859452743,0.13720972567983608,0.09395502579758042,0.27957287966927713,1.1449529621581567,0.2822896156252618,1.1422362262021721,8,normalized_compact_thermal,spline_ridge
8,30.5,0.6496166245412861,1.0623491295266971,0.7375408172560542,1.3871574417973402,0.5927018775094262,1.0556729060584231,0.75932196730371,1.3520238448131363,1.038415346257972,-0.47651789046750154,0.0172575598004511,-0.046545852002853536,0.0766451257525709,0.2397289275097762,0.945674827509076,0.16272857222097104,1.0226751827978813,8,normalized_compact_thermal,spline_ridge
8,30.700000000000003,0.8360265163315793,1.0444659810386159,0.626452722872826,1.4624792392044055,0.6919788742003753,1.0185302806961187,0.672540843595931,1.3645197177963064,1.038415346257972,-0.47651789046750154,-0.019885065561853113,0.10831803802485199,0.07296745613914443,0.35594265539959963,1.028015093001151,0.2620055689119202,1.1219521794888303,8,normalized_compact_thermal,spline_ridge
8,30.89999999999999,1.0865726064179064,1.2023458218561216,0.6590595186471683,1.7456321250650748,0.649069369302955,0.9635465335753983,0.6390118489239208,1.2880812182268757,1.038415346257972,-0.47651789046750154,-0.0748688126825736,0.0443022089227365,0.0775480418099683,0.29193822996964186,1.0062005086362682,0.21909606401449988,1.0790426745914101,8,normalized_compact_thermal,spline_ridge
8,31.099999999999994,0.6515699977506814,1.1046583689943874,0.7788733701190468,1.4304433678697281,0.7185606093718714,1.023132297013921,0.6638519923279853,1.3824126016998566,1.038415346257972,-0.47651789046750154,-0.015283049244050936,0.14601266887034603,0.07922724425179266,0.35369625760374823,1.0834249611399946,0.28858730408341626,1.1485339146603266,8,normalized_compact_thermal,spline_ridge
8,31.299999999999997,0.5839007184968177,1.1281427832984523,0.8361924240500435,1.4200931425468613,0.6767630016474576,1.0023842609123477,0.6640027600886189,1.3407657617360764,1.038415346257972,-0.47651789046750154,-0.03603108534562434,0.0860837516865591,0.07740741854725945,0.32027947307072613,1.033246530224189,0.2467896963590025,1.1067363069359129,8,normalized_compact_thermal,spline_ridge
8,31.5,0.7405397794478027,1.081684709336118,0.7114148196122166,1.4519545990600193,0.6388163798356423,0.9839311196650596,0.6645229297472385,1.303339309582881,1.038415346257972,-0.47651789046750154,-0.054484226592912334,0.028379669068619395,0.09269877160363699,0.21191175213748764,1.065721007533797,0.2088430745471872,1.0687896851240974,8,normalized_compact_thermal,spline_ridge
8,31.700000000000003,0.8438869921997189,1.1086060982286192,0.6866626021287598,1.5305495943284786,0.5839153568998724,1.010677785503419,0.7187201070534828,1.3026354639533553,1.038415346257972,-0.47651789046750154,-0.027737560754552998,-0.06148135300605061,0.07552031787296654,0.2361224721887641,0.9317082416109808,0.15394205161141727,1.0138886621883274,8,normalized_compact_thermal,spline_ridge
8,31.89999999999999,0.8703675257964881,1.0394696308383626,0.6042858679401184,1.4746533937366069,0.703421986641197,1.0058446903474993,0.6541336970269008,1.3575556836680978,1.038415346257972,-0.47651789046750154,-0.032570655910472666,0.1247195887012185,0.06559361907254592,0.40134441813498023,1.0054995551474137,0.2734486813527419,1.1333952919296522,8,normalized_compact_thermal,spline_ridge
8,32.099999999999994,0.9932755902297111,0.9392732882877434,0.442635493172888,1.4359110834025988,0.709943489597804,1.0189465898384353,0.6639748450395333,1.3739183346373374,1.038415346257972,-0.47651789046750154,-0.0194687564195365,0.13394798623733606,0.08731956742306997,0.3078116514230783,1.1120753277725295,0.27997018430934884,1.139916794886259,8,normalized_compact_thermal,spline_ridge
8,32.3,0.7145291719756403,1.0251663753512217,0.6679017893634014,1.3824309613390418,0.7183682765466733,1.057812032061962,0.6986278937886252,1.4169961703352987,1.038415346257972,-0.47651789046750154,0.019396685803990038,0.14574496901653766,0.07429460273936368,0.3762201641849992,1.0605163889083475,0.2883949712582182,1.1483415818351284,8,normalized_compact_thermal,spline_ridge
8,32.5,0.7263732032931508,1.0381040392483132,0.6749174376017378,1.4012906408948886,0.7252839443065942,1.0056606494114455,0.6430186772581484,1.3683026215647427,1.038415346257972,-0.47651789046750154,-0.03275469684652641,0.15532583698568675,0.07224502125438534,0.39257474689109584,1.0579931417220925,0.29531063901813903,1.1552572495950493,8,normalized_compact_thermal,spline_ridge
8,32.7,0.728008945378986,1.0026066639012927,0.6386021912117998,1.3666111365907858,0.6837029034569944,1.0029136187496135,0.6610621670211163,1.3447650704781107,1.038415346257972,-0.47651789046750154,-0.03550172750835839,0.0962860830788429,0.0765278821533517,0.331269894108216,1.0361359128057728,0.25372959816853924,1.1136762087454495,8,normalized_compact_thermal,spline_ridge
8,32.89999999999999,0.6044254063402571,1.0439494443709565,0.741736741200828,1.346162147541085,0.6429409000468134,1.0373643811324342,0.7158939311090275,1.358834831155841,1.038415346257972,-0.47651789046750154,-0.0010509651255377226,0.03481541866330236,0.07245510671757455,0.30926419837105296,0.9766176017225738,0.21296759475835825,1.0729142053352685,8,normalized_compact_thermal,spline_ridge
8,33.099999999999994,0.6698998481453039,1.0185028616782608,0.6835529376056089,1.3534527857509127,0.6715207288537934,1.0038402891649914,0.6680799247380946,1.339600653591888,1.038415346257972,-0.47651789046750154,-0.03457505709298067,0.07830749644918628,0.08877420432220615,0.26268986745449935,1.0803515902530876,0.24154742356533832,1.1014940341422486,8,normalized_compact_thermal,spline_ridge
8,33.3,0.7876307244536294,1.0380904722536808,0.6442751100268661,1.4319058344804954,0.7248560851656018,1.0324930047906402,0.6700649622078393,1.3949210473734412,1.038415346257972,-0.47651789046750154,-0.00592234146733175,0.15473574341580804,0.07987641900466125,0.35700209608740313,1.0927100742438005,0.29488277987714673,1.154829390454057,8,normalized_compact_thermal,spline_ridge
8,33.5,0.7179807775246567,1.0985696608081172,0.7395792720457889,1.4575600495704455,0.7172697288969877,1.0728661374092088,0.714231272960715,1.4315010018577026,1.038415346257972,-0.47651789046750154,0.03445079115123677,0.14421457227316573,0.06973234174431571,0.39613214664115537,1.03840731115282,0.2872964236085326,1.147243034185443,8,normalized_compact_thermal,spline_ridge
8,33.7,0.7531677381267439,1.0804328570372403,0.7038489879738684,1.4570167261006124,0.6800591918057757,0.9903001585412841,0.6502705626383962,1.330329754444172,1.038415346257972,-0.47651789046750154,-0.048115187716687845,0.09094245264036586,0.07010369751509667,0.35721140892563874,1.0029069746859127,0.25008588651732055,1.1100324970942308,8,normalized_compact_thermal,spline_ridge
8,33.89999999999999,0.6780173924253414,1.0383171392346502,0.6993084430219796,1.377325835447321,0.6562347026333775,1.0388244923389844,0.7107071410222957,1.366941843655673,1.038415346257972,-0.47651789046750154,0.00040914608101240944,0.05528111484656067,0.0640043498319881,0.36147617818476113,0.9509932270819939,0.22626139734492234,1.0862080079218326,8,normalized_compact_thermal,spline_ridge
8,34.099999999999994,0.5410860189205912,1.1005035420198863,0.8299605325595908,1.371046551480182,0.6527153570151126,1.0332732991159803,0.706915620608424,1.3596309776235367,1.038415346257972,-0.47651789046750154,-0.0051420471419915455,0.049903745293308294,0.07904555209936774,0.2886877501071942,1.016742963923031,0.2227420517266575,1.0826886623035676,8,normalized_compact_thermal,spline_ridge
8,34.3,0.7548818913158006,1.0364689518288488,0.6590280061709485,1.413909897486749,0.6950516827832097,1.0309934326700618,0.6834675912784569,1.3785192740616667,1.038415346257972,-0.47651789046750154,-0.007421913587910036,0.11274881800216105,0.06886840295812059,0.37789278826502753,1.0122105773013919,0.2650783774947546,1.1250249880716647,8,normalized_compact_thermal,spline_ridge
8,34.5,0.8531408319140765,1.0740402024219091,0.647469786464871,1.5006106183789474,0.7004301926934671,1.0203403796048045,0.670125283258071,1.3705554759515381,1.038415346257972,-0.47651789046750154,-0.01807496665316754,0.12045731875416534,0.07897296955159996,0.3367368493900835,1.0641235359968506,0.27045688740501195,1.1304034979819222,8,normalized_compact_thermal,spline_ridge
8,34.7,0.8804206862482316,1.0575965637911104,0.6173862206669946,1.4978069069152262,0.6550755906237511,0.9902462313419322,0.6627084360300567,1.3177840266538077,1.038415346257972,-0.47651789046750154,-0.048169114916039715,0.05351324599435464,0.07201653217490399,0.32341865143909704,0.9867325298084051,0.22510228533529597,1.0850488959122062,8,normalized_compact_thermal,spline_ridge
8,34.89999999999999,0.7683509385881582,1.0222540075285376,0.6380785382344585,1.4064294768226169,0.6558144751042116,1.014859898283422,0.6869526607313162,1.342767135835528,1.038415346257972,-0.47651789046750154,-0.023555447974549837,0.05464054808936101,0.07741223834051861,0.2993087499868865,1.0123202002215368,0.22584116981575653,1.0857877803926668,8,normalized_compact_thermal,spline_ridge
8,35.099999999999994,0.6891672625827385,1.0346635069083179,0.6900798756169486,1.3792471381996871,0.632058240120063,0.9836229282449109,0.6675938081848795,1.2996520483049423,1.038415346257972,-0.47651789046750154,-0.05479241801306098,0.01774415347518618,0.0805547413274569,0.26108038075035045,1.0030360994897753,0.20208493483160783,1.062031545408518,8,normalized_compact_thermal,spline_ridge
8,35.3,0.8193370377194619,1.0641054734248268,0.6544369545650958,1.4737739922845576,0.648016553120219,1.0496184006372766,0.7256101240771671,1.3736266771973862,1.038415346257972,-0.47651789046750154,0.011203054379304639,0.04267885244998232,0.06801062448800368,0.3348079763041797,0.9612251299362583,0.21804324783176388,1.077989858408674,8,normalized_compact_thermal,spline_ridge
8,35.5,0.7613768475259203,1.055940934108784,0.6752525103458239,1.4366293578717442,0.7097227771924807,1.0215337322360127,0.6666723436397723,1.3763951208322531,1.038415346257972,-0.47651789046750154,-0.016881614021959267,0.13363705061497935,0.0719462199463812,0.3783896461362503,1.041055908248711,0.27974947190402555,1.1396960824809357,8,normalized_compact_thermal,spline_ridge
8,35.7,0.7569190944968351,1.1387044167423856,0.7602448694939681,1.5171639639908032,0.6507151389152992,0.9820750531305443,0.6567174836728947,1.3074326225881938,1.038415346257972,-0.47651789046750154,-0.05634029312742764,0.0468345832993413,0.0719567686927831,0.31933342783392415,0.9820968499966742,0.22074183362684408,1.0806884442037543,8,normalized_compact_thermal,spline_ridge
8,35.89999999999999,0.7184996389718911,1.1322729280125499,0.7730231085266043,1.4915227474984953,0.7100894709839806,1.0171536285477896,0.6621088930557992,1.37219836403978,1.038415346257972,-0.47651789046750154,-0.021261717710182287,0.13415358905183838,0.07583196856463849,0.360861344789102,1.059317597178859,0.28011616569552544,1.1400627762724356,8,normalized_compact_thermal,spline_ridge
8,36.099999999999994,0.743246003729744,1.155029704296982,0.78340670243211,1.526652706161854,0.6638267385619655,0.9997349920023089,0.6678216227213261,1.3316483612832917,1.038415346257972,-0.47651789046750154,-0.03868035425566309,0.06678379101144853,0.06665656671358838,0.35685398903973553,0.9707994880841955,0.23385343327351038,1.0938000438504205,8,normalized_compact_thermal,spline_ridge
8,36.3,0.6884821707787129,1.1134879468416665,0.7692468614523101,1.457729032231023,0.6017302952527606,1.0267250008265083,0.725859853200128,1.3275901484528885,1.038415346257972,-0.47651789046750154,-0.011690345431463647,-0.03142805812460696,0.06668410859437394,0.2946307074115382,0.9088298830939829,0.17175698996430544,1.0317036005412157,8,normalized_compact_thermal,spline_ridge
8,36.5,0.8234126981768894,1.1614831927748308,0.749776843686386,1.5731895418632755,0.6735674845290677,1.0124331054685767,0.6756493632040428,1.3492168477331106,1.038415346257972,-0.47651789046750154,-0.02598224078939515,0.0813508020623269,0.07953853377973823,0.30726955454048915,1.0398654145176462,0.24359417924061255,1.1035407898175227,8,normalized_compact_thermal,spline_ridge
8,36.699999999999996,0.8803522438634029,1.223425328993696,0.7832492070619945,1.6636014509253974,0.6231465371259811,1.0032524437460855,0.6916791751830949,1.314825712309076,1.038415346257972,-0.47651789046750154,-0.0351629025118865,0.003544314695019743,0.0731166605981026,0.2864231886804374,0.9598698855715249,0.193173231837526,1.0531198424144361,8,normalized_compact_thermal,spline_ridge
8,36.9,0.8033127074845543,1.1002691992842757,0.6986128455419984,1.5019255530265527,0.5742801281665509,1.0266116197340458,0.7394715556507703,1.3137516838173213,1.038415346257972,-0.47651789046750154,-0.011803726523926182,-0.07812008307736039,0.06758408353916466,0.2630358956650268,0.8855243606680752,0.14430682287809582,1.004253433455006,8,normalized_compact_thermal,spline_ridge
8,37.099999999999994,0.9543589768724329,1.1597300627814253,0.6825505743452088,1.6369095512176417,0.6357216432720274,0.846452422133908,0.5285916004978943,1.1643132437699217,1.038415346257972,-0.47651789046750154,-0.19196292412406388,0.023523411209697715,0.09481919461452784,0.19905185493185784,1.072391431612197,0.20574833798357228,1.0656949485604825,8,normalized_compact_thermal,spline_ridge
8,37.3,1.2015464174966088,0.9875301975587799,0.3867569888104756,1.5883034063070842,1.32118007739864,0.9698976810130028,0.3093076423136828,1.6304877197123226,1.038415346257972,-0.47651789046750154,-0.06851766524496915,0.7550432257168267,0.057901215112857576,1.054528251776655,1.587831903020625,0.8912067721101848,1.751153382687095,8,normalized_compact_thermal,spline_ridge
8,37.5,1.2372624392765355,1.0344296509770177,0.41579843133875005,1.6530608706152854,1.0994181443312083,1.0559330198869104,0.5062239477213062,1.6056420920525145,1.038415346257972,-0.47651789046750154,0.017517673628938323,0.5712989706243898,0.07113338130801919,0.7718283700669357,1.427007918595481,0.6694448390427532,1.5293914496196634,8,normalized_compact_thermal,spline_ridge
8,37.699999999999996,0.8690295213946505,1.1676932889661018,0.7331785282687765,1.602208049663427,0.6544252369993857,1.0607216574037865,0.7335090389040937,1.3879342759034794,1.038415346257972,-0.47651789046750154,0.022306311145814654,0.05251996112714834,0.07788714671974946,0.2957324215752638,1.0131180524235077,0.22445193171093059,1.0843985422878408,8,normalized_compact_thermal,spline_ridge
8,37.9,0.7591497478422499,1.0471794497929119,0.6676045758717869,1.4267543237140368,0.5810125489261011,0.994727127447235,0.7042208529841845,1.2852334019102856,1.038415346257972,-0.47651789046750154,-0.04368821881073691,-0.06646503305587066,0.061301394416516636,0.2987019151600112,0.863323182692191,0.15103924363764598,1.0109858542145562,8,normalized_compact_thermal,spline_ridge
8,38.099999999999994,1.0479027648825037,1.2260772540839122,0.7021258716426603,1.7500286365251643,0.6206326046919061,1.0722582554633402,0.7619419531173872,1.3825745578092932,1.038415346257972,-0.47651789046750154,0.03384290920536827,-0.0004981005102594957,0.07978347123791965,0.25320666693596067,0.9880585424478514,0.19065929940345094,1.0506059099803613,8,normalized_compact_thermal,spline_ridge
8,38.3,0.710279792634836,1.0504492590072196,0.6953093626898015,1.4055891553246376,0.5791354334999036,1.0880086112281762,0.7984408944782244,1.377576327978128,1.038415346257972,-0.47651789046750154,0.04959326497020417,-0.06970102896790314,0.06030032682991056,0.30143500521947075,0.8568358617803364,0.14916212821144847,1.0091087387883588,8,normalized_compact_thermal,spline_ridge
8,38.5,0.8502673445601829,1.0730443259968838,0.6479106537167924,1.4981779982769754,0.6623449420438083,1.0508345704490556,0.7196620994271514,1.3820070414709598,1.038415346257972,-0.47651789046750154,0.012419224191083716,0.0645490922066307,0.07077027046109623,0.33642739814717876,0.9882624859404379,0.23237163675535322,1.0923182473322635,8,normalized_compact_thermal,spline_ridge
8,38.699999999999996,0.6905126969021282,1.0611784701874871,0.715922121736423,1.4064348186385511,0.6111292006929256,1.0468846664704088,0.741320066123946,1.3524492668168717,1.038415346257972,-0.47651789046750154,0.008469320212436857,-0.0159289939345192,0.06010921397363648,0.3343089023359493,0.887949499049902,0.18115589540447052,1.0411025059813808,8,normalized_compact_thermal,spline_ridge
8,38.9,0.7543188487614394,1.047799328500881,0.6706399041201615,1.4249587528816008,0.6251329090832685,1.028968731329133,0.7164022767874987,1.3415351858707671,1.038415346257972,-0.47651789046750154,-0.00944661492883912,0.006726893147225223,0.06838930855935153,0.31018038270136855,0.9400854354651684,0.19515960379481334,1.0551062143717236,8,normalized_compact_thermal,spline_ridge
8,39.099999999999994,0.7480711416171362,1.0863660002522164,0.7123304294436484,1.4604015710607845,0.660842487055659,1.0280072375722176,0.697585994044388,1.358428481100047,1.038415346257972,-0.47651789046750154,-0.010408108685754348,0.06227812801694406,0.07818323177309774,0.3007861144097963,1.0208988597015216,0.23086918176720383,1.090815792344114,8,normalized_compact_thermal,spline_ridge
8,39.3,0.7809161499099555,1.1648133047341735,0.7743552297791958,1.5552713796891513,0.6050629201161227,1.040872882045893,0.7383414219878317,1.3434043421039543,1.038415346257972,-0.47651789046750154,0.0024575357879211557,-0.025904935699500628,0.06249767854781989,0.3172430522700077,0.8928827879622377,0.1750896148276676,1.035036225404578,8,normalized_compact_thermal,spline_ridge
8,39.5,0.6924962234460056,1.1145037105879159,0.768255598864913,1.4607518223109186,0.6561304534025526,1.032162359192096,0.7040971324908198,1.3602275858933723,1.038415346257972,-0.47651789046750154,-0.0062529870658758835,0.05512224255318312,0.05989109543867351,0.38031465392243924,0.931946252882666,0.22615714811409748,1.0861037586910078,8,normalized_compact_thermal,spline_ridge
8,39.699999999999996,0.6605301828416322,1.1834176855301277,0.8531525941093118,1.5136827769509438,0.6982131962372907,1.0564336700588264,0.707327071940181,1.4055402681774718,1.038415346257972,-0.47651789046750154,0.018018323800854462,0.11728710634619613,0.06610679072781565,0.393772323982294,1.0026540684922876,0.2682398909488356,1.1281865015257457,8,normalized_compact_thermal,spline_ridge
8,39.9,0.7640679895113771,1.1553440371727195,0.7733100424170308,1.537378031928408,0.6885249052024677,1.0675768612625924,0.7233144086613585,1.4118393138638263,1.038415346257972,-0.47651789046750154,0.029161515004620546,0.1033141021334189,0.06904934169102929,0.37053273553864663,1.0065170748662888,0.25855159991401255,1.1184982104909227,8,normalized_compact_thermal,spline_ridge
8,40.099999999999994,0.8112994847176106,1.1304171749506118,0.7247674325918066,1.536066917309417,0.6754152667445354,1.0428608945330722,0.7051532611608045,1.38056852790534,1.038415346257972,-0.47651789046750154,0.004445548275100148,0.08409032318571141,0.06231565607604501,0.38843366497467446,0.9623968685143964,0.24544196145608033,1.1053885720329906,8,normalized_compact_thermal,spline_ridge
8,40.3,0.8006494530949367,1.1314899909803633,0.7311652644328948,1.5318147175278316,0.7267646421568293,1.0690277911644135,0.7056454700859989,1.432410112242828,1.038415346257972,-0.47651789046750154,0.03061244490644152,0.15736529816801031,0.06374649655039605,0.4331936065742951,1.0203356777393635,0.2967913368683742,1.1567379474452846,8,normalized_compact_thermal,spline_ridge
8,40.5,0.7251158116968508,1.1003898350933934,0.7378319292449679,1.4629477409418188,0.6164998265635984,1.0039543801281814,0.6957044668463822,1.3122042934099807,1.038415346257972,-0.47651789046750154,-0.034460966129790584,-0.007179347234528552,0.06673817438177139,0.30915125014959527,0.9238484029776015,0.18652652127514324,1.0464731318520535,8,normalized_compact_thermal,spline_ridge
8,40.699999999999996,1.017931204122546,1.1306933927624732,0.6217277907012,1.639658994823746,0.6514056781673443,0.9905839173690443,0.6648810782853721,1.3162867564527163,1.038415346257972,-0.47651789046750154,-0.04783142888892767,0.047895221156782956,0.06862687713989847,0.3353590798287542,0.9674522765059343,0.22143237287888917,1.0813789834557994,8,normalized_compact_thermal,spline_ridge
8,40.9,0.5761550333307769,1.1178114071853094,0.8297338905199209,1.4058889238506977,0.6485466783367907,1.0321476994488303,0.7078743602804349,1.3564210386172257,1.038415346257972,-0.47651789046750154,-0.006267646809141506,0.043496591582561486,0.06797157907948861,0.33551791690877747,0.961575439764804,0.21857337304833557,1.0785199836252457,8,normalized_compact_thermal,spline_ridge
8,41.099999999999994,0.8025780022026846,1.0820487488878943,0.680759747786552,1.4833377499892366,0.5813756542903284,1.0197591534742536,0.7290713263290893,1.310446980619418,1.038415346257972,-0.47651789046750154,-0.01865619278371828,-0.0658402755522531,0.07268910212412366,0.24662133615657378,0.9161299724240831,0.15140234900187333,1.0113489595787835,8,normalized_compact_thermal,spline_ridge
8,41.3,0.9533543737634913,1.1089829415804684,0.6323057546987229,1.585660128462214,0.6700516142291925,0.9722499707609874,0.6372241636463911,1.3072757778755837,1.038415346257972,-0.47651789046750154,-0.06616537549698451,0.07611735706621733,0.07211574163140609,0.3379377868316799,1.002165441626705,0.24007830894073734,1.1000249195176477,8,normalized_compact_thermal,spline_ridge
8,41.5,0.6847956269572948,1.0543741729905176,0.7119763595118703,1.396771986469165,0.6313264705362892,0.9564834878969425,0.6408202526287978,1.2721467231650871,1.038415346257972,-0.47651789046750154,-0.08193185836102941,0.01658572618152841,0.06513712019836636,0.33135121124684963,0.9313017298257288,0.2013531652478341,1.0612997758247444,8,normalized_compact_thermal,spline_ridge
8,41.699999999999996,0.8152316717717762,1.0811401684177235,0.6735243325318355,1.4887560043036117,0.682213462920523,1.0391442460005136,0.6980375145402521,1.3802509774607752,1.038415346257972,-0.47651789046750154,0.0007288997425415906,0.09410521584059624,0.05992078908855682,0.40626091560298805,0.9581660102380579,0.25224015763206786,1.112186768208978,8,normalized_compact_thermal,spline_ridge
8,41.9,0.9145273526268257,1.1231941855848153,0.6659305092714025,1.5804578618982281,0.6488021864591629,0.9888608369571992,0.6644597437276177,1.3132619301867807,1.038415346257972,-0.47651789046750154,-0.04955450930077279,0.043890484285764086,0.07444146273949534,0.30597774136302675,0.9916266315552991,0.21882888117070776,1.078775491747618,8,normalized_compact_thermal,spline_ridge
8,42.099999999999994,0.9497905497112104,0.8991987729478228,0.4243034980922177,1.374094047803428,0.6441072340098671,1.0634946646390866,0.7414410476341531,1.38554828164402,1.038415346257972,-0.47651789046750154,0.025079318381114657,0.03662783616574285,0.062083015492509636,0.3581970093465584,0.9300174586731759,0.21413392872141201,1.0740805392983224,8,normalized_compact_thermal,spline_ridge
8,42.3,0.6385510498001734,1.043951857584736,0.7246763326846494,1.3632273824848227,0.6481415547063828,0.9124256097065596,0.5883548323533683,1.236496387059751,1.038415346257972,-0.47651789046750154,-0.12598973655141232,0.042871732602174466,0.06447560976969247,0.3512127420783831,0.9450703673343825,0.21816824941792767,1.0781148599948378,8,normalized_compact_thermal,spline_ridge
8,42.5,0.672131958268015,1.037279979614476,0.7012140004804688,1.3733459587484835,1.0985870083756666,0.9171322118050714,0.36783870761723814,1.4664257159929046,1.038415346257972,-0.47651789046750154,-0.12128313445290048,0.5705427067055985,0.055512002958977145,0.8429381950633312,1.354235821688002,0.6686137030872115,1.5285603136641217,8,normalized_compact_thermal,spline_ridge
8,42.699999999999996,0.8689855036171918,1.1042325185329094,0.6697397667243135,1.5387252703415053,0.8556108556915741,1.1062479210736456,0.6784424932278585,1.5340533489194326,1.038415346257972,-0.47651789046750154,0.06783257481567372,0.3205782764246894,0.0769560746208136,0.5012058963078311,1.2100158150753173,0.425637550403119,1.2855841609800294,8,normalized_compact_thermal,spline_ridge
8,42.9,0.7903946147080888,1.1134393679099186,0.718242060555874,1.508636675263963,0.7454072125557422,1.1711657834947107,0.7984621772168397,1.5438693897725817,1.038415346257972,-0.47651789046750154,0.13275043723673874,0.18269327457137002,0.08090339098796263,0.37282372076026565,1.1179907043512187,0.31543390726728704,1.1753805178441974,8,normalized_compact_thermal,spline_ridge
8,43.099999999999994,0.6918561616652728,1.0848778506063996,0.7389497697737634,1.430805931439036,0.5845351841890045,0.955039730429908,0.6627721383354057,1.2473073225244102,1.038415346257972,-0.47651789046750154,-0.08337561582806394,-0.060420414052325094,0.09950752017947793,0.1262743019733878,1.0427960664046212,0.1545618789005494,1.0145084894774596,8,normalized_compact_thermal,spline_ridge
8,43.3,0.6307035741024779,1.0944944839806217,0.7791426969293826,1.4098462710318607,0.7781872033243481,1.0898626096530548,0.7007690079908808,1.4789562113152288,1.038415346257972,-0.47651789046750154,0.05144726339508284,0.22572972795863067,0.0873918924744196,0.37572228739049435,1.1806521192582018,0.348213898035893,1.2081605086128033,8,normalized_compact_thermal,spline_ridge
8,43.5,0.7582046690588125,1.1029332109900778,0.7238308764606715,1.482035545519484,0.9103714794642737,1.1561218658069534,0.7009361260748166,1.6113076055390902,1.038415346257972,-0.47651789046750154,0.11770651954898141,0.38261534688898424,0.09523908099985415,0.4717679929973404,1.348974965931207,0.48039817417581854,1.3403447847527288,8,normalized_compact_thermal,spline_ridge
8,43.699999999999996,0.726192718669652,1.1069514925468555,0.7438551332120295,1.4700478518816815,0.966537338671699,1.2020819798779219,0.7188133105420724,1.6853506492137713,1.038415346257972,-0.47651789046750154,0.16366663361995,0.44248254226046246,0.08375433140312899,0.580824442511187,1.352250234832211,0.5365640333832439,1.3965106439601542,8,normalized_compact_thermal,spline_ridge
8,43.9,0.6474425682866093,1.1357104002343257,0.811989116091021,1.4594316843776305,1.0241253879668517,1.3050709279728743,0.7930082339894484,1.8171336219563001,1.038415346257972,-0.47651789046750154,0.26665558171490233,0.5003568587749064,0.09070829768076925,0.6063874678127632,1.4418633081209402,0.5941520826783966,1.4540986932553068,8,normalized_compact_thermal,spline_ridge
8,44.099999999999994,0.8877591420031099,1.233597950640938,0.7897183796393831,1.677477521642493,0.6475021575334274,1.0639198629098958,0.7401687841431821,1.3876709416766095,1.038415346257972,-0.47651789046750154,0.0255045166519239,0.04188473715146325,0.09262446888011927,0.22093971534616513,1.0740645997206897,0.21752885224497231,1.0774754628218826,8,normalized_compact_thermal,spline_ridge
8,44.3,0.7056509404996139,1.0653235981518903,0.7124981279020833,1.418149068401697,0.6575884294209732,0.9316796621582952,0.6028854474478087,1.2604738768687818,1.038415346257972,-0.47651789046750154,-0.10673568409967668,0.05734185990978426,0.06200464465536419,0.3720391251072568,0.9431377337346896,0.22761512413251805,1.0875617347094284,8,normalized_compact_thermal,spline_ridge
8,44.5,0.9390600353610565,1.0935070030128649,0.6239769853323366,1.5630370206933932,0.7410504583716622,1.0546962617737012,0.6841710325878702,1.4252214909595322,1.038415346257972,-0.47651789046750154,0.01628091551572923,0.17683132943159915,0.07041827708486514,0.4167539456778479,1.0653469710654764,0.31107715308320705,1.1710237636601173,8,normalized_compact_thermal,spline_ridge
8,44.699999999999996,0.6358414999033482,1.0365140972610645,0.7185933473093903,1.3544348472127385,0.639834508553261,1.0153015153084461,0.6953842610318157,1.3352187695850766,1.038415346257972,-0.47651789046750154,-0.023113830949525866,0.029972174015880097,0.08512330644607721,0.2478170867671371,1.0318519303393847,0.20986120326480584,1.0698078138417162,8,normalized_compact_thermal,spline_ridge
8,44.9,0.73519634869423,1.0215893598090133,0.6539911854618984,1.3891875341561284,0.6828869624691415,1.0632102689256626,0.7217667876910918,1.4046537501602334,1.038415346257972,-0.47651789046750154,0.02479492266769067,0.09509195584995887,0.06467062751218171,0.3850600367883833,0.9807138881498997,0.25291365718068637,1.1128602677575965,8,normalized_compact_thermal,spline_ridge
8,45.099999999999994,0.7384689202645752,1.0693851750919254,0.700150714959638,1.438619635224213,0.5746238913539065,1.0242703589629532,0.7369584132859999,1.3115823046399064,1.038415346257972,-0.47651789046750154,-0.014144987295018677,-0.07752166372853159,0.06096578553340841,0.2938588334656515,0.8553889492421614,0.14465058606545134,1.0045971966423615,8,normalized_compact_thermal,spline_ridge
8,45.3,0.7006928394837902,1.0704393509178136,0.7200929311759184,1.4207857706597087,1.0306001363745971,1.1696066353001824,0.6543065671128838,1.684906703487481,1.038415346257972,-0.47651789046750154,0.13119128904221042,0.5066591797049182,0.07953122851045741,0.6643358492618476,1.3968644234873466,0.600626831086142,1.4605734416630523,8,normalized_compact_thermal,spline_ridge
8,45.5,0.8304567702281087,1.1006955929169764,0.6854672078029219,1.5159239780310307,0.5835792886798424,1.0219995687775232,0.7302099244376019,1.3137892131174445,1.038415346257972,-0.47651789046750154,-0.01641577748044882,-0.06205706139252523,0.06670411617905903,0.27638756013013643,0.8907710172295484,0.1536059833913873,1.0135525939682974,8,normalized_compact_thermal,spline_ridge
8,45.699999999999996,0.9085706648262544,1.095085899160057,0.6408005667469298,1.549371231573184,0.6078129912585607,1.0385685932003768,0.7346620975710965,1.342475088829657,1.038415346257972,-0.47651789046750154,0.00015324694240471948,-0.02137013402779081,0.0691612014845272,0.28930567492481607,0.9263203075923053,0.17783968597010558,1.037786296547016,8,normalized_compact_thermal,spline_ridge
8,45.9,0.9215979576881843,1.1478323230980383,0.6870333442539462,1.6086313019421306,0.8571654083438766,0.9116788742381717,0.48309617006623345,1.34026157841011,1.038415346257972,-0.47651789046750154,-0.1267364720198002,0.32239352002867094,0.07639403743453815,0.5053487925984437,1.2089820240893094,0.42719210305542143,1.2871387136323316,8,normalized_compact_thermal,spline_ridge
8,46.099999999999994,1.1567468016844842,0.9736964781595356,0.39532307731729344,1.5520698790017777,0.8474091597032333,1.021675862377984,0.5979712825263674,1.4453804422296006,1.038415346257972,-0.47651789046750154,-0.016739483879987915,0.3109462588042443,0.0631331715902273,0.5566626627769217,1.1381556566295448,0.41743585441477815,1.2773824649916885,8,normalized_compact_thermal,spline_ridge
8,46.3,0.836177003233742,0.9535862514498146,0.5354977498329436,1.3716747530666855,0.705185309154906,1.0536694825777144,0.7010768280002615,1.4062621371551673,1.038415346257972,-0.47651789046750154,0.015254136319742583,0.1272232296237744,0.07145794054499957,0.3761008458259114,1.0342697724839005,0.27521200386645084,1.1351586144433612,8,normalized_compact_thermal,spline_ridge
8,46.5,0.8330112519772357,1.0710850522837074,0.6545794262950896,1.4875906782723254,0.5985401695035357,1.0242238927990672,0.7249538080472994,1.323493977550835,1.038415346257972,-0.47651789046750154,-0.014191453458904685,-0.03674374880387851,0.08587416701067385,0.203064817863142,0.9940155211439294,0.1685668642150806,1.0285134747919908,8,normalized_compact_thermal,spline_ridge
8,46.699999999999996,0.6633342119663763,1.1878842185209506,0.8562171125377624,1.5195513245041388,0.6056635676116171,1.0160164257228337,0.7131846419170251,1.3188482095286422,1.038415346257972,-0.47651789046750154,-0.022398920535138363,-0.02491272556639494,0.06872993975588931,0.2891423361473876,0.9221847990758466,0.17569026232316198,1.0356368729000722,8,normalized_compact_thermal,spline_ridge
8,46.9,0.8029926842349105,1.1219222141262564,0.7204258720088011,1.5234185562437117,0.6663965890135533,1.0441416126625598,0.7109433181557832,1.3773399071693364,1.038415346257972,-0.47651789046750154,0.005726266404587824,0.07064758379781676,0.06117394353652501,0.3846729033755925,0.948120274651514,0.23642328372509813,1.0963698943020084,8,normalized_compact_thermal,spline_ridge
8,47.099999999999994,0.9100931839082606,1.1802793352830951,0.7252327433289648,1.6353259272372254,0.6863284116336318,0.9069277561290365,0.5637635503122207,1.2500919619458524,1.038415346257972,-0.47651789046750154,-0.13148759012893543,0.10011885881442495,0.06638890932926306,0.38058830170337654,0.992068521563887,0.25635510634517666,1.116301716922087,8,normalized_compact_thermal,spline_ridge
8,47.3,0.7816742253411703,1.0917346545792548,0.7008975419086696,1.48257176724984,0.6352143470780319,1.0310370238015447,0.7134298502625287,1.3486441973405607,1.038415346257972,-0.47651789046750154,-0.007378322456427291,0.022725107872962544,0.06565224273100549,0.33286679968583816,0.9375618944702258,0.2052410417895768,1.065187652366487,8,normalized_compact_thermal,spline_ridge
8,47.5,0.6419090055366173,1.1408913547069734,0.819936851938665,1.4618458574752822,0.6338841913390472,1.0263696805384115,0.7094275848688879,1.3433117762079352,1.038415346257972,-0.47651789046750154,-0.01204566571956049,0.02062888573450072,0.06769539315703799,0.3221273458853189,0.9456410367927754,0.20391088605059204,1.0638574966275023,8,normalized_compact_thermal,spline_ridge
8,47.699999999999996,0.65496969892856,1.1372166718576082,0.8097318223933283,1.4647015213218884,0.6477435274763343,1.0136346205054403,0.6897628567672731,1.3375063842436075,1.038415346257972,-0.47651789046750154,-0.024780725752531756,0.04225743856015243,0.06213229914461101,0.3616063373550376,0.9338807175976311,0.21777022218787923,1.0777168327647895,8,normalized_compact_thermal,spline_ridge
8,47.9,0.8379163335097978,1.2186918586152864,0.7997336918603876,1.6376500253701853,0.6887329210611759,1.0324183767726405,0.6880519162420525,1.3767848373032283,1.038415346257972,-0.47651789046750154,-0.005996969485331564,0.10361617463767081,0.0696344468788594,0.3680461729465971,1.0094196691757547,0.2587596157727208,1.118706226349631,8,normalized_compact_thermal,spline_ridge
8,48.099999999999994,0.7436469006515016,1.167006813027488,0.7951833627017372,1.5388302633532387,0.6179512578067665,0.9944535622584003,0.685477933355017,1.3034291911617837,1.038415346257972,-0.47651789046750154,-0.04396178399957166,-0.0048278050302521525,0.06827915447617135,0.30350602280592764,0.9323964928076054,0.1879779525183114,1.0479245630952216,8,normalized_compact_thermal,spline_ridge
8,48.3,0.8604219248656977,1.1992230405425421,0.7690120781096932,1.6294340029753909,0.6116410609337635,0.9984888564841831,0.6926683260173013,1.304309386951065,1.038415346257972,-0.47651789046750154,-0.039926489773788834,-0.015091779803951537,0.06395518303754813,0.31710896377983944,0.9061731580876875,0.18166775564530835,1.0416143662222186,8,normalized_compact_thermal,spline_ridge
8,48.5,1.0080497543406355,1.2607565387958888,0.7567316616255712,1.7647814159662065,0.6451717295275321,1.034646272778266,0.7120604080144999,1.357232137542032,1.038415346257972,-0.47651789046750154,-0.003769073479706059,0.03827914017311379,0.06808307559869547,0.3316294944126704,0.9587139646423938,0.21519842423907698,1.0751450348159872,8,normalized_compact_thermal,spline_ridge
8,48.699999999999996,0.7456268883454402,1.13615395356664,0.7633405093939201,1.5089673977393603,0.6401885513532016,0.9747324407374165,0.6546381650608157,1.2948267164140173,1.038415346257972,-0.47651789046750154,-0.06368290552055544,0.030525355939016615,0.08086512401835699,0.26778129000965045,1.0125958126967527,0.2102152460647465,1.0701618566416569,8,normalized_compact_thermal,spline_ridge
8,48.9,0.8049702160221454,1.1834923638456458,0.7810072558345731,1.5859774718567183,0.598329413769659,1.0322841947044705,0.733119487819641,1.3314489015893,1.038415346257972,-0.47651789046750154,-0.006131151553501325,-0.03709592708462088,0.06825093708471337,0.2840141280096416,0.9126446995296764,0.16835610848120386,1.028302719058114,8,normalized_compact_thermal,spline_ridge
8,49.099999999999994,0.7041746862604829,1.1181884548676226,0.7661011117373813,1.470275797997864,0.6771625310613615,1.0048991074192206,0.6663178418885398,1.3434803729499014,1.038415346257972,-0.47651789046750154,-0.033516238838751246,0.0866739310071326,0.06543203385951422,0.37582910914972717,0.9784959529729957,0.24718922577290636,1.1071358363498165,8,normalized_compact_thermal,spline_ridge
8,49.3,0.8443715603666271,1.065490863210798,0.6433050830274845,1.4876766433941115,0.6293603384741763,0.9839492981822251,0.6692691289451369,1.2986294674193133,1.038415346257972,-0.47651789046750154,-0.0544660480757469,0.013466579313147847,0.08398105946596275,0.24260329407331188,1.0161173828750407,0.19938703318572115,1.0593336437626313,8,normalized_compact_thermal,spline_ridge
8,49.5,0.7726827053780999,1.1685729472556716,0.7822315945666217,1.5549142999447216,0.6445216545989558,1.0223796149352762,0.7001187876357983,1.3446404422347542,1.038415346257972,-0.47651789046750154,-0.016035731322695847,0.037271032367596116,0.06672183592358419,0.33724832150575307,0.9517949876921585,0.2145483493105007,1.074494959887411,8,normalized_compact_thermal,spline_ridge
8,49.699999999999996,0.7986808820740297,1.1164970065391726,0.7171565655021578,1.5158374475761875,0.7333147881775389,1.0369888553087963,0.6703314612200268,1.4036462493975657,1.038415346257972,-0.47651789046750154,-0.0014264909491757856,0.16633767299508317,0.06570383584096583,0.43072963960661986,1.035899936748458,0.3033414828890838,1.1632880934659942,8,normalized_compact_thermal,spline_ridge
8,49.9,0.7226728972765711,1.1227254370135933,0.7613889883753078,1.484061885651879,0.6591311477289957,1.049563651362811,0.7199980774983132,1.3791292252273089,1.038415346257972,-0.47651789046750154,0.011148305104839005,0.05968513639888566,0.06496095066690882,0.3599672000344952,0.9582950954234962,0.2291578424405406,1.089104453017451,8,normalized_compact_thermal,spline_ridge
8,50.099999999999994,0.7791250377266383,1.1434233107623943,0.7538607918990752,1.5329858296257135,0.6249981807517662,1.015143773770406,0.702644683394523,1.3276428641462892,1.038415346257972,-0.47651789046750154,-0.023271572487565922,0.006511350420355486,0.06885944828077697,0.30788052511012354,0.9421158363934088,0.19502487546331104,1.0549714860402213,8,normalized_compact_thermal,spline_ridge
8,50.3,0.7064903977116996,1.1339411758305618,0.7806959769747118,1.4871863746864116,0.6598882130452052,1.0243691935329287,0.6944250870103261,1.3543133000555312,1.038415346257972,-0.47651789046750154,-0.014046152725043172,0.06083305798647891,0.06815483443277413,0.34601550776535156,0.9737609183250588,0.22991490775675005,1.0898615183336604,8,normalized_compact_thermal,spline_ridge
8,50.5,0.6366473187818059,1.0874527800823275,0.7691291206914247,1.4057764394732304,0.6894324408331214,1.027696218681626,0.6829799982650654,1.3724124390981869,1.038415346257972,-0.47651789046750154,-0.010719127576345813,0.10463132107997655,0.07942761260595153,0.3236453348994907,1.055219546766752,0.25945913554466626,1.1194057461215765,8,normalized_compact_thermal,spline_ridge
8,50.699999999999996,0.7883504901626158,1.120070906663787,0.7258956615824793,1.514246151745095,0.6468766543593947,1.0709359822199667,0.7474976550402693,1.3943743093996641,1.038415346257972,-0.47651789046750154,0.032520635961994615,0.04091824539962664,0.06343933094139793,0.35472020515899405,0.9390331035597953,0.21690334907093956,1.0768499596478498,8,normalized_compact_thermal,spline_ridge
8,50.9,0.997828569544983,0.9969618137968395,0.4980475290243481,1.495876098569331,0.6925568246434779,0.9749760458881038,0.6286976335663649,1.3212544582098427,1.038415346257972,-0.47651789046750154,-0.06343930036986817,0.10915290342724576,0.07421707066937075,0.3507657698663047,1.034347879420651,0.2625835193550228,1.122530129931933,8,normalized_compact_thermal,spline_ridge
8,51.099999999999994,0.6829847739144295,1.0860909929224536,0.7445986059652387,1.4275833798796682,0.650084567780003,1.026252748849732,0.7012104649597304,1.3512950327397335,1.038415346257972,-0.47651789046750154,-0.012162597408239953,0.04586507018914758,0.069267586421347,0.33108731807324737,0.9690818174867586,0.2201112624915479,1.080057873068458,8,normalized_compact_thermal,spline_ridge
8,51.3,0.7562161757863247,1.0855086011043813,0.7074005132112191,1.4636166889975437,0.6691894622501067,1.0035482243092257,0.6689534931841724,1.3381429554342792,1.038415346257972,-0.47651789046750154,-0.034867121948746096,0.07482983368700219,0.06366724415527096,0.3759834068463792,0.9623955176538341,0.23921615696165155,1.0991627675385618,8,normalized_compact_thermal,spline_ridge
8,51.5,0.7373315718882594,1.0875852630441096,0.71891947709998,1.4562510489882392,0.6734406279118871,1.0314299235110103,0.6947096095550667,1.3681502374669539,1.038415346257972,-0.47651789046750154,-0.0069854227469616625,0.08116244890189081,0.0706494523993399,0.34807948609892087,0.9988017697248532,0.24346732262343196,1.103413933200342,8,normalized_compact_thermal,spline_ridge
8,51.699999999999996,0.6498143847286413,1.053426885790075,0.7285196934257543,1.3783340781543956,0.6790511234524288,1.030320655830897,0.6907950941046826,1.3698462175571113,1.038415346257972,-0.47651789046750154,-0.008094690427074823,0.08945902848135803,0.06823627304470153,0.36480336983370637,0.9932988770711513,0.24907781816397367,1.109024428740884,8,normalized_compact_thermal,spline_ridge
8,51.9,0.672800790322029,0.98943820487096,0.6530378097099455,1.3258386000319746,0.6514643395965583,1.0165393010714894,0.6908071312732103,1.3422714708697685,1.038415346257972,-0.47651789046750154,-0.02187604518648254,0.047985270706552036,0.0784692011324517,0.29009099542263606,1.0128376837704804,0.22149103430810313,1.0814376448850134,8,normalized_compact_thermal,spline_ridge
8,52.099999999999994,0.8340912009807723,1.0663969084302931,0.649351307939907,1.4834425089206793,0.6773697419249193,1.0260689823823923,0.6873841114199326,1.364753853344852,1.038415346257972,-0.47651789046750154,-0.012346363875579566,0.0869798829129034,0.07296762439423467,0.3413327482608373,1.0134067355890013,0.24739643663646416,1.1073430472133743,8,normalized_compact_thermal,spline_ridge
8,52.3,0.7800916257034,1.122766105469744,0.7327202926180443,1.512811918321444,0.6537806429666079,1.0439033375447264,0.7170130160614225,1.3707936590280303,1.038415346257972,-0.47651789046750154,0.005487991286754522,0.051534498372676846,0.08220327586337696,0.2752108057299859,1.0323504802032297,0.22380733767815275,1.083753948255063,8,normalized_compact_thermal,spline_ridge
8,52.5,0.7038841791310052,1.0982367474113115,0.746294657845809,1.450178836976814,0.6237811273385648,1.0605590561266351,0.7486684924573528,1.3724496197959175,1.038415346257972,-0.47651789046750154,0.02214370986866325,0.0045621608547535275,0.06590151864839452,0.32028559232079495,0.9272766623563347,0.1938078220501097,1.05375443262702,8,normalized_compact_thermal,spline_ridge
8,52.699999999999996,0.7325331696832907,1.1016364193725987,0.7353698345309533,1.467903004214244,0.6569981418819445,0.9586598145019268,0.6301607435609546,1.287158885442899,1.038415346257972,-0.47651789046750154,-0.07975553175604515,0.05644380178019861,0.07096443180920174,0.3301864288761408,0.9838098548877482,0.22702483659348938,1.0869714471703995,8,normalized_compact_thermal,spline_ridge
8,52.9,0.7752417991333886,1.1248245540781756,0.7372036545114812,1.51244545364487,0.6631128187232085,1.0500349749957896,0.7184785656341853,1.3815913843573937,1.038415346257972,-0.47651789046750154,0.01161962873781758,0.06570775118171783,0.06885717740478488,0.34600562112165834,0.9802200163247586,0.23313951343475336,1.0930861240116636,8,normalized_compact_thermal,spline_ridge
8,53.099999999999994,1.0473050589235147,1.1009493441117995,0.5772968146500421,1.6246018735735568,0.6224422587145585,0.9663195521468535,0.6550984227895742,1.2775406815041328,1.038415346257972,-0.47651789046750154,-0.07209579411111842,0.0024134784369761325,0.08316581170699838,0.239439665802119,1.005444851626998,0.19246895342610337,1.0524155640030135,8,normalized_compact_thermal,spline_ridge
8,53.3,0.8352241275927599,1.0712587181930786,0.6536466543966988,1.4888707819894587,0.6246735298536723,0.950727174948205,0.6383904100213689,1.2630639398750412,1.038415346257972,-0.47651789046750154,-0.08768817130976694,0.005991772514186582,0.09665198563328185,0.17956320930391512,1.0697838504034296,0.19470022456521718,1.0546468351421274,8,normalized_compact_thermal,spline_ridge
8,53.5,0.7138289433122806,1.111191994211128,0.7542775225549876,1.4681064658672682,0.6755406714429718,1.0176650741852376,0.6798947384637517,1.3554354099067234,1.038415346257972,-0.47651789046750154,-0.020750272072734464,0.08427597646314515,0.06241426440527171,0.3881049498250458,0.9629763930608979,0.2455673661545167,1.105513976731427,8,normalized_compact_thermal,spline_ridge
8,53.699999999999996,1.1758633334543944,0.8754355538669448,0.28750388713974745,1.4633672205941421,0.6607273448839288,1.010555142670518,0.6801914702285535,1.3409188151124822,1.038415346257972,-0.47651789046750154,-0.02786020358745396,0.062103877410977296,0.0682049005880725,0.3466240704927679,0.9748306192750897,0.2307540395954737,1.090700650172384,8,normalized_compact_thermal,spline_ridge
8,53.9,0.8178408654785377,0.9883476348024198,0.5794272020631509,1.3972680675416886,0.5981389429590427,1.0206661801653216,0.7215967086858003,1.319735651644843,1.038415346257972,-0.47651789046750154,-0.017749166092650284,-0.03741431546681957,0.07093476532544828,0.2714638526827832,0.9248140332353021,0.16816563767058756,1.0281122482474978,8,normalized_compact_thermal,spline_ridge
8,54.099999999999994,0.8874833723174758,1.1137545308059742,0.6700128446472363,1.5574962169647122,0.6567465377558409,1.055533305860957,0.7271600369830367,1.3839065747388775,1.038415346257972,-0.47651789046750154,0.01711795960298504,0.0560607682530918,0.07625324560468699,0.3055783090673859,1.007914766444296,0.2267732324673858,1.0867198430442961,8,normalized_compact_thermal,spline_ridge
8,54.3,0.6542984367122949,1.1590268437480056,0.8318776253918579,1.486176062104153,0.6085256063495006,1.0579182001175207,0.7536553969427704,1.362181003292271,1.038415346257972,-0.47651789046750154,0.019502853859548697,-0.02019839587219094,0.06494843325702523,0.30941930494430525,0.9076319077546959,0.17855230106104547,1.0384989116379557,8,normalized_compact_thermal,spline_ridge
8,54.5,0.9095584280992528,1.2605908679120734,0.8058116538624469,1.7153700819616997,0.6549733754740028,0.9658866329836885,0.6383999452466871,1.29337332072069,1.038415346257972,-0.47651789046750154,-0.07252871327428348,0.0533571981631653,0.06952895631392499,0.33477244189148225,0.9751743090565234,0.22500007018554768,1.084946680762458,8,normalized_compact_thermal,spline_ridge
8,54.699999999999996,0.677458590014373,1.0727594793189057,0.7340301843117191,1.4114887743260922,0.7270949760573611,1.017644068323767,0.6540965802950865,1.3811915563524475,1.038415346257972,-0.47651789046750154,-0.020771277934204906,0.15781972155535495,0.06219716900930189,0.4406590414656079,1.0135309106491142,0.29712167076890594,1.1570682813458162,8,normalized_compact_thermal,spline_ridge
8,54.9,0.7193863584198741,1.0293133466818487,0.6696201674719118,1.3890065258917859,0.6413308565864051,1.02302835028699,0.7023629219937874,1.3436937785801923,1.038415346257972,-0.47651789046750154,-0.01538699597098199,0.032308092163939824,0.06214621811288835,0.3551295655944325,0.9275321475783778,0.21135755129794997,1.0713041618748602,8,normalized_compact_thermal,spline_ridge
8,55.099999999999994,0.925011604655086,1.0318400792480795,0.5693342769205365,1.4943458815756225,0.6486119384515999,1.020309633410686,0.6960036641848861,1.344615602636486,1.038415346257972,-0.47651789046750154,-0.018105712847285883,0.04359721168255485,0.07170215334520841,0.31840280461458553,0.9788210722886144,0.2186386331631448,1.0785852437400552,8,normalized_compact_thermal,spline_ridge
8,55.3,0.708661516258852,1.042935210177316,0.68860445204789,1.397265968306742,0.634930241611164,1.0042176490490613,0.6867525282434793,1.3216827698546432,1.038415346257972,-0.47651789046750154,-0.03419769720891061,0.022277748613023018,0.06551815154304123,0.3332002228839696,0.9366602603383583,0.20495693632270884,1.064903546899619,8,normalized_compact_thermal,spline_ridge
8,55.5,0.7655454936227876,1.0372555007096356,0.6544827538982417,1.4200282475210293,0.6515603274442203,1.0172523744497042,0.691472210727594,1.3430325381718142,1.038415346257972,-0.47651789046750154,-0.021162971808267702,0.04813260152885134,0.07230180369244019,0.31858963049471256,0.9845310243937281,0.2215870221557652,1.0815336327326754,8,normalized_compact_thermal,spline_ridge
8,55.699999999999996,1.1395474580584368,0.9171516727752427,0.34737794374602426,1.486925401804461,0.5941271924356584,0.9824941742832048,0.6854305780653757,1.2795577705010341,1.038415346257972,-0.47651789046750154,-0.05592117197476712,-0.04414396339470471,0.07592758637038548,0.24445871861742324,0.9437956662538936,0.16415388714720325,1.0241004977241135,8,normalized_compact_thermal,spline_ridge
8,55.9,0.792736462369154,1.0966764154631543,0.7003081842785773,1.4930446466477314,0.6241563894013064,1.0124950756915756,0.7004168809909224,1.3245732703922288,1.038415346257972,-0.47651789046750154,-0.02592027056639639,0.005163572494388896,0.07250556318291364,0.2902473211237246,0.9580654576788881,0.19418308411285123,1.0541296946897614,8,normalized_compact_thermal,spline_ridge
8,56.099999999999994,0.7249006009248657,1.0933681639122765,0.7309178634498439,1.4558184643747094,0.6195339939280026,0.9760819719014514,0.6663149749374502,1.2858489688654526,1.038415346257972,-0.47651789046750154,-0.06233337435652055,-0.0022698157822270484,0.0648845262781331,0.3207220026259434,0.9183459852300617,0.18956068863954745,1.0495072992164576,8,normalized_compact_thermal,spline_ridge
8,56.3,0.8202888413929444,1.1088544820286517,0.6987100613321796,1.5189989027251238,0.6494131671536005,0.9957850676824392,0.671078484105639,1.3204916512592395,1.038415346257972,-0.47651789046750154,-0.04263027857553268,0.0448317468241356,0.0642648343348521,0.3534550363046775,0.9453712980025235,0.2194398618651454,1.0793864724420557,8,normalized_compact_thermal,spline_ridge
8,56.5,1.0008427467603243,0.9245568786874738,0.4241355053073116,1.424978252067636,0.6122597442547951,0.9927238613531633,0.6865939892257658,1.2988537334805608,1.038415346257972,-0.47651789046750154,-0.04569148490480869,-0.01408077732547202,0.07888950518426872,0.24895077847923858,0.9755687100303516,0.18228643896634,1.0422330495432504,8,normalized_compact_thermal,spline_ridge
8,56.699999999999996,0.6670758836528319,1.0328403360485927,0.6993023942221768,1.3663782778750087,0.6162334890556966,0.9363944560335038,0.6282777115056555,1.2445112005613521,1.038415346257972,-0.47651789046750154,-0.10202089022446809,-0.007611456124052771,0.07369136122074739,0.2768634781883777,0.9556034999230156,0.18626018376724152,1.0462067943441518,8,normalized_compact_thermal,spline_ridge
8,56.9,0.7474068676313966,1.1145542034573317,0.7408507696416333,1.48825763727303,0.6141827960938568,0.9775638712222581,0.6704724731753297,1.2846552692691864,1.038415346257972,-0.47651789046750154,-0.06085147503571392,-0.010944791167455475,0.070249613778788,0.29066302665824967,0.937702565529464,0.18420949080540172,1.044156101382312,8,normalized_compact_thermal,spline_ridge
8,57.099999999999994,0.8306951838864827,1.0215256839706912,0.6061780920274499,1.4368732759139324,0.6583934326688884,1.0009169253964683,0.671720209062024,1.3301136417309125,1.038415346257972,-0.47651789046750154,-0.0374984208615036,0.058565286115743694,0.08170172401193347,0.28213338662699033,1.0346534787107864,0.22842012738043327,1.0883667379573434,8,normalized_compact_thermal,spline_ridge
8,57.3,1.016036839059522,0.9605811804263176,0.4525627608965566,1.4685995999560786,0.634254598300604,1.023799549691374,0.7066722505410721,1.3409268488416761,1.038415346257972,-0.47651789046750154,-0.014615796566597748,0.021213059919718842,0.07131428605170144,0.3058317054209012,0.9626774911803069,0.20428129301214892,1.0642279035890592,8,normalized_compact_thermal,spline_ridge
8,57.5,0.8067274981634929,1.0462638479248008,0.6429000988430544,1.4496275970065473,0.6220537315332445,0.9780777305117302,0.6670508647451079,1.2891045962783525,1.038415346257972,-0.47651789046750154,-0.060337615746241774,0.0017890855952452309,0.06657581154122888,0.31545288291319956,0.9286545801532895,0.19208042624478938,1.0520270368216997,8,normalized_compact_thermal,spline_ridge
8,57.699999999999996,0.7668092071732555,1.106080116259872,0.722675512673244,1.4894847198464998,0.5759608285188383,0.991419885646551,0.7034394713871319,1.2794002999059702,1.038415346257972,-0.47651789046750154,-0.04699546061142086,-0.07519773617494359,0.0686389364283065,0.25985869367270803,0.8920629633649686,0.14598752323038322,1.0059341338072936,8,normalized_compact_thermal,spline_ridge
8,57.9,0.7949681071572471,1.0463629730295978,0.6488789194509742,1.4438470266082215,0.6684001020759427,1.045277387337256,0.7110773362992847,1.3794774383752273,1.038415346257972,-0.47651789046750154,0.00686204107928419,0.07364956092344169,0.07373461255966224,0.32883090629584155,1.007969297856044,0.23842679678748757,1.0983734073643978,8,normalized_compact_thermal,spline_ridge
8,58.099999999999994,0.706657809310869,1.0212419868508458,0.6679130821954113,1.3745708915062802,0.6258114975591763,1.0291205667674306,0.7162148179878425,1.3420263155470187,1.038415346257972,-0.47651789046750154,-0.009294779490541326,0.007811815129154943,0.06725402844843313,0.3160872641168748,0.9355357310014778,0.1958381922707212,1.0557848028476315,8,normalized_compact_thermal,spline_ridge
8,58.3,0.7859146375927213,1.0861660730635463,0.6932087542671855,1.479123391859907,0.5829728703710321,0.9763215709269992,0.6848351357414832,1.2678080061125152,1.038415346257972,-0.47651789046750154,-0.062093775330972656,-0.06309673777343947,0.06830638674864273,0.2684022228869461,0.8975435178551181,0.15299956508257695,1.0129461756594873,8,normalized_compact_thermal,spline_ridge
8,58.5,0.7680777693877103,1.001516161876668,0.6174772771828128,1.385555046570523,0.5851477182418494,0.9591521631965075,0.6665783040755828,1.2517260223174322,1.038415346257972,-0.47651789046750154,-0.07926318306146442,-0.05937306334288946,0.07649515713432103,0.2328654170613026,0.9374300194223962,0.1551744129533943,1.0151210235303045,8,normalized_compact_thermal,spline_ridge
8,58.699999999999996,0.6673003551596985,1.0745171900679578,0.7408670124881085,1.408167367647807,0.620829216150887,1.009106064678733,0.6986914566032896,1.3195206727541766,1.038415346257972,-0.47651789046750154,-0.02930928157923874,-0.00018135865428968445,0.07669548312056179,0.2676243559213375,0.9740340763804366,0.19085591086243192,1.0508025214393422,8,normalized_compact_thermal,spline_ridge
8,58.9,0.7349701259435379,1.0562998139202135,0.6888147509484447,1.4237848768919825,0.5818227727352332,1.0135518681980504,0.7226404818304338,1.304463254565667,1.038415346257972,-0.47651789046750154,-0.024863478059921465,-0.06507150135769169,0.07368269812856075,0.24249265791055513,0.9211528875599113,0.15184946744677807,1.0117960780236883,8,normalized_compact_thermal,spline_ridge
8,59.099999999999994,0.6796302239749648,1.0395173881045732,0.6997022761170908,1.3793325000920555,0.677197226568159,1.0356734990870704,0.6970748858029909,1.3742721123711499,1.038415346257972,-0.47651789046750154,-0.0027418471709014973,0.0867251662961459,0.07139478549399865,0.34840361049709884,1.005990842639219,0.24722392127970383,1.107170531856614,8,normalized_compact_thermal,spline_ridge
8,59.3,0.896094582248155,0.9605794109894001,0.5125321198653227,1.4086267021134777,0.6179288542284826,1.0356366259553207,0.7266721988410794,1.344601053069562,1.038415346257972,-0.47651789046750154,-0.002778720302651151,-0.004864060291694033,0.07433190988398175,0.2756089316862836,0.9602487767706818,0.18795554894002753,1.0479021595169378,8,normalized_compact_thermal,spline_ridge
8,59.5,0.8682995025428683,1.0932134538030644,0.6590637025316305,1.5273632050744985,0.5833082600870602,1.0367889770273127,0.7451348469837826,1.3284431070708427,1.038415346257972,-0.47651789046750154,-0.0016263692306591948,-0.06252159389686535,0.07407616689329492,0.24216610791157533,0.924450412262545,0.15333495479860504,1.0132815653755154,8,normalized_compact_thermal,spline_ridge
8,59.699999999999996,0.792033267339189,1.113194492660783,0.7171778589911886,1.5092111263303776,0.6235773454556421,1.048738000860848,0.7369493281330269,1.360526673588669,1.038415346257972,-0.47651789046750154,0.010322654602876171,0.004235419361942529,0.0806986916333989,0.2519365533339405,0.9952181375773438,0.19360404016718702,1.0535506507440973,8,normalized_compact_thermal,spline_ridge
8,59.9,0.7956277118174283,1.0865578034143417,0.6887439475056275,1.4843716593230558,0.5670029267730663,1.0602273639576623,0.7767259005711291,1.3437288273441954,1.038415346257972,-0.47651789046750154,0.021812017699690364,-0.0908729229429461,0.06791702317791883,0.25422541103521146,0.8797804425109211,0.13702962148461117,0.9969762320615214,8,normalized_compact_thermal,spline_ridge
8,60.099999999999994,0.7518389057371044,1.10356143179149,0.7276419789229377,1.479480884660042,0.5819274690456365,1.0052765301771764,0.7143127956543582,1.2962402646999946,1.038415346257972,-0.47651789046750154,-0.033138816080795455,-0.0648915721822949,0.07955360925485543,0.21556011213822246,0.9482948259530506,0.1519541637571814,1.0119007743340918,8,normalized_compact_thermal,spline_ridge
8,60.3,0.7849102373466502,1.0867438051673393,0.6942886864940142,1.4791989238406644,0.5503877871590582,1.0101513637119308,0.7349574701324018,1.2853452572914599,1.038415346257972,-0.47651789046750154,-0.028263982546041073,-0.12061429116955569,0.07007765162237295,0.22765995314063686,0.8731156211774795,0.12041448187060311,0.9803610924475133,8,normalized_compact_thermal,spline_ridge
8,60.5,0.7556719898034209,1.0722760196956647,0.6944400247939543,1.4501120145973752,0.6380461944435742,1.0162471101689952,0.697224012947208,1.3352702073907823,1.038415346257972,-0.47651789046750154,-0.02216823608897668,0.02717329729300506,0.07795618623697768,0.27903543209427845,0.99705695679287,0.20807288915511912,1.0680194997320294,8,normalized_compact_thermal,spline_ridge
8,60.699999999999996,0.7530341413996108,1.028732954132331,0.6522158834325255,1.4052500248321362,0.560668701900809,1.0672409711944608,0.7869066202440563,1.3475753221448654,1.038415346257972,-0.47651789046750154,0.028825624936488922,-0.10210720663121625,0.06337452029073767,0.2688107244731444,0.8525266793284736,0.13069539661235385,0.9906420071892641,8,normalized_compact_thermal,spline_ridge
8,60.9,0.7673061298471128,1.0349677139364597,0.6513146490129034,1.4186207788600163,0.5955495271991473,1.0195205581417355,0.7217457945421618,1.3172953217413093,1.038415346257972,-0.47651789046750154,-0.018894788116236405,-0.041752834077475015,0.0910516091466992,0.176230558547739,1.0148684958505556,0.1655762219106922,1.0255228324876025,8,normalized_compact_thermal,spline_ridge
8,61.099999999999994,0.8581702390001473,1.0582485888605655,0.6291634693604918,1.4873337083606393,0.6047600017406907,1.030205381580363,0.7278253807100176,1.3325853824507083,1.038415346257972,-0.47651789046750154,-0.00820996467760915,-0.026405700524318718,0.07867860637641118,0.2424222859126024,0.9670977175687789,0.17478669645223555,1.0347333070291458,8,normalized_compact_thermal,spline_ridge
8,61.3,0.7567576799510303,1.1066751029157693,0.7282962629402541,1.4850539428912843,0.5933514277240202,1.0576151334134776,0.7609394195514675,1.3542908472754878,1.038415346257972,-0.47651789046750154,0.019199787155505597,-0.04545053819753386,0.0631972729451546,0.30230972553676727,0.8843931299112731,0.16337812243556504,1.0233247330124753,8,normalized_compact_thermal,spline_ridge
8,61.5,0.6520408398980949,1.1115440146848587,0.7855235947358113,1.4375644346339063,0.6108532169033546,1.0048250152131442,0.6993984067614669,1.3102516236648214,1.038415346257972,-0.47651789046750154,-0.03359033104482783,-0.01638069240462721,0.06778560315595128,0.29868092833927534,0.9230255054674339,0.18087991161489947,1.0408265221918098,8,normalized_compact_thermal,spline_ridge
8,61.699999999999996,0.6347850802416679,1.079417041125744,0.7620245010049099,1.396809581246578,0.6665632172611511,1.0465831818713558,0.7133015732407803,1.3798647905019314,1.038415346257972,-0.47651789046750154,0.008167835613383792,0.07089759621031629,0.0616268282878244,0.38275386648654414,0.950372568035758,0.23658991197269597,1.0965365225496062,8,normalized_compact_thermal,spline_ridge
8,61.9,0.6594288296830528,1.120744526562663,0.7910301117211366,1.4504589414041895,0.6035755652448458,1.0192260846609706,0.7174383020385477,1.3210138672833935,1.038415346257972,-0.47651789046750154,-0.01918926159700137,-0.028366144142061372,0.060624902713296076,0.32438037123818564,0.8827707592515059,0.17360225995639067,1.033548870533301,8,normalized_compact_thermal,spline_ridge
8,62.1,0.6215120821355506,1.086922825538141,0.7761667844703657,1.3976788666059163,0.5722343522560026,1.0151095006890904,0.7289923245610892,1.3012266768170917,1.038415346257972,-0.47651789046750154,-0.023305845568881503,-0.08168877430046381,0.07441826026896511,0.22951676124080012,0.9149519432712051,0.1422610469675475,1.0022076575444578,8,normalized_compact_thermal,spline_ridge
8,62.3,0.8244219698173406,1.08316622298578,0.6709552380771097,1.4953772078944503,0.6259954869291031,1.0518176127142032,0.7388198692496516,1.3648153561787546,1.038415346257972,-0.47651789046750154,0.013402266456231165,0.008105773181045765,0.07788944775501903,0.2672920745727017,0.9846988992855046,0.196022181640648,1.0559687922175582,8,normalized_compact_thermal,spline_ridge
8,62.5,0.7831154014239086,1.0806707777145523,0.6891130770025979,1.4722284784265065,0.6438624151518433,1.047385409549169,0.7254542019732474,1.3693166171250906,1.038415346257972,-0.47651789046750154,0.008970063291197159,0.03624767369664783,0.07799094561063975,0.2846915758434301,1.0030332544602565,0.21388910986338816,1.0738357204402984,8,normalized_compact_thermal,spline_ridge
8,62.699999999999996,0.8364882984231115,1.0687310590316392,0.6504869098200836,1.486975208243195,0.5862348417738261,1.0151572065563004,0.7220397856693873,1.3082746274432133,1.038415346257972,-0.47651789046750154,-0.02325813970167153,-0.057516925337762204,0.07474437716184781,0.24201538823840113,0.9304542953092512,0.156261536485371,1.0162081470622812,8,normalized_compact_thermal,spline_ridge
8,62.9,1.0175574040476993,1.1463684143547672,0.6375897123309175,1.655147116378617,0.8185724714878563,1.0409876745214937,0.6317014387775655,1.4502739102654219,1.038415346257972,-0.47651789046750154,0.002572328263521653,0.27632454620695923,0.05878553263756915,0.5478481081491025,1.08929683482661,0.38859916619940116,1.2485457767763113,8,normalized_compact_thermal,spline_ridge
8,63.1,0.7595943538257114,1.083850438775031,0.7040532618621753,1.4636476156878866,0.7829402173395794,1.080414003017337,0.6889438943475473,1.4718841116871269,1.038415346257972,-0.47651789046750154,0.04199865675936499,0.23181895378170644,0.07462302889233065,0.4392796076477551,1.1266008270314036,0.3529669120511243,1.2129135226280345,8,normalized_compact_thermal,spline_ridge
8,63.3,0.8329690811059168,1.1035660539872312,0.6870815134342728,1.5200505945401896,0.590549330173835,1.0341214327050596,0.738846767618142,1.3293960977919772,1.038415346257972,-0.47651789046750154,-0.004293913552912336,-0.05018421669866363,0.07461056999275753,0.24694609731443018,0.9341525630332399,0.16057602488537992,1.02052263546229,8,normalized_compact_thermal,spline_ridge
8,63.5,0.7119462676014194,1.0610619905076766,0.705088856706967,1.4170351243083863,0.6011139528438845,1.0251163357373227,0.7245593593153805,1.325673312159265,1.038415346257972,-0.47651789046750154,-0.01329901052064922,-0.032452866554781204,0.0777587363482632,0.24301250428346077,0.9592154014043082,0.17114064755542935,1.0310872581323396,8,normalized_compact_thermal,spline_ridge
8,63.699999999999996,0.8012105629850438,1.0529668730613202,0.6523615915687981,1.453572154553842,0.5686785811922513,0.9935986317459361,0.7092593411498105,1.2779379223420617,1.038415346257972,-0.47651789046750154,-0.044816714512035866,-0.08792199766434758,0.058962138749070796,0.29714089568130947,0.8402162667031932,0.13870527590379622,0.9986518864807065,8,normalized_compact_thermal,spline_ridge
8,63.9,0.8489727183117903,1.0581563146087754,0.63366995545288,1.4826426737646705,0.6776425022180292,1.0233560140090354,0.6845347629000208,1.3621772651180502,1.038415346257972,-0.47651789046750154,-0.015059332248936432,0.08738247749900127,0.06870789898061937,0.3612227748923985,0.99406222954366,0.24766919692957412,1.1076158075064844,8,normalized_compact_thermal,spline_ridge
8,64.1,0.7837861481073382,1.0654856840573752,0.6735926100037061,1.4573787581110442,0.5952372946898679,1.0638627866901817,0.7662441393452478,1.3614814340351158,1.038415346257972,-0.47651789046750154,0.025447440432209777,-0.04227724786959236,0.060186870744518756,0.3180593644647639,0.8724152249149718,0.16526398940141274,1.025210599978323,8,normalized_compact_thermal,spline_ridge
8,64.3,0.6655813298340213,1.0923474134134326,0.759556748496422,1.4251380783304433,0.574302430846916,1.0454263230484422,0.7582751076249842,1.3325775384719,1.038415346257972,-0.47651789046750154,0.007010976790470174,-0.07808124794062098,0.0672857431912657,0.2644321418501852,0.8841727198436469,0.1443291255584609,1.0042757361353711,8,normalized_compact_thermal,spline_ridge
8,64.5,1.0351637261065865,1.2080190829326942,0.6904372198794011,1.7256009459859876,0.5935366993215319,0.9958574617571764,0.6990891120964104,1.2926258114179423,1.038415346257972,-0.47651789046750154,-0.042557884500795576,-0.04513834095704472,0.07097183763372791,0.2666908803539398,0.9203825182891239,0.16356339403307674,1.023510004609987,8,normalized_compact_thermal,spline_ridge
8,64.69999999999999,0.7478212354820387,1.1200667260985098,0.7461561083574906,1.4939773438395292,0.6007155471823903,0.9741277190721043,0.6737699454809092,1.2744854926632994,1.038415346257972,-0.47651789046750154,-0.06428762718586768,-0.03311586521820119,0.07090171393697996,0.27419266809992426,0.9272384262648563,0.17074224189393516,1.0306888524708455,8,normalized_compact_thermal,spline_ridge
8,64.9,0.8182166314971133,1.1148790975960676,0.7057707818475111,1.5239874133446243,0.5996472169886445,0.9845864754352731,0.6847628669409509,1.2844100839295953,1.038415346257972,-0.47651789046750154,-0.05382887082269884,-0.03489587790721896,0.05712066924606406,0.33659003061484283,0.8627044033624462,0.16967391170018942,1.0296205222770998,8,normalized_compact_thermal,spline_ridge
8,65.1,0.8009252176528268,1.0947481194680364,0.694285510641623,1.4952107282944496,0.6533363877411384,1.0129387774569099,0.6862705835863406,1.3396069713274792,1.038415346257972,-0.47651789046750154,-0.025476568801062173,0.050854750144876795,0.07837564472826235,0.29239389784077674,1.0142788776415002,0.22336308245268333,1.0833096930295936,8,normalized_compact_thermal,spline_ridge
8,65.3,0.8010555814064699,1.1178107998567377,0.7172830091535028,1.5183385905599727,0.5834081104185596,0.9431415197895252,0.6514374645802454,1.234845574998805,1.038415346257972,-0.47651789046750154,-0.09527382646844673,-0.06235042919177097,0.05984583883908834,0.307800730656017,0.8590154901811021,0.15343480513010443,1.0133814157070147,8,normalized_compact_thermal,spline_ridge
8,65.5,0.7736190531879097,1.0939802171399895,0.7071706905460345,1.4807897437339443,0.6444319234735612,1.027780616110108,0.7055646543733274,1.3499965778468885,1.038415346257972,-0.47651789046750154,-0.010634730147863997,0.03713180140215855,0.06608103047279534,0.34010968463612334,0.948754162310999,0.21445861818510603,1.0744052287620163,8,normalized_compact_thermal,spline_ridge
8,65.69999999999999,0.7554873673393955,1.094357399608086,0.7166137159383882,1.4721010832777837,0.6528016695929062,1.0480407463217463,0.7216399115252932,1.3744415811181994,1.038415346257972,-0.47651789046750154,0.009625400063774344,0.050035972719163616,0.06670266767309048,0.3456166118317179,0.9599867273540945,0.22282836430445108,1.0827749748813613,8,normalized_compact_thermal,spline_ridge
8,65.9,0.9911138513513459,1.1669843905140134,0.6714274648383406,1.6625413161896863,0.6186851743843709,0.9701127336357436,0.6607701464435581,1.2794553208279291,1.038415346257972,-0.47651789046750154,-0.0683026126222284,-0.003640848792079855,0.06879816385529265,0.30184975122965857,0.9355205975390832,0.18871186909591575,1.048658479672826,8,normalized_compact_thermal,spline_ridge
8,66.1,0.8459728528122397,1.0833962632875425,0.6604098368814227,1.506382689693662,0.6693649388117985,1.027116415771023,0.6924339463651239,1.3617988851769223,1.038415346257972,-0.47651789046750154,-0.011298930486948775,0.07509202185441309,0.06304907024496155,0.3790057528807512,0.9597241247428457,0.23939163352334336,1.0993382441002537,8,normalized_compact_thermal,spline_ridge
8,66.3,0.8249878967680343,1.1494785894840893,0.7369846411000721,1.5619725378681066,0.6862151634372892,1.0341290894618376,0.6910215077431929,1.3772366711804822,1.038415346257972,-0.47651789046750154,-0.00428625679613427,0.09995383935907726,0.059961998949551905,0.41007283280265894,0.9623574940719194,0.25624185814883405,1.1161884687257442,8,normalized_compact_thermal,spline_ridge
8,66.5,0.9133079382824918,1.187689101286209,0.731035132144963,1.6443430704274549,0.6333382601613586,0.9678936831870476,0.6512245531063683,1.284562813267727,1.038415346257972,-0.47651789046750154,-0.07052166307092432,0.01976726714367394,0.06041148377376284,0.35512592203670235,0.9115505982860149,0.20336495487290351,1.0633115654498138,8,normalized_compact_thermal,spline_ridge
8,66.69999999999999,0.902356037021847,1.12543326357096,0.6742552450600366,1.5766112820818836,0.666469943705933,0.9743820298213711,0.6411470579684047,1.3076170016743376,1.038415346257972,-0.47651789046750154,-0.06403331643660082,0.07075765437225628,0.06034885093577656,0.38854604789739006,0.944393839514476,0.23649663841747792,1.096443248994388,8,normalized_compact_thermal,spline_ridge
8,66.9,0.6875317895011263,1.0472808619449026,0.7035149671943395,1.3910467566954656,0.6771237565847532,0.9942981479642313,0.6557362696718547,1.332860026256608,1.038415346257972,-0.47651789046750154,-0.04411719829374063,0.08661666914607317,0.06433945937413978,0.3808219558676869,0.9734255573018196,0.2471504512962981,1.1070970618732083,8,normalized_compact_thermal,spline_ridge
8,67.1,0.7000489227660747,1.064561522486553,0.7145370611035157,1.4145859838695902,0.646938204508103,1.027597027066912,0.7041279248128605,1.3510661293209634,1.038415346257972,-0.47651789046750154,-0.010818319191060055,0.041013390618176174,0.0610408004931428,0.3658276810553837,0.9280487279608223,0.2169648992196479,1.0769115097965583,8,normalized_compact_thermal,spline_ridge
8,67.3,0.7112431822016665,1.067740501017927,0.7121189099170938,1.4233620921187602,0.663970081019749,1.035455773743275,0.7034707332334005,1.3674408142531496,1.038415346257972,-0.47651789046750154,-0.0029595725146970234,0.06699970124142705,0.06066883687222046,0.38457255751686803,0.9433676045226299,0.23399677573129385,1.093943386308204,8,normalized_compact_thermal,spline_ridge
8,67.5,0.7015628998536045,1.0573898725678592,0.7066084226410569,1.4081713224946615,0.6038163723376407,0.9965286834549146,0.6946204972860943,1.298436869623735,1.038415346257972,-0.47651789046750154,-0.04188666280305735,-0.027967256111601155,0.06242529081261629,0.3163298709279132,0.8913028737473683,0.17384306704918562,1.0337896776260957,8,normalized_compact_thermal,spline_ridge
8,67.69999999999999,0.710785872401678,1.083229988237473,0.727837052036634,1.438622924438312,0.6341508368851797,0.9849247826709986,0.6678493642284087,1.3020002011135885,1.038415346257972,-0.47651789046750154,-0.0534905635869733,0.02104945069387127,0.07774012099930809,0.2761351173854294,0.99216655638493,0.20417753159672458,1.0641241421736347,8,normalized_compact_thermal,spline_ridge
8,67.9,0.8188351928191355,1.1401466351311607,0.7307290387215928,1.5495642315407285,0.6164349334675148,1.0053413284320059,0.6971238616982485,1.3135587951657632,1.038415346257972,-0.47651789046750154,-0.03307401782596606,-0.007284613300904817,0.05933803321402125,0.3431661453342036,0.8897037216008259,0.18646162817905965,1.0464082387559699,8,normalized_compact_thermal,spline_ridge
8,68.1,0.8089825555268608,1.1012154762676776,0.6967241985042472,1.505706754031108,0.6804676862391009,1.0409525510086475,0.7007187078890971,1.3811863941281979,1.038415346257972,-0.47651789046750154,0.0025372047506755663,0.09154294712848257,0.06560133444693185,0.37835458620455,0.9825807862736519,0.2504943809506458,1.1104409915275562,8,normalized_compact_thermal,spline_ridge
8,68.3,0.8598341216315146,1.104015050604752,0.6740979897889944,1.5339321114205093,0.5877601503072962,1.0033394183224718,0.7094593431688236,1.2972194934761199,1.038415346257972,-0.47651789046750154,-0.03507592793550014,-0.05491843147361353,0.06693537014121502,0.2795034304431416,0.8960168701714508,0.1577868450188411,1.0177334555957513,8,normalized_compact_thermal,spline_ridge
8,68.5,0.7858079078538612,1.0652369008450013,0.6723329469180709,1.458140854771932,0.6997386386056196,1.0525472914622236,0.7026779721594139,1.4024166107650333,1.038415346257972,-0.47651789046750154,0.014131945204251572,0.11946950338701494,0.06101683169660009,0.4187384983865443,0.9807387788246948,0.26976533331716446,1.1297119438940748,8,normalized_compact_thermal,spline_ridge
8,68.7,0.7614513038049655,1.0215102594965157,0.640784607594033,1.4022359113989984,0.6521615603558103,1.0253319354192643,0.6992511552413592,1.3514127155971694,1.038415346257972,-0.47651789046750154,-0.01308341083870767,0.049054934673425414,0.06850062908579882,0.33669637078457126,0.9676267499270493,0.22218825506735518,1.0821348656442655,8,normalized_compact_thermal,spline_ridge
8,68.9,0.7201524942158734,1.0356333375720668,0.6755570904641301,1.3957095846800034,0.6708167900689365,1.0046959213212225,0.6692875262867544,1.3401043163556907,1.038415346257972,-0.47651789046750154,-0.03371942493674938,0.07725867103908873,0.07031288870132896,0.3470056213323172,0.9946279588055558,0.24084348478048134,1.1007900953573917,8,normalized_compact_thermal,spline_ridge
8,69.1,0.6712003179082842,1.0690656031994203,0.7334654442452782,1.4046657621535623,0.6353320759723221,0.9627750898713551,0.6451090518851941,1.280441127857516,1.038415346257972,-0.47651789046750154,-0.07564025638661688,0.022910427972238478,0.07259097761903113,0.3010296495366981,0.9696345024079461,0.205358770683867,1.0653053812607771,8,normalized_compact_thermal,spline_ridge
8,69.3,0.721077449331186,1.0891360571937225,0.7285973325281295,1.4496747818593156,0.6587176114503389,1.0266389580424014,0.6972801523172318,1.3559977637675709,1.038415346257972,-0.47651789046750154,-0.011776388215570501,0.05905754345341339,0.06353950635910288,0.366099825506635,0.9513353973940428,0.2287443061618838,1.088690916738794,8,normalized_compact_thermal,spline_ridge
8,69.5,0.7287209918850672,1.0966518893124455,0.732291393369912,1.4610123852549792,0.6475579831326648,0.9826817219815076,0.6589027304151752,1.3064607135478399,1.038415346257972,-0.47651789046750154,-0.05573362427646439,0.04197095028940027,0.06990886818084684,0.325607445630905,0.9695085206344245,0.21758467784420965,1.07753128842112,8,normalized_compact_thermal,spline_ridge
8,69.7,0.6698313085066072,1.1001343825387573,0.7652187282854537,1.435050036792061,0.6460211272596273,1.019611635607352,0.6966010719775382,1.3426221992371656,1.038415346257972,-0.47651789046750154,-0.01880371065062007,0.0395948194694433,0.06901971146826691,0.3281654133330093,0.9638768411862454,0.21604782197117223,1.0759944325480824,8,normalized_compact_thermal,spline_ridge
8,69.9,0.7183220210387258,1.132037395169771,0.7728763846504081,1.4911984056891339,0.6158313661230967,1.000752231151888,0.6928365480903396,1.3086679142134363,1.038415346257972,-0.47651789046750154,-0.037663115106084034,-0.008264218752884106,0.066189863694378,0.31100791885390544,0.920654813392288,0.18585806083464163,1.0458046714115519,8,normalized_compact_thermal,spline_ridge
8,70.1,0.8059687006188541,1.0983249937224027,0.6953406434129757,1.5013093440318297,0.5730366399096632,0.9588191399676289,0.6723008200127973,1.2453374599224605,1.038415346257972,-0.47651789046750154,-0.07959620629034307,-0.08028772984830429,0.06622005386457465,0.26807415818354247,0.8779991216357841,0.14306333462120813,1.0030099451981185,8,normalized_compact_thermal,spline_ridge
8,70.3,0.7941470542262664,1.0575278360732143,0.6604543089600811,1.4546013631863475,0.6162545826565278,0.9745689465571207,0.6664416552288568,1.2826962378853846,1.038415346257972,-0.47651789046750154,-0.06384639970085125,-0.007577226825908147,0.06849976089197081,0.3007933913687234,0.9317157739443321,0.18628127736807265,1.046227887944983,8,normalized_compact_thermal,spline_ridge
8,70.5,0.7550151722670316,1.0942061791956597,0.7166985930621438,1.4717137653291756,0.6558267739947459,1.0282255857611606,0.7003121987637877,1.3561389727585336,1.038415346257972,-0.47651789046750154,-0.010189760496811289,0.05465930152600843,0.06276494669047326,0.36677605912702327,0.9448774888624685,0.22585346870629075,1.085800079283201,8,normalized_compact_thermal,spline_ridge
8,70.7,0.711791251565242,1.1228267593460686,0.7669311335634476,1.4787223851286895,0.7646975832030256,1.090537482414257,0.7081886908127443,1.47288627401577,1.038415346257972,-0.47651789046750154,0.05212213615628516,0.20824305107942584,0.06415483437151533,0.4692460339687532,1.060149132437298,0.3347242779145705,1.1946708884914807,8,normalized_compact_thermal,spline_ridge
8,70.9,0.7154212349621374,1.1579562094937605,0.8002455920126917,1.5156668269748292,0.737379895707564,1.0807060576550662,0.7120161098012843,1.4493960055088482,1.038415346257972,-0.47651789046750154,0.042290711397094324,0.17186583315942522,0.05456898680588246,0.4860739442561343,0.9886858471589937,0.3074065904191089,1.1673532009960192,8,normalized_compact_thermal,spline_ridge
8,71.1,0.7198193646091182,1.1254388779953546,0.7655291956907955,1.4853485602999137,0.7772660080520348,1.0697817687575606,0.6811487647315432,1.458414772783578,1.038415346257972,-0.47651789046750154,0.03136642249958875,0.22454525596901784,0.06862915631128225,0.46120891347067666,1.093323102633393,0.3472927027635797,1.20723931334049,8,normalized_compact_thermal,spline_ridge
8,71.3,0.7855010052857343,1.1578501080166304,0.7650996053737632,1.5506006106594974,0.5947549107754195,1.0545188529002543,0.7571413975125445,1.351896308287964,1.038415346257972,-0.47651789046750154,0.016103506642282252,-0.043087982492315366,0.07179937122785526,0.26409806049859713,0.9254117610522419,0.1647816054869644,1.0247282160638747,8,normalized_compact_thermal,spline_ridge
8,71.5,0.8713379646663952,1.126903275991063,0.6912342936578654,1.5625722583242607,0.6315266712682069,1.02070695501719,0.7049436193830867,1.3364702906512935,1.038415346257972,-0.47651789046750154,-0.017708391240781877,0.01690278717138947,0.06296198254955178,0.3415685493377159,0.921484793198698,0.20155336597975182,1.0614999765566622,8,normalized_compact_thermal,spline_ridge
8,71.7,0.7405025454867891,1.123865925089146,0.7536146523457516,1.4941171978325407,0.6179486955083094,1.0201435104770318,0.7111691627228771,1.3291178582311864,1.038415346257972,-0.47651789046750154,-0.018271835780940056,-0.004831951479890198,0.05974977041902825,0.3427837385782362,0.8931136524383827,0.18797539021985432,1.0479220007967647,8,normalized_compact_thermal,spline_ridge
8,71.9,0.7231190674625468,1.1347192140637563,0.7731596803324828,1.4962787477950297,0.7137125857742078,1.0056523723556021,0.6487960794684982,1.362508665242706,1.038415346257972,-0.47651789046750154,-0.03276297390236977,0.13924295185111657,0.0650295456829753,0.4142327382108178,1.013192433337598,0.2837392804857527,1.1436858910626628,8,normalized_compact_thermal,spline_ridge
8,72.1,0.6439507326005273,1.063357454690884,0.7413820883906201,1.3853328209911475,0.6849181681234036,1.0294569004504395,0.6869978163887377,1.3719159845121411,1.038415346257972,-0.47651789046750154,-0.00895844580753239,0.09806198001779434,0.061460390622780775,0.4018753108869657,0.9679610253598414,0.25494486283494844,1.1148914734118587,8,normalized_compact_thermal,spline_ridge
8,72.3,0.7147721275230318,1.0750969334820564,0.7177108697205404,1.4324829972435722,0.5835667954015927,0.9519454283657814,0.6601620306649851,1.2437288260665778,1.038415346257972,-0.47651789046750154,-0.08646991789219045,-0.062078469643678316,0.07106232734304002,0.25630424517644335,0.9108293456267421,0.1535934901131376,1.0135401006900477,8,normalized_compact_thermal,spline_ridge
8,72.5,0.6466696029357256,1.077944626763011,0.7546098252951482,1.401279428230874,0.616071690256284,0.9913400147978189,0.6833041696696769,1.2993758599259608,1.038415346257972,-0.47651789046750154,-0.047075331460153046,-0.007874051466600349,0.07919275547143045,0.25136616928694694,0.9807772112256212,0.18609838496782893,1.0460449955447393,8,normalized_compact_thermal,spline_ridge
8,72.7,0.7302638467598169,1.024609254420214,0.6594773310403056,1.3897411778001225,0.6749050251504568,1.052388098026098,0.7149355854508697,1.3898406106013264,1.038415346257972,-0.47651789046750154,0.013972751768125962,0.08333458897742627,0.06358593393958865,0.3820734267837905,0.9677366235171231,0.24493171986200168,1.104878330438912,8,normalized_compact_thermal,spline_ridge
8,72.9,0.7904052163899901,1.087621850788786,0.692419242593791,1.482824458983781,0.6632556969168937,1.066974535490012,0.7353466870315651,1.3986023839484587,1.038415346257972,-0.47651789046750154,0.028559189232040143,0.06592319386231982,0.05170372791540452,0.42514509054650196,0.9013663032872854,0.23328239162843856,1.0932290022053488,8,normalized_compact_thermal,spline_ridge
8,73.1,0.9837876926095813,1.1847849237089911,0.6928910774042003,1.6766787700137817,0.7168449167975309,1.0645004753972243,0.7060780169984588,1.4229229337959897,1.038415346257972,-0.47651789046750154,0.026085129139252407,0.14362213412582903,0.060444637739534325,0.43847989508096136,0.9952099385141004,0.2868716115090758,1.1468182220859862,8,normalized_compact_thermal,spline_ridge
8,73.3,1.1392867812152994,1.109968840403298,0.5403254497956483,1.6796122310109476,0.6820797790956212,1.0644803920458277,0.7234405024980171,1.4055202815936383,1.038415346257972,-0.47651789046750154,0.026065045787855637,0.09390924063348902,0.07476645386239326,0.33775865597532345,1.026400902215919,0.2521064738071661,1.1120530843840764,8,normalized_compact_thermal,spline_ridge
8,73.5,1.0736682657607726,1.22374450638318,0.6869103735027936,1.7605786392635663,0.6580536927785748,1.0262787280849823,0.697251881695695,1.3553055744742697,1.038415346257972,-0.47651789046750154,-0.012136618172989654,0.05804913944902433,0.06169725355790679,0.37392001328649993,0.9421873722706497,0.22808038749011972,1.08802699806703,8,normalized_compact_thermal,spline_ridge
8,73.7,0.784567329927333,1.1122114247424693,0.7199277597788027,1.5044950897061358,0.6548139813973435,1.047128299432458,0.7197213087337863,1.3745352901311296,1.038415346257972,-0.47651789046750154,0.008712953174486003,0.05311380891893418,0.05928923867856242,0.38176990619855555,0.9278580565961314,0.22484067610888836,1.0847872866857986,8,normalized_compact_thermal,spline_ridge
8,73.9,0.7794600089840209,1.0920856664690066,0.7023556619769963,1.481815670961017,0.6220371325317291,1.0110041368320482,0.6999855705661836,1.3220227030979128,1.038415346257972,-0.47651789046750154,-0.02741120942592381,0.001762401046719271,0.07493741086806015,0.2769287030038699,0.9671455620595883,0.19206382724327398,1.0520104378201842,8,normalized_compact_thermal,spline_ridge
8,74.1,0.7735110493196696,1.0455600472009403,0.6588045225411056,1.4323155718607752,0.6594333186811036,1.017958981381249,0.6882423220406972,1.347675640721801,1.038415346257972,-0.47651789046750154,-0.02045636487672276,0.06014346963187551,0.06824653780792857,0.3451382928618111,0.973728344500396,0.22946001339264843,1.0894066239695586,8,normalized_compact_thermal,spline_ridge
8,74.3,0.8439361252728246,1.0637300522863755,0.6417619896499632,1.4856981149227877,0.6814928572252266,1.0209146464430663,0.680168217830453,1.3616610750556797,1.038415346257972,-0.47651789046750154,-0.01750069981490562,0.09304838160624335,0.07181254195293396,0.35077535195385606,1.012210362496597,0.25151955193677145,1.1114661625136817,8,normalized_compact_thermal,spline_ridge
8,74.5,0.7299301850237635,1.1109962511571585,0.7460311586452768,1.4759613436690402,0.7010331280109043,1.072847868218253,0.7223313042128008,1.4233644322237051,1.038415346257972,-0.47651789046750154,0.03443252196028104,0.12131775562144326,0.07035852951118923,0.37701177015738335,1.0250544858644253,0.2710598227224492,1.1310064332993595,8,normalized_compact_thermal,spline_ridge
8,74.7,0.6802894817802904,1.126342731042185,0.7861979901520398,1.4664874719323302,0.6455726946230972,1.0186016194222904,0.6958152721107418,1.341387966733839,1.038415346257972,-0.47651789046750154,-0.019813726835681437,0.038900432972773714,0.061583351745571856,0.361963565887713,0.9291818233584814,0.21559938933464207,1.0755459999115522,8,normalized_compact_thermal,spline_ridge
8,74.9,0.6985821633123248,1.0735153100001291,0.7242242283439666,1.4228063916562914,0.6637377081492543,1.0731373131363569,0.7412684590617298,1.405006167210984,1.038415346257972,-0.47651789046750154,0.03472196687838486,0.06664966507418767,0.060629757252101076,0.38452015758872243,0.942955258709786,0.23376440286079914,1.0937110134377095,8,normalized_compact_thermal,spline_ridge
8,75.1,0.8086589523982148,1.1034736923371977,0.6991442161380902,1.5078031685363051,0.657603437008448,1.0218436136711286,0.6930418951669046,1.3506453321753527,1.038415346257972,-0.47651789046750154,-0.01657173258684331,0.05736468180803141,0.07380422432112757,0.3177136589531163,0.9974932150637797,0.2276301317199929,1.0875767422969032,8,normalized_compact_thermal,spline_ridge
8,75.3,0.8513433117007759,1.0897973524045823,0.6641256965541943,1.5154690082549702,0.6904597635697838,1.0972139814667532,0.7519840996818613,1.4424438632516452,1.038415346257972,-0.47651789046750154,0.05879863520878133,0.10612031119556695,0.059858641227047565,0.4147934251115559,0.9661261020280116,0.26048645828132866,1.120433068858239,8,normalized_compact_thermal,spline_ridge
8,75.5,0.9720818566904798,1.2082951292075708,0.7222542008623307,1.6943360575528108,0.6375620484952622,1.0301326410898306,0.7113516168421995,1.3489136653374616,1.038415346257972,-0.47651789046750154,-0.008282705168141235,0.02641421475455419,0.0666105390244589,0.3308012697807539,0.9443228272097706,0.2075887432068071,1.0675353537837173,8,normalized_compact_thermal,spline_ridge
8,75.7,0.9685391619865107,1.1222760379871008,0.6380064569938454,1.6065456189803562,0.6164291182735951,1.0367273472778773,0.7285127881410798,1.3449419064146748,1.038415346257972,-0.47651789046750154,-0.0016879989800946977,-0.007294046934583222,0.08288583005569984,0.23471592176352646,0.9981423147836639,0.18645581298514002,1.0464024235620504,8,normalized_compact_thermal,spline_ridge
8,75.9,1.1351124371960684,1.0321792305867399,0.46462301198870576,1.5997354491847742,0.6214116474204043,1.0454903136336333,0.7347844899234311,1.3561961373438356,1.038415346257972,-0.47651789046750154,0.007074967375661443,0.0007563521057969563,0.05948111020469158,0.3474839484042666,0.895339346436542,0.1914383421319492,1.0513849527088595,8,normalized_compact_thermal,spline_ridge
8,76.1,0.7629161476598203,1.0949232439183019,0.7134651700883917,1.4763813177482121,0.6268092588848304,1.014648004603974,0.7012433751615589,1.3280526340463892,1.038415346257972,-0.47651789046750154,-0.023767341653997923,0.00940489353143966,0.06363488726260455,0.3337522163210604,0.9198663014486004,0.1968359535963753,1.0567825641732855,8,normalized_compact_thermal,spline_ridge
8,76.3,0.8421025764278284,1.0863971919383506,0.6653459037244365,1.5074484801522647,0.6680300029096747,1.0822212418062762,0.7482062403514389,1.4162362432611135,1.038415346257972,-0.47651789046750154,0.04380589554830423,0.07309569854882393,0.06556326849250749,0.3660922075940578,0.9699677982252917,0.23805669762121962,1.09800330819813,8,normalized_compact_thermal,spline_ridge
8,76.5,0.8993272022532144,1.168855476651851,0.7191918755252438,1.6185190777784582,0.6421824763747809,1.1031057388446501,0.7820145006572596,1.4241969770320406,1.038415346257972,-0.47651789046750154,0.06469039258667811,0.033635105902681095,0.06797888196147538,0.3291200830651176,0.9552448696844442,0.21220917108632575,1.0721557816632359,8,normalized_compact_thermal,spline_ridge
8,76.7,0.9483173187481286,1.1611197848587063,0.686961125484642,1.6352784442327706,0.5986582478085933,1.071903452836277,0.7725743289319803,1.3712325767405735,1.038415346257972,-0.47651789046750154,0.033488106578304956,-0.036546491100004116,0.06504853977279973,0.299090926973393,0.8982255686437937,0.16868494252013821,1.0286315530970485,8,normalized_compact_thermal,spline_ridge
8,76.9,0.6253712519177149,1.056797793866523,0.7441121679076654,1.3694834198253805,0.6736415603061278,1.0740104696392776,0.7371896894862138,1.4108312497923414,1.038415346257972,-0.47651789046750154,0.035595123381305625,0.08146077130194665,0.06342186696130905,0.38156553778009394,0.9657175828321616,0.24366825501767264,1.103614865594583,8,normalized_compact_thermal,spline_ridge
8,77.1,0.7890719567376087,1.0140888893373956,0.6195529109685912,1.4086248677061999,0.66149654997513,1.0844091770903632,0.7536609021027982,1.4151574520779282,1.038415346257972,-0.47651789046750154,0.04599383083239127,0.06326737956967676,0.05844814098141547,0.39232597269920133,0.9306671272510586,0.23152324468667485,1.091469855263585,8,normalized_compact_thermal,spline_ridge
8,77.3,0.743354082290258,1.0166377954128087,0.6449607542676798,1.3883148365579379,0.6233220889954683,1.0750993896168075,0.7634383451190734,1.3867604341145416,1.038415346257972,-0.47651789046750154,0.03668404335883559,0.0038259934584783523,0.06579366430708485,0.3203232543829563,0.9263209236079802,0.19334878370701314,1.0532953942839234,8,normalized_compact_thermal,spline_ridge
8,77.5,1.0732867338073575,0.9415598357231347,0.40491646881945603,1.4782032026268135,0.6774628518997037,1.1245739855209724,0.7858425595711206,1.4633054114708242,1.038415346257972,-0.47651789046750154,0.08615863926300052,0.08711733159158949,0.06678206949787267,0.3699121257929613,0.9850135780064461,0.24748954661124856,1.1074361571881588,8,normalized_compact_thermal,spline_ridge
8,77.7,0.577320871291716,1.0632828386649944,0.7746224030191363,1.3519432743108524,0.6209226944543274,1.1229286631590092,0.8124673159318455,1.433390010386173,1.038415346257972,-0.47651789046750154,0.08451331690103715,-3.079991092305029e-05,0.06582377413664013,0.31778519537675304,0.9240601935319017,0.19094938916587223,1.0508959997427825,8,normalized_compact_thermal,spline_ridge
8,77.9,0.4839111687625792,1.059177840158914,0.8172222557776243,1.3011334245402035,0.5002540784892798,1.0515087260129194,0.8013816867682795,1.3016357652575594,1.038415346257972,-0.47651789046750154,0.013093379754947421,-0.21612126218191882,0.0727631448033191,0.16515877242387433,0.8353493845546853,0.07028077320082471,0.930227383777735,8,normalized_compact_thermal,spline_ridge
8,78.1,0.8915437313809697,1.0101477310368556,0.5643758653463709,1.4559195967273404,0.6485405089559363,1.1348028336912543,0.8105325792132863,1.4590730881692224,1.038415346257972,-0.47651789046750154,0.0963874874332824,0.04348707891307414,0.05711176493033544,0.38552432952888555,0.9115566883829871,0.21856720366748117,1.0785138142443915,8,normalized_compact_thermal,spline_ridge
8,78.3,0.8951452993336714,1.0988890557307105,0.6513164060638749,1.5464617053975462,0.5630408462747377,1.0543515180820924,0.7728310949447235,1.3358719412194613,1.038415346257972,-0.47651789046750154,0.015936171824120486,-0.09788521189699123,0.07379398159775448,0.22319823892008045,0.902883453629395,0.1330675409862826,0.9930141515631928,8,normalized_compact_thermal,spline_ridge
8,78.5,0.6470488227719753,1.0790565681375393,0.7555321567515516,1.402580979523527,0.6198889443232996,1.1297752029033312,0.8198307307416814,1.439719675064981,1.038415346257972,-0.47651789046750154,0.09135985664535924,-0.0016970485789644732,0.06485056167040378,0.32123336985359713,0.9185445187930019,0.18991563903484443,1.0498622496117547,8,normalized_compact_thermal,spline_ridge
8,78.7,0.6312538009502059,1.0780443087888822,0.7624174083137792,1.3936712092639854,0.6212838089361461,1.0259526176491984,0.7153107131811254,1.3365945221172715,1.038415346257972,-0.47651789046750154,-0.012462728608773446,0.0005506082382141717,0.06742189672331225,0.31078649358402144,0.9317811242882708,0.19131050364769098,1.0512571142246012,8,normalized_compact_thermal,spline_ridge
8,78.9,0.629573994217855,1.1070348658697884,0.7922478687608608,1.4218218629787158,0.5066535049697051,1.0562780012010091,0.8029512487161565,1.3096047536858617,1.038415346257972,-0.47651789046750154,0.01786265494303728,-0.203410040713309,0.06882393296887886,0.18969940760117832,0.8236076023382318,0.07668019968124995,0.9366268102581602,8,normalized_compact_thermal,spline_ridge
8,79.1,0.659143378517384,1.0991822922838959,0.7696106030252039,1.4287539815425878,0.6046352499251085,1.0133765200471934,0.711058895084639,1.3156941450097477,1.038415346257972,-0.47651789046750154,-0.025038826210778617,-0.026612004982439846,0.07340553081044127,0.2665815706853358,0.9426889291648812,0.1746619446366534,1.0346085552135635,8,normalized_compact_thermal,spline_ridge
8,79.3,0.6701786867609166,1.1047987412543612,0.7697093978739027,1.4398880846348194,0.6363961907805551,1.0621476315105356,0.743949536120258,1.380345726900813,1.038415346257972,-0.47651789046750154,0.023732285252563726,0.024583922356844954,0.06456760572831435,0.3390437101817096,0.9337486713794005,0.20642288549209997,1.0663694960690102,8,normalized_compact_thermal,spline_ridge
8,79.5,0.6785383817302432,1.0606272872309386,0.7213580963658169,1.39989647809606,0.6595656021925855,1.0298212902631492,0.7000384891668564,1.3596040913594418,1.038415346257972,-0.47651789046750154,-0.008594055994822835,0.06034405131519914,0.06028489613269681,0.38193623673138105,0.9371949676537901,0.2295922969041304,1.0895389074810407,8,normalized_compact_thermal,spline_ridge
8,79.7,0.6168518159414254,1.087040660029744,0.7786147520590313,1.3954665680004568,0.6518298399527646,1.066915178148584,0.7410002581722017,1.3928300981249662,1.038415346257972,-0.47651789046750154,0.028499831890612004,0.04854615768283659,0.07454611290486758,0.30852345060737973,0.9951362292981494,0.22185653466430943,1.0818031452412198,8,normalized_compact_thermal,spline_ridge
8,79.9,0.7794141166622974,1.1471793241323125,0.7574722658011637,1.536886382463461,0.6289270971290595,1.0871200378449415,0.7726564892804118,1.4015835864094712,1.038415346257972,-0.47651789046750154,0.04870469158696966,0.012777958653068834,0.06524656399626243,0.3284478175275227,0.9294063767305962,0.19895379184060435,1.0589004024175146,8,normalized_compact_thermal,spline_ridge
8,80.1,0.6930891157278588,1.110219513698663,0.7636749558347337,1.4567640715625925,0.5532006549786033,0.966533056013789,0.6899327285244874,1.2431333835030907,1.038415346257972,-0.47651789046750154,-0.07188229024418294,-0.1155166047431655,0.07831014101131242,0.19255982862149673,0.9138414813357099,0.12322734969014815,0.9831739602670584,8,normalized_compact_thermal,spline_ridge
8,80.3,0.6249277109478705,1.16558554319574,0.8531216877218047,1.4780493986696752,0.566870113849557,1.0065507900257176,0.723115733100939,1.2899858469504961,1.038415346257972,-0.47651789046750154,-0.031864556232254385,-0.09110718713189567,0.06364581071325623,0.2737627656393047,0.8599774620598093,0.13689680856110187,0.9968434191380121,8,normalized_compact_thermal,spline_ridge
8,80.5,0.6302962230805407,1.1701744313915923,0.8550263198513219,1.4853225429318626,0.6132700942870679,0.9794355972126251,0.6728005500690911,1.2860706443561591,1.038415346257972,-0.47651789046750154,-0.05897974904534691,-0.01243193903627065,0.06471897725131885,0.3152205040873676,0.9113196844867681,0.1832967889986128,1.043243399575523,8,normalized_compact_thermal,spline_ridge
8,80.7,0.7293443089073003,1.1799139773962477,0.8152418229425976,1.5445861318498977,0.6488851596924188,1.027265224430741,0.7028226445845316,1.3517078042769504,1.038415346257972,-0.47651789046750154,-0.011150121827231034,0.04401836290554891,0.06151705360561857,0.36558135304776146,0.9321889663370762,0.21891185440396366,1.078858464980874,8,normalized_compact_thermal,spline_ridge
8,80.9,0.9380365286983658,1.1672511328646415,0.6982328685154586,1.6362693972138245,0.633675791289091,1.0562545054467987,0.7394166098022532,1.3730924010913441,1.038415346257972,-0.47651789046750154,0.017839159188826705,0.020300064921773962,0.06157017257293207,0.3501273564517146,0.9172242261264674,0.2037024860006359,1.0636490965775462,8,normalized_compact_thermal,spline_ridge
8,81.1,0.785619279128523,1.0905052318152737,0.6976955922510123,1.4833148713795352,0.5979796508498105,0.9734973561595432,0.674507530734638,1.2724871815844485,1.038415346257972,-0.47651789046750154,-0.0649179900984287,-0.03768066382223896,0.07236839993299338,0.2647022589701799,0.9312570427294411,0.1680063455613554,1.0279529561382656,8,normalized_compact_thermal,spline_ridge
8,81.3,0.6843358732822877,1.1314544827489657,0.7892865461078217,1.4736224193901097,0.6173663453431174,1.0191403019664542,0.7104571292948956,1.3278234746380129,1.038415346257972,-0.47651789046750154,-0.019275044291517725,-0.005774788228530968,0.06513674588202881,0.31739280988856755,0.9173398807976673,0.18739304005466229,1.0473396506315726,8,normalized_compact_thermal,spline_ridge
8,81.5,0.6801682746838925,1.2155060028896894,0.8754218655477431,1.5555901402316357,0.6459063625251146,1.0494897962103351,0.7265366149477779,1.3724429774728923,1.038415346257972,-0.47651789046750154,0.011074449952363256,0.039417155110225005,0.058806799655893235,0.3750840584220676,0.9167286666281615,0.21593305723665945,1.0758796678135698,8,normalized_compact_thermal,spline_ridge
8,81.7,0.826167737463898,1.1273674184822515,0.7142835497503024,1.5404512872142004,0.6783614732869949,1.0421698614414527,0.7029891247979553,1.3813505980849503,1.038415346257972,-0.47651789046750154,0.00375451518348076,0.08844290379468642,0.07175897960249511,0.3478906381157473,1.0088323084582425,0.2483881679985398,1.10833477857545,8,normalized_compact_thermal,spline_ridge
8,81.9,0.7175550618638529,1.0609743808144239,0.7021968498824975,1.4197519117463504,0.648739786103614,1.0428348822796332,0.7184649892278261,1.3672047753314402,1.038415346257972,-0.47651789046750154,0.004419536021661256,0.043794301877924595,0.06908012696863144,0.33060584134131027,0.9668737308659179,0.21876648081515893,1.078713091392069,8,normalized_compact_thermal,spline_ridge
8,82.1,0.5971968289654137,1.0945523257503114,0.7959539112676044,1.393150740233018,0.5857671834100197,1.0675855080313776,0.7747019163263678,1.3604690997363875,1.038415346257972,-0.47651789046750154,0.02917016177340572,-0.05831497581647768,0.05991008211917823,0.3098639447801541,0.8616704220398852,0.15579387812156453,1.0157404886984747,8,normalized_compact_thermal,spline_ridge
8,82.3,0.6144834070919561,1.1112740997089132,0.8040323961629351,1.4185158032548912,0.5351382970400719,0.95130051853564,0.683731370015604,1.218869667055676,1.038415346257972,-0.47651789046750154,-0.08711482772233194,-0.14871217588345384,0.08159582665948134,0.15936593890428868,0.910910655175855,0.10516499175161675,0.965111602328527,8,normalized_compact_thermal,spline_ridge
8,82.5,0.7907784218160169,1.0896103646428728,0.6942211537348643,1.4849995755508811,0.5727055011658837,1.0328051707950514,0.7464524202121096,1.3191579213779931,1.038415346257972,-0.47651789046750154,-0.005610175462920638,-0.08086576349327221,0.06463120181153814,0.27506014222828523,0.8703508601034822,0.14273219587742858,1.0026788064543388,8,normalized_compact_thermal,spline_ridge
8,82.7,0.7965360491148152,1.0688490512171045,0.670581026659697,1.4671170757745122,0.629317640517304,1.0495191048334465,0.7348602845747945,1.3641779250920985,1.038415346257972,-0.47651789046750154,0.011103758575474432,0.013398733593112465,0.06762272702244579,0.3178954436095887,0.9407398374250193,0.19934433522884887,1.059290945805759,8,normalized_compact_thermal,spline_ridge
8,82.9,0.7524449195432183,1.0650384010979996,0.6888159413263905,1.4412608608696087,0.6055402596228272,0.9909229381568353,0.6881528083454217,1.293693067968249,1.038415346257972,-0.47651789046750154,-0.04749240810113667,-0.02511633785103813,0.0726337158406688,0.27104101132774294,0.9400395079179115,0.17556695433437208,1.0355135649112823,8,normalized_compact_thermal,spline_ridge
8,83.1,0.8838709164775671,1.1132877302405675,0.6713522720017838,1.555223188479351,0.609898249072828,1.0234489836629075,0.7184998591264935,1.3283981081993215,1.038415346257972,-0.47651789046750154,-0.014966362595064425,-0.017945250059388962,0.06911589095793398,0.291599600806108,0.928196897339548,0.17992494378437285,1.039871554361283,8,normalized_compact_thermal,spline_ridge
8,83.3,0.8386242520144872,1.0868991680574334,0.6675870420501898,1.506211294064677,0.6021412784986784,1.023741081475783,0.7226704422264438,1.3248117207251222,1.038415346257972,-0.47651789046750154,-0.014674264782188993,-0.030745288847809582,0.06836359742705458,0.2873071593100028,0.916975397687354,0.17216797321022326,1.0321145837871335,8,normalized_compact_thermal,spline_ridge
8,83.5,0.5759802314443221,1.1178778725268361,0.8298877568046751,1.4058679882489973,0.5973995240205271,1.0143523882216094,0.7156526262113458,1.313052150231873,1.038415346257972,-0.47651789046750154,-0.0240629580363624,-0.03865127948465577,0.06951205758026568,0.27727641398924235,0.9175226340518119,0.16742621873207197,1.027372829308982,8,normalized_compact_thermal,spline_ridge
8,83.7,0.7842636392612398,1.1017193716721274,0.7095875520415074,1.4938511913027472,0.6444117008104786,1.0215289926211415,0.6993231422159022,1.3437348430263807,1.038415346257972,-0.47651789046750154,-0.016886353636830505,0.03710042030564209,0.0716270908741563,0.3145482513412747,0.9742751502796825,0.21443839552202348,1.0743850060989337,8,normalized_compact_thermal,spline_ridge
8,83.9,0.7499021286374126,1.0365341110873156,0.6615830467686094,1.411485175406022,0.5802055798426804,1.0084922017154136,0.7183894117940735,1.2985949916367538,1.038415346257972,-0.47651789046750154,-0.02992314454255835,-0.06785489977140348,0.07676697030576006,0.22667150046972356,0.9337396592156373,0.15023227455422528,1.0101788851311355,8,normalized_compact_thermal,spline_ridge
8,84.1,0.8389642389212734,1.0703321827018528,0.650850063241216,1.4898143021624894,0.5766168454238754,1.0206256028403449,0.7323171801284072,1.3089340255522826,1.038415346257972,-0.47651789046750154,-0.01778974341762704,-0.07405938864191568,0.06515844213491655,0.27654339245584336,0.8766902983919074,0.14664354013542025,1.0065901507123305,8,normalized_compact_thermal,spline_ridge
8,84.3,0.8469936071823497,1.0947943030908924,0.6712974994997175,1.5182911066820672,0.5745790470389881,1.0031567933326724,0.7158672698131783,1.2904463168521665,1.038415346257972,-0.47651789046750154,-0.03525855292529956,-0.07759970793368076,0.0703825199988255,0.2504472060580698,0.8987108880199064,0.14460574175053298,1.004552352327443,8,normalized_compact_thermal,spline_ridge
8,84.5,0.8527805972301823,1.0880110347086762,0.6616207360935852,1.5144013333237674,0.6389520445052097,1.0601657214669156,0.7406896992143107,1.3796417437195205,1.038415346257972,-0.47651789046750154,0.021750375208943656,0.028592015324001522,0.07330447285375082,0.30136376635577006,0.9765403226546494,0.20897873921675458,1.0689253497936648,8,normalized_compact_thermal,spline_ridge
8,84.7,1.14883102204373,0.9160676291470864,0.34165211812522145,1.4904831401689513,0.6309039728570316,1.0377932607638647,0.7223412743353489,1.3532452471923806,1.038415346257972,-0.47651789046750154,-0.0006220854941072478,0.01591627996867899,0.0655326136406266,0.32910735199176566,0.9327005937222975,0.20093066756857647,1.0608772781454867,8,normalized_compact_thermal,spline_ridge
8,84.9,1.1437449262504633,0.9402629282200846,0.3683904650948529,1.5121353913453164,0.6136458778579398,1.0433841034757512,0.7365611645467813,1.350207042404721,1.038415346257972,-0.47651789046750154,0.004968757217779313,-0.01181937290924321,0.06722741846929631,0.3040441910582738,0.9232475646576057,0.18367257256948466,1.043619183146395,8,normalized_compact_thermal,spline_ridge
8,85.1,0.7450781316028384,1.090456477552212,0.7179174117507928,1.4629955433536312,0.5740935607742438,1.0196918733336378,0.7326450929465158,1.3067386537207597,1.038415346257972,-0.47651789046750154,-0.01872347292433424,-0.07844500761324141,0.060833465526331496,0.29393787475123556,0.854249246797252,0.14412025548578866,1.0040668660626988,8,normalized_compact_thermal,spline_ridge
8,85.3,0.8509855085582156,1.0645332222008104,0.6390404679217025,1.4900259764799182,0.5784203488464672,1.0389090743843223,0.7496988999610887,1.328119248807556,1.038415346257972,-0.47651789046750154,0.0004937281263504897,-0.07093653701910128,0.06701295162820463,0.26980634381826335,0.887034353874671,0.14844704355801208,1.0083936541349223,8,normalized_compact_thermal,spline_ridge
8,85.5,0.9838250590709458,0.9301551631478251,0.4382426336123521,1.422067692683298,0.6691672830194816,1.090918567812477,0.7563349263027364,1.4255022093222178,1.038415346257972,-0.47651789046750154,0.05250322155450525,0.0747966897129378,0.06974994053272432,0.3479486532580184,0.9903859127809448,0.23919397773102646,1.0991405883079368,8,normalized_compact_thermal,spline_ridge
8,85.7,1.175338205568971,0.8225301617902844,0.23486105900579882,1.4101992645747699,0.6097151943902295,1.0039508792546759,0.6990932820595611,1.3088084764497907,1.038415346257972,-0.47651789046750154,-0.03446446700329604,-0.018245434818673537,0.07426727767358697,0.2676929218517853,0.9517374669286737,0.17974188910177435,1.0396884996786846,8,normalized_compact_thermal,spline_ridge
8,85.9,0.5877475457093219,1.0814449139647548,0.7875711411100941,1.3753186868194158,0.5911671646286282,1.0030389442834915,0.7074553619691775,1.2986225265978055,1.038415346257972,-0.47651789046750154,-0.03537640197448051,-0.049138560631738284,0.08330022493528201,0.20754555996246793,0.9747887692947884,0.16119385934017305,1.0211404699170834,8,normalized_compact_thermal,spline_ridge
8,86.1,0.6444254293732763,1.0801013669680635,0.7578886522814253,1.4023140816547015,0.6247376813378842,1.0606786590278345,0.7483098183588924,1.3730474996967765,1.038415346257972,-0.47651789046750154,0.022263312769862535,0.00609446325954497,0.06462193284589832,0.3271350086652401,0.9223403540105284,0.1947643760494291,1.0547109866263393,8,normalized_compact_thermal,spline_ridge
8,86.3,0.8109176355750118,1.117441787167472,0.7119829693799661,1.522900604954978,0.6178994707771774,1.0134664054351015,0.7045166700465127,1.32241614082369,1.038415346257972,-0.47651789046750154,-0.024948940822870573,-0.004911612934267701,0.0706848383911785,0.2923753662473353,0.9434235753070196,0.18792616548872232,1.0478727760656326,8,normalized_compact_thermal,spline_ridge
8,86.5,0.7367690118276193,1.1141581364945763,0.7457736305807667,1.482542642408386,0.5907131798761033,1.0302033874731849,0.7348467975351332,1.3255599774112365,1.038415346257972,-0.47651789046750154,-0.008211958784786989,-0.049906802149526655,0.07000279943215619,0.2683300618214868,0.9130962979307198,0.16073987458764816,1.0206864851645583,8,normalized_compact_thermal,spline_ridge
8,86.7,0.885633562242155,1.1255856792910595,0.682768898169982,1.568402460412137,0.6215052956411227,1.0027421395123237,0.6919894916917624,1.313494787332885,1.038415346257972,-0.47651789046750154,-0.03567320674564821,0.0009070431417801186,0.08328228144213635,0.23796632594550665,1.0050442653367386,0.19153199035266755,1.0514786009295778,8,normalized_compact_thermal,spline_ridge
8,86.9,0.9480138626861788,1.0168891887033449,0.5428822573602555,1.4908961200464343,0.5729041653952895,1.0493211471895352,0.7628690644918904,1.33577322988718,1.038415346257972,-0.47651789046750154,0.010905800931563263,-0.0805189364068814,0.0600190557490256,0.29649907171304185,0.8493092590775373,0.14293086010683442,1.0028774706837447,8,normalized_compact_thermal,spline_ridge
8,87.1,0.9919733482933513,0.9106222192237038,0.4146355450770282,1.4066088933703793,0.6500803600514256,1.024167855473361,0.6991276754476483,1.3492080354990739,1.038415346257972,-0.47651789046750154,-0.014247490784610944,0.04585859758173077,0.06853918443796286,0.3344376119432542,0.9657231081595969,0.22010705476297043,1.0800536653398807,8,normalized_compact_thermal,spline_ridge
8,87.3,0.8022052278245477,1.068087254647986,0.6669846407357122,1.4691898685602598,0.6002405471839458,1.0277051587920747,0.7275848852001018,1.3278254323840475,1.038415346257972,-0.47651789046750154,-0.010710187465897322,-0.03390690166897807,0.06804762662558915,0.28686156483289577,0.9136195295349958,0.1702672418954907,1.030213852472401,8,normalized_compact_thermal,spline_ridge
8,87.5,0.8535756763158425,1.0548423860993592,0.628054547941438,1.4816302242572805,0.6236855788378072,1.041521543060922,0.7296787536420184,1.3533643324798255,1.038415346257972,-0.47651789046750154,0.0031061968029500626,0.0044089727969539305,0.06451628558759341,0.32656944231546753,0.9208017153601469,0.19371227354935205,1.0536588841262624,8,normalized_compact_thermal,spline_ridge
8,87.7,0.7144883093642628,1.0384230958155682,0.6811789411334368,1.3956672504976997,0.6528739212777521,1.0622744901027614,0.7358375294638854,1.3887114507416376,1.038415346257972,-0.47651789046750154,0.023859143844789557,0.050146645975866676,0.07474167925431965,0.30866689238603,0.9970809501694742,0.222900615989297,1.0828472265662072,8,normalized_compact_thermal,spline_ridge
8,87.9,0.5212625887725778,1.1067258964504507,0.8460946020641619,1.3673571908367397,0.6360594469134518,1.0726609519951347,0.7546312285384087,1.3906906754518606,1.038415346257972,-0.47651789046750154,0.034245605737162635,0.024054640447143564,0.0822301428204749,0.257365879576432,1.0147530142504717,0.20608614162499672,1.0660327522019069,8,normalized_compact_thermal,spline_ridge
8,88.1,0.7154901591073024,1.0831954208667103,0.7254503413130592,1.4409405004203615,0.6042049214716767,0.994646432043391,0.6925439713075526,1.2967488927792292,1.038415346257972,-0.47651789046750154,-0.04376891421458099,-0.0273239741604865,0.06906447705185927,0.2861430490980093,0.9222667938453442,0.17423161618322158,1.0341782267601318,8,normalized_compact_thermal,spline_ridge
8,88.3,1.1377354084240665,0.9477355260861324,0.3788678218740992,1.5166032302981656,0.6637354445591956,1.0549583875158643,0.7230906652362665,1.3868261097954622,1.038415346257972,-0.47651789046750154,0.0165430412578923,0.06664625470004336,0.0746637572433754,0.3198872690427252,1.007583620075666,0.23376213927074052,1.0937087498476508,8,normalized_compact_thermal,spline_ridge
8,88.5,0.7132726593319142,1.0722348912857755,0.7155985616198185,1.4288712209517327,0.6714417859957647,1.095569900552639,0.7598490075547566,1.4312907935505212,1.038415346257972,-0.47651789046750154,0.057154554294666926,0.0781899312048152,0.07723445756844895,0.31575479270195067,1.0271287792895787,0.24146848070730953,1.1014150912842198,8,normalized_compact_thermal,spline_ridge
8,88.7,0.7947023678902075,1.074732061032449,0.6773808770873451,1.4720832449775527,0.5626285121759166,0.9989750838238476,0.7176608277358894,1.2802893399118058,1.038415346257972,-0.47651789046750154,-0.03944026243412435,-0.09861781443994483,0.0651328809491117,0.2626727758541871,0.862584248497646,0.13265520688746146,0.9926018174643717,8,normalized_compact_thermal,spline_ridge
8,88.9,0.6415744714585384,1.111338272386541,0.7905510366572718,1.4321255081158102,0.6127109421253757,1.016953586194281,0.710598115131593,1.3233090572569688,1.038415346257972,-0.47651789046750154,-0.021461760063691143,-0.013344110079468861,0.07765004168189425,0.25511006390991214,0.9703118203408392,0.18273763683692057,1.0426842474138307,8,normalized_compact_thermal,spline_ridge
8,89.1,0.6303628235835722,1.0862007189038247,0.7710193071120386,1.401382130695611,0.5999448418227191,1.0613598988292723,0.7613874779179127,1.3613323197406317,1.038415346257972,-0.47651789046750154,0.02294455257130046,-0.0343996678198058,0.0777750379789409,0.24176831954281736,0.9581213641026209,0.169971536534264,1.0299181471111742,8,normalized_compact_thermal,spline_ridge
8,89.3,0.68502901861029,1.0669008961931212,0.7243863868879762,1.4094154054982662,0.5650863346739461,1.0311064426267,0.748563275289727,1.3136496099636732,1.038415346257972,-0.47651789046750154,-0.00730890363127195,-0.09425886430900068,0.06528697155643358,0.2644209665824257,0.8657517027654664,0.13511302938549097,0.9950596399624012,8,normalized_compact_thermal,spline_ridge
8,89.5,0.5979666788429416,1.0853727278673124,0.7863893884458416,1.3843560672887831,0.6626568383175404,1.0663039417661806,0.7349755226074104,1.3976323609249508,1.038415346257972,-0.47651789046750154,0.02788859550820865,0.06501987841102023,0.07084004082019167,0.33641798175776827,0.9888956948773125,0.2326835330290853,1.0926301436059955,8,normalized_compact_thermal,spline_ridge
8,89.7,0.7687163732479046,1.0863575412584296,0.7019993546344773,1.470715727882382,0.6304732931587221,1.0711516133355223,0.7559149667561613,1.3863882599148833,1.038415346257972,-0.47651789046750154,0.03273626707755044,0.015233407799267178,0.07786067862550174,0.2719023709563251,0.9890442153611192,0.20049998787026702,1.0604465984471774,8,normalized_compact_thermal,spline_ridge
8,89.9,0.7666460817220158,1.0858971507437247,0.7025741098827167,1.4692201916047325,0.5973826647547037,1.0712823449928142,0.7725910126154623,1.369973677370166,1.038415346257972,-0.47651789046750154,0.032866998734842244,-0.03867950097302904,0.07941197391407971,0.23166757951579992,0.9630977499936075,0.16740935946624858,1.0273559700431587,8,normalized_compact_thermal,spline_ridge
8,90.1,0.7806567373034707,1.0773070857175537,0.6869787170658184,1.467635454369289,0.6166588299135699,1.0134706570302334,0.7051412420734484,1.3218000719870184,1.038415346257972,-0.47651789046750154,-0.024944689227738494,-0.006921467439390219,0.0670671632654554,0.30779516463186873,0.9255224951952711,0.18668552462511478,1.046632135202025,8,normalized_compact_thermal,spline_ridge
8,90.3,0.3267228479266914,1.109780184234686,0.9464187602713402,1.2731416081980316,0.6656360329715707,1.0326457754489384,0.6998277589631531,1.3654637919347237,1.038415346257972,-0.47651789046750154,-0.005769570809033412,0.06950563560213502,0.06889125378567766,0.34837190378995025,0.9829001621531912,0.23566272768311558,1.0956093382600258,8,normalized_compact_thermal,spline_ridge
8,90.5,0.571998204025542,1.0899209953143514,0.8039218933015803,1.3759200973271224,0.6343709461967096,1.035082667555126,0.7178971944567711,1.3522681406534807,1.038415346257972,-0.47651789046750154,-0.0033326787028460127,0.021396483463311265,0.06456044848324201,0.33705142677944283,0.9316904656139764,0.20439764090825452,1.0643442514851649,8,normalized_compact_thermal,spline_ridge
8,90.7,0.5989123333077556,1.0802705390045355,0.7808143723506578,1.3797267056584133,0.5998349865035022,1.0183627749550546,0.7184452817033035,1.3182802682068058,1.038415346257972,-0.47651789046750154,-0.020052571302917425,-0.03458279361827375,0.08416660643672691,0.2122234446901663,0.9874465283168381,0.16986168121504708,1.0298082917919573,8,normalized_compact_thermal,spline_ridge
8,90.9,0.765126401796839,1.0608557543589896,0.6782925534605702,1.443418955257409,0.5733155761958032,1.0158071534133672,0.7291493653154657,1.3024649415112688,1.038415346257972,-0.47651789046750154,-0.022608192844604764,-0.07980107960638719,0.07966787753345878,0.20642198084864527,0.9402091715429611,0.14334227090734808,1.0032888814842584,8,normalized_compact_thermal,spline_ridge
8,91.1,0.7461298261244494,1.0204410201016851,0.6473761070394606,1.39350593316391,0.6563131343103803,1.075477738687238,0.7473211715320479,1.403634305842428,1.038415346257972,-0.47651789046750154,0.03706239242926602,0.05540062542726272,0.06510537865374318,0.3564840540053599,0.9561422146154007,0.22633982902192518,1.0862864395988354,8,normalized_compact_thermal,spline_ridge
8,91.3,0.7210471128495035,1.0649960067646949,0.7044724503399429,1.4255195631894466,0.6500469491059434,1.062867555854696,0.7378440813017244,1.3878910304076677,1.038415346257972,-0.47651789046750154,0.024452209596724145,0.04580720116038927,0.07022678650679949,0.32663230585357506,0.9734615923583118,0.22007364381748828,1.0800202543943986,8,normalized_compact_thermal,spline_ridge
8,91.5,0.747314659280491,1.0532659010438867,0.6796085714036413,1.4269232306841324,0.6501373886684798,1.0557662629500715,0.7306975686158316,1.3808349572843115,1.038415346257972,-0.47651789046750154,0.017350916692099566,0.04594631922242824,0.0702030109705121,0.326832238630439,0.9734425387065206,0.2201640833800247,1.080110693956935,8,normalized_compact_thermal,spline_ridge
8,91.7,0.6111132753107967,1.1039561736003056,0.7983995359449073,1.409512811255704,0.6509474256695237,1.047314473088512,0.7218407602537502,1.3727881859232738,1.038415346257972,-0.47651789046750154,0.008899126830540111,0.04719149109251328,0.0643172666806198,0.354747828718493,0.9471470226205544,0.22097412038106856,1.080920730957979,8,normalized_compact_thermal,spline_ridge
8,91.9,0.683442794827056,1.0861619479802131,0.7444405505666853,1.4278833453937412,0.6014375037546335,1.0603138093524513,0.7595950574751347,1.361032561229768,1.038415346257972,-0.47651789046750154,0.021898463094479424,-0.031914759155250175,0.06927294096438052,0.2824155948300621,0.9204594126792047,0.17146419846617833,1.0314108090430887,8,normalized_compact_thermal,spline_ridge
8,92.1,0.7944078951478141,1.0535181055203278,0.6563141579464208,1.4507220530942349,0.6701815882282965,1.0215849246524742,0.6864941305383259,1.3566757187666225,1.038415346257972,-0.47651789046750154,-0.016830421605497674,0.07631131435555043,0.0710949972222775,0.3427685837695954,0.9975945926869977,0.24020828293984142,1.1001548935167516,8,normalized_compact_thermal,spline_ridge
8,92.3,0.7204347345698132,1.0334918549944265,0.6732744877095198,1.393709222279333,0.6311173064619032,1.014651147763362,0.6990924945324104,1.3302098009943135,1.038415346257972,-0.47651789046750154,-0.023764198494609944,0.016254362393119136,0.07524486262961787,0.2845929727366923,0.9776416401871142,0.2011440011734481,1.0610906117503585,8,normalized_compact_thermal,spline_ridge
8,92.5,0.9042482898724046,1.0504779668879505,0.5983538219517482,1.5026021118241528,0.6255004238303554,1.0459165674529851,0.7331663555378074,1.3586667793681628,1.038415346257972,-0.47651789046750154,0.007501221195013197,0.0073146189786003,0.06194317838487381,0.3402341894523647,0.9107666582083461,0.1955271185419003,1.0554737291188105,8,normalized_compact_thermal,spline_ridge
8,92.7,0.9747264135650556,0.991303965300449,0.5039407585179213,1.4786671720829767,0.6601523954035262,1.0575367639289481,0.727460566227185,1.3876129616307114,1.038415346257972,-0.47651789046750154,0.01912141767097609,0.06123332197859737,0.0649763830320748,0.3609173772083954,0.9593874135986571,0.2301790901150711,1.0901257006919813,8,normalized_compact_thermal,spline_ridge
8,92.9,1.0209791457059414,1.1938209017418902,0.6833313288889193,1.7043104745948607,0.6309047524724376,1.0284737153166634,0.7130213390804446,1.3439260915528823,1.038415346257972,-0.47651789046750154,-0.009941630941308415,0.015917515679592105,0.08853489880671818,0.22317596211710866,1.0386335428277667,0.20093144718398248,1.0608780577608927,8,normalized_compact_thermal,spline_ridge
8,93.1,0.6759185054248886,1.044811225132231,0.7068519724197867,1.3827704778446754,0.5421465145137087,0.9733740702579001,0.7023008130010457,1.2444473275147545,1.038415346257972,-0.47651789046750154,-0.06504127600007183,-0.13570110162438065,0.07867707737093393,0.1798158401976353,0.904477188829782,0.11217320922525353,0.9721198198021638,8,normalized_compact_thermal,spline_ridge
8,93.3,0.9287376073984475,1.1957529622563299,0.7313841585571061,1.6601217659555538,0.5940156643092149,1.0048137444365406,0.7078059122819331,1.301821576591148,1.038415346257972,-0.47651789046750154,-0.033601601821431286,-0.04433169860876211,0.08588851184913628,0.1984742505428917,0.9895570780755382,0.1640423590207598,1.02398896959767,8,normalized_compact_thermal,spline_ridge
8,93.5,0.7880960646208804,1.1059003140384953,0.711852281728055,1.4999483463489354,0.6360922082063303,1.0761255485206829,0.7580794444175177,1.394171652623848,1.038415346257972,-0.47651789046750154,0.037710202262711025,0.02410614577318512,0.053387975823416534,0.390225153571493,0.8819592628411675,0.20611890291787516,1.0660655134947854,8,normalized_compact_thermal,spline_ridge
8,93.7,0.7622532484991918,1.1672780724984948,0.7861514482488989,1.5484046967480907,0.7029422303531596,1.1126954498999484,0.7612243347233686,1.4641665650765283,1.038415346257972,-0.47651789046750154,0.07428010364197647,0.12403732403485397,0.06495119553890401,0.4038232078417764,1.002061252864543,0.2729689250647045,1.1329155356416147,8,normalized_compact_thermal,spline_ridge
8,93.9,0.8453829625838578,1.0905670256638489,0.66787554437192,1.513258506955778,0.6838782431529697,1.1385454588484394,0.7966063372719545,1.4804845804249243,1.038415346257972,-0.47651789046750154,0.1001301125904675,0.09654250617647173,0.06068893215104945,0.404388175084734,0.9633683112212055,0.2539049378645146,1.1138515484414249,8,normalized_compact_thermal,spline_ridge
8,94.1,1.0524321720764505,1.189203455599724,0.6629873695614986,1.7154195416379492,0.6032696516888808,1.05967655711344,0.7580417312689998,1.3613113829578805,1.038415346257972,-0.47651789046750154,0.02126121085546815,-0.028873108180571816,0.07469660966094854,0.25927018129708,0.9472691220806816,0.17329634640042568,1.033242956977336,8,normalized_compact_thermal,spline_ridge
8,94.3,0.5247048602648128,1.0736739420256127,0.8113215118932063,1.3360263721580192,0.5283466314134199,1.0804592584926591,0.8162859427859492,1.344632574199369,1.038415346257972,-0.47651789046750154,0.0420439122346872,-0.16148482132044847,0.07479912025091157,0.18387507013534066,0.8728181926914991,0.09837332612496474,0.958319936701875,8,normalized_compact_thermal,spline_ridge
8,94.5,0.6778109695514951,1.0851745210514359,0.7462690362756884,1.4240800058271834,0.5900072641996076,1.048536664910924,0.7535330328111203,1.3435402970107277,1.038415346257972,-0.47651789046750154,0.010121318652952163,-0.05110253948794012,0.06937618436670846,0.27050988957607797,0.9095046388231371,0.16003395891115246,1.0199805694880628,8,normalized_compact_thermal,spline_ridge
8,94.7,1.0061092728704177,1.198983828125431,0.6959291916902222,1.70203846456064,0.6036581662337644,1.0887540430911677,0.7869249599742856,1.39058312620805,1.038415346257972,-0.47651789046750154,0.05033869683319589,-0.028229300734038953,0.07785414267734121,0.24511734396114915,0.9621989885063797,0.17368486094530933,1.0336314715222197,8,normalized_compact_thermal,spline_ridge
8,94.9,0.8152399200726552,1.1187117595506342,0.7110917995143065,1.5263317195869617,0.5714237309208168,1.106150620075828,0.8204387546154196,1.3918624855362363,1.038415346257972,-0.47651789046750154,0.067735273817856,-0.08310636839237001,0.06983782946114851,0.24980034724925704,0.8930471145923765,0.14145042563236165,1.001397036209272,8,normalized_compact_thermal,spline_ridge
8,95.1,0.6896559834787696,1.064662776760669,0.7198347850212841,1.4094907685000535,0.6551433352554704,1.0832957786156734,0.7557241109879382,1.4108674462434085,1.038415346257972,-0.47651789046750154,0.04488043235770153,0.05361665563138798,0.06933105467468857,0.3358537959035047,0.9744328746074361,0.2251700299670153,1.0851166405439256,8,normalized_compact_thermal,spline_ridge
8,95.3,0.6056748583513102,1.0337568509986608,0.7309194218230057,1.336594280174316,0.6229068260597617,1.101196222594517,0.7897428095646363,1.412649635624398,1.038415346257972,-0.47651789046750154,0.06278087633654511,0.0031595622016534694,0.06278405307821322,0.3337681207558803,0.9120455313636431,0.19293352077130654,1.0528801313482168,8,normalized_compact_thermal,spline_ridge
8,95.5,0.659554438939346,1.0622095251679884,0.7324323056983155,1.3919867446376615,0.6543663022081542,1.1081623319708045,0.7809791808667275,1.4353454830748815,1.038415346257972,-0.47651789046750154,0.06974698571283258,0.05242990126733738,0.06033811758371421,0.37649183658716234,0.932240767829146,0.22439299691969905,1.0843396074966094,8,normalized_compact_thermal,spline_ridge
8,95.7,0.6825233127328709,1.0634302608875148,0.7221686045210792,1.4046919172539503,0.6173006693909968,1.0803494287750597,0.7716990940795613,1.388999763470558,1.038415346257972,-0.47651789046750154,0.04193408251708784,-0.005881174730152483,0.06748166910954036,0.30652808492960665,0.928073253852387,0.1873273641025417,1.047273974679452,8,normalized_compact_thermal,spline_ridge
8,95.9,0.888543149430323,1.2031522662837504,0.7588806915685888,1.6474238409989117,0.5867739538915553,1.0651829869467981,0.7717960100010205,1.3585699638925757,1.038415346257972,-0.47651789046750154,0.026767640688826096,-0.056597729918801465,0.06523923214298408,0.2863284395928373,0.8872194681902732,0.15680064860310017,1.0167472591800104,8,normalized_compact_thermal,spline_ridge
10,25.5,0.8927281071823752,0.7557045672512166,0.309340513660029,1.202068620842404,0.6234333894920017,1.0828298678073294,0.7711131730613285,1.3945465625533302,1.0343638128166357,-0.47826450896101896,0.04846605499069367,0.0057511561793916685,0.12727563546657933,0.20558403854367918,1.0412827404403242,0.19855094897829922,1.048315830005704,10,normalized_compact_thermal,spline_ridge
10,25.700000000000003,0.8117760293672148,0.8413840776874484,0.43549606300384097,1.2472720923710559,0.614923708437141,1.0543022077047595,0.7468403534861889,1.36176406192333,1.0343638128166357,-0.47826450896101896,0.01993839488812376,-0.007992561231323796,0.11779527518892415,0.2281986364936141,1.0016487803806677,0.1900412679234385,1.0398061489508434,10,normalized_compact_thermal,spline_ridge
10,25.89999999999999,0.7626323729592526,0.7752104520169185,0.39389426553729223,1.156526638496545,0.6442731378729984,1.0977421335059687,0.7756055645694695,1.419878702442468,1.0343638128166357,-0.47826450896101896,0.06337832068933298,0.03863199329873168,0.1049500164660171,0.2997193974687227,0.9888268782772742,0.219390697359296,1.0691555783867008,10,normalized_compact_thermal,spline_ridge
10,26.099999999999994,0.8016163566045447,0.8528934184943229,0.45208524019205043,1.2537015967965952,0.5424607946968594,0.9734583106450039,0.7022279132965742,1.2446887079934337,1.0343638128166357,-0.47826450896101896,-0.060905502171631834,-0.1333749550578402,0.18264782991286424,-0.05717696709023634,1.1420985564839552,0.11757835418315693,0.9673432352105618,10,normalized_compact_thermal,spline_ridge
10,26.299999999999997,0.7713493964724903,0.8714155723147333,0.48574087407848815,1.2570902705509786,0.5304228300474452,1.0339546323021442,0.7687432172784217,1.2991660473258668,1.0343638128166357,-0.47826450896101896,-0.00040918051449147057,-0.15581628899991504,0.10461055662335102,0.18698354548077778,0.8738621146141126,0.10554038953374273,0.9553052705611476,10,normalized_compact_thermal,spline_ridge
10,26.5,0.7284495809757091,0.8824001709048941,0.5181753804170395,1.2466249613927487,0.7006983457149799,1.0998965397330078,0.7495473668755179,1.4502457125904977,1.0343638128166357,-0.47826450896101896,0.06553272691637212,0.12258670444917223,0.088530460957519,0.4100504497948785,0.9913462416350813,0.27581590520127747,1.1255807862286824,10,normalized_compact_thermal,spline_ridge
10,27.5,0.8026487711076454,0.9156131968476722,0.5142888112938494,1.3169375824014948,0.6408226160070644,1.0438584948917933,0.723447186888261,1.3642698028953255,1.0343638128166357,-0.47826450896101896,0.009494682075157558,0.03326191850452936,0.13840831071638013,0.1864243913454442,1.0952208406686845,0.21594017549336192,1.0657050565207669,10,normalized_compact_thermal,spline_ridge
10,27.700000000000003,0.9415574805966799,0.9469468272372659,0.476168086938926,1.4177255675356057,0.660941720936876,1.1229912520441536,0.7925203915757156,1.4534621125125917,1.0343638128166357,-0.47826450896101896,0.08862743922751799,0.06417489792065907,0.1118745539757885,0.29365453674763436,1.0282289051261175,0.23605928042317353,1.0858241614505784,10,normalized_compact_thermal,spline_ridge
10,27.89999999999999,1.0802219399183342,0.9881351677430631,0.4480241977838961,1.52824613770223,0.6269981979860595,1.076218609647703,0.7627195106546734,1.3897177086407329,1.0343638128166357,-0.47826450896101896,0.04185479683106731,0.0114528965822491,0.11707932163124253,0.24262362092153844,1.0113727750505805,0.20211575747235705,1.0518806384997619,10,normalized_compact_thermal,spline_ridge
10,28.099999999999994,0.8991347493811326,0.9918600373683473,0.542292662677781,1.4414274120589137,0.6399566672725229,1.0797723758379958,0.7597940422017344,1.3997507094742572,1.0343638128166357,-0.47826450896101896,0.04540856302136006,0.031909696653667934,0.13800336325908438,0.18688789605718809,1.0930254384878577,0.21507422675882043,1.0648391077862254,10,normalized_compact_thermal,spline_ridge
10,28.299999999999997,0.6176233503234891,0.9864014887099802,0.6775898135482357,1.2952131638717248,0.6510722264915233,1.0864323651165286,0.7608962518707669,1.4119684783622903,1.0343638128166357,-0.47826450896101896,0.05206855229989301,0.0491298130248762,0.11544964944802967,0.2720479072475011,1.0300965457355455,0.22618978597782086,1.0759546670052258,10,normalized_compact_thermal,spline_ridge
10,28.5,0.6819671816607155,0.9222408671817177,0.58125727635136,1.2632244580120755,0.6390340222233464,1.0842385557697158,0.7647215446580427,1.403755566881389,1.0343638128166357,-0.47826450896101896,0.049874742953080135,0.03046692585509804,0.09763002006041918,0.3185120278465835,0.9595560166001093,0.21415158170964393,1.0639164627370488,10,normalized_compact_thermal,spline_ridge
10,28.700000000000003,0.8485695320424032,0.8375247820569037,0.4132400160357022,1.2618095480781053,0.6701039089830827,1.075776188227632,0.7407242337360906,1.4108281427191733,1.0343638128166357,-0.47826450896101896,0.04141237541099639,0.07794201837343953,0.1054906579679808,0.3237752279166519,1.0164325900495135,0.24522146846938025,1.094986349496785,10,normalized_compact_thermal,spline_ridge
10,28.89999999999999,0.9019788706771014,0.8448890988656508,0.39389966352710004,1.2958785342042014,0.6861909934249588,1.0826592121712773,0.7395637154587978,1.4257547088837565,1.0343638128166357,-0.47826450896101896,0.04829539935464162,0.10166523502557367,0.12534442676892085,0.27468185282329177,1.097700134026626,0.2613085529112564,1.1110734339386612,10,normalized_compact_thermal,spline_ridge
10,29.099999999999994,0.8794830590049623,0.9158844260785066,0.4761428965760255,1.3556259555809878,0.6595627968850021,1.0510687891699784,0.7212873907274773,1.3808501876124795,1.0343638128166357,-0.47826450896101896,0.0167049763533426,0.062086416534228105,0.14210199750626457,0.19303809866776667,1.1260874951022375,0.23468035637129964,1.0844452373987046,10,normalized_compact_thermal,spline_ridge
10,29.299999999999997,0.9622624075186089,0.9870091504840015,0.5058779467246971,1.468140354243306,0.6731161446240523,1.0532620319648296,0.7167039596528034,1.3898201042768559,1.0343638128166357,-0.47826450896101896,0.018898219148193923,0.08242712218413523,0.11073924852549999,0.30955619891051817,1.0366760903375865,0.2482337041103499,1.0979985851377547,10,normalized_compact_thermal,spline_ridge
10,29.5,0.6392177286024089,0.8878939742749783,0.5682851099737737,1.2075028385761828,0.6964222198553132,1.0829044401473473,0.7346933302196907,1.431115550075004,1.0343638128166357,-0.47826450896101896,0.04854062733071155,0.1164653441061713,0.11268468890416365,0.32647534080176255,1.0663690989088637,0.2715397793416107,1.1213046603690155,10,normalized_compact_thermal,spline_ridge
10,29.700000000000003,0.5618246111290024,0.8717428070423672,0.590830501477866,1.1526551126068685,0.6771691739379051,1.0835910803489184,0.7450064933799658,1.422175667317871,1.0343638128166357,-0.47826450896101896,0.049227267532282744,0.08843035932274772,0.11761210644896235,0.29104544991793396,1.0632928979578762,0.25228673342420266,1.1020516144516075,10,normalized_compact_thermal,spline_ridge
10,29.89999999999999,0.9816459897306444,1.018625463975267,0.5278024691099448,1.5094484588405892,0.6689745069836136,1.0775302215409452,0.7430429680491384,1.412017475032752,1.0343638128166357,-0.47826450896101896,0.0431664087243095,0.07625518322800848,0.12884213287781976,0.2459823026985194,1.0919667112687077,0.24409206646991116,1.093856947497316,10,normalized_compact_thermal,spline_ridge
10,30.099999999999994,0.6147317802183861,0.9344720484815808,0.6271061583723876,1.241837938590774,0.6392857070402481,1.093487713755517,0.7738448602353929,1.4131305672756411,1.0343638128166357,-0.47826450896101896,0.05912390093888137,0.030860700298834264,0.14136582263380162,0.1751778908249405,1.1033935232555558,0.21440326652654568,1.0641681475539506,10,normalized_compact_thermal,spline_ridge
10,30.299999999999997,0.5456879893269894,0.9854114386975081,0.7125674440340134,1.2582554333610028,0.6484849714474796,1.0370770370065763,0.7128345512828365,1.361319522730316,1.0343638128166357,-0.47826450896101896,0.002713224189940528,0.04514805913759898,0.15416395494641552,0.14236054097153694,1.1546094019234223,0.2236025309337772,1.073367411961182,10,normalized_compact_thermal,spline_ridge
10,30.5,0.5297033861676624,0.952385290318833,0.6875335972350017,1.2172369834026642,0.695360528831591,1.1014661721330676,0.7537859077172722,1.449146436548863,1.0343638128166357,-0.47826450896101896,0.06710235931643198,0.11493968756148598,0.09772444083387265,0.37452854850379413,1.016192509159388,0.2704780883178886,1.1202429693452935,10,normalized_compact_thermal,spline_ridge
10,30.700000000000003,0.6955913983752594,0.9036110133003329,0.5558153141127031,1.2514067124879626,0.7153938412726991,1.1100291567960485,0.7523322361596989,1.4677260774323981,1.0343638128166357,-0.47826450896101896,0.07566534397941288,0.14334244797823226,0.09848253725069869,0.3920730099203855,1.0387146726250127,0.2905114007589967,1.1402762817864016,10,normalized_compact_thermal,spline_ridge
10,30.89999999999999,0.8513129466072067,1.0789496121825768,0.6532931388789733,1.50460608548618,0.6589223816014105,1.1087232965259333,0.779262105725228,1.4381844873266385,1.0343638128166357,-0.47826450896101896,0.0743594837092975,0.061114975452592264,0.11754589762457787,0.27301602294123256,1.0448287402615883,0.23403994108770804,1.0838048221151129,10,normalized_compact_thermal,spline_ridge
10,31.099999999999994,0.94177192235671,0.9062613432072117,0.43537538202885684,1.3771473043855667,0.6688770749411174,1.139304253576691,0.8048657161061323,1.4737427910472498,1.0343638128166357,-0.47826450896101896,0.10494044076005536,0.0761095287413901,0.10372089003366076,0.32835858983225424,1.0093955600499804,0.24399463442741492,1.0937595154548199,10,normalized_compact_thermal,spline_ridge
10,31.299999999999997,0.7803706009656038,0.9053673165388705,0.5151820160560686,1.2955526170216725,0.6486348067231043,1.0175678936190393,0.6932504902574872,1.3418852969805914,1.0343638128166357,-0.47826450896101896,-0.016795919197596314,0.04537908680183264,0.126034027627217,0.2348616878667137,1.0624079255794947,0.2237523662094018,1.0735172472368066,10,normalized_compact_thermal,spline_ridge
10,31.5,0.8460098768238864,0.9433206885022603,0.520315750090317,1.3663256269142035,0.6815027623352741,1.0623317198454965,0.7215803386778594,1.4030831010131335,1.0343638128166357,-0.47826450896101896,0.02796790702886084,0.09480953442387095,0.11831734378881048,0.2930637250690576,1.0699417996014906,0.25662032182157163,1.1063852028489765,10,normalized_compact_thermal,spline_ridge
10,31.700000000000003,0.6276435173005626,0.876560090407738,0.5627383317574567,1.1903818490580191,0.6820904542416925,1.0705145426159586,0.7294693154951124,1.4115597697368047,1.0343638128166357,-0.47826450896101896,0.036150729799322864,0.09567150988057149,0.131966448851764,0.24884103617735231,1.1153398723060326,0.25720801372799,1.106972894755395,10,normalized_compact_thermal,spline_ridge
10,31.89999999999999,0.7904156942901547,0.8818975589678826,0.4866897118228052,1.2771054061129599,0.6468303078140125,1.0442031772842155,0.7207880233772093,1.3676183311912218,1.0343638128166357,-0.47826450896101896,0.00983936446757979,0.04259321467619292,0.1567709289458509,0.132147111242659,1.1615135043853662,0.22194786730031008,1.071712748327715,10,normalized_compact_thermal,spline_ridge
10,32.099999999999994,0.7226393863933714,0.8274398464640754,0.4661201532673898,1.188759539660761,0.6069234877867024,1.04871402423688,0.7452522803435289,1.352175768130231,1.0343638128166357,-0.47826450896101896,0.014350211420244237,-0.021088036681350522,0.13211031645332658,0.17320174849831144,1.0406452270750932,0.1820410472729999,1.0318059283004049,10,normalized_compact_thermal,spline_ridge
10,32.3,0.6366291253190836,0.8676006901505002,0.5492861274909585,1.185915252810042,0.5968544123555235,1.0712654118609766,0.7728382056832148,1.3696926180387383,1.0343638128166357,-0.47826450896101896,0.0369015990443408,-0.03781755176965128,0.10303066174595439,0.2586019653690944,0.9351068593419526,0.17197197184182106,1.0217368528692259,10,normalized_compact_thermal,spline_ridge
10,32.5,0.5700905865629554,0.9131246809380917,0.628079387656614,1.1981699742195695,0.5862133110007098,1.0309294705543108,0.7378228150539559,1.3240361260546658,1.0343638128166357,-0.47826450896101896,-0.0034343422623249005,-0.05580703473377689,0.06443513413850527,0.3746710242202018,0.7977555977812179,0.1613308704870074,1.0110957515144123,10,normalized_compact_thermal,spline_ridge
10,32.7,0.6717173091507896,0.9230917440202137,0.5872330894448188,1.2589503985956085,0.5923266959786052,0.9847080795647822,0.6885447315754796,1.280871427554085,1.0343638128166357,-0.47826450896101896,-0.049655733251853476,-0.04543243603584096,0.12474393211127481,0.18278899556677103,1.0018643963904394,0.16744425546490277,1.0172091364923077,10,normalized_compact_thermal,spline_ridge
10,32.89999999999999,0.615070569245959,0.9828501810546517,0.6753148964316723,1.2903854656776312,0.6266931547198663,1.0918964051802813,0.7785498278203482,1.4052429825402144,1.0343638128166357,-0.47826450896101896,0.05753259236364551,0.01096626441149269,0.10629422714332426,0.2777263343337736,0.975659975105959,0.20181071420616387,1.0515755952335688,10,normalized_compact_thermal,spline_ridge
10,33.099999999999994,0.5459643315222221,0.9579637531772514,0.6849815874161403,1.2309459189383625,0.6909113508264122,1.0802301198983673,0.7347744444851612,1.4256857953115734,1.0343638128166357,-0.47826450896101896,0.04586630708173157,0.1085207543825493,0.10140214808146998,0.3580053582121867,1.0238173434406377,0.26602891031270975,1.1157937913401146,10,normalized_compact_thermal,spline_ridge
10,33.3,0.7090026737387304,0.8931093100495312,0.5386079731801661,1.2476106469188963,0.6422163098061654,1.0640739505099734,0.7429657956068907,1.3851821054130562,1.0343638128166357,-0.47826450896101896,0.0297101376933377,0.03543440808253708,0.09191311127155054,0.34046308148664833,0.9439695381256825,0.21733386929246296,1.067098750319868,10,normalized_compact_thermal,spline_ridge
10,33.5,0.5738714716831044,0.9137833970671768,0.6268476612256246,1.200719132908729,0.6239269622747969,1.0324606766474738,0.7204971955100753,1.3444241577848723,1.0343638128166357,-0.47826450896101896,-0.0019031361691618526,0.0065425438611570255,0.08239841588212893,0.35341073605993467,0.8944431884896592,0.1990445217610945,1.0488094027884993,10,normalized_compact_thermal,spline_ridge
10,33.7,0.6351006121029282,0.8784043502082508,0.5608540441567867,1.1959546562597148,0.6126354126002569,1.0431515990633538,0.7368338927632253,1.349469305363482,1.0343638128166357,-0.47826450896101896,0.008787786246718093,-0.01172077024087722,0.10498041722313951,0.26798186568874693,0.9572889595117668,0.18775297208655445,1.0375178531139593,10,normalized_compact_thermal,spline_ridge
10,33.89999999999999,0.507258771660381,0.9283957707715611,0.6747663849413705,1.1820251566017517,0.6117059131573502,1.0561380538325826,0.7502850972539075,1.3619910104112578,1.0343638128166357,-0.47826450896101896,0.021774241015946834,-0.013239137058899522,0.113574876001655,0.2388365258048173,0.9845753005098832,0.1868234726436478,1.0365883536710527,10,normalized_compact_thermal,spline_ridge
10,34.099999999999994,0.635592959591708,0.9038975855177246,0.5861011057218706,1.2216940653135786,0.6575443350942094,1.0895673025325694,0.7607951349854647,1.418339470079674,1.0343638128166357,-0.47826450896101896,0.05520348971593378,0.05902142155859365,0.11039124154894688,0.29512690568982686,1.0199617644985919,0.23266189458050696,1.0824267756079118,10,normalized_compact_thermal,spline_ridge
10,34.3,0.6124362428562852,0.917867091119665,0.6116489696915224,1.2240852125478077,0.6617878331839427,1.0742337843647856,0.7433398677728142,1.4051277009567569,1.0343638128166357,-0.47826450896101896,0.03986997154814982,0.06545424086697005,0.11422897813532858,0.28677101084899964,1.036804655518886,0.2369053926702403,1.0866702736976452,10,normalized_compact_thermal,spline_ridge
10,34.5,0.8230736732244057,0.7828691336387043,0.37133229702650145,1.1944059702509071,0.6361668298103739,1.063129949206099,0.7450465343009121,1.381213364111286,1.0343638128166357,-0.47826450896101896,0.028766136389463414,0.025970069944083327,0.11040606359883913,0.27370073921561894,0.9986329204051287,0.21128438929667143,1.0610492703240764,10,normalized_compact_thermal,spline_ridge
10,34.7,0.5706132623856743,0.9293208169809191,0.6440141857880819,1.2146274481737562,0.6533196324973906,1.1067103347795368,0.7800505185308415,1.4333701510282322,1.0343638128166357,-0.47826450896101896,0.07234652196290109,0.05257572264818822,0.09021600452702423,0.35713805148562977,0.9495012135091514,0.22843719198368811,1.078202073011093,10,normalized_compact_thermal,spline_ridge
10,34.89999999999999,0.49873534611379694,0.9369176026653215,0.6875499296084231,1.18628527572222,0.6630147241442979,1.0954841218140627,0.7639767597419138,1.4269914838862117,1.0343638128166357,-0.47826450896101896,0.061120308997427084,0.06730642828058252,0.09836668294309568,0.34007424561488725,0.9859552026737084,0.2381322836305954,1.0878971646580002,10,normalized_compact_thermal,spline_ridge
10,35.099999999999994,0.6153281288692677,0.9703226493473635,0.6626585849127296,1.2779867137819974,0.5931311526293035,1.0507941350468732,0.7542285587322215,1.347359711361525,1.0343638128166357,-0.47826450896101896,0.016430322230237444,-0.044075227468487715,0.06477538200280465,0.38047182291486814,0.8057904823437388,0.16824871211560105,1.0180135931430059,10,normalized_compact_thermal,spline_ridge
10,35.3,0.7927327830035853,0.9292015482538866,0.5328351567520939,1.3255679397556792,0.6405377944562833,1.0219737578155643,0.7017048605874227,1.342242655043706,1.0343638128166357,-0.47826450896101896,-0.012390055001071366,0.03281735731293003,0.09349661212881812,0.3335858900271576,0.9474896988854091,0.2156553539425809,1.0654202349699857,10,normalized_compact_thermal,spline_ridge
10,35.5,0.8897065015193703,0.9525640891402589,0.5077108383805737,1.397417339899944,0.6403406088760385,1.0740187484716188,0.7538484440335995,1.3941890529096381,1.0343638128166357,-0.47826450896101896,0.039654935654983105,0.032509466132487674,0.1120417363826266,0.27250456032692794,1.0081766574251492,0.21545816836233606,1.065223049389741,10,normalized_compact_thermal,spline_ridge
10,35.7,0.6187588805450355,0.9468251453604283,0.6374457050879105,1.256204585632946,0.6352376842382587,1.063828089407255,0.7462092472881257,1.3814469315263842,1.0343638128166357,-0.47826450896101896,0.029464276590619207,0.024508464723622257,0.11347623946670506,0.26269212329568653,1.0077832451808308,0.21035524372455622,1.0601201247519612,10,normalized_compact_thermal,spline_ridge
10,35.89999999999999,0.9585429640855148,1.0795325327647691,0.6002610507220117,1.5588040148075264,0.6669974375540758,1.0764886274790226,0.7429899087019847,1.4099873462560606,1.0343638128166357,-0.47826450896101896,0.042124814662387,0.0732954341391138,0.10820392283379895,0.3117610346053158,1.0222338405028357,0.24211499704037337,1.0918798780677783,10,normalized_compact_thermal,spline_ridge
10,36.099999999999994,0.6681896579158229,0.9793542475638957,0.6452594186059842,1.3134490765218072,0.6673202521974501,1.0651803643795983,0.7315202382808732,1.3988404904783234,1.0343638128166357,-0.47826450896101896,0.030816551562962518,0.07377929889209123,0.10125963121110142,0.3348821463202609,0.9997583580746392,0.24243781168374762,1.0922026927111526,10,normalized_compact_thermal,spline_ridge
10,36.3,0.648302882573249,0.9223742467895825,0.5982228055029579,1.246525688076207,0.6511812091374373,1.0408523938129144,0.7152617892441957,1.366442998381633,1.0343638128166357,-0.47826450896101896,0.006488580996278747,0.049297188503698734,0.11099092569863209,0.2867950004627618,1.0155674178121128,0.22629876862373483,1.0760636496511398,10,normalized_compact_thermal,spline_ridge
10,36.5,0.6354901457583686,0.9387696107125901,0.6210245378334058,1.2565146835917744,0.6842663717269102,1.10106254491378,0.758929359050325,1.4431957307772352,1.0343638128166357,-0.47826450896101896,0.06669873209714444,0.09885650414161988,0.09433635460504994,0.37455757005369766,0.9939751734001228,0.25938393121320774,1.1091488122406126,10,normalized_compact_thermal,spline_ridge
10,36.699999999999996,0.6893384919554889,0.9240481881871245,0.5793789422093801,1.268717434164869,0.6863067148439428,1.066380500067239,0.7232271426452677,1.4095338574892105,1.0343638128166357,-0.47826450896101896,0.03201668725060326,0.10183386396908445,0.12652741283857344,0.2709137990045945,1.1016996306832911,0.26142427433024035,1.1111891553576452,10,normalized_compact_thermal,spline_ridge
10,36.9,0.5265826713538401,0.9096031419273962,0.6463118062504761,1.1728944776043162,0.5948404279235476,0.9900332780768979,0.692613064115124,1.2874534920386718,1.0343638128166357,-0.47826450896101896,-0.044330534739737824,-0.041197588808204205,0.16514411091584583,0.052667848653702,1.1370130071933933,0.1699579874098452,1.0197228684372501,10,normalized_compact_thermal,spline_ridge
10,37.099999999999994,0.6775231428083309,0.9148212880839497,0.5760597166797842,1.253582859488115,0.6311406696871089,1.022291168329071,0.7067208334855165,1.3378615031726255,1.0343638128166357,-0.47826450896101896,-0.012072644487564833,0.018037999032926536,0.11658485301532563,0.2483894464519973,1.0138918929222205,0.20625822917340647,1.0560231102008113,10,normalized_compact_thermal,spline_ridge
10,37.3,0.4954560496177196,0.971456256931843,0.7237282321229831,1.2191842817407028,0.6902952206029327,1.0909938548957692,0.7458462445943028,1.4361414651972355,1.0343638128166357,-0.47826450896101896,0.05663004207913354,0.10762859201221031,0.09165390742675926,0.3893929655110275,0.9911974756948378,0.26541278008923025,1.115177661116635,10,normalized_compact_thermal,spline_ridge
10,37.5,0.6564547299146015,0.9402368088691455,0.6120094439118446,1.2684641738264464,0.6974809287565371,1.0962022779509302,0.7474618135726616,1.4449427423291987,1.0343638128166357,-0.47826450896101896,0.061838465134294515,0.11798440101606095,0.10100157999969785,0.3658900119803973,1.0290718455326768,0.27259848824283467,1.1223633692702395,10,normalized_compact_thermal,spline_ridge
10,37.699999999999996,0.6408212216890212,0.9103788217896314,0.5899682109451208,1.230789432634142,0.6484144629834315,1.0632519368476994,0.7390447053559837,1.387459168339415,1.0343638128166357,-0.47826450896101896,0.02888812403106372,0.04503932524159172,0.10135026059376667,0.315678818393631,0.9811501075732321,0.22353202246972909,1.073296903497134,10,normalized_compact_thermal,spline_ridge
10,37.9,0.49713900701750063,0.9808456391632263,0.7322761356544759,1.2294151426719766,0.6548739211286768,1.0465946420965893,0.7191576815322509,1.3740316026609276,1.0343638128166357,-0.47826450896101896,0.012230829279953514,0.05495196025971942,0.09262036362114424,0.35079876423146267,0.9589490780258909,0.22999148061497438,1.0797563616423793,10,normalized_compact_thermal,spline_ridge
10,38.099999999999994,0.5575984158941445,0.9328327948780282,0.6540335869309559,1.2116320028251004,0.6209817571032482,1.0499708375895558,0.7394799590379317,1.3604617161411798,1.0343638128166357,-0.47826450896101896,0.01560702477292003,0.0018109348355255864,0.13269630427431697,0.18533620396182215,1.0566273102446742,0.19609931658954577,1.0458641976169507,10,normalized_compact_thermal,spline_ridge
10,38.3,0.5523926372273174,0.9404138212961131,0.6642175026824543,1.2166101399097717,0.6644398000353704,1.0539267617816008,0.7217068617639156,1.3861466617992861,1.0343638128166357,-0.47826450896101896,0.019562948964965046,0.06945350964958817,0.12765868478387785,0.24533288782618579,1.083546712244555,0.23955735952166796,1.0893222405490728,10,normalized_compact_thermal,spline_ridge
10,38.5,0.7598614042405709,0.9700150940323834,0.5900843919120979,1.3499457961526689,0.671214393765629,1.0707817145208893,0.7351745176380748,1.4063889114037038,1.0343638128166357,-0.47826450896101896,0.03641790170425354,0.07959782972558413,0.1299807524129849,0.24448407077461193,1.097944716756646,0.24633195325192653,1.0960968342793314,10,normalized_compact_thermal,spline_ridge
10,38.699999999999996,0.6101715457355114,0.9394872481232337,0.634401475255478,1.2445730209909893,0.7103095946767318,1.0592470722597975,0.7040922749214316,1.4144018695981635,1.0343638128166357,-0.47826450896101896,0.024883259443161786,0.13621015381304227,0.12256755887288824,0.30791698642450366,1.11270220292896,0.2854271541630294,1.1351920351904343,10,normalized_compact_thermal,spline_ridge
10,38.9,0.6940333849460065,0.8817415343719608,0.5347248418989575,1.228758226844964,0.6668407763272668,1.029635015849121,0.6962146276854876,1.3630554040127545,1.0343638128166357,-0.47826450896101896,-0.004728796967514607,0.07306053124624569,0.11685195592792073,0.28321264701146565,1.050468905643068,0.24195833581356435,1.0917232168409692,10,normalized_compact_thermal,spline_ridge
10,39.099999999999994,0.9375438559566008,0.7597416802828658,0.2909697523045654,1.2285136082611663,0.6855877051666113,1.0359376664513338,0.6931438138680281,1.3787315190346394,1.0343638128166357,-0.47826450896101896,0.0015738536346981196,0.10078566414747037,0.12492349744202748,0.2754604869210396,1.095714923412183,0.26070526465290883,1.1104701456803137,10,normalized_compact_thermal,spline_ridge
10,39.3,0.8413130087840622,0.837747748844472,0.41709124445244083,1.2584042532365032,0.6231438310642408,1.058424034993889,0.7468521194617685,1.3699959505260093,1.0343638128166357,-0.47826450896101896,0.024060222177253194,0.005286590602235561,0.10824772378032782,0.2677636284242758,0.9785240337042057,0.19826139055053832,1.0480262715779431,10,normalized_compact_thermal,spline_ridge
10,39.5,0.6217054384336091,1.0008839203430484,0.6900312011262437,1.3117366395598529,0.641160783120165,1.0419485447620935,0.7213681532020111,1.362528936322176,1.0343638128166357,-0.47826450896101896,0.007584731945457809,0.03378948714726588,0.09129304518967024,0.34144324850517305,0.940878317735157,0.21627834260646256,1.0660432236338675,10,normalized_compact_thermal,spline_ridge
10,39.699999999999996,0.6897990783471591,0.9773911190613664,0.6324915798877868,1.322290658234946,0.6809790939623702,1.0420649298318663,0.7015753828506812,1.3825544768130513,1.0343638128166357,-0.47826450896101896,0.00770111701523061,0.09404083662981302,0.09097985889727996,0.38228975840937046,0.9796684295153699,0.2560966534486678,1.1058615344760727,10,normalized_compact_thermal,spline_ridge
10,39.9,0.579733363615311,0.9510812717131184,0.6612145899054629,1.240947953520774,0.6837743769897895,1.0464135692719976,0.7045263807771028,1.3883007577668924,1.0343638128166357,-0.47826450896101896,0.01204975645536184,0.09813723498418694,0.11187581783384522,0.316483043520391,1.0510657104591878,0.25889193647608705,1.1086568175034919,10,normalized_compact_thermal,spline_ridge
10,40.099999999999994,0.8884282891209146,1.0643097696378563,0.620095625077399,1.5085239141983136,0.6259120383481835,1.0070262122362315,0.6940701930621397,1.3199822314103233,1.0343638128166357,-0.47826450896101896,-0.02733760058040423,0.009719077385195556,0.1384338855682562,0.17142985075667627,1.0803942259396908,0.2010295978344811,1.050794478861886,10,normalized_compact_thermal,spline_ridge
10,40.3,0.9187799301978148,1.167174600757892,0.7077846356589845,1.6265645658567993,0.6790499354270408,1.0915201113809305,0.7519951436674102,1.431045079094451,1.0343638128166357,-0.47826450896101896,0.05715629856429484,0.09120389743587001,0.09498310952314007,0.3672178198787422,0.9908820509753395,0.2541674949133384,1.1039323759407433,10,normalized_compact_thermal,spline_ridge
10,40.5,0.57593404224902,0.9540028265027527,0.6660358053782428,1.2419698476272627,0.6310439117460298,0.9856125412376787,0.6700905853646638,1.3011344971106937,1.0343638128166357,-0.47826450896101896,-0.048751271578957,0.017884680821482767,0.13293726196044275,0.19460728800900567,1.0674805354830539,0.20616147123232736,1.0559263522597322,10,normalized_compact_thermal,spline_ridge
10,40.699999999999996,0.4983942130829573,0.9356543385020777,0.6864572319605992,1.1848514450435563,0.6916652846028833,1.0568641619752377,0.711031519673796,1.4026968042766794,1.0343638128166357,-0.47826450896101896,0.02250034915860193,0.10961137580906853,0.11963518424806278,0.2988997414933972,1.0844308277123695,0.2667828440891809,1.1165477251165858,10,normalized_compact_thermal,spline_ridge
10,40.9,0.6957297682646469,0.9920004343378532,0.6441355502055298,1.3398653184701768,0.747847088501872,1.1210823445899216,0.7471588003389856,1.4950058888408577,1.0343638128166357,-0.47826450896101896,0.0867185317732859,0.18770775991874916,0.09275607927515421,0.4433263734447343,1.0523678035590096,0.32296464798816954,1.1727295290155744,10,normalized_compact_thermal,spline_ridge
10,41.099999999999994,0.48633999157398283,0.9421664171638684,0.698996421376877,1.18533641295086,0.704730608897631,1.0685193680589102,0.7161540636100947,1.4208846725077258,1.0343638128166357,-0.47826450896101896,0.034155555242274434,0.12832484472777472,0.08528155209582042,0.42474896857448136,0.9847122492207805,0.2798481683839285,1.1296130494113334,10,normalized_compact_thermal,spline_ridge
10,41.3,0.5367340317854326,0.9359092218783702,0.6675422059856538,1.2042762377710865,0.5689449003040622,1.0886151470648542,0.8041426969128231,1.3730875972168852,1.0343638128166357,-0.47826450896101896,0.05425133424821849,-0.08570717660467775,0.10782727626996297,0.21494503820350802,0.9229447624046163,0.14406245979035975,0.9938273408177647,10,normalized_compact_thermal,spline_ridge
10,41.5,0.9258388006390402,0.8161241637778156,0.35320476345829543,1.2790435640973357,0.6543914329072099,1.0405120418624216,0.7133163254088166,1.3677077583160266,1.0343638128166357,-0.47826450896101896,0.006148229045785881,0.05421492365851228,0.10211699577669794,0.31913857599030065,0.9896442898241191,0.22950899239350747,1.0792738734209124,10,normalized_compact_thermal,spline_ridge
10,41.699999999999996,0.6304538599390368,0.9530121942076235,0.6377852642381051,1.268239124177142,0.6932812865438218,1.1081612562655234,0.7615206129936125,1.4548018995374343,1.0343638128166357,-0.47826450896101896,0.07379744344888778,0.11194504370355893,0.07948021930715653,0.4323455785508625,0.9542169945367811,0.2683988460301194,1.1181637270575242,10,normalized_compact_thermal,spline_ridge
10,41.9,1.3272942715565712,1.0091427101717132,0.34549557439342754,1.6727898459499988,0.596394470026025,0.9838345317862854,0.6856372967732729,1.282031766799298,1.0343638128166357,-0.47826450896101896,-0.05052928103035021,-0.038588459430355146,0.12825943250896835,0.17531528679974795,1.0174736532523019,0.17151202951232253,1.0212769105397275,10,normalized_compact_thermal,spline_ridge
10,42.099999999999994,0.790139584112092,1.1043868897730398,0.7093170977169937,1.4994566818290858,0.7008580061401966,1.079902035980735,0.7294730329106367,1.4303310390508333,1.0343638128166357,-0.47826450896101896,0.045538223164099285,0.12281453749448064,0.1038698192318146,0.35985058244888046,1.0418654298315126,0.2759755656264941,1.125740446653899,10,normalized_compact_thermal,spline_ridge
10,42.3,0.8248662172768384,1.0893630615411276,0.6769299529027083,1.5017961701795468,0.7657745565885509,1.1361111921252416,0.7532239138309662,1.518998470419517,1.0343638128166357,-0.47826450896101896,0.10174737930860588,0.21139704385345198,0.07567752189373024,0.5173232069743817,1.0142259062027201,0.34089211607484843,1.1906569971022534,10,normalized_compact_thermal,spline_ridge
10,42.5,0.5372798347727097,0.9819208830475703,0.7132809656612155,1.2505608004339253,0.66991468604908,1.077997161852603,0.7430398188280629,1.412954504877143,1.0343638128166357,-0.47826450896101896,0.043633349035967314,0.0776596000010947,0.08835184233991573,0.37985319987786104,0.959976172220299,0.24503224553537756,1.0947971265627825,10,normalized_compact_thermal,spline_ridge
10,42.699999999999996,0.4269518771123401,0.9942455399708837,0.7807696014147136,1.2077214785270538,0.6103843907151756,0.9905269923495305,0.6853347969919427,1.2957191877071184,1.0343638128166357,-0.47826450896101896,-0.043836820467105214,-0.015401862600690368,0.14539721358697336,0.13304140904949335,1.0877273723808578,0.18550195020147314,1.035266831228878,10,normalized_compact_thermal,spline_ridge
10,42.9,0.5741569267287022,0.9479860485427917,0.6609075851784405,1.2350645119071428,0.642509107452096,1.0214195722115118,0.7001650184854638,1.3426741259375599,1.0343638128166357,-0.47826450896101896,-0.012944240605123905,0.03589022167050964,0.14166977543820097,0.17740340596541182,1.1076148089387803,0.21762666693839355,1.0673915479657985,10,normalized_compact_thermal,spline_ridge
10,43.099999999999994,0.6347095569191514,0.9034953734056257,0.58614059494605,1.2208501518652013,0.6160449362489019,1.0344072840471652,0.7263848159227142,1.3424297521716162,1.0343638128166357,-0.47826450896101896,4.3471230529544894e-05,-0.00617086069219798,0.14925421390101615,0.12603931831413223,1.1060505541836716,0.19116249573519944,1.0409273767626044,10,normalized_compact_thermal,spline_ridge
10,43.3,0.7621775551219186,0.918417115206965,0.5373283376460056,1.2995058927679244,0.6695162703025035,1.021951207455853,0.6871930723046012,1.3567093426071049,1.0343638128166357,-0.47826450896101896,-0.01241260536078262,0.07706469698435088,0.12136520970376632,0.2710710068668154,1.0679615337381916,0.24463382978880105,1.0943987108162059,10,normalized_compact_thermal,spline_ridge
10,43.5,0.6727262737285064,0.9721490719270354,0.6357859350627822,1.3085122087912886,0.6752752333926043,1.0561429582122446,0.7185053415159424,1.3937805749085468,1.0343638128166357,-0.47826450896101896,0.02177914539560877,0.08562959091690583,0.13860783090790393,0.22022197855004116,1.1303284882351674,0.25039279287890187,1.1001576739063068,10,normalized_compact_thermal,spline_ridge
10,43.699999999999996,0.6848703640313875,1.0640853882955632,0.7216502062798695,1.406520570311257,0.6913877187228968,1.0353519286127464,0.6896580692512979,1.3810457879741949,1.0343638128166357,-0.47826450896101896,0.0009881157961107384,0.10920999439701053,0.12237453696611836,0.2896288066071439,1.0931466308386497,0.2665052782091944,1.1162701592365993,10,normalized_compact_thermal,spline_ridge
10,43.9,0.6210978290700077,0.9937774450286816,0.6832285304936777,1.3043263595636854,0.7125094157175439,1.0667851705135658,0.7105304626547939,1.4230398783723377,1.0343638128166357,-0.47826450896101896,0.03242135769693017,0.13930235707653654,0.11790125976973463,0.32543639353091003,1.0995824379041776,0.28762697520384145,1.1373918562312464,10,normalized_compact_thermal,spline_ridge
10,44.099999999999994,0.6364485641180385,0.9763855387681666,0.6581612567091474,1.294609820827186,0.7465187335325122,1.0876716807991063,0.7144123140328502,1.4609310475653623,1.0343638128166357,-0.47826450896101896,0.05330786798247049,0.18592994179731742,0.11792408703217064,0.3593707688263785,1.1336666982386459,0.32163629301880975,1.1714011740462147,10,normalized_compact_thermal,spline_ridge
10,44.3,0.5249839637498314,0.9482245577762718,0.6857325759013562,1.2107165396511874,0.6675232923981494,1.0671554197776614,0.7333937735785867,1.400917065976736,1.0343638128166357,-0.47826450896101896,0.032791606961025635,0.07408351462297194,0.10622944612698912,0.3187691498394365,1.0162774349568624,0.242640851884447,1.092405732911852,10,normalized_compact_thermal,spline_ridge
10,44.5,0.6014586824890188,0.9143155425358471,0.6135862012913378,1.2150448837803565,0.6860059415666533,1.028265790579296,0.6852628197959694,1.3712687613626227,1.0343638128166357,-0.47826450896101896,-0.006098022237339626,0.10139551884313888,0.10417885129561237,0.34398395725808517,1.0280279258752214,0.26112350105295085,1.1108883820803557,10,normalized_compact_thermal,spline_ridge
10,44.699999999999996,0.45949067949053135,0.9809920808353828,0.7512467410901171,1.2107374205806485,0.6497076077881235,0.9950766163388102,0.6702228124447485,1.3199304202328719,1.0343638128166357,-0.47826450896101896,-0.03928719647782552,0.04703165749070416,0.10626961517450022,0.3008215891608355,0.9985936264154116,0.2248251672744211,1.074590048301826,10,normalized_compact_thermal,spline_ridge
10,44.9,0.6453288234710737,0.9772174587072364,0.6545530469716996,1.2998818704427733,0.6583473947133073,1.0530689124538974,0.7238952150972437,1.3822426098105511,1.0343638128166357,-0.47826450896101896,0.018705099637261732,0.06024197747608131,0.07755110194888909,0.40374503114326266,0.9129497582833519,0.23346495419960483,1.0832298352270098,10,normalized_compact_thermal,spline_ridge
10,45.099999999999994,0.5619118690928797,0.9328201954342337,0.6518642608877939,1.2137761299806735,0.6092460111515726,1.0290358787883966,0.7244128732126103,1.333658884364183,1.0343638128166357,-0.47826450896101896,-0.005327934028238949,-0.017268624682786796,0.09776130366819873,0.28829300914243977,0.9301990131607054,0.18436357063787018,1.0341284516652751,10,normalized_compact_thermal,spline_ridge
10,45.3,0.7059709000292759,0.909389071202877,0.556403621188239,1.262374521217515,0.6305871070366282,1.0178181973613667,0.7025246438430526,1.3331117508796808,1.0343638128166357,-0.47826450896101896,-0.016545615455269093,0.01716053133155586,0.13205119455752135,0.1970594665299758,1.0641147475432806,0.2057046665229258,1.0554695475503306,10,normalized_compact_thermal,spline_ridge
10,45.5,0.8705355962886977,0.730687854388784,0.2954200562444352,1.165955652533133,0.7311273974098921,1.0948007564034055,0.7292370576984595,1.4603644551083514,1.0343638128166357,-0.47826450896101896,0.06043694358676972,0.16509695280647446,0.09001732245945815,0.4355980949954702,1.026656699824314,0.30624495689618964,1.1560098379235946,10,normalized_compact_thermal,spline_ridge
10,45.699999999999996,0.6680233906469786,0.9625763166235322,0.6285646213000429,1.2965880119470214,0.7065281276236105,1.0735257060652883,0.7202616422534831,1.4267897698770935,1.0343638128166357,-0.47826450896101896,0.03916189324865252,0.13087224394169203,0.09631878432628889,0.3903109555990445,1.0227452996481765,0.28164568710990806,1.131410568137313,10,normalized_compact_thermal,spline_ridge
10,45.9,0.7198320950500401,0.9743546504593046,0.6144386029342844,1.3342706979843246,0.6856765364022006,1.0362709646325712,0.6934326964314709,1.3791092328336716,1.0343638128166357,-0.47826450896101896,0.0019071518159355537,0.1009152252240604,0.12201446683397449,0.2850997442614188,1.0862533285429823,0.26079409588849817,1.110558976915903,10,normalized_compact_thermal,spline_ridge
10,46.099999999999994,0.5069147663072718,1.0044872285165,0.7510298453628642,1.257944611670136,0.6868979709831032,1.0494696776626353,0.7060206921710837,1.392918663154187,1.0343638128166357,-0.47826450896101896,0.015105864845999729,0.10269499731912325,0.11546439219936346,0.30782525088801926,1.0659706910781872,0.2620155304694008,1.1117804114968057,10,normalized_compact_thermal,spline_ridge
10,46.3,0.7700505095935758,0.9136554695407351,0.5286302147439471,1.298680724337523,0.7097712455728126,1.0429804486470646,0.6880948258606583,1.397866071433471,1.0343638128166357,-0.47826450896101896,0.00861663583042898,0.13545195876604166,0.11740723609811553,0.3243201164514336,1.0952223746941916,0.28488880505911013,1.134653686086515,10,normalized_compact_thermal,spline_ridge
10,46.5,0.5021360254084657,0.9597198176164676,0.7086518049122347,1.2107878303207005,0.6618502395580875,1.0436520041459076,0.7127268843668639,1.3745771239249513,1.0343638128166357,-0.47826450896101896,0.009288191329271868,0.06554853609083237,0.13441198202610097,0.22057206999018392,1.1031284091259912,0.23696779904438509,1.08673268007179,10,normalized_compact_thermal,spline_ridge
10,46.699999999999996,0.4727660230873074,0.9790664446574207,0.7426834331137669,1.2154494562010743,0.6364384387751157,1.025395376711189,0.707176157323631,1.343614596098747,1.0343638128166357,-0.47826450896101896,-0.008968436105446728,0.02639692495650647,0.12557842936630234,0.22416106132216418,1.0487158162280674,0.2115559982614133,1.0613208792888182,10,normalized_compact_thermal,spline_ridge
10,46.9,0.48547867231741987,0.9783086295211936,0.7355692933624837,1.2210479656799036,0.631350859895714,1.0291156026800894,0.7134401727322324,1.3447910326279464,1.0343638128166357,-0.47826450896101896,-0.005248210136546359,0.018370975857914192,0.10162143606691318,0.29772493889887,0.9649767808925581,0.2064684193820116,1.0562333004094164,10,normalized_compact_thermal,spline_ridge
10,47.099999999999994,0.5682177864280662,0.9322390748172472,0.6481301816032141,1.2163479680312803,0.6366496507685395,1.022342967097263,0.7040181417129933,1.3406677924815327,1.0343638128166357,-0.47826450896101896,-0.012020845719372723,0.026728735452726426,0.11154293794434778,0.270451170972669,1.0028481305644101,0.21176721025483708,1.061532091282242,10,normalized_compact_thermal,spline_ridge
10,47.3,0.5153589150124387,0.9336624436518082,0.6759829861455888,1.1913419011580275,0.6211230191144098,1.0823933154221388,0.7718318058649338,1.3929548249793438,1.0343638128166357,-0.47826450896101896,0.04802950260550298,0.0020383907063593262,0.09531798389844848,0.3081915019417634,0.9340545362870563,0.19624057860070737,1.0460054596281123,10,normalized_compact_thermal,spline_ridge
10,47.5,0.626771102145284,0.9791314984686246,0.6657459473959827,1.2925170495412666,0.6202133667545742,1.0592178361662723,0.7491111527889852,1.3693245195435595,1.0343638128166357,-0.47826450896101896,0.024854023349636604,0.0005727887421893146,0.12348996941826432,0.21479245975309724,1.025634273756051,0.19533092624087173,1.0450958072682766,10,normalized_compact_thermal,spline_ridge
10,47.699999999999996,0.6379697536935133,0.9615763064505286,0.642591429603772,1.2805611832972852,0.6469672346640518,1.0252713754928902,0.7017877581608643,1.348754992824916,1.0343638128166357,-0.47826450896101896,-0.009092437323745648,0.042804881256248706,0.1384288483934778,0.1925015842534752,1.1014328850746284,0.22208479415034937,1.0718496751777542,10,normalized_compact_thermal,spline_ridge
10,47.9,0.7985615581393106,0.8567977468379768,0.4575169677683215,1.2560785259076321,0.6948715686175945,1.075552974758496,0.7281171904496988,1.4229887590672932,1.0343638128166357,-0.47826450896101896,0.041189161941860376,0.1142362651112989,0.11014643588159181,0.33325784283518006,1.056485294400009,0.26998912810389203,1.119754009131297,10,normalized_compact_thermal,spline_ridge
10,48.099999999999994,0.5775156839417219,0.9494718535564244,0.6607140115855633,1.2382296955272853,0.654501495972746,1.033793172545525,0.706542424559152,1.3610439205318978,1.0343638128166357,-0.47826450896101896,-0.0005706402711108463,0.05438310099886918,0.1394512231984108,0.1966793614471924,1.1123236304982995,0.22961905545904354,1.0793839364864484,10,normalized_compact_thermal,spline_ridge
10,48.3,0.6856398013204029,0.9497044125801567,0.6068845119199553,1.292524313240358,0.6783695173385682,1.0433548750939639,0.7041701164246797,1.382539633763248,1.0343638128166357,-0.47826450896101896,0.008991062277328238,0.09020138027866606,0.12473096045462713,0.2688744032260763,1.08786463145106,0.25348707682486576,1.1032519578522706,10,normalized_compact_thermal,spline_ridge
10,48.5,0.954888529151851,1.1544495508326464,0.677005286256721,1.631893815408572,0.6725201860498703,0.9928473790663653,0.6565872860414301,1.3291074720913005,1.0343638128166357,-0.47826450896101896,-0.041516433750270386,0.08154135743542597,0.11441365316183293,0.29689707061194387,1.0481433014877968,0.24763774553616785,1.0974026265635728,10,normalized_compact_thermal,spline_ridge
10,48.699999999999996,0.7296768513326235,1.0285247881734345,0.6636863625071228,1.3933632138397465,0.6512588841978122,1.0292882647672237,0.7036588226683176,1.3549177068661298,1.0343638128166357,-0.47826450896101896,-0.00507554804941209,0.04941646471588605,0.10157747671577412,0.3177772829387893,0.9847404854568351,0.22637644368410975,1.0761413247115146,10,normalized_compact_thermal,spline_ridge
10,48.9,0.7330014446863483,0.9719021052920178,0.6054013829488437,1.338402827635192,0.6451475438896742,1.0384423401765994,0.7158685682317623,1.3610161121214366,1.0343638128166357,-0.47826450896101896,0.004078527359963711,0.03998827083186202,0.11515469462907056,0.26709156928765154,1.0232035184916968,0.22026510337597177,1.0700299844033767,10,normalized_compact_thermal,spline_ridge
10,49.099999999999994,0.6236278486896464,0.9942993832145224,0.6824854588696992,1.3061133075593456,0.6500032089187229,1.0431624978895124,0.718160893430151,1.368164102348874,1.0343638128166357,-0.47826450896101896,0.008798685072876646,0.04748652965441394,0.10968827782902177,0.2898936284049322,1.0101127894325135,0.22512076840502043,1.0748856494324253,10,normalized_compact_thermal,spline_ridge
10,49.3,0.6694741741471428,1.0767302635364342,0.7419931764628628,1.4114673506100055,0.6656134926668404,1.0517604287361186,0.7189536824026984,1.384567175069539,1.0343638128166357,-0.47826450896101896,0.01739661591948293,0.07121839071497399,0.12032875109097736,0.270570950867945,1.0606560344657359,0.240731052153138,1.0904959331805428,10,normalized_compact_thermal,spline_ridge
10,49.5,0.6507206331056011,0.9994612905545446,0.674100974001744,1.324821607107345,0.6101705327718169,1.0346516640317323,0.7295663976458238,1.3397369304176407,1.0343638128166357,-0.47826450896101896,0.00028785121509655124,-0.0157522900029023,0.13173271328199504,0.1776884748998927,1.042652590643741,0.18528809225811443,1.0350529732855194,10,normalized_compact_thermal,spline_ridge
10,49.699999999999996,0.5066559393258881,0.9889680862122416,0.7356401165492977,1.2422960558751857,0.5942052790633717,1.0062422281360703,0.7091395886043845,1.3033448676677561,1.0343638128166357,-0.47826450896101896,-0.02812158468056526,-0.04226592271135622,0.10477470496824101,0.25022709104420865,0.9381834670825349,0.16932283854966929,1.0190877195770742,10,normalized_compact_thermal,spline_ridge
10,49.9,0.9925359474686276,1.124356835039136,0.6280888613048222,1.6206248087734498,0.6121386549404889,1.0328922746806972,0.7268229472104528,1.3389616021509416,1.0343638128166357,-0.47826450896101896,-0.001471538135938471,-0.012531952809438605,0.08366960667084448,0.33744907501146854,0.8868282348695093,0.18725621442678647,1.0370210954541914,10,normalized_compact_thermal,spline_ridge
10,50.099999999999994,0.7842866909382846,0.9323275046053461,0.5401841591362038,1.3244708500744884,0.6559727600705163,1.0480886198684933,0.7201022398332352,1.3760749999037514,1.0343638128166357,-0.47826450896101896,0.01372480705185769,0.056628493778064476,0.08982948050139265,0.3610601478809815,0.9508853722600511,0.23109031955681386,1.0808552005842187,10,normalized_compact_thermal,spline_ridge
10,50.3,0.9848230865172968,1.1227172534979872,0.630305710239339,1.6151287967566357,0.6250015825121522,1.0676699758718189,0.7551691846157428,1.380170767127895,1.0343638128166357,-0.47826450896101896,0.03330616305518315,0.008263411731521342,0.11771980836004453,0.23852427020738004,1.0114788948169244,0.20011914199844977,1.0498840230258546,10,normalized_compact_thermal,spline_ridge
10,50.5,0.6904331974307386,1.0054712722889942,0.6602546735736249,1.3506878710043635,0.6226422389998079,1.0527204430829047,0.7413993235830008,1.3640415625828086,1.0343638128166357,-0.47826450896101896,0.018356630266268964,0.00448132860165508,0.09655548564182573,0.30564797015931866,0.9396365078402971,0.19775979848610542,1.0475246795135102,10,normalized_compact_thermal,spline_ridge
10,50.699999999999996,0.7737621633157334,1.0647760887926208,0.677895007134754,1.4516571704504875,0.6604109775757953,1.055050926679987,0.7248454378920894,1.3852564154678846,1.0343638128166357,-0.47826450896101896,0.0206871138633514,0.06337156450298669,0.11053624374491484,0.2975175020432658,1.0233044531083246,0.2355285370620928,1.0852934180894978,10,normalized_compact_thermal,spline_ridge
10,50.9,0.7412407109982327,1.1056612159317094,0.7350408604325929,1.4762815714308257,0.6547550112030193,1.0716748044080595,0.7442972988065499,1.399052310009569,1.0343638128166357,-0.47826450896101896,0.03731099159142388,0.05477036695027314,0.0953196896896664,0.34181789387170425,0.9676921285343343,0.22987257068931682,1.0796374517167218,10,normalized_compact_thermal,spline_ridge
10,51.099999999999994,0.9006929774994382,0.8999111175661643,0.4495646288164452,1.3502576063158833,0.7055560181195463,1.1106609626748674,0.7578829536150942,1.4634389717346405,1.0343638128166357,-0.47826450896101896,0.07629714985823169,0.12949540013169145,0.11044918400740057,0.34294836205812546,1.068163674180967,0.2806735776058438,1.1304384586332488,10,normalized_compact_thermal,spline_ridge
10,51.3,0.6730634728814868,1.0190838198944736,0.6825520834537303,1.355615556335217,0.5441862548260681,0.9516474774201734,0.6795543500071394,1.2237406048332073,1.0343638128166357,-0.47826450896101896,-0.0827163353964623,-0.13019920156892134,0.1696466283530416,-0.012768210873720154,1.1011407205258563,0.11930381431236564,0.9690686953397705,10,normalized_compact_thermal,spline_ridge
10,51.5,0.8352731155618064,1.2069007093422843,0.7892641515613811,1.6245372671231875,0.5841073840030404,1.0107523681814965,0.7186986761799763,1.3028060601830167,1.0343638128166357,-0.47826450896101896,-0.02361144463513919,-0.05940592737860764,0.14092783911696413,0.12143747951031592,1.046777288495765,0.15922494348933797,1.0089898245167428,10,normalized_compact_thermal,spline_ridge
10,51.699999999999996,0.6697485300200033,1.0208860310062224,0.6860117659962207,1.3557602960162243,0.6504050140910568,1.0740647434261976,0.7488622363806692,1.399267250471726,1.0343638128166357,-0.47826450896101896,0.039700930609561896,0.04810449742485894,0.08327028901236994,0.37702640482664257,0.923783623355471,0.22552257357735433,1.0752874546047593,10,normalized_compact_thermal,spline_ridge
10,51.9,0.7239760536648497,1.0431564204868335,0.6811683936544088,1.4051444473192585,0.5789999162273012,0.9948535478482468,0.7053535897345962,1.2843535059618973,1.0343638128166357,-0.47826450896101896,-0.039510264968388976,-0.06818843713327805,0.10637784225222237,0.22975858517894016,0.9282412472756623,0.15411747571359874,1.0038823567410036,10,normalized_compact_thermal,spline_ridge
10,52.099999999999994,0.5131549883555955,1.0049305831565163,0.7483530889787187,1.2615080773343141,0.5487463038981135,1.036287127682363,0.7619139757333063,1.3106602796314197,1.0343638128166357,-0.47826450896101896,0.0019233148657273906,-0.12185454114760766,0.13233680683740068,0.11428099055774898,0.983211617238478,0.12386386338441108,0.9736287444118159,10,normalized_compact_thermal,spline_ridge
10,52.3,0.6362085923654044,1.0583632428515322,0.7402589466688299,1.3764675390342342,0.6018298500946889,1.08403576720311,0.7831208421557656,1.3849506922504544,1.0343638128166357,-0.47826450896101896,0.04967195438647439,-0.029516005701526196,0.08967202211227801,0.3074341780520387,0.8962255221373392,0.17694740958098648,1.0267122906083914,10,normalized_compact_thermal,spline_ridge
10,52.5,0.6591872824410983,0.9881557858205643,0.658562144600015,1.3177494270411134,0.6267485556368143,1.0437266314883495,0.7303523536699423,1.3571009093067568,1.0343638128166357,-0.47826450896101896,0.009362818671713832,0.011054662486211751,0.09623391928765868,0.3108099978276073,0.9426871134460213,0.20186611512311187,1.0516309961505168,10,normalized_compact_thermal,spline_ridge
10,52.699999999999996,0.7068300798730206,1.0347243157736017,0.6813092758370916,1.388139355710112,0.6265093276897211,1.0697571553096012,0.7565024914647407,1.3830118191544618,1.0343638128166357,-0.47826450896101896,0.03539334249296557,0.010672892775154694,0.08841461821259201,0.3362417466319448,0.9167769087474975,0.20162688717601868,1.0513917682034235,10,normalized_compact_thermal,spline_ridge
10,52.9,0.6418068485518611,0.9831602789214327,0.6622568546455022,1.3040637031973632,0.6298277222311569,1.0641604386904808,0.7492465775749024,1.3790742998060592,1.0343638128166357,-0.47826450896101896,0.029796625873845194,0.015955555192396973,0.09628846316859263,0.31371009538675787,0.9459453490755559,0.20494528171745446,1.0547101627448594,10,normalized_compact_thermal,spline_ridge
10,53.099999999999994,0.9848916882890965,1.0086930782907433,0.5162472341461951,1.5011389224352916,0.6688817705315778,1.086085195342295,0.751644310076506,1.420526080608084,1.0343638128166357,-0.47826450896101896,0.05172138252565926,0.07611654882647689,0.11678396542102207,0.28547685588741517,1.0522866851757404,0.24399933001787538,1.0937642110452803,10,normalized_compact_thermal,spline_ridge
10,53.3,0.6485758888635962,0.9541749400743951,0.6298869956425969,1.2784628845061934,0.6924798758708278,1.0843965868755907,0.7381566489401767,1.4306365248110047,1.0343638128166357,-0.47826450896101896,0.050032774058954926,0.11078840750379407,0.09947976218045453,0.36588512812343654,1.019074623618219,0.2675974353571254,1.1173623163845303,10,normalized_compact_thermal,spline_ridge
10,53.5,0.5513722917139532,0.9973080857020309,0.7216219398450543,1.2729942315590075,0.6490858212002948,1.030026903310076,0.7054839927099286,1.3545698139102234,1.0343638128166357,-0.47826450896101896,-0.004336909506559826,0.046074173996479596,0.10415851240208483,0.3071306100288501,0.9910410323717395,0.22420338068659235,1.0739682617139972,10,normalized_compact_thermal,spline_ridge
10,53.699999999999996,0.7117514786297799,0.959794033509336,0.603918294194446,1.315669772824226,0.657635141014476,1.0571914341175523,0.7283738636103143,1.3860090046247904,1.0343638128166357,-0.47826450896101896,0.02282762130091668,0.05915951057543187,0.1058966993477133,0.30997341512483595,1.005296866904116,0.2327527005007735,1.0825175815281785,10,normalized_compact_thermal,spline_ridge
10,53.9,0.7580467525386322,0.9598729211665559,0.5808495448972397,1.338896297435872,0.6288830812453311,1.0047174226362527,0.6902758820135872,1.3191589632589182,1.0343638128166357,-0.47826450896101896,-0.029646390180383047,0.014454589028342155,0.11517082937729557,0.25077413582883307,1.006992026661829,0.20400064073162866,1.0537655217590336,10,normalized_compact_thermal,spline_ridge
10,54.099999999999994,0.7178370357635243,0.9290110705384711,0.570092552656709,1.2879295884202333,0.6131339041336217,1.001222371687604,0.6946554196207932,1.307789323754415,1.0343638128166357,-0.47826450896101896,-0.0331414411290317,-0.01090741726484714,0.1429228402572727,0.14391435698098692,1.0823534512862565,0.18825146361991923,1.038016344647324,10,normalized_compact_thermal,spline_ridge
10,54.3,1.0868967291602063,0.7973509325719639,0.2539025679918608,1.340799297152067,0.6425532308864284,1.0274206763715787,0.7061440609283646,1.3486972918147928,1.0343638128166357,-0.47826450896101896,-0.00694313644505691,0.03595889294509812,0.11962670601056398,0.24981552205978097,1.0352909397130756,0.2176707903727259,1.0674356714001307,10,normalized_compact_thermal,spline_ridge
10,54.5,0.8291895608854842,1.1047031283184034,0.6901083478756612,1.5192979087611456,0.6310138081427137,0.9994777358783403,0.6839708318069835,1.3149846399496972,1.0343638128166357,-0.47826450896101896,-0.034886076938295374,0.01783697523266949,0.12135978256806251,0.23258636214021328,1.029441254145214,0.20613136762901124,1.055896248656416,10,normalized_compact_thermal,spline_ridge
10,54.699999999999996,0.5493332602958102,1.0468118672548856,0.7721452371069804,1.3214784974027907,0.6469981733763481,1.0207108813418502,0.6972117946536761,1.3442099680300243,1.0343638128166357,-0.47826450896101896,-0.013652931474785477,0.042852701255315234,0.10582610407614738,0.2995682136711448,0.9944281330815514,0.2221157328626457,1.0718806138900505,10,normalized_compact_thermal,spline_ridge
10,54.9,0.6474570599546249,1.037523553505246,0.7137950235279337,1.3612520834825586,0.657307640398624,1.0333386406880671,0.7046848204887551,1.3619924608873792,1.0343638128166357,-0.47826450896101896,-0.0010251721285686518,0.05866138909478183,0.09406648917250236,0.348484814233764,0.966130466563484,0.23242519988492155,1.0821900809123264,10,normalized_compact_thermal,spline_ridge
10,55.099999999999994,0.5945884282114101,0.9970466495095045,0.6997524354037995,1.2943408636152096,0.6148181130900615,1.0485240434356244,0.7411149868905937,1.3559330999806551,1.0343638128166357,-0.47826450896101896,0.014160230618988835,-0.008164297030644432,0.08986153097038546,0.31980027834463737,0.9098359478354856,0.18993567257635907,1.039700553603764,10,normalized_compact_thermal,spline_ridge
10,55.3,0.471742066685299,0.983081917360259,0.7472108840176095,1.2189529507029084,0.6270975333948521,1.0428769352576999,0.7293281685602738,1.3564257019551258,1.0343638128166357,-0.47826450896101896,0.008513122441064145,0.011611314167948042,0.10848722420988219,0.2709310443719964,0.9832640224177078,0.20221509288114964,1.0519799739085545,10,normalized_compact_thermal,spline_ridge
10,55.5,0.8504041245262233,0.8139165400569708,0.3887144777938592,1.2391186023200824,0.6140326711712775,1.0017567932343068,0.694740457648668,1.3087731288199456,1.0343638128166357,-0.47826450896101896,-0.03260701958232889,-0.009442632912924215,0.11353482678182462,0.24129476648980536,0.9867705758527496,0.18915023065757502,1.03891511168498,10,normalized_compact_thermal,spline_ridge
10,55.699999999999996,0.4803700005876006,0.9901354063939539,0.7499504061001536,1.2303204066877542,0.6480012046029433,1.0429534864231265,0.7189528841216548,1.3669540887245981,1.0343638128166357,-0.47826450896101896,0.008589673606490853,0.044401785284588234,0.10179590292611725,0.3138025041922455,0.9821999050136412,0.22311876408924086,1.0728836451166457,10,normalized_compact_thermal,spline_ridge
10,55.9,0.7120385578310163,1.0370423599277472,0.681023081012239,1.3930616388432553,0.6117248887274129,1.0173868936689854,0.7115244493052789,1.3232493380326917,1.0343638128166357,-0.47826450896101896,-0.016976919147650274,-0.013208116800074957,0.09808027828058143,0.2897246844453195,0.9337250930095063,0.1868424482137105,1.0366073292411153,10,normalized_compact_thermal,spline_ridge
10,56.099999999999994,0.7106000324072224,1.02002199553557,0.6647219793319589,1.3753220117391811,0.5960145847342136,1.0062291780014856,0.7082218856343787,1.3042364703685925,1.0343638128166357,-0.47826450896101896,-0.028134634815150095,-0.039225632224619306,0.1130818817128612,0.2247637109553003,0.9672654585131271,0.1711321442205112,1.0208970252479161,10,normalized_compact_thermal,spline_ridge
10,56.3,0.6436950760378229,1.009777441132953,0.6879299031140415,1.3316249791518644,0.5969647479371455,1.047443296418915,0.7489609224503424,1.3459256703874878,1.0343638128166357,-0.47826450896101896,0.01307948360227942,-0.03763270705345634,0.10430766572847418,0.25451986236419344,0.9394096335100975,0.17208230742344305,1.021847188450848,10,normalized_compact_thermal,spline_ridge
10,56.5,0.5225228377116846,0.9731920434012131,0.7119306245453708,1.2344534622570553,0.575937887179941,1.0185661626387332,0.7305972190487627,1.3065351062287038,1.0343638128166357,-0.47826450896101896,-0.015797650177902446,-0.07349094989685913,0.12630997087551876,0.16125883918181977,0.9906169351780623,0.15105544666623855,1.0008203276936434,10,normalized_compact_thermal,spline_ridge
10,56.699999999999996,0.6123721766667883,0.9875183678284094,0.6813322794950153,1.2937044561618036,0.5361326917962873,0.9696591088188287,0.7015927629206851,1.2377254547169723,1.0343638128166357,-0.47826450896101896,-0.06470470399780703,-0.14510908026663707,0.16722071590359885,-0.01285743777002879,1.0851228213626034,0.11125025128258487,0.9610151323099898,10,normalized_compact_thermal,spline_ridge
10,56.9,0.645987002662157,0.9621892537863289,0.6391957524552505,1.2851827551174073,0.5718476287395906,0.9651477413722489,0.6792239270024536,1.2510715557420442,1.0343638128166357,-0.47826450896101896,-0.06921607144438685,-0.08061819745005362,0.1259251865938627,0.15843183793720594,0.9852634195419753,0.14696518822588817,0.996730069253293,10,normalized_compact_thermal,spline_ridge
10,57.099999999999994,0.6023043471810832,1.0012866050534273,0.7001344314628856,1.3024387786439688,0.6031628853240235,1.0191417589536127,0.7175603162916009,1.3207232016156245,1.0343638128166357,-0.47826450896101896,-0.015222053863023017,-0.02730348485563701,0.11564946966383526,0.22348255091123292,0.9828432197368141,0.17828044481032107,1.028045325837726,10,normalized_compact_thermal,spline_ridge
10,57.3,0.74388910479029,1.105877749242023,0.7339331968468782,1.477822301637168,0.5841779790329443,0.9714881324718445,0.6793991429553723,1.2635771219883167,1.0343638128166357,-0.47826450896101896,-0.0628756803447912,-0.05928507500431039,0.12156140298102641,0.18508860776575314,0.9832673503001355,0.15929553851924189,1.0090604195466468,10,normalized_compact_thermal,spline_ridge
10,57.5,0.7643201438478288,1.0470565217462997,0.6648964498223854,1.4292165936702141,0.597657135591118,1.0175925815565046,0.7187640137609456,1.3164211493520637,1.0343638128166357,-0.47826450896101896,-0.01677123126013124,-0.03647353235383191,0.11979842074568064,0.20435568264837384,0.9909585885338621,0.17277469507741555,1.0225395761048204,10,normalized_compact_thermal,spline_ridge
10,57.699999999999996,0.9758554952858955,1.2038072631528558,0.715879515509908,1.6917350107958036,0.5941678336285705,1.062392603747183,0.7653086869328977,1.359476520561468,1.0343638128166357,-0.47826450896101896,0.028028790930547203,-0.04232894237145089,0.12311700038047804,0.18997139405789054,0.9983642731992505,0.16928539311486807,1.019050274142273,10,normalized_compact_thermal,spline_ridge
10,57.9,0.6103235642043435,1.0710833642788242,0.7659215821766525,1.376245146380996,0.6008883578532663,1.0102150086905632,0.70977082976393,1.3106591876171965,1.0343638128166357,-0.47826450896101896,-0.024148804126072447,-0.03108161338503944,0.10870000797846739,0.24402329396751776,0.9577534217390149,0.1760059173395639,1.0257707983669688,10,normalized_compact_thermal,spline_ridge
10,58.099999999999994,0.6234440062409754,0.987793748162364,0.6760717450418764,1.2995157512828517,0.6467837652420552,0.9928430140617168,0.6694511314406892,1.3162348966827444,1.0343638128166357,-0.47826450896101896,-0.041520798754918924,0.04252125724631204,0.1349777401417375,0.20364819649051485,1.0899193339935955,0.22190132472835272,1.0716662057557576,10,normalized_compact_thermal,spline_ridge
10,58.3,0.5318754933323434,0.9695169697084327,0.7035792230422611,1.2354547163746044,0.5713229959974369,0.9582395510066612,0.6725780530079428,1.2439010490053797,1.0343638128166357,-0.47826450896101896,-0.07612426180997439,-0.08153605304856723,0.10646519216099089,0.22179489283789744,0.9208510991569763,0.1464405554837344,0.9962054365111392,10,normalized_compact_thermal,spline_ridge
10,58.5,0.6607854939687259,0.9993831840464886,0.6689904370621257,1.3297759310308515,0.5991967114585488,0.982287207799106,0.6826888520698317,1.2818855635283803,1.0343638128166357,-0.47826450896101896,-0.0520766050175297,-0.03390082605321401,0.09217325413178516,0.29658942709834185,0.9018039958187558,0.17431427094484636,1.0240791519722512,10,normalized_compact_thermal,spline_ridge
10,58.699999999999996,0.5657304698769925,1.0248674078127227,0.7420021728742263,1.307732642751219,0.539837467559525,1.0399280154035755,0.770009281623813,1.3098467491833379,1.0343638128166357,-0.47826450896101896,0.005564202586939792,-0.13822266176905512,0.08094268738735372,0.27410043733507305,0.8055744977839769,0.11495502704582256,0.9647199080732274,10,normalized_compact_thermal,spline_ridge
10,58.9,0.45695935569959306,1.0313003727023784,0.8028206948525817,1.259780050552175,0.6616405007170112,1.0363736466064302,0.7055533962479246,1.3671938969649358,1.0343638128166357,-0.47826450896101896,0.00200983378979436,0.06523158813426634,0.09280292668643181,0.35696598434256566,0.9663150170914567,0.23675806020330875,1.0865229412307136,10,normalized_compact_thermal,spline_ridge
10,59.099999999999994,0.5056253506357337,1.0280841934588347,0.775271518140968,1.2808968687767015,0.5845777567052834,1.0267125066069036,0.7344236282542619,1.3190013849595452,1.0343638128166357,-0.47826450896101896,-0.007651306209732162,-0.0586009668100896,0.09564751241741239,0.2705643884991438,0.8985911249114231,0.159695316191581,1.0094601972189858,10,normalized_compact_thermal,spline_ridge
10,59.3,0.6106474169733638,1.067539253204515,0.762215544717833,1.3728629616911967,0.5971510393727949,1.0405611233729655,0.741985603686568,1.339136643059363,1.0343638128166357,-0.47826450896101896,0.006197310556329705,-0.03732069135256624,0.09628793336916683,0.28103515187422895,0.9132669268713609,0.17226859885909246,1.0220334798864974,10,normalized_compact_thermal,spline_ridge
10,59.5,0.5530335358104083,1.0432017018954511,0.766684933990247,1.3197184698006552,0.5741902033409816,0.970789644504928,0.6836945428344372,1.2578847461754188,1.0343638128166357,-0.47826450896101896,-0.06357416831170773,-0.07653006388516773,0.12487014074534715,0.16423815657261281,0.9841422501093504,0.14930776282727914,0.999072643854684,10,normalized_compact_thermal,spline_ridge
10,59.699999999999996,0.5935203400793365,1.043916852852981,0.7471566828133127,1.3406770228926492,0.5699068280954979,1.0131411806343786,0.7281877665866296,1.2980945946821276,1.0343638128166357,-0.47826450896101896,-0.021222632182256982,-0.08401788203506194,0.12344361496075947,0.16463810403077045,0.9751755521602252,0.14502438758179542,0.9947892686092004,10,normalized_compact_thermal,spline_ridge
10,59.9,0.5070143208369747,1.0790902546216614,0.8255830942031741,1.332597415040149,0.5780623818820143,0.9995619462084363,0.7105307552674291,1.2885931371494435,1.0343638128166357,-0.47826450896101896,-0.0348018666081994,-0.06980898004094183,0.12101588114452308,0.18076397354716622,0.9753607902168624,0.15317994136831187,1.0029448223957167,10,normalized_compact_thermal,spline_ridge
10,60.099999999999994,0.5626357507911005,1.0501190430129599,0.7688011676174096,1.3314369184085102,0.5376765538126336,0.9760464422112908,0.707208165304974,1.2448847191176076,1.0343638128166357,-0.47826450896101896,-0.05831737060534492,-0.14223359174493513,0.09261576878086256,0.23361648190024292,0.8417366257250243,0.11279411329893113,0.962558994326336,10,normalized_compact_thermal,spline_ridge
10,60.3,0.6096248001180422,1.036986625064675,0.7321742250056541,1.3417990251236962,0.5682393419625236,1.0017716020634926,0.7176519310822308,1.2858912730447543,1.0343638128166357,-0.47826450896101896,-0.0325922107531431,-0.08694806335961064,0.07951833403221267,0.30717850229712823,0.8293001816279189,0.14335690144882113,0.993121782476226,10,normalized_compact_thermal,spline_ridge
10,60.5,0.5669204972229356,0.9930093451139976,0.7095490965025298,1.2764695937254655,0.5611521874709624,1.0498976841583467,0.7693215904228655,1.330473777893828,1.0343638128166357,-0.47826450896101896,0.015533871341710973,-0.09949862237352167,0.10649970344030651,0.21151078284873875,0.910793592093186,0.13626974695725996,0.9860346279846648,10,normalized_compact_thermal,spline_ridge
10,60.699999999999996,0.5075233330729216,0.99916266198027,0.7454009954438092,1.2529243285167309,0.6140971515496128,1.0790009689696998,0.7719523931948934,1.3860495447445063,1.0343638128166357,-0.47826450896101896,0.04463715615306418,-0.009337627111091644,0.0980436928172628,0.2922170583323417,0.9359772447668838,0.1892147110359103,1.0389795920633151,10,normalized_compact_thermal,spline_ridge
10,60.9,0.49351770775545245,0.989871085231615,0.7431122313538888,1.2366299391093414,0.6436213749075933,1.112877054521575,0.7910663670677782,1.4346877419753716,1.0343638128166357,-0.47826450896101896,0.07851324170493923,0.0376198560241689,0.08158682119040735,0.3757696359995575,0.9114731138156291,0.21873893439389086,1.0685038154212958,10,normalized_compact_thermal,spline_ridge
10,61.099999999999994,0.5229610253495814,0.9707339079888679,0.7092533953140772,1.2322144206636587,0.5164790779728294,1.001725631074581,0.7434860920881663,1.2599651700609957,1.0343638128166357,-0.47826450896101896,-0.032638181742054725,-0.18245598959488002,0.0710239051597288,0.28330567786357835,0.7496524780820806,0.091596637459127,0.9413615184865318,10,normalized_compact_thermal,spline_ridge
10,61.3,0.45112725031276973,0.9927244145065853,0.7671607893502004,1.2182880396629703,0.543954305248712,0.9998029884858757,0.7278258358615197,1.2717801411102316,1.0343638128166357,-0.47826450896101896,-0.034560824330759965,-0.13062552439775366,0.11209303725732864,0.17594983454151325,0.9119587759559108,0.11907186473500958,0.9688367457624145,10,normalized_compact_thermal,spline_ridge
10,61.5,1.019574959708212,0.8340769207708069,0.3242894409167008,1.343864400624913,0.5784052781670774,1.0283775769094592,0.7391749378259205,1.317580215992998,1.0343638128166357,-0.47826450896101896,-0.00598623590717652,-0.06921597375644784,0.10402886158466301,0.23687571413313108,0.9199348422010238,0.153522837653375,1.0032877186807798,10,normalized_compact_thermal,spline_ridge
10,61.699999999999996,0.5913933551763739,1.0009177598290773,0.7052210822408904,1.2966144374172643,0.6097906224804658,0.9964735851095117,0.6915782738692788,1.3013688963497445,1.0343638128166357,-0.47826450896101896,-0.03789022770712407,-0.016375113610024992,0.10425607560725798,0.267515108669725,0.9520661362912066,0.18490818196676334,1.0346730629941683,10,normalized_compact_thermal,spline_ridge
10,61.9,0.6693248141866628,0.9789565743431556,0.6442941672498242,1.3136189814364871,0.5566335329505501,1.0121892551905591,0.7338724887152841,1.2905060216658342,1.0343638128166357,-0.47826450896101896,-0.022174557626076643,-0.10758367669562888,0.08572324507793166,0.2752018026300728,0.8380652632710273,0.13175109243684763,0.9815159734642525,10,normalized_compact_thermal,spline_ridge
10,62.1,0.5668878598667106,1.0659425359572996,0.7824986060239443,1.349386465890655,0.6411499395698409,1.0743495199020454,0.7537745501171249,1.394924489686966,1.0343638128166357,-0.47826450896101896,0.03998570708540975,0.03377257463123905,0.08944047357027192,0.3475144476483552,0.9347854314913266,0.21626749905613846,1.0660323800835434,10,normalized_compact_thermal,spline_ridge
10,62.3,0.659438292897455,1.0586181215451773,0.7288989750964497,1.3883372679939048,0.6103203530136413,1.0496687903334938,0.7445086138266732,1.3548289668403144,1.0343638128166357,-0.47826450896101896,0.015304977516858147,-0.01550678183185087,0.0957404550287226,0.29600185170273224,0.9246388543245503,0.18543791249993885,1.0352027935273438,10,normalized_compact_thermal,spline_ridge
10,62.5,0.6251811672736615,1.0178887180660612,0.7052981344292305,1.330479301702892,0.6427571756141407,1.0098085767420535,0.6884299889349832,1.3311871645491238,1.0343638128166357,-0.47826450896101896,-0.024555236074582282,0.03627623998966029,0.1327512127726491,0.20693135638875038,1.0785829948395311,0.21787473510043825,1.0676396161278432,10,normalized_compact_thermal,spline_ridge
10,62.699999999999996,0.8021794738253294,1.0414352854599598,0.6403455485472952,1.4425250223726245,0.6509603165737214,1.0328368118421107,0.70735665355525,1.3583169701289715,1.0343638128166357,-0.47826450896101896,-0.001527000974524917,0.04895791268540538,0.11674574539791331,0.2676808792983472,1.0342397538490957,0.226077876060019,1.0758427570874238,10,normalized_compact_thermal,spline_ridge
10,62.9,0.6691157648358906,1.0620792492509499,0.7275213668330046,1.3966371316688952,0.6038680392287654,1.000422139822752,0.6984881202083693,1.3023561594371347,1.0343638128166357,-0.47826450896101896,-0.0339416729938838,-0.026135074054190077,0.11085476844702782,0.23992883849085006,0.9678072399666808,0.17898559871506298,1.0287504797424678,10,normalized_compact_thermal,spline_ridge
10,63.1,0.6095429950687052,1.0255412440811034,0.7207697465467509,1.330312741615456,0.5206061379334582,0.9844885380641901,0.724185469097461,1.2447916070309193,1.0343638128166357,-0.47826450896101896,-0.04987527475244557,-0.17449698741594508,0.09150862567342423,0.22018084676409116,0.8210314291028253,0.09572369741975578,0.9454885784471607,10,normalized_compact_thermal,spline_ridge
10,63.3,0.5310757116158475,1.0486852342797632,0.7831473784718395,1.314223090087687,0.5892601442382874,1.0028153148125403,0.7081852426933966,1.297445386931684,1.0343638128166357,-0.47826450896101896,-0.03154849800409533,-0.05062301284472606,0.08623465928215664,0.3061494272640191,0.8723708612125558,0.164377703724585,1.0141425847519898,10,normalized_compact_thermal,spline_ridge
10,63.5,0.7979662175489954,1.1366219174804493,0.7376388087059516,1.535605026254947,0.6140622322895445,1.012783202828675,0.7057520866839027,1.3198143189734473,1.0343638128166357,-0.47826450896101896,-0.021580609987960842,-0.009394491489668637,0.1214172806933092,0.21544601838793281,1.0126784461911562,0.18917979177584204,1.038944672803247,10,normalized_compact_thermal,spline_ridge
10,63.699999999999996,0.7391630185815891,1.0356879292550571,0.6661064199642626,1.4052694385458515,0.599009776957856,0.9761643967101529,0.6766595082312249,1.275669285189081,1.0343638128166357,-0.47826450896101896,-0.05819941610648283,-0.034212849905557785,0.11896218738285746,0.20845370074504177,0.9895658531706701,0.1741273364441535,1.0238922174715583,10,normalized_compact_thermal,spline_ridge
10,63.9,0.6644054913601075,1.021514273291001,0.6893115276109473,1.3537170189710548,0.6699797312673456,1.0280212425917727,0.6930313769581,1.3630111082254455,1.0343638128166357,-0.47826450896101896,-0.006342570224862907,0.07775669006651476,0.10865119445023558,0.3132749235140012,1.0266845390206898,0.24509729075364312,1.094862171781048,10,normalized_compact_thermal,spline_ridge
10,64.1,0.5237048428094785,0.9718596722028221,0.7100072507980827,1.2337120936075614,0.6351510275678456,0.9878996483718608,0.670324134587938,1.3054751621557836,1.0343638128166357,-0.47826450896101896,-0.046464164444774844,0.02437203928195686,0.13191895488237276,0.20205753348857403,1.068244521647117,0.21026858705414314,1.060033468081548,10,normalized_compact_thermal,spline_ridge
10,64.3,0.5818866557161482,1.0262862110907598,0.7353428832326856,1.3172295389488338,0.6262043251421254,0.9982399848553488,0.6851378222842861,1.3113421474264115,1.0343638128166357,-0.47826450896101896,-0.03612382796128685,0.010185945813360187,0.11402146922697347,0.25186876016138304,1.0005398901228677,0.201321884628423,1.0510867656558278,10,normalized_compact_thermal,spline_ridge
10,64.5,0.6529305345550938,1.058343792231288,0.731878524953741,1.3848090595088347,0.6041198249194667,1.000459067598456,0.6983991551387225,1.3025189800581893,1.0343638128166357,-0.47826450896101896,-0.03390474521817976,-0.02571820613387356,0.09957309136909509,0.27721867492348296,0.9310209749154504,0.17923738440576426,1.0290022654331692,10,normalized_compact_thermal,spline_ridge
10,64.69999999999999,1.23022946973427,0.9856346057538148,0.37051987088667987,1.6007493406209496,0.6224051948593827,1.0140975834529435,0.7028949860232522,1.325300180882635,1.0343638128166357,-0.47826450896101896,-0.02026622936369216,0.004100549304669583,0.10070714787375894,0.29178090670993095,0.9530294830088345,0.19752275434568028,1.0472876353730851,10,normalized_compact_thermal,spline_ridge
10,64.9,0.5389658842084128,1.0364888229054885,0.767005880801282,1.305971765009695,0.6640830781307413,1.0578244713821636,0.725782932316793,1.3898660104475342,1.0343638128166357,-0.47826450896101896,0.02346065856552792,0.06891648929553232,0.11102954388394005,0.29957008491001674,1.028596071351466,0.23920063761703886,1.0889655186444438,10,normalized_compact_thermal,spline_ridge
10,65.1,0.5414249753413611,1.0609738422969195,0.790261354626239,1.3316863299676,0.655838341474592,1.0021959545789925,0.6742767838416965,1.3301151253162884,1.0343638128166357,-0.47826450896101896,-0.032167858237643204,0.056423557874966196,0.1289815294921164,0.2323884943374726,1.0792881886117114,0.23095590096088953,1.0807207819882945,10,normalized_compact_thermal,spline_ridge
10,65.3,0.4613291294666716,1.0539115960555443,0.8232470313222086,1.2845761607888802,0.6869148180927312,1.01946440556078,0.6760069965144144,1.3629218146071456,1.0343638128166357,-0.47826450896101896,-0.014899407255855698,0.10271952338229995,0.1262515569743268,0.27242754451089907,1.1014020916745635,0.2620323775790288,1.1117972586064337,10,normalized_compact_thermal,spline_ridge
10,65.5,0.5781540541206878,1.0547150316901743,0.7656380046298303,1.343792058750518,0.6416866175700641,0.9991843071681353,0.6783409983831032,1.3200276159531674,1.0343638128166357,-0.47826450896101896,-0.03517950564850033,0.03460927986628365,0.11585711148506772,0.26132458944650433,1.0220486456936237,0.21680417705636162,1.0665690580837666,10,normalized_compact_thermal,spline_ridge
10,65.69999999999999,0.6373490386357253,1.0573902473690193,0.7387157280511565,1.376064766686882,0.640653660174307,1.0160804029231092,0.6957535728359556,1.3364072330102628,1.0343638128166357,-0.47826450896101896,-0.018283409893526593,0.032998229138012584,0.0936014438531289,0.33335759036111956,0.9479497299874945,0.21577121966060459,1.0655361006880095,10,normalized_compact_thermal,spline_ridge
10,65.9,0.5507373154936714,1.063550482152945,0.7881818244061092,1.3389191398997806,0.6508442991139598,0.9922869615529442,0.6668648119959643,1.3177091111099242,1.0343638128166357,-0.47826450896101896,-0.042076851263691525,0.0487796717133414,0.1447224473482134,0.17571659324614797,1.1259720049817716,0.22596185860025736,1.0757267396276622,10,normalized_compact_thermal,spline_ridge
10,66.1,0.560420332600686,1.0353001567968931,0.7550899904965501,1.3155103230972363,0.6566505631495457,1.078458055718646,0.7501327741438732,1.4067833372934189,1.0343638128166357,-0.47826450896101896,0.04409424290201029,0.05766123961959059,0.11731502006001973,0.27150218177343705,1.0417989445256544,0.2317681226358433,1.0815330036632482,10,normalized_compact_thermal,spline_ridge
10,66.3,0.690604204141098,1.0954035492633627,0.7501014471928137,1.4407056513339116,0.6272141481049219,0.9944645368711624,0.6808574628187014,1.3080716109236235,1.0343638128166357,-0.47826450896101896,-0.03989927594547322,0.011797256325907446,0.14737145154302556,0.1433896898743824,1.1110386063354616,0.2023317075912195,1.0520965886186244,10,normalized_compact_thermal,spline_ridge
10,66.5,0.6069921867150974,1.077672291610004,0.7741761982524554,1.381168384967553,0.6404753058753196,0.9809527102899108,0.660715057352251,1.3011903632275708,1.0343638128166357,-0.47826450896101896,-0.05341110252672491,0.03271979612327924,0.13917896490242074,0.18354700269346902,1.0974036090571704,0.2155928653616172,1.065357746389022,10,normalized_compact_thermal,spline_ridge
10,66.69999999999999,0.6723037880702174,1.1183310890791351,0.7821791950440264,1.4544829831142438,0.6536066386420013,1.0026267063023435,0.6758233869813428,1.3294300256233442,1.0343638128166357,-0.47826450896101896,-0.03173710651429228,0.05301493051409828,0.12791341905514125,0.2336634269358901,1.0735498503481125,0.22872419812829886,1.0784890791557038,10,normalized_compact_thermal,spline_ridge
10,66.9,0.5856478927653999,1.0172606789380116,0.7244367325553118,1.3100846253207115,0.6690770232793886,1.000742610485586,0.6662040988458918,1.3352811221252803,1.0343638128166357,-0.47826450896101896,-0.03362120233104952,0.07640841543716775,0.13176560013092928,0.23648699699362358,1.1016670495651535,0.24419458276568612,1.093959463793091,10,normalized_compact_thermal,spline_ridge
10,67.1,0.5754472027168465,1.0911313098588917,0.8034077085004685,1.3788549112173147,0.6003740860466104,0.9999568057360573,0.6997697627127522,1.3001438487593624,1.0343638128166357,-0.47826450896101896,-0.03440700708057841,-0.03193783234149765,0.09987779536239845,0.27247258460577684,0.9282755874874439,0.17549164553290791,1.0252565265603129,10,normalized_compact_thermal,spline_ridge
10,67.3,0.6291136383392512,1.1013014785685717,0.7867446593989461,1.4158582977381973,0.5998666967216713,0.952352040237906,0.6524186918770704,1.2522853885987417,1.0343638128166357,-0.47826450896101896,-0.08201177257872977,-0.032783311619403524,0.13954767322319206,0.14172791415813252,1.05800547928521,0.1749842562079688,1.0247491372353736,10,normalized_compact_thermal,spline_ridge
10,67.5,0.6185746893344529,1.019342195559331,0.7100548508921043,1.3286295402265573,0.6179444407632679,1.002496452268524,0.69352423188689,1.3114686726501579,1.0343638128166357,-0.47826450896101896,-0.031867360548111734,-0.0030922182823852687,0.1330066035832272,0.18128016660463747,1.0546087149218983,0.1930620002495655,1.0428268812769703,10,normalized_compact_thermal,spline_ridge
10,67.69999999999999,0.6055258576517037,0.9625691022252479,0.6598061733993961,1.2653320310510998,0.6626866299454399,0.9906914851173756,0.6593481701446556,1.3220348000900954,1.0343638128166357,-0.47826450896101896,-0.0436723276992601,0.0668114537457157,0.10410101716611676,0.3209201771875267,1.004453082703353,0.23780418943173748,1.0875690704591423,10,normalized_compact_thermal,spline_ridge
10,67.9,0.7312651295616914,1.0056561097656127,0.6400235449847669,1.3712886745464583,0.6826052541448391,1.0561260805111343,0.7148234534387148,1.3974287075835539,1.0343638128166357,-0.47826450896101896,0.021762267694498617,0.09642596367477876,0.10079520403637536,0.3516918752337393,1.013518633055939,0.25772281363113664,1.1074876946585415,10,normalized_compact_thermal,spline_ridge
10,68.1,0.7412234427120025,1.0172802462036605,0.6466685248476591,1.3878919675596617,0.6675250578199405,1.0545186864249592,0.7207561575149889,1.3882812153349295,1.0343638128166357,-0.47826450896101896,0.02015487360832349,0.07408615935384,0.09348698365261551,0.3606047639384041,0.974445351701477,0.2426426173062381,1.092407498333643,10,normalized_compact_thermal,spline_ridge
10,68.3,1.0043376738796206,1.1972887615574193,0.6951199246176089,1.6994575984972295,0.6527459726334194,1.0506117601848293,0.7242387738681195,1.376984746501539,1.0343638128166357,-0.47826450896101896,0.016247947368193617,0.051697267693693046,0.09273969123356096,0.3482790599597304,0.9572128853071084,0.22786353211971694,1.0776284131471219,10,normalized_compact_thermal,spline_ridge
10,68.5,0.5071692653056943,1.074921547722108,0.8213369150692608,1.3285061803749552,0.5687389163571162,0.9956549046973836,0.7112854465188255,1.2800243628759418,1.0343638128166357,-0.47826450896101896,-0.038708908119252095,-0.08606928766959776,0.10446750173583763,0.2257692848523119,0.9117085478619205,0.1438564758434137,0.9936213568708185,10,normalized_compact_thermal,spline_ridge
10,68.7,0.5289022186641933,1.0572910606972459,0.7928399513651493,1.3217421700293426,0.6626832448637786,1.0182072058574028,0.6868655834255135,1.349548828289292,1.0343638128166357,-0.47826450896101896,-0.016156606959232902,0.06680634561442994,0.09438819077253868,0.3528042636517925,0.9725622260757647,0.23780080435007617,1.087565685377481,10,normalized_compact_thermal,spline_ridge
10,68.9,0.9173734601984318,1.2004620892517868,0.7417753591525708,1.6591488193510027,0.6680393929358557,1.0389076346107635,0.7048879381428357,1.3729273310786914,1.0343638128166357,-0.47826450896101896,0.004543821794127889,0.07485637323764122,0.08810123688394621,0.3788006512493694,0.957278134622342,0.24315695242215324,1.092921833449558,10,normalized_compact_thermal,spline_ridge
10,69.1,0.6400381028828146,1.1101710534132523,0.790152001971845,1.4301901048546595,0.6317067787318092,1.0084112949081236,0.6925579055422191,1.3242646842740282,1.0343638128166357,-0.47826450896101896,-0.02595251790851212,0.01893455876122937,0.1138883991200847,0.2578080865082938,1.0056054709553246,0.2068243382181068,1.0565892192455117,10,normalized_compact_thermal,spline_ridge
10,69.3,0.5280397839862391,1.0778886429450878,0.8138687509519683,1.3419085349382074,0.6017180016184048,1.0154931535597704,0.714634152750568,1.316352154368973,1.0343638128166357,-0.47826450896101896,-0.01887065925686529,-0.029701870312470888,0.11129523967418625,0.23633272193769062,0.967103281299119,0.1768355611047024,1.0266004421321073,10,normalized_compact_thermal,spline_ridge
10,69.5,0.6841147687854342,1.0120875686337387,0.6700301842410216,1.3541449530264558,0.6150092402563492,0.9958711531703446,0.68836653304217,1.3033757732985192,1.0343638128166357,-0.47826450896101896,-0.0384926596462911,-0.00785347752039968,0.13878102440455192,0.1593873864836174,1.070631094029081,0.19012679974264673,1.0398916807700516,10,normalized_compact_thermal,spline_ridge
10,69.7,0.6580026187035672,1.089707515723938,0.7607062063721545,1.4187088250757216,0.6305595461579374,0.9815451398211573,0.6662653667421886,1.2968249129001261,1.0343638128166357,-0.47826450896101896,-0.052818672995478405,0.017116823680862977,0.13429958804623762,0.18965036906344973,1.0714687232524251,0.20567710564423497,1.0554419866716398,10,normalized_compact_thermal,spline_ridge
10,69.9,0.7198912935044589,1.008939984839372,0.6489943380871428,1.3688856315916016,0.6271076375576583,0.9795896501779855,0.6660358313991563,1.2931434689568146,1.0343638128166357,-0.47826450896101896,-0.05477416263865016,0.011627426623932922,0.10612384513273436,0.27870018591702317,0.9755150891982934,0.20222519704395586,1.0519900780713607,10,normalized_compact_thermal,spline_ridge
10,70.1,0.6180599556733003,1.095890255725259,0.7868602778886087,1.404920233561909,0.5964172452389014,0.9779296957352189,0.6797210731157682,1.2761383183546697,1.0343638128166357,-0.47826450896101896,-0.05643411708141677,-0.03855027199039668,0.10196439587449677,0.2616653779250358,0.931169112552767,0.17153480472519894,1.0212996857526038,10,normalized_compact_thermal,spline_ridge
10,70.3,0.5598208420184293,1.0740401780731577,0.7941297570639431,1.3539505990823724,0.581576882222331,0.9802173776518037,0.6894289365406383,1.2710058187629691,1.0343638128166357,-0.47826450896101896,-0.05414643516483195,-0.0637475931778929,0.1146886565696984,0.20505092316422602,0.9581028412804359,0.1566944417086285,1.0064593227360334,10,normalized_compact_thermal,spline_ridge
10,70.5,0.5947494135337708,1.0469873579514646,0.7496126511845793,1.34436206471835,0.6034551143434806,1.021783550388708,0.7200559932169677,1.3235111075604484,1.0343638128166357,-0.47826450896101896,-0.012580262427927747,-0.026819107819572183,0.11341742594344567,0.231102639787245,0.9758075888997163,0.1785726738297782,1.0283375548571831,10,normalized_compact_thermal,spline_ridge
10,70.7,0.672634707404067,1.0223806879207262,0.6860633342186926,1.3586980416227596,0.6461254286135987,1.0415931702858303,0.718530455979031,1.3646558845926298,1.0343638128166357,-0.47826450896101896,0.007229357469194655,0.041502876855048915,0.09390248569919399,0.3378410302839167,0.9544098269432806,0.22124298809989623,1.071007869127301,10,normalized_compact_thermal,spline_ridge
10,70.9,0.6408237445945534,1.0362358610890552,0.7158239887917788,1.3566477333863318,0.6202516479770805,1.019603511932235,0.7094776879436948,1.3297293359207754,1.0343638128166357,-0.47826450896101896,-0.014760300884400685,0.0006345095034585371,0.11369743382470954,0.24697989997925013,0.993523395974911,0.1953692074633781,1.045134088490783,10,normalized_compact_thermal,spline_ridge
10,71.1,0.5601944860728564,1.059932417098556,0.7798351740621278,1.3400296601349841,0.6041707654153352,1.0291819574884913,0.7270965747808237,1.3312673401961588,1.0343638128166357,-0.47826450896101896,-0.005181855328144379,-0.025633887847682876,0.10256645884383393,0.2674423091019701,0.9408992217287003,0.17928832490163277,1.0290532059290376,10,normalized_compact_thermal,spline_ridge
10,71.3,0.5157416842811776,1.0616737210606284,0.8038028789200397,1.3195445632012173,0.650218090318665,1.0161006947677245,0.690991649608392,1.341209739927057,1.0343638128166357,-0.47826450896101896,-0.01826311804891116,0.04781706016029703,0.14315748636701564,0.18022819364627168,1.1202079869910582,0.2253356498049625,1.0751005308323673,10,normalized_compact_thermal,spline_ridge
10,71.5,0.5924259914231517,1.0866656220386552,0.7904526263270795,1.382878617750231,0.657829083995705,1.0302308968964067,0.7013163548985542,1.3591454388942592,1.0343638128166357,-0.47826450896101896,-0.004132915920228929,0.059454376796720165,0.12973697001889548,0.23189910519287038,1.0837590627985398,0.2329466434820026,1.0827115245094074,10,normalized_compact_thermal,spline_ridge
10,71.7,0.5981053493010948,1.1079790109367873,0.80892633628624,1.4070316855873348,0.6494973216584744,1.0118162746562778,0.6870676138270406,1.336564935485515,1.0343638128166357,-0.47826450896101896,-0.02254753816035784,0.04670794238353475,0.1039654698009924,0.3081758745635252,0.9908187687534236,0.22461488114477196,1.074379762172177,10,normalized_compact_thermal,spline_ridge
10,71.9,0.6068932982018393,1.1442830162931248,0.8408363671922052,1.4477296653940446,0.6419132398113236,1.0220247680003824,0.7010681480947206,1.3429813879060442,1.0343638128166357,-0.47826450896101896,-0.012339044816253246,0.03496238405574121,0.0854773701308704,0.361288723586988,0.9225377560356594,0.2170307992976212,1.066795680325026,10,normalized_compact_thermal,spline_ridge
10,72.1,0.5031466300770348,1.0727856861398113,0.821212371101294,1.3243590011783286,0.5824155681761929,1.0093697944887006,0.7181620104006041,1.300577578576797,1.0343638128166357,-0.47826450896101896,-0.024994018327935203,-0.062306542424150874,0.09013230839521737,0.28650876382709956,0.8783223725252862,0.15753312766249045,1.0072980086898953,10,normalized_compact_thermal,spline_ridge
10,72.3,0.5130522568374942,1.0852896348659957,0.8287635064472486,1.3418157632847427,0.6170422817217885,1.0198107971571728,0.7112896562962785,1.3283319380180671,1.0343638128166357,-0.47826450896101896,-0.014553015659462869,-0.004553220551523331,0.12781385251848312,0.1974259496463801,1.036658613797197,0.1921598412080861,1.041924722235491,10,normalized_compact_thermal,spline_ridge
10,72.5,0.5605938230204309,1.1096393131155902,0.8293424016053746,1.3899362246258056,0.6429994975711918,1.0470585757766822,0.7255588269910862,1.368558324562278,1.0343638128166357,-0.47826450896101896,0.012694762960046475,0.03665317283391266,0.10374628463327319,0.30239764130549457,0.9836013538368891,0.21811705705748935,1.0678819380848943,10,normalized_compact_thermal,spline_ridge
10,72.7,0.4842305846603964,1.0755500418889579,0.8334347495587598,1.317665334219156,0.6547061378123707,1.0270778782363303,0.6997248093301449,1.3544309471425158,1.0343638128166357,-0.47826450896101896,-0.007285934580305361,0.05469572038178519,0.12261963852037307,0.2521425506699616,1.05726972495478,0.2298236972986683,1.0795885783260732,10,normalized_compact_thermal,spline_ridge
10,72.9,0.4079804985036515,1.0625048100398824,0.8585145607880567,1.2664950592917081,0.6400579265571902,1.054369319452127,0.734340356173532,1.3743982827307222,1.0343638128166357,-0.47826450896101896,0.02000550663549134,0.032067912482403954,0.07986063272277132,0.3778733110398334,0.902242542074547,0.21517548604348774,1.0649403670708926,10,normalized_compact_thermal,spline_ridge
10,73.1,0.6173265293128423,1.0816597960883887,0.7729965314319678,1.3903230607448098,0.6884295961449777,1.099078026029316,0.7548632279568273,1.4432928241018048,1.0343638128166357,-0.47826450896101896,0.06471421321268024,0.1049222860489615,0.09518572702128114,0.3759322818744047,1.0009269104155507,0.26354715563127523,1.1133120366586802,10,normalized_compact_thermal,spline_ridge
10,73.3,0.5547936467139113,1.0812346232062473,0.8038377998492917,1.358631446563203,0.6892744889833753,1.0746769194642474,0.7300396749725597,1.419314163955935,1.0343638128166357,-0.47826450896101896,0.040313106647611736,0.10614880915132638,0.0999406152324667,0.3611667482113575,1.017382229755393,0.26439204846967285,1.1141569294970777,10,normalized_compact_thermal,spline_ridge
10,73.5,0.851058598776599,0.9694302279407784,0.543900928552479,1.3949595273290778,0.6443527893084537,1.0803687160114572,0.7581923213572304,1.402545110665684,1.0343638128166357,-0.47826450896101896,0.04600490319482143,0.03875561557557192,0.09262813348601152,0.3402521237348944,0.9484534548820132,0.2194703487947513,1.0692352298221561,10,normalized_compact_thermal,spline_ridge
10,73.7,0.9511030042819243,1.2386038024122277,0.7630523002712656,1.7141553045531899,0.6491792397048056,1.0471709986278672,0.7225813787754645,1.37176061848027,1.0343638128166357,-0.47826450896101896,0.012807185811231588,0.04621808683444326,0.10439969507442673,0.306432219301935,0.9919262601076763,0.22429679919110318,1.0740616802185081,10,normalized_compact_thermal,spline_ridge
10,73.9,0.6618194442143381,1.071823709857768,0.7409139877505991,1.4027334319649372,0.6190501340641056,1.0548805850119847,0.7453555179799318,1.3644056520440375,1.0343638128166357,-0.47826450896101896,0.020516772195348924,-0.0013045085901803519,0.08343440424873472,0.34513273004337874,0.8929675380848324,0.19416769355040314,1.043932574577808,10,normalized_compact_thermal,spline_ridge
10,74.1,0.5358264742932013,1.0745582031410372,0.8066449659944367,1.3424714402876379,0.6648039841146764,1.0407316034931375,0.7083296114357993,1.3731335955504758,1.0343638128166357,-0.47826450896101896,0.00636779067650176,0.07000146645444373,0.08582588649957743,0.38303527923298114,0.9465726889963717,0.239921543600974,1.0896864246283788,10,normalized_compact_thermal,spline_ridge
10,74.3,0.5230950116644268,1.073805185230649,0.8122576793984355,1.3353526910628624,0.5916922093585926,1.046070872283611,0.7502247676043147,1.3419169769629073,1.0343638128166357,-0.47826450896101896,0.011707059466975193,-0.04650418696462445,0.09081588911241756,0.2935411910406922,0.8898432276764929,0.16680976884489013,1.016574649872295,10,normalized_compact_thermal,spline_ridge
10,74.5,0.6794503655660943,1.1015490691794105,0.7618238863963634,1.4412742519624577,0.6602424209204559,1.0789502366426658,0.7488290261824377,1.4090714471028938,1.0343638128166357,-0.47826450896101896,0.044586423826030085,0.06311630198452947,0.0991843749752013,0.3346174373509533,0.9858674044899586,0.2353599804067535,1.0851248614341584,10,normalized_compact_thermal,spline_ridge
10,74.7,0.5342645485509896,1.0231549462677314,0.7560226719922367,1.290287220543226,0.6193476503906684,1.0263714532992445,0.7166976281039104,1.3360452784945787,1.0343638128166357,-0.47826450896101896,-0.0079923595173912,-0.0008240226978098245,0.12165021490362854,0.21996670718137123,1.0187285935999655,0.19446520987696597,1.044230090904371,10,normalized_compact_thermal,spline_ridge
10,74.9,0.5103857481098643,1.05002170713043,0.794828833075498,1.3052145811853622,0.5854103814071363,0.9764712473784705,0.6837660566749023,1.2691764380820385,1.0343638128166357,-0.47826450896101896,-0.05789256543816521,-0.057177662051193665,0.17450134214261204,0.012517759134210826,1.1583030036800617,0.16052794089343386,1.0102928219208387,10,normalized_compact_thermal,spline_ridge
10,75.1,0.43853549499945027,1.1169837749801241,0.8977160274803989,1.3362515224798492,0.8155282817320919,1.3110619003784731,0.9032977595124272,1.718826041244519,1.0343638128166357,-0.47826450896101896,0.2766980875618375,0.2743453316741561,0.063449457858895,0.6072219968161234,1.0238345666480604,0.39064584121838947,1.2404107222457943,10,normalized_compact_thermal,spline_ridge
10,75.3,0.5811410659231477,1.054380993723709,0.7638104607621351,1.3449515266852827,0.6125259488573848,0.9480663768261561,0.6418034023974637,1.2543293512548486,1.0343638128166357,-0.47826450896101896,-0.08629743599047952,-0.011899463018183246,0.08008783706271647,0.3495954153516346,0.875456482363135,0.18764350834368232,1.0374083893710873,10,normalized_compact_thermal,spline_ridge
10,75.5,0.6210227464814038,1.0304500578199884,0.7199386845792866,1.3409614310606903,0.5201024254829784,1.011604633904675,0.7515534211631858,1.271655846646164,1.0343638128166357,-0.47826450896101896,-0.022759178911960748,-0.17546500575944804,0.10858871189852498,0.16360274963553384,0.8766021013304228,0.09521998496927592,0.9449848659966809,10,normalized_compact_thermal,spline_ridge
10,75.7,0.604256769896783,1.0344617557776907,0.7323333708292993,1.3365901407260823,0.6274036281338263,1.0758308903547695,0.7621290762878563,1.3895327044216828,1.0343638128166357,-0.47826450896101896,0.041467077538133924,0.012099308526878155,0.10123993511293716,0.295030185079211,0.9597770711884417,0.2025211876201239,1.0522860686475288,10,normalized_compact_thermal,spline_ridge
10,75.9,0.8943980885201182,0.9664277717876064,0.5192287275275475,1.4136268160476655,0.672356458173036,1.076562815787144,0.740384586700626,1.4127410448736621,1.0343638128166357,-0.47826450896101896,0.042199002970508485,0.08129787357637246,0.09736744282013195,0.3526965119724666,0.9920164043736055,0.24747401765933358,1.0972388986867385,10,normalized_compact_thermal,spline_ridge
10,76.1,0.5117142643702958,1.0803002810942324,0.8244431489090844,1.3361574132793803,0.6434092271349106,1.0781256096924605,0.7564209961250052,1.3998302232599158,1.0343638128166357,-0.47826450896101896,0.04376179687582491,0.03729018589159003,0.08719261226229001,0.3571535246375266,0.9296649296322945,0.2185267866212081,1.068291667648613,10,normalized_compact_thermal,spline_ridge
10,76.3,0.4468610189996177,1.0602546523929632,0.8368241428931544,1.2836851618927723,0.6646227876402605,1.029323060086318,0.6970116662661876,1.3616344539064482,1.0343638128166357,-0.47826450896101896,-0.005040752730317798,0.06972887306398765,0.12471271373910238,0.2551875779879664,1.0740579972925546,0.23974034712655806,1.089505228153963,10,normalized_compact_thermal,spline_ridge
10,76.5,0.5800294059952646,0.9876045667928952,0.6975898637952629,1.2776192697905275,0.5130893669997042,1.0032546625214718,0.7467099790216196,1.259799346021324,1.0343638128166357,-0.47826450896101896,-0.03110915029516391,-0.18904073534443538,0.1135684149669883,0.14024119139859592,0.8859375426008125,0.08820692648600176,0.9379718075134067,10,normalized_compact_thermal,spline_ridge
10,76.7,0.5738521983294185,1.0227363732854369,0.7358102741207276,1.309662472450146,0.661068027628991,1.0204174642508361,0.6898834504363407,1.3509514780653316,1.0343638128166357,-0.47826450896101896,-0.01394634856579953,0.0643659807665101,0.1040439803357793,0.3194888283265352,1.0026472269314468,0.23618558711528853,1.0859504681426935,10,normalized_compact_thermal,spline_ridge
10,76.9,0.7384273162285403,1.1168028976540807,0.7475892395398105,1.4860165557683507,0.9256191251648582,1.239779481854225,0.7769699192717958,1.702589044436654,1.0343638128166357,-0.47826450896101896,0.20541566903758923,0.40097206809611297,0.0708397664622224,0.6930502573759956,1.1581879929537209,0.5007366846511558,1.3505015656785606,10,normalized_compact_thermal,spline_ridge
10,77.1,1.1114536749629567,0.875757945707887,0.3200311082264088,1.4314847831893653,0.9703832504100693,1.0465679955741694,0.5613763703691347,1.5317596207792041,1.0343638128166357,-0.47826450896101896,0.012204182757533755,0.44820032695900514,0.027701459435567233,0.8794386104321179,1.0613278903880208,0.545500809896367,1.3952656909237717,10,normalized_compact_thermal,spline_ridge
10,77.3,0.6549190043651352,1.0641491083030679,0.7366896061205003,1.3916086104856353,0.6834409018651265,0.7549331826693397,0.4132127317367765,1.096653633601903,1.0343638128166357,-0.47826450896101896,-0.27943063014729597,0.09764941841801283,0.04129345890673811,0.5478733602901916,0.8190084434400614,0.2585584613514241,1.108323342378829,10,normalized_compact_thermal,spline_ridge
10,77.5,0.8984014801597762,1.2301948638826625,0.7809941238027744,1.6793956039625506,0.7498146228144672,0.810843814722432,0.43593650331519845,1.1857511261296656,1.0343638128166357,-0.47826450896101896,-0.22351999809420367,0.19033523637709243,0.04563677355620993,0.5999878618642522,0.8996413837646822,0.32493218230076476,1.1746970633281697,10,normalized_compact_thermal,spline_ridge
10,77.7,0.809045331548757,1.1880950506369263,0.7835723848625478,1.5926177164113047,0.8922682788818936,0.9517227580198285,0.5055886185788817,1.3978568974607755,1.0343638128166357,-0.47826450896101896,-0.08264105479680715,0.36427607841770093,0.058830980867537346,0.6991245787460679,1.0854119790177192,0.4673858383681912,1.317150719395596,10,normalized_compact_thermal,spline_ridge
10,77.9,0.5511359968535692,1.0558359909065467,0.7802679924797622,1.3314039893333314,0.5996027710187063,1.0570842237104885,0.7572828382011354,1.3568856092198416,1.0343638128166357,-0.47826450896101896,0.022720410893852763,-0.03322338235788025,0.08113076493321576,0.33324827712826427,0.8659572649091483,0.17472033050500385,1.0244852115324088,10,normalized_compact_thermal,spline_ridge
10,78.1,0.6203597860070282,1.0059220641335407,0.6957421711300268,1.3161019571370547,0.5270241504899953,1.071576864262777,0.8080647890177793,1.3350889395077745,1.0343638128166357,-0.47826450896101896,0.03721305144614124,-0.162244396173024,0.08174582260509569,0.2586504056404151,0.7953978953395755,0.10214170997629285,0.9519065910036977,10,normalized_compact_thermal,spline_ridge
10,78.3,0.679826864507552,1.0665980780203115,0.7266846457665354,1.4065115102740875,0.6311194184115528,1.0225102814998364,0.7069505722940599,1.3380699907056128,1.0343638128166357,-0.47826450896101896,-0.011853531316799287,0.01800432724728038,0.0919519572043918,0.32923865784467987,0.9330001789784258,0.2062369778978504,1.0560018589252553,10,normalized_compact_thermal,spline_ridge
10,78.5,0.6043150930204756,1.0901402020728104,0.7879826555625726,1.3922977485830481,0.48588328407556813,1.0098208520155134,0.7668792099777293,1.2527624940532975,1.0343638128166357,-0.47826450896101896,-0.024542960801122296,-0.24352233118585867,0.08433826345925717,0.20899848583927955,0.7627680823118568,0.06100084356186569,0.9107657245892706,10,normalized_compact_thermal,spline_ridge
10,78.7,0.6867428579943708,1.1522666507961825,0.8088952217989971,1.495638079793368,0.5371527635964755,1.0211995158648042,0.7526231340665664,1.2897758976630418,1.0343638128166357,-0.47826450896101896,-0.013164296951831599,-0.14320823999678003,0.08478414438984125,0.25880412621484067,0.8155014009781103,0.11227032308277302,0.9620352041101778,10,normalized_compact_thermal,spline_ridge
10,78.9,0.38041187862712966,1.146804501579987,0.9565985622664223,1.3370104408935517,0.5340534472111778,1.066633874487908,0.7996071508823192,1.333660598093497,1.0343638128166357,-0.47826450896101896,0.03227006167127223,-0.1489948476589887,0.09548740893296323,0.2205657030713914,0.8475411913509641,0.10917100669747531,0.9589358877248801,10,normalized_compact_thermal,spline_ridge
10,79.1,0.6616407151435914,1.1780103265419404,0.8471899689701449,1.508830684113736,0.5660947846641993,0.9531835912255118,0.6701361988934121,1.2362309835576113,1.0343638128166357,-0.47826450896101896,-0.08118022159112394,-0.09072924176745398,0.13824476222934978,0.11223349410551003,1.0199560752228884,0.14121234415049683,0.9909772251779017,10,normalized_compact_thermal,spline_ridge
10,79.3,0.8184360438960913,1.245695088198633,0.8364770662505875,1.6549131101466787,0.5844402725454935,1.0161019332357586,0.7238817969630118,1.3083220695085054,1.0343638128166357,-0.47826450896101896,-0.01826187958087712,-0.05883617988120339,0.1456870404583099,0.10614578142844289,1.0627347636625442,0.15955783203179102,1.009322713059196,10,normalized_compact_thermal,spline_ridge
10,79.5,0.7062603124610581,1.1543919530226754,0.8012617967921464,1.5075221092532045,0.607932101152595,1.0366640884826968,0.7326980379063992,1.3406301390589943,1.0343638128166357,-0.47826450896101896,0.002300275666060979,-0.019427570027013882,0.18340851921698523,0.005796975821918737,1.2100672264832713,0.18304966063889255,1.0328145416662975,10,normalized_compact_thermal,spline_ridge
10,79.7,0.6115796467550254,1.0587194469209609,0.7529296235434482,1.3645092702984736,0.6756618036521336,1.0774331338576744,0.7396022320316076,1.4152640356837412,1.0343638128166357,-0.47826450896101896,0.043069321041038576,0.0862018903793974,0.12057657463357035,0.27980565046530376,1.0715179568389634,0.25077936313843113,1.100544244165836,10,normalized_compact_thermal,spline_ridge
10,79.9,0.5496856786774552,1.0872656210972291,0.8124227817585016,1.3621084604359568,0.6411556866404029,1.036945885954655,0.7163680426344535,1.3575237292748565,1.0343638128166357,-0.47826450896101896,0.002582073138019207,0.03378153828303097,0.14642798824792005,0.16042864390543887,1.121882729375367,0.21627324612670046,1.0660381271541053,10,normalized_compact_thermal,spline_ridge
10,80.1,0.5796809477965065,1.0801796806244823,0.790339206726229,1.3700201545227355,0.675246521716167,1.07513438347231,0.7375111226142265,1.4127576443303935,1.0343638128166357,-0.47826450896101896,0.040770570655674264,0.08558707153307057,0.1293123527049725,0.25071057303051625,1.0997824704018178,0.2503640812024645,1.1001289622298693,10,normalized_compact_thermal,spline_ridge
10,80.3,0.5823011762671033,1.0625177650986062,0.7713671769650545,1.3536683532321578,0.6117505582972508,1.0371236661231356,0.7312483869745101,1.342998945271761,1.0343638128166357,-0.47826450896101896,0.0027598533064998295,-0.013166155075540142,0.13498802946645447,0.1685812094145886,1.054919907179913,0.18686811778354834,1.0366329988109533,10,normalized_compact_thermal,spline_ridge
10,80.5,0.8174131819524604,1.0083214386787256,0.5996148477024954,1.4170280296549558,0.5812897154556812,1.0072154203817318,0.7165705626538912,1.2978602781095725,1.0343638128166357,-0.47826450896101896,-0.027148392434903964,-0.0642414877880926,0.10171092883432949,0.2473699872848058,0.9152094436265565,0.15640727494197876,1.0061721559693837,10,normalized_compact_thermal,spline_ridge
10,80.7,0.8259644116589198,1.1786502976771607,0.7656680918477008,1.5916325035066206,0.6080590819408122,1.046069297711179,0.7420397567407728,1.350098838681585,1.0343638128166357,-0.47826450896101896,0.011705484894543289,-0.01921871853130523,0.09777742727445492,0.2870531456965887,0.9290650181850356,0.1831766414271097,1.0329415224545146,10,normalized_compact_thermal,spline_ridge
10,80.9,0.6097152811052591,1.1379842756544478,0.8331266351018183,1.4428419162070774,0.5996464083501274,1.046112327680105,0.7462891235050413,1.3459355318551687,1.0343638128166357,-0.47826450896101896,0.011748514863469263,-0.033150607938366564,0.09975817033100072,0.2721376391203213,0.9271551775799335,0.17476396783642495,1.0245288488638298,10,normalized_compact_thermal,spline_ridge
10,81.1,0.6212089387528893,1.1282697048931798,0.8176652355167353,1.4388741742696245,0.6531926290086566,1.008898536808262,0.6823022223039337,1.3354948513125902,1.0343638128166357,-0.47826450896101896,-0.025465276008373745,0.05238130657896958,0.12670667547493566,0.23721118908943517,1.069174068927878,0.22831018849495416,1.078075069522359,10,normalized_compact_thermal,spline_ridge
10,81.3,0.5452277824696217,1.0776538204949384,0.8050399292601276,1.3502677117297492,0.662410986472364,1.103963621168557,0.7727581279323751,1.4351691144047392,1.0343638128166357,-0.47826450896101896,0.06959980835192127,0.06639541877042549,0.10293916275640154,0.32445893314145996,1.000363039803268,0.23752854595866152,1.0872934269860663,10,normalized_compact_thermal,spline_ridge
10,81.5,0.6152723730824179,1.072978387488117,0.7653422009469079,1.3806145740293259,0.6345107554909757,1.0470791698155117,0.7298237920700239,1.3643345475609996,1.0343638128166357,-0.47826450896101896,0.012715356998875958,0.023363468118064702,0.13362629485236,0.1958120181481997,1.0732094928337517,0.20962831497727324,1.059393196004678,10,normalized_compact_thermal,spline_ridge
10,81.7,0.6623661864352596,1.0777464965790344,0.7465634033614047,1.4089295897966643,0.5989641491505063,1.0328669790542981,0.733384904479045,1.3323490536295512,1.0343638128166357,-0.47826450896101896,-0.0014968337623375537,-0.0342890248645903,0.13258787529288768,0.1636745712854804,1.0342537270155323,0.1740817086368039,1.0238465896642088,10,normalized_compact_thermal,spline_ridge
10,81.9,0.549431252165137,1.0722747193295328,0.7975590932469643,1.3469903454121013,0.5848013488537162,1.0076543645106237,0.7152536900837656,1.3000550389374819,1.0343638128166357,-0.47826450896101896,-0.026709448306012063,-0.05821855506680694,0.1035453811683624,0.24485906409287533,0.9247436336145569,0.1599189083400137,1.0096837893674186,10,normalized_compact_thermal,spline_ridge
10,82.1,0.6082355905876832,1.049528415615527,0.7454106203216855,1.3536462109093685,0.5770333595603475,0.9774436496720164,0.6889269698918425,1.2659603294521902,1.0343638128166357,-0.47826450896101896,-0.05692016314461939,-0.07159068965507338,0.13691025668926138,0.1275532867556981,1.026513432364997,0.15215091904664507,1.00191580007405,10,normalized_compact_thermal,spline_ridge
10,82.3,0.744906840700623,1.0598416600902176,0.687388239739906,1.432295080440529,0.6153545919964805,1.018523680308107,0.7108463843098668,1.3262009763063474,1.0343638128166357,-0.47826450896101896,-0.01584013250852877,-0.007292096016574469,0.11792390907639755,0.22820721152395917,1.0025019724690019,0.19047215148277802,1.0402370325101828,10,normalized_compact_thermal,spline_ridge
10,82.5,0.6245449036156994,1.1385322290913609,0.8262597772835111,1.4508046808992106,0.5787609275421326,0.9920219658177389,0.7026415020466726,1.2814024295888053,1.0343638128166357,-0.47826450896101896,-0.04234184699889678,-0.06860128351662086,0.13328330505754474,0.14118823496527005,1.0163336201189952,0.15387848702843016,1.003643368055835,10,normalized_compact_thermal,spline_ridge
10,82.7,0.4883516359676175,1.1570882810106253,0.9129124630268165,1.401264098994434,0.6135527527276589,1.0038799943215546,0.6971036179577252,1.310656370685384,1.0343638128166357,-0.47826450896101896,-0.030483818495081135,-0.01022452305062916,0.12905009371135723,0.18987780740577664,1.037227698049541,0.18867031221395641,1.0384351932413614,10,normalized_compact_thermal,spline_ridge
10,82.9,0.6391190149822016,1.1376968475496818,0.8181373400585811,1.4572563550407827,0.6546323366418961,1.0147273302824866,0.6874111619615386,1.3420434986034346,1.0343638128166357,-0.47826450896101896,-0.019636482534149156,0.05458298991217362,0.09847015971286469,0.331352141080803,0.9779125322029892,0.2297498961281937,1.0795147771555986,10,normalized_compact_thermal,spline_ridge
10,83.1,0.6587688196703645,1.1808641674245655,0.8514797575893833,1.5102485772597478,0.5953080900225635,1.067848456477685,0.7701944114664032,1.3655025014889666,1.0343638128166357,-0.47826450896101896,0.03348464366104923,-0.0404117001295496,0.12848267859359436,0.17349598386708037,1.0171201961780465,0.17042564950886102,1.020190530536266,10,normalized_compact_thermal,spline_ridge
10,83.3,0.6503889675821637,1.1351417887838926,0.8099473049928108,1.4603362725749744,0.6014759525362033,1.016978565364349,0.7162405890962473,1.3177165416324508,1.0343638128166357,-0.47826450896101896,-0.017385247452286565,-0.030104214564003973,0.10888812824982452,0.24399328471550968,0.9589586203568969,0.1765935120225009,1.0263583930499058,10,normalized_compact_thermal,spline_ridge
10,83.5,0.6617641006122899,1.1013206697249602,0.7704386194188153,1.4322027200311052,0.4941917681939738,0.9596193927432258,0.7125235086462389,1.2067152768402127,1.0343638128166357,-0.47826450896101896,-0.07474442007340984,-0.2265671334366303,0.07586255630879578,0.24513294559446225,0.7432505907934854,0.06930932768027137,0.9190742087076762,10,normalized_compact_thermal,spline_ridge
10,83.7,0.7072628420407344,1.141600230668214,0.7879688096478468,1.4952316516885813,0.6327017047629885,0.9604583350719559,0.6441074826904616,1.2768091874534502,1.0343638128166357,-0.47826450896101896,-0.07390547774467982,0.02050830055355054,0.10704555493203155,0.2812682549414197,0.9841351545845572,0.20781926424928604,1.057584145276691,10,normalized_compact_thermal,spline_ridge
10,83.9,0.5595615607347519,1.1570216197405907,0.8772408393732147,1.4368024001079667,0.6097217630960077,1.0453658179272929,0.740504936379289,1.3502266994752967,1.0343638128166357,-0.47826450896101896,0.011002005110657222,-0.016488042983019827,0.11332465522442152,0.23767385731752078,0.9817696688744946,0.18483932258230523,1.03460420360971,10,normalized_compact_thermal,spline_ridge
10,84.1,0.5611731165416869,1.1212928163528006,0.8407062580819572,1.4018793746236442,0.6433238367407711,1.0791517003448852,0.7574897819744997,1.4008136187152707,1.0343638128166357,-0.47826450896101896,0.044787887528249436,0.03715746155790796,0.09706259338761913,0.3246647194659067,0.9619829540156355,0.21844139622706865,1.0682062772544736,10,normalized_compact_thermal,spline_ridge
10,84.3,0.7492031979569312,1.0327563201786598,0.6581547212001941,1.4073579191571255,0.5974049947000897,1.047157325023946,0.7484548276739013,1.345859822373991,1.0343638128166357,-0.47826450896101896,0.012793512207310356,-0.03689550354408003,0.09298687864430989,0.29212655907650226,0.902683430323677,0.17252255418638723,1.022287435213792,10,normalized_compact_thermal,spline_ridge
10,84.5,0.4235935112460739,1.0877235526281923,0.8759267970051553,1.2995203082512292,0.5627053034847893,0.9239737029234529,0.6426210511810583,1.2053263546658477,1.0343638128166357,-0.47826450896101896,-0.11039010989318279,-0.09673471856003188,0.12173887241995232,0.1630332952533708,0.9623773117162078,0.13782286297108687,0.9875877439984917,10,normalized_compact_thermal,spline_ridge
10,84.7,0.5347587954908544,1.1011520525143998,0.8337726547689728,1.3685314502598271,0.5136868042390212,0.9223172659814697,0.6654738638619591,1.1791606681009803,1.0343638128166357,-0.47826450896101896,-0.11204654683516599,-0.1878770205573683,0.11699581419784166,0.12958638433520103,0.8977872241428415,0.0888043637253188,0.9385692447527236,10,normalized_compact_thermal,spline_ridge
10,84.9,0.5822828849540113,1.1642758926232866,0.8731344501462809,1.4554173351002921,0.5635383041378041,0.9494693850453375,0.6677002329764354,1.2312385371142396,1.0343638128166357,-0.47826450896101896,-0.08489442777129813,-0.09525546345168004,0.0841454780691926,0.28728642554725525,0.839790182728353,0.1386558636241017,0.9884207446515065,10,normalized_compact_thermal,spline_ridge
10,85.1,0.6760785279879865,1.158166510131153,0.8201272461371597,1.4962057741251462,0.6113822325200707,1.0336262055500338,0.7279350892899985,1.3393173218100691,1.0343638128166357,-0.47826450896101896,-0.0007376072666018287,-0.013768421307103325,0.08590605794255061,0.3293503226244061,0.8934141424157354,0.1864997920063683,1.0362646730337732,10,normalized_compact_thermal,spline_ridge
10,85.3,1.0235035100958452,1.0528690653627992,0.5411173103148766,1.564620820410722,0.5610648991683567,0.9919493053978501,0.7114168558136718,1.2724817549820284,1.0343638128166357,-0.47826450896101896,-0.042414507418785635,-0.09965418639731174,0.06979894692661051,0.33191307004377124,0.7902167282929421,0.13618245865465423,0.985947339682059,10,normalized_compact_thermal,spline_ridge
10,85.5,0.6513739882862182,1.0670541462317347,0.7413671520886257,1.3927411403748438,0.5792343345981985,0.9631459935261373,0.673528826227038,1.2527631608252365,1.0343638128166357,-0.47826450896101896,-0.07121781929049839,-0.06778365135884415,0.0963795400301295,0.26281769995595916,0.8956509692404379,0.15435189408449607,1.004116775111901,10,normalized_compact_thermal,spline_ridge
10,85.7,0.6166856423795172,1.062176735942942,0.7538339147531833,1.3705195571327005,0.5447895115234065,1.0549663842266856,0.7825716284649824,1.327361139988389,1.0343638128166357,-0.47826450896101896,0.02060257141005004,-0.12909126734726323,0.11163212510075071,0.17829822788272093,0.911280795164092,0.11990707100970405,0.9696719520371089,10,normalized_compact_thermal,spline_ridge
10,85.9,0.6544448561547667,1.2225157829449738,0.8952933548675904,1.549738211022357,0.5157692716889892,1.0062348143158388,0.7483501784713442,1.2641194501603334,1.0343638128166357,-0.47826450896101896,-0.02812899850079689,-0.18383125242953988,0.12455462917455938,0.10685305793443378,0.9246854854435447,0.09088683117528679,0.9406517122026916,10,normalized_compact_thermal,spline_ridge
10,86.1,0.5298375166003481,1.1242706002351697,0.8593518419349956,1.3891893585353436,0.5022474781299172,0.9467412429252137,0.695617503860255,1.1978649819901723,1.0343638128166357,-0.47826450896101896,-0.08762256989142207,-0.2103977874836934,0.12373529114805625,0.09602117325954501,0.9084737830002894,0.07736503761621477,0.9271299186436197,10,normalized_compact_thermal,spline_ridge
10,86.3,0.5731806043085694,1.1107998395294572,0.8242095373751723,1.3973901416837418,0.5642421425111945,0.98609007610073,0.7039690048451327,1.2682111473563271,1.0343638128166357,-0.47826450896101896,-0.04827373671590578,-0.09400727996550379,0.12674779748232717,0.14812569793035624,0.9803585870920328,0.1393597019974921,0.9891245830248969,10,normalized_compact_thermal,spline_ridge
10,86.5,0.6206244406648723,1.115656268862557,0.8053440485301209,1.4259684891949933,0.41811101813985224,0.9431059681630618,0.7340504590931357,1.152161477232988,1.0343638128166357,-0.47826450896101896,-0.09125784465357385,-0.39374377912409764,0.0837660970143469,0.1431046578053956,0.6931173784743089,-0.0067714223738502,0.8429934586535547,10,normalized_compact_thermal,spline_ridge
10,86.7,0.6422819391735853,1.115302384981491,0.7941614153946982,1.4364433545682835,0.5957230389755022,0.9648306854314647,0.6669691659437136,1.2626922049192157,1.0343638128166357,-0.47826450896101896,-0.06953312738517106,-0.03971491066767144,0.09445958027685578,0.2856096840914926,0.9058363938595118,0.17084059846179972,1.0206054794892045,10,normalized_compact_thermal,spline_ridge
10,86.9,0.6079981658868289,1.0961212859894651,0.7921222030460507,1.4001203689328794,0.5606653082462186,0.9992931817665969,0.7189605276434876,1.2796258358897061,1.0343638128166357,-0.47826450896101896,-0.03507063105003879,-0.10036664102570483,0.11956894454572259,0.16811723186968885,0.9532133846227484,0.1357828677325162,0.9855477487599211,10,normalized_compact_thermal,spline_ridge
10,87.1,0.6377402955265691,1.1057449750928718,0.7868748273295872,1.4246151228561565,0.5610316742375496,1.0282150285342733,0.7476991914154985,1.308730865653048,1.0343638128166357,-0.47826450896101896,-0.006148784282362475,-0.09971340577575777,0.1092140137469873,0.20247911552239095,0.9195842329527083,0.13614923372384719,0.985914114751252,10,normalized_compact_thermal,spline_ridge
10,87.3,0.5732419372886559,1.0908031641477578,0.8041821955034298,1.3774241327920858,0.5948641981872995,1.04880081056263,0.7513687114689803,1.3462329096562797,1.0343638128166357,-0.47826450896101896,0.014436997745994357,-0.04115762886649531,0.10418318412831395,0.2528279890718743,0.9369004073027247,0.16998175767359708,1.019746638701002,10,normalized_compact_thermal,spline_ridge
10,87.5,0.7292515245867895,1.1267132715163175,0.7620875092229227,1.4913390338097121,0.5735636408820567,1.0421425589002595,0.7553607384592311,1.328924379341288,1.0343638128166357,-0.47826450896101896,0.0077787460836238045,-0.07762187032836834,0.12096825831103568,0.17642157959658755,0.9707057021675258,0.14868120036835425,0.9984460813957592,10,normalized_compact_thermal,spline_ridge
10,87.7,0.6329024893340063,1.1355733048994785,0.8191220602324755,1.4520245495664816,0.6139873458509052,1.0310211033292698,0.7240274304038172,1.3380147762547223,1.0343638128166357,-0.47826450896101896,-0.0033427094873658284,-0.009516451449698052,0.11799660736025058,0.2266012949477733,1.001373396754037,0.18910490533720276,1.0388697863646077,10,normalized_compact_thermal,spline_ridge
10,87.9,1.049905922075992,1.136461080692177,0.611508119654181,1.661414041730173,0.628228468876755,0.990505850580644,0.6763916161422665,1.3046200850190215,1.0343638128166357,-0.47826450896101896,-0.043857962235991706,0.013413134230349007,0.15107411272097115,0.13224807393205634,1.1242088638214536,0.20334602836305254,1.0531109093904574,10,normalized_compact_thermal,spline_ridge
10,88.1,0.43567033316511056,1.1566352867333514,0.9388001201507961,1.3744704533159067,0.6243482284847272,0.9917033148609566,0.6795292006185931,1.3038774291033202,1.0343638128166357,-0.47826450896101896,-0.04266049795567911,0.007217501160703757,0.14989421510198273,0.1322414693107118,1.1164549876587424,0.1994657879710247,1.0492306689984296,10,normalized_compact_thermal,spline_ridge
10,88.3,0.43227467501176786,1.160611963875936,0.944474626370052,1.37674930138182,0.5761091299669837,1.0099069538424092,0.7218523888589174,1.297961518825901,1.0343638128166357,-0.47826450896101896,-0.024456858974226475,-0.0731936655226016,0.1121922602830456,0.20777890738478566,0.9444393525491818,0.15122668945328127,1.0009915704806862,10,normalized_compact_thermal,spline_ridge
10,88.5,0.3815525565218902,1.099792892880613,0.909016614619668,1.2905691711415581,0.6279833222214058,1.0197795163468335,0.7057878552361305,1.3337711774575365,1.0343638128166357,-0.47826450896101896,-0.014584296469802239,0.013022839122154344,0.08263313097611101,0.3566965200096636,0.899270124433148,0.2031008817077034,1.0528657627351083,10,normalized_compact_thermal,spline_ridge
10,88.7,0.5607446507368495,1.1118231581742661,0.8314508328058414,1.3921954835426908,0.6292608281267701,1.0210610872058428,0.7064306731424577,1.3356915012692279,1.0343638128166357,-0.47826450896101896,-0.01330272561079296,0.0150550718347616,0.09697600456086544,0.31088598431026065,0.9476356719432795,0.20437838761306765,1.0541432686404726,10,normalized_compact_thermal,spline_ridge
10,88.9,1.1370275109715364,0.9970005544731719,0.4284867989874036,1.5655143099589401,0.5946153370698533,1.032804993290746,0.7354973247558193,1.3301126618256727,1.0343638128166357,-0.47826450896101896,-0.0015588195258897774,-0.04157606586133372,0.11305418970490347,0.22345537690146067,0.9657752972382458,0.16973289655615081,1.0194977775835556,10,normalized_compact_thermal,spline_ridge
10,89.1,0.5819746150678631,1.1534535180090832,0.8624662104751518,1.4444408255430148,0.6022477959532384,0.9856964986731804,0.6845726006965612,1.2868203966497997,1.0343638128166357,-0.47826450896101896,-0.0486673141434553,-0.028821788220275465,0.13605398959679896,0.15557887115434993,1.0489167207521268,0.17736535543953597,1.0271302364669408,10,normalized_compact_thermal,spline_ridge
10,89.3,0.520465074546346,1.1272309176188782,0.866998380345705,1.3874634548920513,0.6198681596314343,0.960460913570133,0.6505268337544159,1.27039499338585,1.0343638128166357,-0.47826450896101896,-0.0739028992465027,1.603964995364887e-05,0.14211975799442847,0.15328515325156733,1.0864511660113012,0.19498571911773183,1.0447506001451368,10,normalized_compact_thermal,spline_ridge
10,89.5,0.6898417302675243,1.1241780475176557,0.7792571823838934,1.4690989126514178,0.592569551850528,0.9978960708500872,0.7016112949248232,1.2941808467753513,1.0343638128166357,-0.47826450896101896,-0.03646774196654844,-0.045022516811658406,0.14747762777542764,0.10839651417952673,1.0767425895215292,0.1676871113368255,1.0174519923642305,10,normalized_compact_thermal,spline_ridge
10,89.7,0.6380492722452911,1.1390082382169162,0.8199836020942706,1.4580328743395619,0.5926564052254525,0.9970209138382881,0.7006927112255619,1.2933491164510142,1.0343638128166357,-0.47826450896101896,-0.03734289897834767,-0.04487595678306393,0.12310187287363585,0.18850962966856671,0.9968031807823383,0.16777396471175005,1.017538845739155,10,normalized_compact_thermal,spline_ridge
10,89.9,0.5714054202750658,1.1303547520018953,0.8446520418643625,1.4160574621394282,0.6608408415423354,1.0363963447175522,0.7059759239463845,1.3668167654887198,1.0343638128166357,-0.47826450896101896,0.0020325319009164627,0.06402225648385977,0.11272116083040258,0.29077422416926346,1.0309074589154072,0.2359584010286329,1.0857232820560379,10,normalized_compact_thermal,spline_ridge
10,90.1,0.5082898178097823,1.1326369562327945,0.8784920473279033,1.3867818651376855,0.6022589578808053,1.052678324227471,0.7515488452870684,1.3538078031678737,1.0343638128166357,-0.47826450896101896,0.01831451141083538,-0.028803254613001372,0.10335104894107584,0.26295467107410825,0.9415632446875024,0.17737651736710286,1.0271413983945077,10,normalized_compact_thermal,spline_ridge
10,90.3,0.42797151818066376,1.0911494782206859,0.8771637191303538,1.3051352373110177,0.6114208235009958,1.0373738246270199,0.731663412876522,1.3430842363775177,1.0343638128166357,-0.47826450896101896,0.003010011810384115,-0.013705302425043184,0.10622257417808972,0.2626892417362387,0.9601524052657529,0.18653838298729336,1.0363032640146983,10,normalized_compact_thermal,spline_ridge
10,90.5,0.6438971064191819,1.0812117955294673,0.7592632423198764,1.4031603487390583,0.5660776379757073,1.0371164610952253,0.7540776421073716,1.320155280083079,1.0343638128166357,-0.47826450896101896,0.002752648278589541,-0.09075953165643263,0.12384267770078493,0.15949878015053143,0.9726564958008832,0.14119519746200487,0.9909600784894097,10,normalized_compact_thermal,spline_ridge
10,90.7,0.6466122618249066,1.119846413264531,0.7965402823520777,1.4431525441769844,0.6201614001490325,1.038207482455639,0.7281267823811228,1.3482881825301554,1.0343638128166357,-0.47826450896101896,0.0038436696390035012,0.0004889969609331718,0.10845917599353173,0.2640869941784777,0.9762358061195874,0.1952789596353301,1.045043840662735,10,normalized_compact_thermal,spline_ridge
10,90.9,0.5037906399540121,1.1432951460210004,0.8913998260439943,1.3951904659980063,0.6047814965618818,1.0216826734500923,0.7192919251691514,1.3240734217310333,1.0343638128166357,-0.47826450896101896,-0.012681139366543463,-0.02462353993286806,0.11351875032870923,0.23209637131046473,0.977466621813299,0.1798990560481794,1.0296639370755842,10,normalized_compact_thermal,spline_ridge
10,91.1,0.5507766802621973,1.139258548919283,0.8638702087881844,1.4146468890503816,0.4455073140574545,1.0785362382707298,0.8557825812420026,1.301289895299457,1.0343638128166357,-0.47826450896101896,0.044172425454094,-0.33027710560763823,0.08275842728784921,0.1738091606680568,0.7172054674468522,0.02062487354375203,0.870389754571157,10,normalized_compact_thermal,spline_ridge
10,91.3,0.5068995709191999,1.162647515050165,0.909197729590565,1.416097300509765,0.6107719471412204,0.9143349811123377,0.6089490075417274,1.219720954682948,1.0343638128166357,-0.47826450896101896,-0.12002883170429805,-0.01476712579092685,0.10006635222783178,0.28225140841529034,0.9392924858671505,0.18588950662751796,1.035654387654923,10,normalized_compact_thermal,spline_ridge
10,91.5,0.43490985916594893,1.1600610589743128,0.9426061293913381,1.3775159885572872,0.5395944409825263,0.9873897913662167,0.7175925708749535,1.25718701185748,1.0343638128166357,-0.47826450896101896,-0.046974021450419,-0.1386729478485786,0.11990637940793837,0.14593855683393298,0.9332503251311196,0.11471200046882385,0.9644768814962288,10,normalized_compact_thermal,spline_ridge
10,91.7,0.6509645969621569,1.1549203661125755,0.8294380676314971,1.4804026645936539,0.5145981755892802,0.9977939252069413,0.7404948374123013,1.2550930130015814,1.0343638128166357,-0.47826450896101896,-0.03656988760969433,-0.18610441547847587,0.08590930095441542,0.23255561879801884,0.7966407323805416,0.08971573507557778,0.9394806161029827,10,normalized_compact_thermal,spline_ridge
10,91.9,0.8169586504989265,1.279509702807119,0.8710303775576557,1.6879890280565821,0.6250384075614362,0.9999714323038853,0.6874522285231672,1.3124906360846034,1.0343638128166357,-0.47826450896101896,-0.03439238051275045,0.008322329925478551,0.09764194183042588,0.30447727369154737,0.9455995414313252,0.2001559670477338,1.0499208480751387,10,normalized_compact_thermal,spline_ridge
10,92.1,0.5610397493572217,1.2001701725716036,0.9196502978929929,1.4806900472502145,0.5625626138009373,1.0246122483074809,0.7433309414070122,1.3058935552079496,1.0343638128166357,-0.47826450896101896,-0.00975156450915472,-0.09698832871353372,0.08414867102713855,0.28630025264315995,0.8388249749587147,0.13768017328723486,0.9874450543146398,10,normalized_compact_thermal,spline_ridge
10,92.3,0.43825024350486924,1.160179072816773,0.9410539510643383,1.3793041945692077,0.5849505227369977,0.9956013571021352,0.7031260957336363,1.288076618470634,1.0343638128166357,-0.47826450896101896,-0.038762455714500585,-0.05796350288400973,0.11442642535005025,0.2092854758599766,0.9606155696140187,0.16006808222329522,1.0098329632507002,10,normalized_compact_thermal,spline_ridge
10,92.5,0.5378300592831542,1.1857791397955881,0.9168641101540111,1.4546941694371653,0.5549664256631056,0.9994198443580042,0.7219366315264515,1.276903057189557,1.0343638128166357,-0.47826450896101896,-0.03494396845863147,-0.1105831524052483,0.06406108696321469,0.34465214586795856,0.7652807054582527,0.13008398514940317,0.9798488661768081,10,normalized_compact_thermal,spline_ridge
10,92.7,0.6057624486907777,1.1869071838165524,0.8840259594711635,1.4897884081619412,0.5559265856602268,0.9776882181952508,0.6997249253651374,1.255651511025364,1.0343638128166357,-0.47826450896101896,-0.05667559462138493,-0.10885452466805592,0.10634000216834731,0.20680948462988186,0.9050436866905718,0.13104414514652435,0.9808090261739293,10,normalized_compact_thermal,spline_ridge
10,92.9,0.5165425910851603,1.12046982963233,0.8621985340897499,1.3787411251749102,0.5626365245368339,1.0316423736123388,0.7503241113439219,1.3129606358807557,1.0343638128166357,-0.47826450896101896,-0.002721439204296969,-0.09685695510421505,0.08586039052841844,0.28075454199595845,0.8445185070777093,0.13775408402313144,0.9875189650505363,10,normalized_compact_thermal,spline_ridge
10,93.1,0.9665555421937392,0.926257745765062,0.44297997466819233,1.4095355168619317,0.6138996956119248,0.967732206188316,0.6607823583823536,1.2746820539942785,1.0343638128166357,-0.47826450896101896,-0.06663160662831967,-0.009659217414594648,0.0781511990781507,0.3573271969484769,0.8704721942753727,0.18901725509822237,1.0387821361256273,10,normalized_compact_thermal,spline_ridge
10,93.3,0.37971484442412806,1.147601037016861,0.957743614804797,1.337458459228925,0.5862993524713636,1.0228192128871751,0.7296695366514934,1.315968889122857,1.0343638128166357,-0.47826450896101896,-0.011544599929460558,-0.0556602704838227,0.08347651973576858,0.3122436821685045,0.8603550227742226,0.1614169119576611,1.011181792985066,10,normalized_compact_thermal,spline_ridge
10,93.5,0.6344988227935444,1.1385369609801328,0.8212875495833607,1.455786372376905,0.5761906300742895,0.9933068807754297,0.7052115657382849,1.2814021958125745,1.0343638128166357,-0.47826450896101896,-0.041056932041205994,-0.07305220908866333,0.09212108859533522,0.2737546065800572,0.8786266535685219,0.15130818956058706,1.001073070587992,10,normalized_compact_thermal,spline_ridge
10,93.7,0.6020321885848524,1.1859554986237764,0.88493940433135,1.4869715929162026,0.6205914974764012,1.0252766396374235,0.714980890899223,1.335572388375624,1.0343638128166357,-0.47826450896101896,-0.00908717317921209,0.0011822814101070805,0.12330461058901329,0.21577912852080516,1.025403866431997,0.19570905696269875,1.0454739379901037,10,normalized_compact_thermal,spline_ridge
10,93.9,0.47230969453936694,1.1409469216088992,0.9047920743392158,1.3771017688785827,0.5435142087076078,1.0158163736771275,0.7440592693233237,1.2875734780309314,1.0343638128166357,-0.47826450896101896,-0.018547439139508202,-0.1314349208252963,0.09548875182400432,0.230022055820241,0.8570063615949746,0.11863176819390536,0.9683966492213103,10,normalized_compact_thermal,spline_ridge
10,94.1,0.5725886624407333,1.191056506869381,0.9047621756490145,1.4773508380897475,0.6066859997137722,1.0265045353217819,0.7231615354648957,1.329847535178668,1.0343638128166357,-0.47826450896101896,-0.007859277494853878,-0.021479411466085646,0.09094721340873747,0.3081038401819242,0.9052681592456202,0.1818035592000698,1.0315684402274747,10,normalized_compact_thermal,spline_ridge
10,94.3,0.6125686327820976,1.2049656949534397,0.8986813785623909,1.5112500113444884,0.602433502139364,1.0645386459121855,0.7633218948425036,1.3657553969818674,1.0343638128166357,-0.47826450896101896,0.030174833095549868,-0.028513480640684735,0.10846439632849525,0.2463419576680408,0.9585250466106872,0.17755106162566153,1.0273159426530665,10,normalized_compact_thermal,spline_ridge
10,94.5,0.2829683875975956,1.1522495967168462,1.0107654029180484,1.293733790515644,0.6314866177662047,1.078378899221721,0.7626355903386186,1.3941222081048232,1.0343638128166357,-0.47826450896101896,0.044015086405085314,0.0185859803591506,0.10055424120121043,0.30136432635513766,0.9616089091772718,0.2066041772525023,1.0563690582799072,10,normalized_compact_thermal,spline_ridge
10,94.7,0.5420874561876203,1.137379045984964,0.8663353178911537,1.408422774078774,0.611805885786374,1.0591883684586996,0.7532854255655126,1.3650913113518865,1.0343638128166357,-0.47826450896101896,0.02482455564206387,-0.013075717908659128,0.11527861733577172,0.23334306958915507,0.9902687019835928,0.18692344527267152,1.0366883263000763,10,normalized_compact_thermal,spline_ridge
10,94.9,0.6285754984555117,1.160521306389597,0.846233557161841,1.4748090556173528,0.5459775086719099,1.0120293874407857,0.7390406331048308,1.2850181417767406,1.0343638128166357,-0.47826450896101896,-0.02233442537585005,-0.12691298803325418,0.09984167287321963,0.2181945983392855,0.8737604190045343,0.12109506815820742,0.9708599491856122,10,normalized_compact_thermal,spline_ridge
10,95.1,0.6333705565488931,1.190334707000147,0.8736494287257005,1.5070199852745936,0.5741226234889272,1.0413919335066035,0.7543306217621399,1.3284532452510671,1.0343638128166357,-0.47826450896101896,0.007028120689967774,-0.07664776674549195,0.10183069337104955,0.2398097051072809,0.9084355418705734,0.14924018297522473,0.9990050640026296,10,normalized_compact_thermal,spline_ridge
10,95.3,0.6597529598220861,1.1605781841043223,0.830701704193279,1.4904546640153655,0.5516460491637912,1.0221406291779458,0.7463176045960502,1.2979636537598414,1.0343638128166357,-0.47826450896101896,-0.012223183638689936,-0.11658414469345152,0.07500310743390884,0.30540882044773016,0.7978832778798524,0.1267636086500888,0.9765284896774937,10,normalized_compact_thermal,spline_ridge
10,95.5,1.0476069098095155,0.9800942472948728,0.45629079239011505,1.5038977021996307,0.5084571796331078,0.7872295396971418,0.5330009498805879,1.0414581295136958,1.0343638128166357,-0.47826450896101896,-0.24713427311949382,-0.19810976725605775,0.049335096816067424,0.3464887234710522,0.6704256357951633,0.08357473911940533,0.9333396201468103,10,normalized_compact_thermal,spline_ridge
10,95.7,0.5730826797286265,1.1751544520566068,0.8886131121922936,1.4616957919209204,0.6524121848593671,0.9297317801084218,0.6035256876787383,1.2559378725381054,1.0343638128166357,-0.47826450896101896,-0.10463203270821388,0.05118577752767261,0.04603176844185148,0.5012886450245826,0.8035357246941517,0.2275297443456647,1.0772946253730695,10,normalized_compact_thermal,spline_ridge
10,95.9,0.6156143293943482,1.1753582549292236,0.8675510902320493,1.4831654196263977,0.8338244429629724,0.8485910868110228,0.4316788653295366,1.2655033082925091,1.0343638128166357,-0.47826450896101896,-0.1857727260056129,0.29653211013498715,0.07372224821322346,0.5917923096845223,1.0758565762414225,0.40894200244927,1.2587068834766748,10,normalized_compact_thermal,spline_ridge
14,24.700000000000003,0.44435651707097945,0.499445155680062,0.27726689714457226,0.7216234142155517,0.6546452517762132,1.0324282445515445,0.7051056186634379,1.359750870439651,1.0051032807450333,-0.5514154015807999,0.0273249638065111,0.127753611173813,0.11460806206814257,0.3276250440148549,0.9816654595375716,0.23811743512357764,1.0711730684288487,14,normalized_multiscale_thermal,ridge
14,24.89999999999999,0.4080430343402491,1.0722117550774866,0.868190237907362,1.276233272247611,0.6655134064326821,1.0272153305429808,0.6944586273266398,1.3599720337593217,1.0051032807450333,-0.5514154015807999,0.022112049797947543,0.14421890513352612,0.12246666620930342,0.3160696246872467,1.0149571881781174,0.24898558978004648,1.0820412230853176,14,normalized_multiscale_thermal,ridge
14,25.099999999999994,0.4634846804473713,1.0509786412137327,0.8192363009900473,1.2827209814374183,0.6922604732452702,1.039122052384244,0.6929918157616088,1.385252289006879,1.0051032807450333,-0.5514154015807999,0.03401877163921074,0.18362241381700697,0.10549691274433705,0.3912378252632937,0.9932831212272466,0.2757326565926346,1.1087882898979058,14,normalized_multiscale_thermal,ridge
14,25.299999999999997,1.109778152125103,1.048548588823528,0.4936595127609767,1.6034376648860793,0.598151903627468,1.0539850355490463,0.7549090837353123,1.3530609873627804,1.0051032807450333,-0.5514154015807999,0.048881754804013015,0.03750486373574457,0.13745844405943786,0.20593090168657946,0.9903729055683564,0.18162408697483234,1.0146797202801037,14,normalized_multiscale_thermal,ridge
14,25.5,0.5272563282983598,1.0672184803884308,0.8035903162392509,1.3308466445376108,0.5727664160498713,0.9912200768038306,0.704836868778895,1.2776032848287664,1.0051032807450333,-0.5514154015807999,-0.013883203941202682,-0.005861894671627451,0.1373611722226747,0.18082296750002358,0.9647098645997191,0.15623859939723572,0.9892942327025069,14,normalized_multiscale_thermal,ridge
14,25.700000000000003,0.4021715717241879,1.0627011795892842,0.8616153937271902,1.2637869654513783,0.6283282048623917,0.954792672142292,0.6406285697110962,1.2689567745734878,1.0051032807450333,-0.5514154015807999,-0.05031060860274124,0.08672277175663613,0.13589704901621144,0.2405624543429073,1.0160939553818762,0.2118003882097561,1.0448560215150273,14,normalized_multiscale_thermal,ridge
14,25.89999999999999,0.5775632307882308,1.1381485611831714,0.8493669457890559,1.4269301765772868,0.6335682742763716,0.9589268307371559,0.64214269359897,1.2757109678753418,1.0051032807450333,-0.5514154015807999,-0.046176450007877345,0.09502788968040889,0.14266803914701265,0.2264823244675197,1.0406542240852237,0.21704045762373603,1.0500960909290074,14,normalized_multiscale_thermal,ridge
14,26.099999999999994,1.0674567168079823,0.8477738698162918,0.3140455114123006,1.381502228220283,0.6126985653888006,0.9464116459272572,0.6400623632328569,1.2527609286216577,1.0051032807450333,-0.5514154015807999,-0.05869163481777604,0.06153320086972179,0.12418039418738229,0.25836486866422015,0.9670322621133811,0.19617074873616502,1.0292263820414362,14,normalized_multiscale_thermal,ridge
14,26.299999999999997,0.4733283558706848,1.0561677782962198,0.8195036003608774,1.2928319562315622,0.6520954237092262,0.9861321771688671,0.660084465314254,1.3121798890234802,1.0051032807450333,-0.5514154015807999,-0.018971103576166163,0.12385102919866062,0.12306228419075235,0.30095211827824053,1.0032387291402118,0.23556760705659063,1.0686232403618618,14,normalized_multiscale_thermal,ridge
14,26.5,0.6311204669421341,1.0548866823872345,0.7393264489161675,1.3704469158583015,0.6783798317053704,0.9496100166030316,0.6104201007503464,1.2887999324557167,1.0051032807450333,-0.5514154015807999,-0.05549326414200171,0.163367477426549,0.14455938022244935,0.26589716948139047,1.0908624939293503,0.2618520150527348,1.094907648358006,14,normalized_multiscale_thermal,ridge
14,26.700000000000003,0.4821923435813862,1.0695958528735638,0.8284996810828708,1.3106920246642568,0.6476608870344459,0.9461382018380745,0.6223077583208516,1.2699686453552974,1.0051032807450333,-0.5514154015807999,-0.05896507890695876,0.11702735949223055,0.14179886366986236,0.2430550240536023,1.0522667500152896,0.2311330703818103,1.0641887036870816,14,normalized_multiscale_thermal,ridge
14,26.89999999999999,0.41362592599994585,1.0757541557360135,0.8689411927360405,1.2825671187359864,0.6578599189897091,0.9777670029363603,0.6488370434415058,1.3066969624312148,1.0051032807450333,-0.5514154015807999,-0.027336277808673037,0.13265214218649427,0.14663158111309244,0.23946448279893384,1.0762553551804843,0.24133210233707347,1.0743877356423446,14,normalized_multiscale_thermal,ridge
14,27.099999999999994,0.554936849534779,1.0949045757036389,0.8174361509362494,1.3723730004710284,0.6267755259204664,1.01914228363498,0.7057545206747468,1.3325300465952132,1.0051032807450333,-0.5514154015807999,0.014039002889946571,0.0842485862436517,0.13333637291024938,0.24631635416228553,1.0072346976786473,0.21024770926783076,1.043303342573102,14,normalized_multiscale_thermal,ridge
14,27.299999999999997,0.476901759190771,1.0553375354116201,0.8168866558162345,1.2937884150070058,0.6544742919936276,0.9916541137517348,0.664416967754921,1.3188912597485487,1.0051032807450333,-0.5514154015807999,-0.013449166993298416,0.1274924283286388,0.14497109123789012,0.24081686231108068,1.0681317216761745,0.237946475340992,1.071002108646263,14,normalized_multiscale_thermal,ridge
14,27.5,0.5582687837288468,1.0239348295100967,0.7448004376456733,1.30306922137452,0.6277519449611656,0.9295474474919212,0.6156714750113383,1.243423419972504,1.0051032807450333,-0.5514154015807999,-0.07555583325311208,0.08580521893687912,0.17987762833880083,0.11449294442069535,1.1410109455016357,0.21122412830853,1.0442797616138013,14,normalized_multiscale_thermal,ridge
14,27.700000000000003,0.6769198120851284,1.0851206937888995,0.7466607877463353,1.4235805998314637,0.6122455531614136,0.871902892437922,0.5657801158572151,1.1780256690186288,1.0051032807450333,-0.5514154015807999,-0.13320038830711137,0.060793555295398295,0.16021073195166086,0.15510365665782738,1.0693874496649998,0.195717736508778,1.0287733698140493,14,normalized_multiscale_thermal,ridge
14,27.89999999999999,0.5788407710948076,1.1549471488776093,0.8655267633302055,1.444367534425013,0.5742165646980831,0.8397266527211564,0.5526183703721148,1.126834935070198,1.0051032807450333,-0.5514154015807999,-0.16537662802387693,-0.0033332618231231396,0.19149050181271085,0.0278216378744649,1.1206114915217014,0.15768874804544752,0.9907443813507187,14,normalized_multiscale_thermal,ridge
14,28.099999999999994,0.7150891480871082,1.12038844616663,0.7628438721230759,1.4779330202101841,0.6114883653520039,0.8907154851080482,0.5849713024320462,1.1964596677840502,1.0051032807450333,-0.5514154015807999,-0.1143877956369851,0.05955605113769651,0.12652417005256975,0.2504669884018914,0.9725097423021164,0.1949605486993683,1.0280161820046394,14,normalized_multiscale_thermal,ridge
14,28.299999999999997,0.8687964372879533,1.1848853685685357,0.7504871499245591,1.6192835872125122,0.668156567551845,0.9177207275405943,0.5836424437646718,1.2517990113165167,1.0051032807450333,-0.5514154015807999,-0.08738255320443901,0.14818265123464927,0.1336340551413002,0.286847995644247,1.0494651394594432,0.25162875089920944,1.0846843842044807,14,normalized_multiscale_thermal,ridge
14,28.5,0.3687097199938242,1.061588725830127,0.8772338658332149,1.2459435858270391,0.6443408324373768,0.9257117645944399,0.6035413483757515,1.2478821808131284,1.0051032807450333,-0.5514154015807999,-0.0793915161505934,0.11188795161856001,0.1245839167438544,0.28885573302896556,0.999825931845788,0.22781301578474122,1.0608686490900125,14,normalized_multiscale_thermal,ridge
14,28.700000000000003,0.4375716762027674,1.0363219957159355,0.8175361576145518,1.2551078338173192,0.6475680402843417,0.9020113181879059,0.578227298045735,1.2257953383300768,1.0051032807450333,-0.5514154015807999,-0.10309196255712741,0.1168839921718984,0.13586130356234194,0.25990428508298746,1.035231795485696,0.23104022363170607,1.0640958569369774,14,normalized_multiscale_thermal,ridge
14,28.89999999999999,0.5437159954182188,1.04986045322614,0.7780024555170304,1.3217184509352493,0.6390461855930071,0.8889198249516356,0.5693967321551321,1.208442917748139,1.0051032807450333,-0.5514154015807999,-0.11618345579339769,0.10363685228760328,0.1141649999147341,0.31329020196077406,0.9648021692252401,0.22251836894037147,1.0555740022456428,14,normalized_multiscale_thermal,ridge
14,29.099999999999994,0.5019129688627746,0.9946202937553807,0.7436638093239935,1.245576778186768,0.6903503853907658,0.9351683695004486,0.5899931768050657,1.2803435621958315,1.0051032807450333,-0.5514154015807999,-0.06993491124458473,0.18085939621483776,0.08287150881645865,0.45388658396515325,0.9268141868163783,0.27382256873813016,1.1068782020434014,14,normalized_multiscale_thermal,ridge
14,29.299999999999997,0.4568488939277078,1.048802557265812,0.820378110301958,1.2772270042296658,0.6671853866058043,0.9481588309731536,0.6145661376702514,1.2817515242760558,1.0051032807450333,-0.5514154015807999,-0.056944449771879735,0.14672807083409697,0.10143002361226483,0.37776711361205434,0.9566036595995542,0.2506575699531687,1.0837132032584398,14,normalized_multiscale_thermal,ridge
14,29.5,0.922558559088055,1.2315245821381562,0.7702453025941287,1.6928038616821837,0.7355697620226501,0.9052687965211252,0.5374839155098001,1.2730536775324504,1.0051032807450333,-0.5514154015807999,-0.0998344842239081,0.24430550793506012,0.11729266794190116,0.400889356935279,1.0702501671100213,0.3190419453700145,1.1520975786752858,14,normalized_multiscale_thermal,ridge
14,29.700000000000003,0.6835663677605269,1.0897439778631897,0.7479607939829261,1.431527161743453,0.7018977903167763,0.9049085956689937,0.5539597005106056,1.2558574908273819,1.0051032807450333,-0.5514154015807999,-0.10019468507603953,0.1974479181847298,0.10830569374925143,0.39286062632948493,1.0109349543040678,0.28536997366414074,1.1184256069694118,14,normalized_multiscale_thermal,ridge
14,29.89999999999999,0.34358371510183733,1.0885539892817269,0.916762131730808,1.2603458468326456,0.713114717122067,0.9688160769742666,0.6122587184132331,1.3253734355353002,1.0051032807450333,-0.5514154015807999,-0.03628720377076666,0.2133024236503116,0.1169208948308018,0.3794951215260867,1.0467343127180473,0.29658690046943137,1.1296425337747027,14,normalized_multiscale_thermal,ridge
14,30.099999999999994,0.94929771719413,1.248660328857031,0.774011470259966,1.723309187454096,0.7436269466883879,1.0075883307044324,0.6357748573602384,1.3794018040486264,1.0051032807450333,-0.5514154015807999,0.002485049959399112,0.25519961593943036,0.11659840837910126,0.4109275270776942,1.0763263662990816,0.3270991300357523,1.1601547633410236,14,normalized_multiscale_thermal,ridge
14,30.299999999999997,0.5349538545441832,1.0821999085957354,0.8147229813236438,1.349676835867827,0.6971180436689235,1.0342554609466277,0.6856964391121659,1.3828144827810895,1.0051032807450333,-0.5514154015807999,0.029152180201594324,0.19061487865923743,0.1076044237465049,0.39008186859861266,1.0041542187392343,0.2805902270162879,1.113645860321559,14,normalized_multiscale_thermal,ridge
14,30.5,0.5717747844258088,1.098687921736363,0.8128005295234587,1.3845753139492674,0.6384458315015047,1.039798124607874,0.7205752088571217,1.3590210403586265,1.0051032807450333,-0.5514154015807999,0.034694843862840705,0.1026969573564959,0.13357898491008127,0.2572943958208849,1.0195972671821245,0.22191801484886908,1.0549736481541403,14,normalized_multiscale_thermal,ridge
14,30.700000000000003,1.005687660481393,1.283215724741357,0.7803718945006606,1.7860595549820535,0.5696790869533404,0.974743493575046,0.6899039500983758,1.259583037051716,1.0051032807450333,-0.5514154015807999,-0.030359787169987322,-0.011266680464778755,0.14721420157084353,0.14962121393480954,0.9897369599718712,0.15315127030070474,0.986206903605976,14,normalized_multiscale_thermal,ridge
14,30.89999999999999,0.9887049343917436,1.2941974829060299,0.799845015710158,1.7885499501019018,0.5891471559462982,0.9720910597077356,0.6775174817345865,1.2666646376808846,1.0051032807450333,-0.5514154015807999,-0.03301222103729777,0.022336115361650973,0.14824708052725452,0.16614208807233888,1.0121522238202574,0.17261933929366258,1.0056749725989338,14,normalized_multiscale_thermal,ridge
14,31.099999999999994,1.02321879331013,1.1790576342242565,0.6674482375691914,1.6906670308793215,0.5711519034354403,0.9181072769822125,0.6325313252644924,1.2036832286999326,1.0051032807450333,-0.5514154015807999,-0.08699600376282077,-0.00868467259025341,0.14685623291520028,0.15211545056858178,0.9901883563022988,0.1546240867828047,0.9876797200880759,14,normalized_multiscale_thermal,ridge
14,31.299999999999997,0.3565125180216865,1.0608591800976108,0.8826029210867675,1.239115439108454,0.5182288497714312,1.038838182474612,0.7797237575888964,1.2979526073603276,1.0051032807450333,-0.5514154015807999,0.033734901729578645,-0.10592293777895512,0.20854791021404223,-0.07683732354754391,1.1132950230904064,0.10170103311879564,0.9347566664240669,14,normalized_multiscale_thermal,ridge
14,31.5,0.6363144808053228,1.0990885846657743,0.7809313442631131,1.4172458250684357,0.5347413277652141,0.968298492289995,0.7009278284073879,1.235669156172602,1.0051032807450333,-0.5514154015807999,-0.036804788455038324,-0.07455674693317833,0.1598727019416725,0.07856395890568002,0.9909186966247482,0.1182135111125785,0.9512691444178497,14,normalized_multiscale_thermal,ridge
14,31.700000000000003,0.46651165701617586,1.0488506424059152,0.8155948138978273,1.282106470914003,0.5755927440163722,1.017892182332399,0.7300958103242129,1.305688554340585,1.0051032807450333,-0.5514154015807999,0.012788901587365729,-0.000939508415508817,0.13993138775959518,0.17631549709573036,0.974869990937014,0.15906492736373656,0.9921205606690078,14,normalized_multiscale_thermal,ridge
14,31.89999999999999,0.4295961764731973,1.0341855205217028,0.8193874322851041,1.2489836087583015,0.5490266217973682,0.9652379990380254,0.6907246881393414,1.2397513099367095,1.0051032807450333,-0.5514154015807999,-0.03986528170700783,-0.048192945633291975,0.19854337995891813,-0.017492837585895926,1.1155460811806321,0.13249880514473256,0.9655544384500038,14,normalized_multiscale_thermal,ridge
14,32.099999999999994,0.44471397414053015,1.0775967330386806,0.8552397459684157,1.2999537201089457,0.6273641783837125,0.9185920060393944,0.6049099168475381,1.2322740952312508,1.0051032807450333,-0.5514154015807999,-0.0865112747056389,0.08518732138528504,0.14190248740353076,0.2224626376442388,1.032265719123186,0.2108363617310769,1.043891995036348,14,normalized_multiscale_thermal,ridge
14,32.3,0.47694298809807806,1.112854035471309,0.87438254142227,1.3513255295203481,0.5911534290846829,0.9462167671988597,0.6506400526565183,1.241793481741201,1.0051032807450333,-0.5514154015807999,-0.05888651354617356,0.025735715592446327,0.11596746981751291,0.26025431615200106,0.9220525420173649,0.17462561243204733,1.0076812457373185,14,normalized_multiscale_thermal,ridge
14,32.5,0.4128717560603425,1.0734855738014386,0.8670496957712673,1.27992145183161,0.5872897229741525,1.008654724152379,0.7150098626653026,1.3022995856394552,1.0051032807450333,-0.5514154015807999,0.0035514434073456447,0.019178386207051125,0.10353655159790397,0.2918607278105325,0.8827187181377725,0.1707619063215169,1.003817539626788,14,normalized_multiscale_thermal,ridge
14,32.7,0.4013391069261514,1.016771613568344,0.8161020601052682,1.2174411670314196,0.5994938752435182,1.0097502535584675,0.7100033159367084,1.3094971911802267,1.0051032807450333,-0.5514154015807999,0.0046469728134342705,0.039745880572872906,0.14471327321579522,0.1865720980240586,1.0124156524629777,0.18296605859088255,1.0160216918961538,14,normalized_multiscale_thermal,ridge
14,32.89999999999999,0.72317648582706,1.0944045189245326,0.7328162760110026,1.4559927618380626,0.6346253556489294,0.9831277961082497,0.665815118283785,1.3004404739327144,1.0051032807450333,-0.5514154015807999,-0.02197548463678354,0.09669495627406804,0.14389849981877803,0.22402843551860346,1.0452222757792553,0.2180975389962938,1.051153172301565,14,normalized_multiscale_thermal,ridge
14,33.099999999999994,0.5501905318909991,1.0365737801181272,0.7614785141726276,1.3116690460636267,0.6629162585589345,0.9967154365277258,0.6652573072482585,1.3281735658071931,1.0051032807450333,-0.5514154015807999,-0.00838784421730751,0.14030879795787446,0.12995131112159483,0.2921159501427817,1.0337165669750874,0.24638844190629894,1.0794440752115702,14,normalized_multiscale_thermal,ridge
14,33.3,0.430674980001676,1.016196205606643,0.8008587156058048,1.231533695607481,0.547018890530866,0.9680820375439666,0.6945725922785335,1.2415914828093997,1.0051032807450333,-0.5514154015807999,-0.03702124320106673,-0.05185654078432246,0.2187053702736923,-0.07703036337679825,1.1710681444385305,0.13049107387823045,0.9635467071835017,14,normalized_multiscale_thermal,ridge
14,33.5,0.5668722958696683,1.120104904305856,0.8366687563710218,1.4035410522406901,0.5882391418810712,1.0015267328094843,0.7074071618689488,1.2956463037500199,1.0051032807450333,-0.5514154015807999,-0.003576547935548984,0.02079369169505712,0.12460729848800273,0.23268732550099813,0.9437909582611442,0.17171132522843557,1.0047669585337067,14,normalized_multiscale_thermal,ridge
14,33.7,0.8134851212469154,1.1720870877459029,0.7653445271224452,1.5788296483693605,0.5836359989910688,1.0410512233347908,0.7492332238392565,1.3328692228303252,1.0051032807450333,-0.5514154015807999,0.035947942589757496,0.012937621702446202,0.18659461772735778,0.05121088373110605,1.1160611142510315,0.16710818233843316,1.0001638156437043,14,normalized_multiscale_thermal,ridge
14,33.89999999999999,0.492930453154352,1.0563207101620007,0.8098554835848247,1.3027859367391768,0.5672549109583446,0.9556712028873834,0.672043747408211,1.2392986583665557,1.0051032807450333,-0.5514154015807999,-0.049432077857649956,-0.015531096293900027,0.2171742617303233,-0.05242551038272403,1.1869353322994132,0.15072709430570896,0.9837827276109802,14,normalized_multiscale_thermal,ridge
14,34.099999999999994,0.6067091372475697,1.0400431774240437,0.736688608800259,1.3433977460478286,0.5946835198574517,0.9676882012237098,0.670346441294984,1.2650299611524356,1.0051032807450333,-0.5514154015807999,-0.037415079521323474,0.03168948723638523,0.18089940911358726,0.07850899177705539,1.110858047937848,0.1781557032048161,1.0112113365100872,14,normalized_multiscale_thermal,ridge
14,34.3,0.6171229385065421,1.017825478406904,0.709264009153633,1.326386947660175,0.6041865775465728,0.8911330204656297,0.5890397316923432,1.1932263092389161,1.0051032807450333,-0.5514154015807999,-0.1139702602794036,0.047543176055503,0.1737950393766678,0.10828350703605982,1.1000896480570859,0.18765876089393718,1.0207143941992083,14,normalized_multiscale_thermal,ridge
14,34.5,0.9663047289542848,0.7904084722159809,0.30725610773883855,1.2735608366931233,0.5708878693402604,0.9318861868115357,0.6464422521414055,1.2173301214816659,1.0051032807450333,-0.5514154015807999,-0.07321709393349761,-0.009147062966102484,0.17359921015395646,0.07554357377054283,1.066232164909978,0.15436005268762476,0.987415685992896,14,normalized_multiscale_thermal,ridge
14,34.7,0.6101820115985498,1.0317880430483617,0.7266970372490867,1.3368790488476365,0.5486588414814814,0.8947010641309463,0.6203716433902056,1.169030484871687,1.0051032807450333,-0.5514154015807999,-0.11040221661408701,-0.04886304711855792,0.19227850873728505,1.5432452148522735e-05,1.0973022505108143,0.13213102482884576,0.965186658134117,14,normalized_multiscale_thermal,ridge
14,34.89999999999999,0.6714621331414727,1.0711885511670305,0.735457484596294,1.4069196177377667,0.6100761424163273,0.855693362958054,0.5506552917498904,1.1607314341662176,1.0051032807450333,-0.5514154015807999,-0.14940991778697932,0.05724389560952178,0.19536685206253812,0.052620520200262755,1.167531764632392,0.19354832576369174,1.026603959068963,14,normalized_multiscale_thermal,ridge
14,35.099999999999994,0.5656171753977599,1.049958926883052,0.7671503391841722,1.332767514581932,0.5483874252770039,0.9254223623971171,0.651228649758615,1.199616075035619,1.0051032807450333,-0.5514154015807999,-0.07968091834791627,-0.04935785981377304,0.1423126584666757,0.14231551114610502,0.9544593394079028,0.1318596086243683,0.9649152419296395,14,normalized_multiscale_thermal,ridge
14,35.3,0.622257321466358,1.0174491717425669,0.706320511009388,1.328577832475746,0.5944328078348102,0.8517917526635754,0.5545753487461703,1.1490081565809804,1.0051032807450333,-0.5514154015807999,-0.15331152808145784,0.03126780935589903,0.12998699264550032,0.22353068651692737,0.9653349291526931,0.17790499118217462,1.0109606244874458,14,normalized_multiscale_thermal,ridge
14,35.5,0.44900742175115954,1.0020945899612,0.7775908790856201,1.2265983008367796,0.6356707799595783,0.8949142098752193,0.5770788198954302,1.2127495998550084,1.0051032807450333,-0.5514154015807999,-0.11018907086981396,0.0983409103431435,0.10508893274235917,0.3358122534416744,0.9355293064774822,0.21914296330694272,1.052198596612214,14,normalized_multiscale_thermal,ridge
14,35.7,0.5811208706124461,1.0087947489753322,0.7182343136691091,1.2993551842815552,0.6190104648022171,0.8962254241218963,0.5867201917207878,1.2057306565230048,1.0051032807450333,-0.5514154015807999,-0.108877856623137,0.07178230112131911,0.10192051366882635,0.3281926379087925,0.9098282916956417,0.2024826481495815,1.0355382814548526,14,normalized_multiscale_thermal,ridge
14,35.89999999999999,1.175356543331555,1.1844520290508158,0.5967737573850384,1.7721303007165932,0.6851997951516715,0.928682559297241,0.5860826617214052,1.2712824568730767,1.0051032807450333,-0.5514154015807999,-0.07642072144779237,0.17337059008721623,0.10495450515848423,0.3857248414436935,0.9846747488596495,0.2686719784990359,1.1017276118043071,14,normalized_multiscale_thermal,ridge
14,36.099999999999994,1.2031858613423017,0.905562893192559,0.3039699625214082,1.5071558238637097,0.6850901290891662,0.9148029187626301,0.572257854218047,1.2573479833072132,1.0051032807450333,-0.5514154015807999,-0.0903003619824032,0.17321052751826738,0.12340842071651519,0.33295916505436035,1.037221093123972,0.2685623124365306,1.1016179457418018,14,normalized_multiscale_thermal,ridge
14,36.3,0.35477411290897326,0.9810197924179973,0.8036327359635107,1.158406848872484,0.6055075777079286,0.8587775938398269,0.5560238049858626,1.1615313826937912,1.0051032807450333,-0.5514154015807999,-0.14632568690520642,0.04972720030776741,0.16190834714976887,0.1435217420890117,1.0674934133268454,0.18897976105529302,1.0220353943605642,14,normalized_multiscale_thermal,ridge
14,36.5,0.45845073673197145,0.999012953739723,0.7697875853737373,1.2282383221057087,0.6667514740354343,0.8332868306494307,0.4999110936317135,1.1666625676671478,1.0051032807450333,-0.5514154015807999,-0.17181645009560265,0.14607749643514714,0.12371073912755119,0.3137578810738057,1.019745066997063,0.2502236573827987,1.08327929068807,14,normalized_multiscale_thermal,ridge
14,36.699999999999996,0.4723866370968405,1.1468579665305612,0.910664647982141,1.3830512850789816,0.6689408185935566,0.8009985502066548,0.4665281409098765,1.135468959503433,1.0051032807450333,-0.5514154015807999,-0.20410473053837858,0.14935571632290753,0.12821098916070098,0.30310630786173054,1.0347753293253827,0.252413001940921,1.0854686352461922,14,normalized_multiscale_thermal,ridge
14,36.9,0.6895971359757642,1.1651145850135358,0.8203160170256538,1.509913153001418,0.6460033931493877,0.8637867289731063,0.5407850323984125,1.1867884255478,1.0051032807450333,-0.5514154015807999,-0.14131655177192703,0.1144648789207019,0.14120668411938495,0.24308724270826065,1.0489195435905148,0.2294755764967521,1.0625312098020232,14,normalized_multiscale_thermal,ridge
14,37.099999999999994,0.6414869720894233,1.1188743372339114,0.7981308511891998,1.439617823278623,0.6200807681301289,0.8926978492232039,0.5826574651581395,1.2027382332882683,1.0051032807450333,-0.5514154015807999,-0.11240543152182937,0.07350986333087446,0.12463971012980041,0.26443646906041524,0.9757250671998425,0.2035529514774933,1.0366085847827646,14,normalized_multiscale_thermal,ridge
14,37.3,1.319955411111935,1.1158280321116059,0.4558503265556386,1.7758057376675733,0.6626990691296508,0.9404945667108412,0.6091450321460158,1.2718441012756667,1.0051032807450333,-0.5514154015807999,-0.06460871403419208,0.1399811170285873,0.10041150756519224,0.3761870081711757,0.949211130088126,0.2461712524770152,1.0792268857822864,14,normalized_multiscale_thermal,ridge
14,37.5,0.4915760376912243,1.064550273782148,0.8187622549365359,1.31033829262776,0.7128384068918151,0.9828751749014738,0.6264559714555662,1.3392943783473814,1.0051032807450333,-0.5514154015807999,-0.02222810584355952,0.21291487902621853,0.08765492496045464,0.46272570753536996,0.9629511062482603,0.2963105902391795,1.1293662235444506,14,normalized_multiscale_thermal,ridge
14,37.699999999999996,0.6094609388730376,0.936301572467736,0.6315711030312172,1.2410320419042549,0.7472874280148822,1.016554467711156,0.6429107537037149,1.390198181718597,1.0051032807450333,-0.5514154015807999,0.011451186966122585,0.26011001018301444,0.09412645934100702,0.47870899004046175,1.0158658659893027,0.33075961136224663,1.1638152446675178,14,normalized_multiscale_thermal,ridge
14,37.9,0.5339622648696424,1.016413181307387,0.7494320488725656,1.283394313742208,0.7872300793530788,0.9642416899005002,0.5706266502239608,1.3578567295770396,1.0051032807450333,-0.5514154015807999,-0.04086159084453314,0.3121806781670151,0.15597658865634442,0.3421697973113309,1.2322903613948266,0.37070226270044315,1.2037578960057145,14,normalized_multiscale_thermal,ridge
14,38.099999999999994,0.6121916136976446,1.00558675894682,0.6994909520979976,1.3116825657956421,0.6695541047108269,0.9628039173652088,0.6280268650097953,1.2975809697206222,1.0051032807450333,-0.5514154015807999,-0.04229936337982458,0.15027209807305097,0.14746379048300157,0.24878405999655334,1.0903241494251004,0.2530262880581913,1.0860819213634625,14,normalized_multiscale_thermal,ridge
14,38.3,0.954774059592392,1.1657546202357325,0.6883675904395364,1.6431416500319285,0.5385447485066878,0.9443687761297782,0.6750964018764343,1.2136411503831221,1.0051032807450333,-0.5514154015807999,-0.06073450461525512,-0.06746928582341699,0.1956545920366022,-0.019731904834078495,1.096821401847454,0.12201693185405216,0.9550725651593234,14,normalized_multiscale_thermal,ridge
14,38.5,0.7158809305833107,1.0908399533946986,0.7328994881030433,1.4487804186863542,0.6089926586157269,0.9934051088537322,0.6889087795458688,1.2979014381615956,1.0051032807450333,-0.5514154015807999,-0.01169817189130105,0.055466335417717554,0.23857119141442068,-0.07174130699161119,1.2897266242230652,0.19246484196309133,1.0255204752683627,14,normalized_multiscale_thermal,ridge
14,38.699999999999996,0.4690529712860465,1.022166114026689,0.7876396283836659,1.2566925996697125,0.5061147079984384,0.914543704140393,0.6614863501411739,1.1676010581396121,1.0051032807450333,-0.5514154015807999,-0.09055957660464033,-0.1295765381563597,0.34918422297771673,-0.49024013026125757,1.5024695462581343,0.08958689134580278,0.922642524651074,14,normalized_multiscale_thermal,ridge
14,38.9,0.4774330269419425,1.0305555271337612,0.7918390136627899,1.2692720406047324,0.5175421891000501,0.8504069716461597,0.5916358770961347,1.1091780661961848,1.0051032807450333,-0.5514154015807999,-0.15469630909887355,-0.10724883075376679,0.2334626897093143,-0.14861528634763532,1.1836996645477356,0.10101437244741451,0.9340700057526857,14,normalized_multiscale_thermal,ridge
14,39.099999999999994,0.5202205265241739,1.0524367176375469,0.7923264543754598,1.3125469808996337,0.5845739977112849,0.9019763137422941,0.6096893148866517,1.1942633125979367,1.0051032807450333,-0.5514154015807999,-0.10312696700273917,0.014543495516986846,0.138483389305301,0.18942843879597615,0.9797195566265937,0.16804618105864932,1.0011018143639205,14,normalized_multiscale_thermal,ridge
14,39.3,0.7414652092589495,0.9237327432805187,0.553000138651044,1.2944653479099935,0.5659608280202129,0.8881419569173231,0.6051615429072167,1.1711223709274297,1.0051032807450333,-0.5514154015807999,-0.11696132382771016,-0.017815010038022643,0.17599874109428643,0.06376976187889316,1.0681518941615327,0.14943301136757725,0.9824886446728485,14,normalized_multiscale_thermal,ridge
14,39.5,1.0383523346923749,0.8421175452907272,0.3229413779445398,1.3612937126369147,0.6526790800727247,0.9147012315052123,0.58836169146885,1.2410407715415745,1.0051032807450333,-0.5514154015807999,-0.090402049239821,0.12474567635912578,0.14694299166103722,0.23339507164496814,1.0719630885004812,0.23615126342008907,1.0692068967253603,14,normalized_multiscale_thermal,ridge
14,39.699999999999996,0.28894546627344764,1.0600649949148724,0.9155922617781485,1.204537728051596,0.5895626593728437,0.8924785372659155,0.5976972075794937,1.1872598669523373,1.0051032807450333,-0.5514154015807999,-0.11262474347911773,0.023041129332614294,0.13984218867349918,0.1905399312281139,0.9885853875175734,0.17303484272020808,1.0060904760254794,14,normalized_multiscale_thermal,ridge
14,39.9,0.4657582907550227,1.0468401703771033,0.813961024999592,1.2797193157546147,0.5908791392344066,0.9115614823386906,0.6161219127214873,1.2070010519558938,1.0051032807450333,-0.5514154015807999,-0.0935417984063427,0.025271616949903004,0.09589831672816908,0.31724492106078234,0.8645133574080308,0.174351322581771,1.0074069558870422,14,normalized_multiscale_thermal,ridge
14,40.099999999999994,0.5185884336805938,1.1107966520906074,0.8515024352503107,1.3700908689309044,0.6942396854325508,0.9915472946644994,0.644427451948224,1.3386671373807748,1.0051032807450333,-0.5514154015807999,-0.01355598608053393,0.18647739153807816,0.07371919497219148,0.4838909017538561,0.9045884691112455,0.27771186877991516,1.1107675020851864,14,normalized_multiscale_thermal,ridge
14,40.3,0.8036384778812872,1.1752528794058332,0.7734336404651897,1.5770721183464769,0.7291277309468028,0.9759761060919802,0.6114122406185787,1.3405399715653816,1.0051032807450333,-0.5514154015807999,-0.029127174653053103,0.23550905317795195,0.09240597722503234,0.4654584800650078,0.9927969818285979,0.3125999142941672,1.1456555475994383,14,normalized_multiscale_thermal,ridge
14,40.5,0.7812204200168339,1.1125365494543709,0.721926339445954,1.5031467594627879,0.6877914185550174,0.9919328652566936,0.6480371559791849,1.3358285745342022,1.0051032807450333,-0.5514154015807999,-0.013170415488339794,0.1771457438615613,0.08585473032932676,0.4428153562872641,0.9327674808227706,0.27126360190238175,1.104319235207653,14,normalized_multiscale_thermal,ridge
14,40.699999999999996,0.6120345674788418,0.9385029708614224,0.6324856871220015,1.2445202546008434,0.702727701950766,0.9948905474606213,0.6435266964852384,1.3462543984360043,1.0051032807450333,-0.5514154015807999,-0.010212733284411918,0.19862960217826497,0.10736095446382697,0.39638623695554137,1.0090691669459906,0.28619988529813034,1.1192555186034014,14,normalized_multiscale_thermal,ridge
14,40.9,0.6453828234449175,0.8201030741943264,0.4974116624718676,1.1427944859167851,0.7142535035268897,1.0069620441509846,0.6498352923875397,1.3640887959144294,1.0051032807450333,-0.5514154015807999,0.0018587634059513101,0.21489806888041968,0.17587912461731356,0.21240374849794263,1.2161032585558367,0.29772568687425405,1.1307813201795254,14,normalized_multiscale_thermal,ridge
14,41.099999999999994,0.865750054219774,0.7830967345952607,0.3502217074853737,1.2159717617051478,0.6760017691854171,0.9505697151063245,0.6125688305136159,1.288570599699033,1.0051032807450333,-0.5514154015807999,-0.05453356563870885,0.15985581577639318,0.16505235187757983,0.20504489731705972,1.1469586410537744,0.2594739525327815,1.0925295858380526,14,normalized_multiscale_thermal,ridge
14,41.3,0.4915325343464616,1.0327841001878308,0.7870178330145999,1.2785503673610616,0.7171164947114713,1.0100959252317834,0.6515376778760478,1.368654172587519,1.0051032807450333,-0.5514154015807999,0.004992644486749968,0.21889842519095562,0.12710857537107925,0.35442758804986096,1.0798054013730818,0.3005886780588357,1.1336443113641068,14,normalized_multiscale_thermal,ridge
14,41.5,0.4629026264506625,1.0782111260471166,0.8467598128217854,1.3096624392724479,0.7102430877513363,1.0907962898167296,0.7356747459410615,1.4459178336923977,1.0051032807450333,-0.5514154015807999,0.08569300907169636,0.20926741115091255,0.11604898760942037,0.3791113736842772,1.0413748018183953,0.29371527109870066,1.1267709044039718,14,normalized_multiscale_thermal,ridge
14,41.699999999999996,0.5020120874702705,1.0569967557610822,0.805990712025947,1.3080027994962176,0.6931293836704354,1.0643503457678154,0.7177856539325977,1.410915037603033,1.0051032807450333,-0.5514154015807999,0.05924706502278207,0.18487680518527547,0.14079415546209845,0.29139033372973505,1.0948684336111358,0.2766015670177998,1.109657200323071,14,normalized_multiscale_thermal,ridge
14,41.9,0.48493542020538305,1.0632216714505511,0.8207539613478596,1.3056893815532427,0.6584285019645726,1.0526958638463864,0.7234816128641001,1.3819101148286728,1.0051032807450333,-0.5514154015807999,0.04759258310135312,0.1335160607641795,0.15254516513352753,0.22315937085147053,1.0936976330776746,0.24190068531193698,1.0749563186172082,14,normalized_multiscale_thermal,ridge
14,42.099999999999994,0.8186943747179599,1.196372113553214,0.7870249261942339,1.605719300912194,0.6125530962728224,1.1235687674336658,0.8172922192972547,1.429845315570077,1.0051032807450333,-0.5514154015807999,0.11846548668863263,0.061295749052738484,0.12512157700799495,0.25553384849725935,0.9695723440483854,0.1960252796201868,1.029080912925458,14,normalized_multiscale_thermal,ridge
14,42.3,1.105808126470573,0.8268719337809142,0.2739678705456276,1.3797759970162007,0.6178858159642766,1.0976563737427294,0.7887134657605911,1.4065992817248678,1.0051032807450333,-0.5514154015807999,0.09255309299769618,0.06996379917356771,0.10643521487992315,0.3141858366167296,0.9215857953118236,0.201357999311641,1.0344136326169122,14,normalized_multiscale_thermal,ridge
14,42.5,0.5352664260958488,1.05869760607672,0.7910643930287955,1.3263308191246443,0.5334123286855661,1.1377291648521104,0.8710230005093273,1.4044353291948934,1.0051032807450333,-0.5514154015807999,0.13262588410707718,-0.0770451525242717,0.12266338838329664,0.18340722407113152,0.8834174333000007,0.11688451203293049,0.9499401453382017,14,normalized_multiscale_thermal,ridge
14,42.699999999999996,0.5680873173342216,1.065163715925352,0.7811200572582411,1.3492073745924626,0.595224778932175,1.1464279285075427,0.8488155390414552,1.4440403179736303,1.0051032807450333,-0.5514154015807999,0.1413246477625094,0.03259923652144291,0.1232626434046365,0.243509772779888,0.9469397850844619,0.17869696227953935,1.0117525955848106,14,normalized_multiscale_thermal,ridge
14,42.9,0.5742653624801091,1.082635725255906,0.7955030440158516,1.3697684064959605,0.5907048174662102,1.108588421100928,0.813236012367823,1.403940829834033,1.0051032807450333,-0.5514154015807999,0.10348514035589475,0.02497655239952091,0.10552282885222347,0.28960822101296174,0.8918014139194586,0.17417700081357457,1.0072326341188458,14,normalized_multiscale_thermal,ridge
14,43.099999999999994,0.569494535584372,1.0344304643687412,0.7496831965765552,1.3191777321609273,0.6447052026428992,1.1114666815844851,0.7891140802630355,1.4338192829059349,1.0051032807450333,-0.5514154015807999,0.10636340083945185,0.11245328474912439,0.10428617501316094,0.347137247963025,0.9422731573227734,0.2281773859902636,1.0612330192955348,14,normalized_multiscale_thermal,ridge
14,43.3,0.6040442508586625,1.0421451457898674,0.740123020360536,1.3441672712191985,0.6374313149611518,1.1621753042507423,0.8434596467701665,1.4808909617313182,1.0051032807450333,-0.5514154015807999,0.15707202350570892,0.1011066525893311,0.08829356258617907,0.3854963405807694,0.8893662893415342,0.2209034983085162,1.0539591316137873,14,normalized_multiscale_thermal,ridge
14,43.5,0.804726929241325,1.0571973331759765,0.6548338685553141,1.4595607977966392,0.6197351420654779,1.143830537306185,0.833962966273446,1.453698108338924,1.0051032807450333,-0.5514154015807999,0.13872725656115176,0.0729523191490936,0.08984291006890986,0.36337929251668094,0.8760909916142747,0.20320732541284225,1.0362629587181136,14,normalized_multiscale_thermal,ridge
14,43.699999999999996,0.577899437792908,1.019968553596235,0.731018834699781,1.3089182724926889,0.6936541442295904,1.1542774146328305,0.8074503425180353,1.5011044867476258,1.0051032807450333,-0.5514154015807999,0.1491741338877972,0.18563360763301728,0.0816020534611622,0.46081257972642037,0.9264957087327603,0.27712632757695477,1.110181960882226,14,normalized_multiscale_thermal,ridge
14,43.9,0.7624893350398732,1.149911987564924,0.7686673200449874,1.5311566550848605,0.6587535451658268,1.1741661147528726,0.8447893421699592,1.5035428873357861,1.0051032807450333,-0.5514154015807999,0.16906283400783925,0.13400960409565812,0.08944907021883275,0.4035214698722856,0.9139856204593682,0.24222572851319124,1.0752813618184625,14,normalized_multiscale_thermal,ridge
14,44.099999999999994,0.9397380014800173,1.1699752084575898,0.7001062077175814,1.6398442091975984,0.6171853081125891,1.1651636628687274,0.8565710088124329,1.473756316925022,1.0051032807450333,-0.5514154015807999,0.1600603821236942,0.0688294387093841,0.08037204957478478,0.3878534105491782,0.846517205676,0.20065749145995349,1.0337131247652247,14,normalized_multiscale_thermal,ridge
14,44.3,0.4936000468752459,1.0111750124689092,0.7643749890312863,1.2579750359065323,0.6283926994631126,1.1929466873751957,0.8787503376436394,1.507143037106752,1.0051032807450333,-0.5514154015807999,0.18784340663016233,0.08682541125368826,0.07990474622786371,0.40039419533503307,0.8563912035911921,0.211864882810477,1.0449205161157482,14,normalized_multiscale_thermal,ridge
14,44.5,0.44545471605803977,1.055937270010793,0.833209911981773,1.2786646280398128,0.5793043779597271,1.136857470565282,0.8472052815854185,1.4265096595451456,1.0051032807450333,-0.5514154015807999,0.13175418982024878,0.005488158000023186,0.12005709113540854,0.2367360265030718,0.9218727294163824,0.1627765613070915,0.9958321946123627,14,normalized_multiscale_thermal,ridge
14,44.699999999999996,0.5115747621079088,1.0426596368296595,0.7868722557757051,1.2984470178836138,0.5380140572448374,1.0607652208715965,0.7917581922491779,1.3297722494940152,1.0051032807450333,-0.5514154015807999,0.05566194012656332,-0.06845518887302526,0.09910743503451085,0.2552230091210942,0.8208051053685806,0.12148624059220181,0.954541873897473,14,normalized_multiscale_thermal,ridge
14,44.9,0.4899310253105513,1.0681784406684685,0.8232129280131928,1.3131439533237441,0.531590086303848,1.097378842259667,0.831583799107743,1.3631738854115911,1.0051032807450333,-0.5514154015807999,0.0922755615146338,-0.08046719952498663,0.14044140815921766,0.13085755801785237,0.9323226145898436,0.11506226965121236,0.9481179029564836,14,normalized_multiscale_thermal,ridge
14,45.099999999999994,0.4886989482809849,1.0429130877919648,0.7985636136514723,1.2872625619324574,0.6201309266087582,1.0565767783337616,0.7465113150293825,1.3666422416381407,1.0051032807450333,-0.5514154015807999,0.05147349758872829,0.07359075029375257,0.11559328234626333,0.2902995122513911,0.9499623409661253,0.20360310995612263,1.0366587432613938,14,normalized_multiscale_thermal,ridge
14,45.3,0.5845733682811703,0.9902537243179024,0.6979670401773171,1.2825404084584875,0.591474377452422,1.104758560277429,0.809021371551218,1.40049574900364,1.0051032807450333,-0.5514154015807999,0.09965527953239577,0.026278487162410016,0.12226398588133312,0.24260891944587493,0.9403398354589692,0.17494656079978643,1.0080021941050576,14,normalized_multiscale_thermal,ridge
14,45.5,0.653537068814069,0.9977972774202436,0.6710287430132091,1.324565811827278,0.6230530263510914,1.0123851992391355,0.7008586860635898,1.3239117124146813,1.0051032807450333,-0.5514154015807999,0.007281918494102297,0.07829175229231662,0.11277712118888837,0.30125718636916965,0.9448488663330131,0.20652520969845578,1.039580843003727,14,normalized_multiscale_thermal,ridge
14,45.699999999999996,0.5156256601502496,1.0364857426430076,0.7786729125678828,1.2942985727181324,0.6363845268356919,1.0272990617696032,0.7091067983517572,1.3454913251874492,1.0051032807450333,-0.5514154015807999,0.02219578102456987,0.09946310518357822,0.12231303874617731,0.28737910242745224,0.9853899512439316,0.2198567101830563,1.0529123434883276,14,normalized_multiscale_thermal,ridge
14,45.9,1.1170830317141702,1.0498939358219828,0.4913524199648976,1.6084354516790678,0.6456654027059615,1.0810947117633034,0.7582620104103226,1.4039274131162842,1.0051032807450333,-0.5514154015807999,0.0759914310182702,0.11394153972999774,0.10525295002840857,0.3453388727510181,0.945991932660905,0.2291375860533259,1.0621932193585972,14,normalized_multiscale_thermal,ridge
14,46.099999999999994,0.5206711642317668,1.0351268477902495,0.7747912656743662,1.295462429906133,0.6453098294954929,1.0435614498674783,0.7209065351197319,1.3662163646152248,1.0051032807450333,-0.5514154015807999,0.03845816912244511,0.1133906798674832,0.18298369593426658,0.12318804171248021,1.1674316172785055,0.22878201284285726,1.0618376461481285,14,normalized_multiscale_thermal,ridge
14,46.3,0.3846203706096824,0.9923818778806048,0.8000716925757636,1.184692063185446,0.5783779603304999,1.0085407782725027,0.7193517981072527,1.2977297584377525,1.0051032807450333,-0.5514154015807999,0.003437497527469453,0.0038876881710591636,0.14799503725258822,0.15609206737808512,1.0006638532829149,0.16185014367786432,0.9949057769831355,14,normalized_multiscale_thermal,ridge
14,46.5,0.9568101890946229,1.1911020264621381,0.7126969319148265,1.6695071210094496,0.4935299818519792,0.9963314594956445,0.7495664685696549,1.2430964504216342,1.0051032807450333,-0.5514154015807999,-0.008771821249388773,-0.15475626687376864,0.16567210228620632,0.020804727343413487,0.966255236360545,0.07700216519934361,0.9100577985046148,14,normalized_multiscale_thermal,ridge
14,46.699999999999996,1.1284079304573262,0.7574120762010571,0.19320811097239396,1.3216160414297202,0.5702415778018314,0.9833621950748778,0.6982414061739621,1.2684829839757934,1.0051032807450333,-0.5514154015807999,-0.021741085670155508,-0.010279785654400898,0.12970952961739582,0.2001311635895348,0.9403519920141279,0.15371376114919577,0.986769394454467,14,normalized_multiscale_thermal,ridge
14,46.9,0.4118015706022197,1.0328481631094513,0.8269473778083415,1.2387489484105612,0.5677567399231969,0.9481475712214542,0.6642692012598558,1.2320259411830525,1.0051032807450333,-0.5514154015807999,-0.05695570952357905,-0.014646825199127831,0.16179488847337586,0.10609464487939158,1.0294188349670021,0.15122892327056126,0.9842845565758325,14,normalized_multiscale_thermal,ridge
14,47.099999999999994,0.5153755000828141,1.011467626850738,0.7537798768093309,1.269155376892145,0.5482964402443495,0.9350429213050209,0.6608947011828461,1.2091911414271956,1.0051032807450333,-0.5514154015807999,-0.07006035944001247,-0.049523787362675,0.16829855331503327,0.06807692620793887,1.0285159542807603,0.13176862359171393,0.9648242568969851,14,normalized_multiscale_thermal,ridge
14,47.3,0.7214500679165753,1.0162750308659274,0.6555499969076399,1.377000064824215,0.5753786013193322,1.0112545551704608,0.7235652545107947,1.298943855830127,1.0051032807450333,-0.5514154015807999,0.00615127442542754,-0.00131161620147369,0.13665889264931216,0.18543902237379745,0.9653181802648669,0.15885078466669655,0.9919064179719678,14,normalized_multiscale_thermal,ridge
14,47.5,0.8156761017353708,0.9053314819175811,0.4974934310498958,1.3131695327852664,0.5498179624803089,0.9616391114979554,0.686730130257801,1.2365480927381098,1.0051032807450333,-0.5514154015807999,-0.04346416924707785,-0.04675263126842796,0.1447439856074834,0.13680855117534546,0.9628273737852724,0.1332901458276733,0.9663457791329445,14,normalized_multiscale_thermal,ridge
14,47.699999999999996,0.6410365860962122,1.0013995251684629,0.6808812321203569,1.321917818216569,0.5496701033678989,0.8941171734671064,0.619282121783157,1.1689522251510558,1.0051032807450333,-0.5514154015807999,-0.1109861072779269,-0.04702159119240355,0.14883376698364562,0.1249909968321069,0.9743492099036909,0.1331422867152633,0.9661979200205345,14,normalized_multiscale_thermal,ridge
14,47.9,0.4539417103005174,1.0560640129001306,0.8290931577498718,1.2830348680503894,0.5896518865190904,0.8825115492487767,0.5876856059892315,1.177337492508322,1.0051032807450333,-0.5514154015807999,-0.12259173149625652,0.023192462517449573,0.1647760633202895,0.11948337054626723,1.0598204024919136,0.1731240698664548,1.0061797031717261,14,normalized_multiscale_thermal,ridge
14,48.099999999999994,0.7983404620853292,1.1288649874741266,0.7296947564314619,1.5280352185167911,0.6043452505715877,0.8861598171290793,0.5839871918432855,1.1883324424148731,1.0051032807450333,-0.5514154015807999,-0.11894346361595398,0.04780576413508002,0.15675838932516742,0.1570541951223421,1.0516363060208334,0.18781743391895211,1.0208730672242234,14,normalized_multiscale_thermal,ridge
14,48.3,0.6078824866429553,1.0004233571978274,0.6964821138763497,1.3043646005193048,0.6814059979298578,0.91348779965242,0.5727848006874912,1.2541907986173488,1.0051032807450333,-0.5514154015807999,-0.09161548109261333,0.1678184301493624,0.14743200418031757,0.26072665157589253,1.102085344283823,0.2648781812772222,1.0979338145824933,14,normalized_multiscale_thermal,ridge
14,48.5,0.9092621519515114,0.8257360947097506,0.3711050187339949,1.2803671706855064,0.674186205070866,1.0065109639510237,0.6694178614155907,1.3436040664864568,1.0051032807450333,-0.5514154015807999,0.001407683205990341,0.15716646400694984,0.12414643017931702,0.3199494205248311,1.0284229896169008,0.2576583884182304,1.0907140217235016,14,normalized_multiscale_thermal,ridge
14,48.699999999999996,0.6278782719466338,1.0367427763557169,0.7228036403823999,1.3506819123290337,0.6171324601125062,1.0494289562619976,0.7408627262057446,1.3579951863182507,1.0051032807450333,-0.5514154015807999,0.04432567551696423,0.06874380759967218,0.09374995019323415,0.34962834533583365,0.8846365748891788,0.2006046434598706,1.0336602767651417,14,normalized_multiscale_thermal,ridge
14,48.9,0.6038628936951588,1.0303940077755416,0.7284625609279621,1.332325454623121,0.769930529844154,1.0638533838623396,0.6788881189402627,1.4488186487844166,1.0051032807450333,-0.5514154015807999,0.058750103117306315,0.28996041239461673,0.0948834030598263,0.4991922447549227,1.0406688149333854,0.3534027131915184,1.1864583464967895,14,normalized_multiscale_thermal,ridge
14,49.099999999999994,0.5794149325682502,0.9955315303236546,0.7058240640395295,1.2852389966077797,0.737909545314389,0.9299667346373547,0.5610119619801601,1.2989215072945492,1.0051032807450333,-0.5514154015807999,-0.07513654610767861,0.24748137236247095,0.1288463282474755,0.37026217153953916,1.105556919089239,0.3213817286617534,1.1544373619670245,14,normalized_multiscale_thermal,ridge
14,49.3,0.5849607120808821,1.0148299241671714,0.7223495681267302,1.3073102802076124,0.6209562018679282,1.064877407956938,0.754399307022974,1.3753555088909022,1.0051032807450333,-0.5514154015807999,0.05977412721190482,0.07492067365186733,0.16364648253303665,0.15401080769879655,1.08790159603706,0.2044283852152926,1.0374840185205638,14,normalized_multiscale_thermal,ridge
14,49.5,0.5600993346317379,0.9967665334119058,0.7167168660960369,1.2768162007277748,0.6171211210459532,1.0671261986154579,0.7585656380924812,1.3756867591384345,1.0051032807450333,-0.5514154015807999,0.06202291787042466,0.0687254336338576,0.1666480965754471,0.14161098518190607,1.0926312569100003,0.20059330439331757,1.033648937698589,14,normalized_multiscale_thermal,ridge
14,49.699999999999996,0.4799024696832519,1.0054719396970329,0.765520704855407,1.2454231745386588,0.5189407207957892,1.022937600818235,0.7634672404203403,1.2824079612161294,1.0051032807450333,-0.5514154015807999,0.017834320073201737,-0.10455021887870128,0.20168785978024387,-0.05655113045865001,1.0944325720502284,0.10241290414315363,0.9354685374484248,14,normalized_multiscale_thermal,ridge
14,49.9,0.9580542299477537,0.7677128743728201,0.2886857593989432,1.246739989346697,0.45902919625227917,0.9821000884001986,0.752585490274059,1.2116146865263382,1.0051032807450333,-0.5514154015807999,-0.023003192344834725,-0.22722606097095488,0.23172574174540558,-0.20217210880234632,1.1202305013069047,0.04250137959964356,0.8755570129049148,14,normalized_multiscale_thermal,ridge
14,50.099999999999994,0.48940060497343424,0.9501158607118163,0.7054155582250992,1.1948161631985335,0.4732730728365842,1.0086348246698646,0.7719982882515726,1.2452713610881567,1.0051032807450333,-0.5514154015807999,0.0035315439248314526,-0.196667334487487,0.24925701027761368,-0.23795158113667264,1.1844977268098411,0.0567452561839486,0.8898008894892198,14,normalized_multiscale_thermal,ridge
14,50.3,0.4921854427745703,1.0315209825037943,0.7854282611165091,1.2776137038910793,0.4346997937481209,0.9818803018377364,0.764530404963676,1.1992301987117968,1.0051032807450333,-0.5514154015807999,-0.02322297890729689,-0.2816842138761745,0.30781352121903244,-0.4436087636459746,1.3130083511422164,0.018171977095485292,0.8512276104007566,14,normalized_multiscale_thermal,ridge
14,50.5,0.5256996805720335,1.0080375908012633,0.7451877505152467,1.2708874310872802,0.4407657083089182,0.9064288151165311,0.6860459609620719,1.1268116692709902,1.0051032807450333,-0.5514154015807999,-0.0986744656285022,-0.2678264168062772,0.20471041906299206,-0.14335064934392477,1.0248820659617612,0.024237891656282595,0.8572935249615539,14,normalized_multiscale_thermal,ridge
14,50.699999999999996,0.6144188488399019,0.9875704542491488,0.6803610298291979,1.2947798786690998,0.5234230401252172,1.0556977293166023,0.7939862092539938,1.317409249379211,1.0051032807450333,-0.5514154015807999,0.05059444857156897,-0.09594986816482978,0.13719186000853617,0.13196270344764938,0.9148833768027851,0.10689522347258162,0.9399508567778528,14,normalized_multiscale_thermal,ridge
14,50.9,0.4507330369402237,0.967877438461795,0.7425109199916832,1.1932439569319067,0.6060244443065659,1.1380448609217462,0.8350326387684632,1.441057083075029,1.0051032807450333,-0.5514154015807999,0.13294158017671276,0.0505804449940045,0.11124206870689674,0.28860869044185833,0.9234401981712734,0.18949662765393027,1.0225522609592015,14,normalized_multiscale_thermal,ridge
14,51.099999999999994,0.46727971319206796,0.9935179695635197,0.7598781129674858,1.2271578261595537,0.66046862210937,1.045901730837957,0.715667419783272,1.376136041892642,1.0051032807450333,-0.5514154015807999,0.04079845009292371,0.13660973916365174,0.08596011597522377,0.41519185468009134,0.9057453895386486,0.24394080545673436,1.0769964387620057,14,normalized_multiscale_thermal,ridge
14,51.3,0.3792171134829922,1.0316290753898296,0.8420205186483335,1.2212376321313256,0.7224004018734522,1.1037572701508174,0.7425570692140913,1.4649574710875435,1.0051032807450333,-0.5514154015807999,0.09865398940578399,0.2262396810045123,0.11295536027381495,0.40009597827592736,1.0447048254709772,0.3058725852208166,1.1389282185260878,14,normalized_multiscale_thermal,ridge
14,51.5,0.3788736555255473,1.024069413514512,0.8346325857517384,1.2135062412772857,0.5891011752524008,1.06921350118946,0.7746629135632594,1.3637640888156604,1.0051032807450333,-0.5514154015807999,0.06411022044442656,0.0222580661207512,0.14649485683101868,0.17109586522136466,1.0071064852834368,0.1725733585997652,1.0056289919050365,14,normalized_multiscale_thermal,ridge
14,51.699999999999996,0.920247110277183,1.2493784353189477,0.789254880180356,1.7095019904575393,0.611366359219494,1.0775523773099944,0.7718691977002474,1.3832355569197414,1.0051032807450333,-0.5514154015807999,0.0724490965649611,0.05935650800233758,0.10659036589632742,0.3072236752602178,0.9155090431787702,0.1948385425668584,1.0278941758721296,14,normalized_multiscale_thermal,ridge
14,51.9,0.46046289930089757,1.0167981437139673,0.7865666940635186,1.247029593364416,0.6519287752711884,1.1745220765738265,0.8485576889382322,1.5004864642094207,1.0051032807450333,-0.5514154015807999,0.16941879582879327,0.12359543817653802,0.15487501462091646,0.2100117011628928,1.093845849379484,0.2354009586185528,1.068456591923824,14,normalized_multiscale_thermal,ridge
14,52.099999999999994,0.5646726832149581,0.9903384774609897,0.7080021358535107,1.2726748190684687,0.6015983188218759,1.08583969625995,0.785040536849012,1.386638855670888,1.0051032807450333,-0.5514154015807999,0.08073641551491662,0.043250100718878776,0.16995564878182512,0.1166504838100309,1.0865461538337209,0.18507050216924026,1.0181261354745115,14,normalized_multiscale_thermal,ridge
14,52.3,0.632063566914375,0.9692246743708187,0.6531928909136313,1.2852564578280061,0.6073538728154511,1.120133672682385,0.8164567362746594,1.4238106090901104,1.0051032807450333,-0.5514154015807999,0.11503039193735173,0.0527717303039342,0.1330376272385313,0.22774713560567894,0.9869606100252232,0.19082605616281545,1.0238816894680867,14,normalized_multiscale_thermal,ridge
14,52.5,0.27193562145337513,1.0649594518739445,0.9289916411472567,1.200927262600632,0.5896258833276526,1.029637649693559,0.7348247080297328,1.3244505913573854,1.0051032807450333,-0.5514154015807999,0.024534368948525766,0.02314836231967292,0.15370541432169632,0.1510461218476894,1.028205644807616,0.17309806667501704,1.0061536999802883,14,normalized_multiscale_thermal,ridge
14,52.699999999999996,0.5309371723831394,1.0628018395892518,0.7973332533976822,1.3282704257808216,0.6632415591725703,1.0081419819873496,0.6765212024010645,1.3397627615736347,1.0051032807450333,-0.5514154015807999,0.003038701242316229,0.14079938907125586,0.13846698027046922,0.2681428214483978,1.0583402968967428,0.24671374251993472,1.0797693758252058,14,normalized_multiscale_thermal,ridge
14,52.9,0.5482810441876234,0.9877605396976326,0.7136200176038209,1.2619010617914441,0.625752282357565,1.0073942712072794,0.6945181300284969,1.320270412386062,1.0051032807450333,-0.5514154015807999,0.002290990462246203,0.08261470029912445,0.12810482393485859,0.2602207012241067,0.9912838634910233,0.20922446570492936,1.0422800990102006,14,normalized_multiscale_thermal,ridge
14,53.099999999999994,0.6506726972671008,0.9384793421396482,0.6131429935060977,1.2638156907731988,0.5836616625540164,1.0008363088174645,0.7090054775404564,1.2926671400944727,1.0051032807450333,-0.5514154015807999,-0.004266971927568734,0.01298159260001102,0.1225707419529272,0.23392091329435388,0.933402411813679,0.1671338459013808,1.000189479206652,14,normalized_multiscale_thermal,ridge
14,53.3,0.5037764437528583,1.0286995560579568,0.7768113341815276,1.280587777934386,0.580985567922052,0.9664433667710445,0.6759505828100185,1.2569361507320704,1.0051032807450333,-0.5514154015807999,-0.03865991397398886,0.008386039076739672,0.16570616219765774,0.10816312758625751,1.0538080082578465,0.16445775126941642,0.9975133845746876,14,normalized_multiscale_thermal,ridge
14,53.5,0.6026968670292884,1.0176188332535343,0.7162703997388902,1.3189672667681787,0.5790053216844702,1.011293712678531,0.721791051836296,1.3007963735207662,1.0051032807450333,-0.5514154015807999,0.006190431933497777,0.004971791294307731,0.15957324730688907,0.12368241031348304,1.0343282330554573,0.16247750503183456,0.9955331383371058,14,normalized_multiscale_thermal,ridge
14,53.699999999999996,0.46586194049270635,1.0293277839818589,0.7963968137355055,1.262258754228212,0.5248244654779941,0.9786507710213269,0.7162385382823299,1.241063003760324,1.0051032807450333,-0.5514154015807999,-0.026452509723706365,-0.09327602218811588,0.15202809420040933,0.09103073357262964,0.9586181973833585,0.1082966488253585,0.9413522821306297,14,normalized_multiscale_thermal,ridge
14,53.9,0.48445954200828106,1.047732901782263,0.8055031307781225,1.2899626727864035,0.5849206325916833,0.9978117032492148,0.7053513869533732,1.2902720195450563,1.0051032807450333,-0.5514154015807999,-0.0072915774958185915,0.015136289842958625,0.10117993518225155,0.29621595660730454,0.8736253085760619,0.16839281593904765,1.001448449244319,14,normalized_multiscale_thermal,ridge
14,54.099999999999994,0.5590047599238255,0.9847019549494729,0.7051995749875603,1.2642043349113856,0.6227435724841793,0.9649213593014184,0.6535495730593288,1.276293145543508,1.0051032807450333,-0.5514154015807999,-0.04018192144361484,0.07779495550612212,0.10516351444102405,0.3226722361328967,0.922814908835462,0.20621575583154372,1.039271389136815,14,normalized_multiscale_thermal,ridge
14,54.3,0.37112343311985185,1.0095304249686865,0.8239687084087605,1.1950921415286124,0.6223898110168397,0.9374434122653177,0.6262485067568979,1.2486383177737375,1.0051032807450333,-0.5514154015807999,-0.06765986847971556,0.07722672485461776,0.10494313000870059,0.32294731491942097,0.9218323071142583,0.20586199436420405,1.0389176276694752,14,normalized_multiscale_thermal,ridge
14,54.5,0.6593725799568827,1.1247124178024195,0.7950261278239781,1.4543987077808609,0.6063970310867394,0.992355492197269,0.6891569766538994,1.2955540077406387,1.0051032807450333,-0.5514154015807999,-0.012747788547764236,0.051195060949699944,0.11416496792424423,0.28064113873549,0.9321529234379887,0.18986921443410376,1.0229248477393749,14,normalized_multiscale_thermal,ridge
14,54.699999999999996,0.5770831965443853,0.9515349845249136,0.6629933862527209,1.2400765827971063,0.5934576578924896,0.9404973428598165,0.6437685139135716,1.2372261718060613,1.0051032807450333,-0.5514154015807999,-0.06460593788521679,0.029625991040988765,0.13979390264041766,0.19457270808800348,0.9923426076969757,0.176929841239854,1.0099854745451253,14,normalized_multiscale_thermal,ridge
14,54.9,1.1446563066241224,0.7108778911697231,0.13854973785766161,1.2832060444817845,0.6209430140589011,0.9576494082795248,0.6471779012500742,1.2681209153089754,1.0051032807450333,-0.5514154015807999,-0.04745387246550852,0.07489943552101334,0.15946017456063608,0.16594274205816884,1.0759432860596334,0.20441519740626546,1.0374708307115368,14,normalized_multiscale_thermal,ridge
14,55.099999999999994,0.5275178704195878,1.04528935620479,0.7815304209949961,1.3090482914145838,0.6288198555271409,0.8788189065743224,0.5644089788107519,1.193228834337893,1.0051032807450333,-0.5514154015807999,-0.12628437417071098,0.08750494007126129,0.21807428628739767,0.006571323249253691,1.2510683878050282,0.21229203887450532,1.0453476721797765,14,normalized_multiscale_thermal,ridge
14,55.3,0.6234888138517964,1.145486506707543,0.8337420997816449,1.4572309136334414,0.5846344733908851,0.9134820575094842,0.6211648208140417,1.2057992942049267,1.0051032807450333,-0.5514154015807999,-0.09162122323554908,0.014646942731318283,0.1402603251892961,0.18441864340147696,0.9848503033802933,0.16810665673824954,1.0011622900435206,14,normalized_multiscale_thermal,ridge
14,55.5,0.5215937659318409,1.0469663939627412,0.7861695109968206,1.3077632769286616,0.5929148991183045,0.9260307481174788,0.6295732985583264,1.222488197676631,1.0051032807450333,-0.5514154015807999,-0.07907253262755448,0.02871100222260384,0.13304313243626548,0.2132924534943571,0.972537344742252,0.17638708246566892,1.0094427157709402,14,normalized_multiscale_thermal,ridge
14,55.699999999999996,0.9065600571965797,0.8687863490517773,0.41550632045348745,1.3220663776500672,0.7204347534174553,0.923883957633115,0.5636665809243874,1.2841013343418428,1.0051032807450333,-0.5514154015807999,-0.08121932311191825,0.2235149765711995,0.12911924483353562,0.3520086452580921,1.0888608615768185,0.3039069367648197,1.136962570070091,14,normalized_multiscale_thermal,ridge
14,55.9,1.2042584194021075,1.0399665089219259,0.437837299220872,1.6420957186229796,0.6582290542366875,0.95662506476767,0.6275105376493262,1.2857395918860137,1.0051032807450333,-0.5514154015807999,-0.04847821597736333,0.1332131000915715,0.1359767704437702,0.2702358282906681,1.046222280182707,0.24170123758405193,1.0747568708893231,14,normalized_multiscale_thermal,ridge
14,56.099999999999994,0.8853570543861466,1.1656822741284356,0.7230037469353623,1.608360801321509,0.6052904993326345,0.9593690357376009,0.6567237860712837,1.262014285403918,1.0051032807450333,-0.5514154015807999,-0.04573424500743243,0.04936862957374273,0.1275996454741671,0.24120038367892283,0.9693806149863461,0.18876268267999885,1.02181831598527,14,normalized_multiscale_thermal,ridge
14,56.3,0.41506426719876743,1.0676035939506203,0.8600714603512367,1.2751357275500041,0.5836028292791691,0.9604513086756041,0.6686498940360196,1.2522527233151886,1.0051032807450333,-0.5514154015807999,-0.04465197206942915,0.012880787212185447,0.12939478160495013,0.2143905103541069,0.9528151482042313,0.16707501262653346,1.0001306459318047,14,normalized_multiscale_thermal,ridge
14,56.5,0.6169889541784016,1.0711642440859932,0.7626697669967926,1.379658721175194,0.5931096474217523,0.9872699750494822,0.6907151513386061,1.2838247987603584,1.0051032807450333,-0.5514154015807999,-0.017833305695551117,0.029039407407414425,0.11563908855809936,0.2631475305933629,0.9230717642501418,0.1765818307691167,1.009637464074388,14,normalized_multiscale_thermal,ridge
14,56.699999999999996,1.1862496313244306,0.8825637948749011,0.28943897921268563,1.4756886105371165,0.6147375389058265,0.9949713414255623,0.6876025719726491,1.3023401108784756,1.0051032807450333,-0.5514154015807999,-0.010131939319470947,0.0648555333078652,0.13602185824737373,0.2266156603795622,1.0028594174320908,0.1982097222531909,1.031265355558462,14,normalized_multiscale_thermal,ridge
14,56.9,0.44300077953815714,1.0377709220248965,0.8162705322558179,1.2592713117939751,0.5832842719587156,1.0158443223767983,0.7242021863974406,1.307486458356156,1.0051032807450333,-0.5514154015807999,0.010741041631764972,0.012334792097440563,0.11887117185548825,0.24409979736298432,0.9224687465544468,0.16675645530607996,0.9998120886113512,14,normalized_multiscale_thermal,ridge
14,57.099999999999994,0.6181730624899989,1.0072258794564604,0.6981393482114608,1.3163124107014599,0.5734535607352856,0.9581620576378663,0.6714352772702235,1.2448888380055092,1.0051032807450333,-0.5514154015807999,-0.046941223107166974,-0.004662919288807629,0.12935674004465114,0.20434978878962484,0.9425573326809464,0.15692574408265003,0.9899813773879212,14,normalized_multiscale_thermal,ridge
14,57.3,0.4238743207944402,1.0629958908343136,0.8510587304370935,1.2749330512315336,0.5992686708103163,0.9985837510090023,0.6989494156038442,1.2982180864141606,1.0051032807450333,-0.5514154015807999,-0.006519529736031,0.03937015239118653,0.1297436490793186,0.2290609008507421,0.9694764407698906,0.1827408541576807,1.015796487462952,14,normalized_multiscale_thermal,ridge
14,57.5,0.499603962468369,1.0249764138236193,0.7751744325894346,1.2747783950578038,0.5506027074399981,0.9817234374309136,0.7064220837109145,1.2570247911509127,1.0051032807450333,-0.5514154015807999,-0.02337984331411972,-0.04532636745101845,0.14091711834119813,0.14851279783424026,0.9526926170457559,0.13407489078736246,0.9671305240926337,14,normalized_multiscale_thermal,ridge
14,57.699999999999996,0.5089499172825569,1.1176991360553297,0.8632241774140511,1.3721740946966081,0.501215912387459,0.9287817925906304,0.678173836396901,1.1793897487843599,1.0051032807450333,-0.5514154015807999,-0.07632148815440286,-0.13930290630506936,0.13952277665525364,0.10310458770495706,0.899327237069961,0.08468809573482339,0.9177437290400946,14,normalized_multiscale_thermal,ridge
14,57.9,0.584779892298094,1.0062332862709709,0.713843340121924,1.298623232420018,0.5178264154588342,1.0126033583406056,0.7536901506111884,1.2715165660700227,1.0051032807450333,-0.5514154015807999,0.007500077595572174,-0.10669979659400489,0.12066678900480694,0.17351836506368912,0.8621344658539793,0.10129859880619863,0.9343542321114698,14,normalized_multiscale_thermal,ridge
14,58.099999999999994,0.34314644475453515,1.038318369321293,0.8667451469440254,1.2098915916985604,0.5224661862168051,0.9876936022304037,0.7264605091220011,1.2489266953388063,1.0051032807450333,-0.5514154015807999,-0.01740967851462965,-0.09777961103103702,0.1266994047897472,0.160944798193085,0.8839875742405252,0.10593836956416947,0.9389940028694407,14,normalized_multiscale_thermal,ridge
14,58.3,0.6550469042228999,0.9606174241896129,0.633093972078163,1.2881408763010629,0.5768423825583744,0.9779295469709264,0.6895083556917392,1.2663507382501136,1.0051032807450333,-0.5514154015807999,-0.02717373377410695,0.0012291846466237107,0.13838188556304937,0.18198645226325766,0.9716983128534911,0.16031456590573878,0.99337019921101,14,normalized_multiscale_thermal,ridge
14,58.5,0.5015753488507179,1.0286160916117133,0.7778284171863542,1.2794037660370723,0.5733657611381114,0.9980178335718309,0.7113349530027753,1.2847007141408866,1.0051032807450333,-0.5514154015807999,-0.007085447173202345,-0.004816037736798628,0.12845110754887346,0.2068461017023417,0.9398854205738811,0.15683794448547583,0.989893577790747,14,normalized_multiscale_thermal,ridge
14,58.699999999999996,0.4465011402082312,1.0318933901080596,0.808642820003944,1.255143960212175,0.5378133141997988,0.9730595172942058,0.7041528601943063,1.2419661743941053,1.0051032807450333,-0.5514154015807999,-0.032043763450827475,-0.0688283770864814,0.14303125031071132,0.12969098537824392,0.9459356430213537,0.12128549754716322,0.9543411308524344,14,normalized_multiscale_thermal,ridge
14,58.9,0.4481711702036618,1.01682073732431,0.7927351522224791,1.240906322426141,0.5354145500423976,0.9645987519406192,0.6968914769194203,1.232306026961818,1.0051032807450333,-0.5514154015807999,-0.04050452880441409,-0.07329857066193769,0.1395120137263204,0.1373339360724961,0.933495164012299,0.11888673338976197,0.9519423666950332,14,normalized_multiscale_thermal,ridge
14,59.099999999999994,1.1042702617235725,1.206091349150955,0.6539562182891688,1.7582264800127412,0.5445559829861912,1.00428804283954,0.7320100513464444,1.2765660343326357,1.0051032807450333,-0.5514154015807999,-0.0008152379054934215,-0.05636912491182637,0.08494898657959352,0.3021643506780005,0.786947615294382,0.12802816633355563,0.9610837996388268,14,normalized_multiscale_thermal,ridge
14,59.3,0.5604987515071242,1.026088520347735,0.7458391445941729,1.306337896101297,0.634738446798676,1.0065093654762576,0.6891401420769196,1.3238785888755955,1.0051032807450333,-0.5514154015807999,0.0014060847312243642,0.09687314183415363,0.09010129875745977,0.37764531645926125,0.8918315771380907,0.21821063014604036,1.0512662634513115,14,normalized_multiscale_thermal,ridge
14,59.5,0.5229191181078681,1.0220864460396262,0.7606268869856921,1.2835460050935603,0.6710838746095961,1.0316022988832165,0.6960603615784184,1.3671442361880146,1.0051032807450333,-0.5514154015807999,0.026499018138183214,0.15255425117674434,0.0824788186213474,0.43574056703820097,0.9064271821809912,0.25455605795696046,1.0876116912622318,14,normalized_multiscale_thermal,ridge
14,59.699999999999996,0.8762359342753796,1.111518051704229,0.6734000845665391,1.5496360188419187,0.585982047253574,1.0501363014266978,0.7571452777999108,1.3431273250534848,1.0051032807450333,-0.5514154015807999,0.045033020681664586,0.016949275620329704,0.09612526069113776,0.3117002720007969,0.860263822506351,0.16945423060093834,1.0025098639062096,14,normalized_multiscale_thermal,ridge
14,59.9,0.8320554399494106,1.1231459334978307,0.7071182135231255,1.539173653472536,0.6149339349147032,1.0886035031177224,0.7811365356603708,1.396070470575074,1.0051032807450333,-0.5514154015807999,0.083500222372689,0.06517496173200582,0.08794224721397144,0.36400139634848533,0.8658664734809209,0.19840611826206755,1.0314617515673388,14,normalized_multiscale_thermal,ridge
14,60.099999999999994,0.4557272104590575,1.0436793042596157,0.8158156990300869,1.2715429094891444,0.6122419213398205,1.018042999378316,0.7119220387084058,1.3241639600482262,1.0051032807450333,-0.5514154015807999,0.012939718633282764,0.06078762330888344,0.07301714839138258,0.4038963424494396,0.8205875002302013,0.19571410468718486,1.028769737992456,14,normalized_multiscale_thermal,ridge
14,60.3,0.5104861175535249,1.0827070450413163,0.8274639862645539,1.3379501038180788,0.6294238727808736,1.0905857224583757,0.7758737860679389,1.4052976588488124,1.0051032807450333,-0.5514154015807999,0.08548244171334243,0.088465035935904,0.09615211403607274,0.35506547476455574,0.9037822707971915,0.21289605612823803,1.0459516894335092,14,normalized_multiscale_thermal,ridge
14,60.5,0.39689736956104205,1.026747988977021,0.8282993041965001,1.2251966737575422,0.6214793995122366,1.0252103187848751,0.7144706190287569,1.3359500185409934,1.0051032807450333,-0.5514154015807999,0.020107038039841818,0.07576288659981174,0.10675966262631917,0.3168536478628157,0.9261051511616576,0.20495158285960102,1.0380072161648721,14,normalized_multiscale_thermal,ridge
14,60.699999999999996,0.5088147375124829,1.1347711806463243,0.880363811890083,1.389178549402566,0.5715507958344399,1.0502359869212456,0.7644605890040257,1.3360113848384656,1.0051032807450333,-0.5514154015807999,0.045132706176212414,-0.007986516516137302,0.11446047375808127,0.24495171341931332,0.8981498782495665,0.1550229791818043,0.9880786124870755,14,normalized_multiscale_thermal,ridge
14,60.9,0.3085494891901362,1.013773504322749,0.8594987597276809,1.168048248917817,0.5810874143204026,1.0945573960261923,0.804013688865991,1.3851011031863936,1.0051032807450333,-0.5514154015807999,0.08945411528115908,0.008561323073816619,0.10574337909076727,0.2793615045053461,0.882813324135459,0.16455959766776695,0.9976152309730382,14,normalized_multiscale_thermal,ridge
14,61.099999999999994,0.4724910002065467,1.0007491862870235,0.76450368618375,1.2369946863902967,0.5894769236729434,1.0522401484761632,0.7575016866396915,1.3469786103126349,1.0051032807450333,-0.5514154015807999,0.04713686773112994,0.022895696216908415,0.09880978914594825,0.3075351719997341,0.8714186753461526,0.17294910702030775,1.006004740325579,14,normalized_multiscale_thermal,ridge
14,61.3,0.9058064943757967,1.174960685358165,0.7220574381702666,1.6278639325460633,0.5305609051011065,1.0602038613540243,0.7949234088034711,1.3254843139045775,1.0051032807450333,-0.5514154015807999,0.05510058060899099,-0.08240511896047761,0.1161935152707622,0.1990167988778031,0.86210501132441,0.11403308844847093,0.9470887217537421,14,normalized_multiscale_thermal,ridge
14,61.5,0.5226339030072986,0.9907182646181971,0.7294013131145478,1.2520352161218464,0.5537260841386659,1.1191319684708365,0.8422689264015035,1.3959950105401695,1.0051032807450333,-0.5514154015807999,0.11402868772580325,-0.03966974588903299,0.14734644978512193,0.13329085687708292,0.9741613114002488,0.13719826748603026,0.9702539007913015,14,normalized_multiscale_thermal,ridge
14,61.699999999999996,0.6511001419072993,0.8998602208837141,0.5743101499300646,1.2254102918373637,0.5278111165786193,1.02658661802276,0.7626810597334504,1.2904921763120698,1.0051032807450333,-0.5514154015807999,0.02148333727772668,-0.08760139144967363,0.19252527505209066,-0.021536410207178558,1.0771586433644171,0.11128329992598374,0.944338933231255,14,normalized_multiscale_thermal,ridge
14,61.9,0.6044870007601604,1.0097748677467937,0.7075313673667135,1.312018368126874,0.5354103569616363,1.0454298846173409,0.7777247061365227,1.313135063098159,1.0051032807450333,-0.5514154015807999,0.04032660387230762,-0.0733064021584483,0.12868010841120095,0.1682372713338126,0.90258344258946,0.1188825403090007,0.9519381736142719,14,normalized_multiscale_thermal,ridge
14,62.1,0.4322418001888376,1.0078566583112618,0.7917357582168429,1.2239775584056807,0.5690709243628367,1.0254897906595273,0.7409543284781089,1.3100252528409455,1.0051032807450333,-0.5514154015807999,0.020386509914494075,-0.012334803656489878,0.10556527051440752,0.2678532257730133,0.8702886229526601,0.15254310771020108,0.9855987410154723,14,normalized_multiscale_thermal,ridge
14,62.3,0.3508974507347276,1.0179568113021062,0.8425080859347425,1.1934055366694702,0.6020909455938352,0.955306324178256,0.6542608513813384,1.2563517969751736,1.0051032807450333,-0.5514154015807999,-0.04979695656677734,0.04406862891220459,0.12793601392847057,0.23704104334373843,0.9671408478439321,0.18556312894119964,1.0186187622464709,14,normalized_multiscale_thermal,ridge
14,62.5,0.868994059561051,1.12920055233892,0.6947035225583945,1.5636975821194454,0.5801720293566832,0.9800063033594242,0.6899202886810826,1.270092318037766,1.0051032807450333,-0.5514154015807999,-0.02509697738560911,0.006984784500458915,0.11089598338718643,0.2637437879855342,0.8966002707278322,0.1636442127040476,0.9966998460093188,14,normalized_multiscale_thermal,ridge
14,62.699999999999996,0.8046976245620623,1.2313140260205429,0.8289652137395116,1.6336628383015739,0.569972304591484,0.9816258693726319,0.6966397170768899,1.2666120216683738,1.0051032807450333,-0.5514154015807999,-0.023477411372401422,-0.010752106189190602,0.11960775870710573,0.22868606873303265,0.9112585404499353,0.15344448793884835,0.9865001212441196,14,normalized_multiscale_thermal,ridge
14,62.9,0.5023646177025226,1.0299944260778255,0.7788121172265642,1.2811767349290868,0.5076751483140145,0.9832169785134901,0.7293794043564829,1.2370545526704975,1.0051032807450333,-0.5514154015807999,-0.02188630223154324,-0.12649810619497445,0.12834429195691924,0.14146027421744933,0.8738900224105797,0.0911473316613789,0.9242029649666501,14,normalized_multiscale_thermal,ridge
14,63.1,0.6439362326443913,0.9962531813975553,0.6742850650753597,1.318221297719751,0.5664215986781432,1.0053707082944183,0.7221599089553468,1.2885815076334899,1.0051032807450333,-0.5514154015807999,0.0002674275493849375,-0.017001202489447722,0.0911128762027369,0.30644205476230363,0.8264011425939828,0.14989378202550763,0.9829494153307788,14,normalized_multiscale_thermal,ridge
14,63.3,0.6110837018168906,1.0029705866754588,0.6974287357670134,1.3085124375839041,0.6261655902148545,1.0556549699378206,0.7425721748303933,1.368737765045248,1.0051032807450333,-0.5514154015807999,0.05055168919278725,0.08327497982921214,0.09519315216160422,0.35454347362381244,0.8977877068058966,0.2096377735622189,1.0426934068674902,14,normalized_multiscale_thermal,ridge
14,63.5,0.4907376429977267,0.9838236578938964,0.7384548363950331,1.2291924793927598,0.5909686667491718,1.0213218960012658,0.7258375626266799,1.3168062293758518,1.0051032807450333,-0.5514154015807999,0.01621861525623254,0.02542312125440504,0.1228341144953855,0.24047641587610497,0.9414609176222386,0.1744408500965362,1.0074964834018074,14,normalized_multiscale_thermal,ridge
14,63.699999999999996,0.4419370330101543,1.015836615398948,0.7948680988938708,1.2368051319040252,0.6278846400612548,1.0425395500958643,0.7285972300652369,1.3564818701264918,1.0051032807450333,-0.5514154015807999,0.037436269350830914,0.08601657802304451,0.092171388354625,0.3648847600749688,0.8908845200475408,0.21135682340861917,1.0444124567138904,14,normalized_multiscale_thermal,ridge
14,63.9,0.5882255055078516,1.06928196572667,0.7751692129727441,1.3633947184805957,0.5836676407869748,1.0582093277978937,0.7663755074044063,1.350043148191381,1.0051032807450333,-0.5514154015807999,0.053106047052860414,0.012991835181845154,0.11562799739250051,0.2537371712547092,0.9135981103192403,0.16713982413433914,1.0001954574396104,14,normalized_multiscale_thermal,ridge
14,64.1,0.9777759664896188,1.233892522155569,0.7450045389107595,1.7227805054003784,0.5422042608805004,1.0310420452258924,0.7599399147856422,1.3021441756661427,1.0051032807450333,-0.5514154015807999,0.025938764480859175,-0.06069708186432929,0.11848419346291097,0.204123982203068,0.8802845395579328,0.12567644422786484,0.958732077533136,14,normalized_multiscale_thermal,ridge
14,64.3,0.5480002706142982,0.9748334233478964,0.7008332880407472,1.2488335586550454,0.5327231908212853,0.9859780384814598,0.7196164430708172,1.2523396338921025,1.0051032807450333,-0.5514154015807999,-0.019125242263573462,-0.07833792993886858,0.14339664634243432,0.12355824873105659,0.941888132911514,0.11619537416864967,0.9492510074739209,14,normalized_multiscale_thermal,ridge
14,64.5,0.5494746545621505,0.9246193128385141,0.6498819855574388,1.1993566401195894,0.5326601081947929,0.9355086650588263,0.6691786109614299,1.2018387191562228,1.0051032807450333,-0.5514154015807999,-0.06959461568620691,-0.07845635234444671,0.12337231239115186,0.18063217488792316,0.8846880415016627,0.11613229154215732,0.9491879248474285,14,normalized_multiscale_thermal,ridge
14,64.69999999999999,0.5228178743994484,0.9945340748761633,0.733125137676439,1.2559430120758874,0.5226352027046656,1.0129722523392004,0.7516546509868676,1.2742898536915332,1.0051032807450333,-0.5514154015807999,0.007868971594167115,-0.09745616587801048,0.11492351045346937,0.1947149012269837,0.8505555041823474,0.10610738605202996,0.9391630193573012,14,normalized_multiscale_thermal,ridge
14,64.9,0.5150611466909794,0.9608395644818792,0.7033089911363894,1.218370137827369,0.509805255356671,1.0010873524183055,0.74618472473997,1.255989980096641,1.0051032807450333,-0.5514154015807999,-0.004015928326727889,-0.12231107684891943,0.10974410746177787,0.19666375226243693,0.822946758450905,0.09327743870403538,0.9263330720093066,14,normalized_multiscale_thermal,ridge
14,65.1,0.46413596361505105,0.9736154650016402,0.7415474831941146,1.2056834468091657,0.5392175236958862,1.0472986737082977,0.7776899118603546,1.3169074355562407,1.0051032807450333,-0.5514154015807999,0.04219539296326437,-0.06622081889534452,0.1252185872482984,0.18192146896305905,0.8965135784287133,0.12268970704325055,0.9557453403485218,14,normalized_multiscale_thermal,ridge
14,65.3,0.6264353553638334,0.9465937049207245,0.6333760272388077,1.2598113826026411,0.5096750782876764,1.0346228093947334,0.7797852702508952,1.2894603485385716,1.0051032807450333,-0.5514154015807999,0.029519528649700068,-0.12256645611501404,0.12461547398313413,0.1540999341236048,0.8652502224517481,0.09314726163504083,0.926202894940312,14,normalized_multiscale_thermal,ridge
14,65.5,0.5475403655526165,1.0286861957515168,0.7549160129752085,1.302456378527825,0.4730199648981358,0.9908888000753207,0.7543788176262527,1.2273987825243886,1.0051032807450333,-0.5514154015807999,-0.0142144806697127,-0.19720228071321472,0.1471154175934512,0.05324395998056913,0.8927959698157024,0.056492148245500196,0.8895477815507714,14,normalized_multiscale_thermal,ridge
14,65.69999999999999,0.7752218509477895,1.064611921630085,0.6770009961561904,1.4522228471039795,0.5128413508768666,0.9880016185055044,0.7315809430670711,1.2444222939439378,1.0051032807450333,-0.5514154015807999,-0.017101662239528945,-0.11637333761051283,0.11362429310053425,0.18862820857295548,0.8370544931807776,0.09631353422423095,0.9293691675295022,14,normalized_multiscale_thermal,ridge
14,65.9,0.5102825405012783,0.9754829311318443,0.7203416608812051,1.2306242013824833,0.5724105346423182,1.0029945927294006,0.7167893254082416,1.2891998600505596,1.0051032807450333,-0.5514154015807999,-0.002108688015632661,-0.006483425551714651,0.11136882447895063,0.25463309855243377,0.8901879707322026,0.15588271798968256,0.9889383512949538,14,normalized_multiscale_thermal,ridge
14,66.1,0.5700310722670826,0.9771346320135217,0.6921190958799804,1.262150168147063,0.5793183866111542,0.9684891204179188,0.6788299271123417,1.258148313723496,1.0051032807450333,-0.5514154015807999,-0.036614160327114495,0.005512339557396575,0.10244193603038018,0.2870127442366043,0.8716240289857041,0.1627905699585186,0.9958462032637898,14,normalized_multiscale_thermal,ridge
14,66.3,0.38092536265656557,1.030799566813034,0.8403368854847513,1.221262248141317,0.5723910405563553,0.8738665687420643,0.5876710484638866,1.1600620890202418,1.0051032807450333,-0.5514154015807999,-0.13123671200296902,-0.006517482258810634,0.1049960179546467,0.2727976351183608,0.8719844459943498,0.15586322390371965,0.9889188572089909,14,normalized_multiscale_thermal,ridge
14,66.5,0.8325851090572409,1.234748182165721,0.8184556276371004,1.6510407366943416,0.5745470010951749,0.9691306096231365,0.681857109075549,1.256404110170724,1.0051032807450333,-0.5514154015807999,-0.03597267112189682,-0.0027579712828508136,0.11665406709761915,0.24168876608035517,0.9074052361099946,0.15801918444253926,0.9910748177478105,14,normalized_multiscale_thermal,ridge
14,66.69999999999999,0.39604916845724014,0.997987081567498,0.7999624973388778,1.1960116657961182,0.5260346412091544,0.9503086081238573,0.68729128751928,1.2133259287284346,1.0051032807450333,-0.5514154015807999,-0.05479467262117598,-0.09097280902007703,0.14027535399070362,0.12577592835731927,0.9262933540609897,0.10950682455651883,0.94256245786179,14,normalized_multiscale_thermal,ridge
14,66.9,0.4840294898067126,0.978470488624472,0.7364557437211156,1.2204852335278282,0.6247958442327431,1.0070104264979272,0.6946125043815556,1.3194083486142987,1.0051032807450333,-0.5514154015807999,0.0019071457528937515,0.0810850697459738,0.16058002209034458,0.16660022309846934,1.082991465367017,0.20826802758010754,1.0413236608853786,14,normalized_multiscale_thermal,ridge
14,67.1,0.4856847966009482,0.9626771533637593,0.7198347550632852,1.2055195516642334,0.5546148266013092,0.9928461797360691,0.7155387664354145,1.2701535930367238,1.0051032807450333,-0.5514154015807999,-0.012257101008964127,-0.03806601071239918,0.22003499101951268,-0.07322833887501479,1.1824579920776332,0.13808700994867362,0.9711426432539448,14,normalized_multiscale_thermal,ridge
14,67.3,0.5244900558923089,0.9791980884134317,0.7169530604672772,1.241443116359586,0.5608525873843272,0.9722557591052726,0.691829465413109,1.2526820527974363,1.0051032807450333,-0.5514154015807999,-0.0328475216397607,-0.026881773993961324,0.13995707678152916,0.1615020399546423,0.9602031348140121,0.1443247707316916,0.9773804040369628,14,normalized_multiscale_thermal,ridge
14,67.5,0.552299351976832,0.9098761737478003,0.6337264977593843,1.1860258497362164,0.5144269079346931,0.9525045971263317,0.6952911431589852,1.2097180510936782,1.0051032807450333,-0.5514154015807999,-0.05259868361870159,-0.11328639648619104,0.1538372668869552,0.07547092114817872,0.9533828947212075,0.09789909128205754,0.9309547245873288,14,normalized_multiscale_thermal,ridge
14,67.69999999999999,0.5964969819920152,0.9798001557087088,0.6815516647127012,1.2780486467047165,0.5828483532606915,1.0030245047110078,0.711600328080662,1.2944486813413536,1.0051032807450333,-0.5514154015807999,-0.00207877603402543,0.01158716063785968,0.1284499577311661,0.216331974690323,0.9493647318310601,0.1663205366080559,0.9993761699133271,14,normalized_multiscale_thermal,ridge
14,67.9,0.5703128226350932,0.9697882714043058,0.6846318600867592,1.2549446827218524,0.5388956275484991,0.9531626523406258,0.6837148385663763,1.2226104661148753,1.0051032807450333,-0.5514154015807999,-0.051940628404407524,-0.06681796615503757,0.12314043905418935,0.1875293166917386,0.8902619384052595,0.12236781089586346,0.9554234442011347,14,normalized_multiscale_thermal,ridge
14,68.1,0.6006670675346995,0.9581616666497013,0.6578281328823516,1.2584952004170509,0.5231910488564343,0.9671033353713652,0.7055078109431481,1.2286988597995823,1.0051032807450333,-0.5514154015807999,-0.03799994537366812,-0.09639318585952686,0.1319848819254454,0.14658819274187218,0.8997939049709964,0.1066632322037987,0.9397188655090699,14,normalized_multiscale_thermal,ridge
14,68.3,0.7540471866555902,1.099422713680277,0.7223991203524819,1.476446307008072,0.5265974209950056,0.9324367229703184,0.6691380124728157,1.1957354334678212,1.0051032807450333,-0.5514154015807999,-0.07266655777471483,-0.089903527815979,0.14864660455634715,0.10245235975023226,0.950742482239779,0.11006960434237001,0.9431252376476412,14,normalized_multiscale_thermal,ridge
14,68.5,0.4484184451663604,0.9996891274249237,0.7754799048417433,1.223898350008104,0.47711974134880875,0.8463603978384553,0.607800527164051,1.0849202685128596,1.0051032807450333,-0.5514154015807999,-0.158742882906578,-0.18857238793441483,0.17051122095761373,-0.009413351498081035,0.9636528341956985,0.06059192469617314,0.8936475580014444,14,normalized_multiscale_thermal,ridge
14,68.7,0.8409420645892227,1.087427035533275,0.6669560032386636,1.5078980678278864,0.4763024499493029,0.9951347147487317,0.7569834897740803,1.233285939723383,1.0051032807450333,-0.5514154015807999,-0.009968565996301621,-0.19028682589726864,0.11256048115464198,0.15512476603537712,0.7974801338632287,0.05977463329666727,0.8928302666019385,14,normalized_multiscale_thermal,ridge
14,68.9,0.5764195146075759,0.9414452955371047,0.6532355382333167,1.2296550528408927,0.5478141510705996,0.9711138506548952,0.6972067751195954,1.245020926190195,1.0051032807450333,-0.5514154015807999,-0.033989430090138106,-0.05040378835654391,0.14002138684559845,0.14828010267131814,0.9473481994698811,0.131286334417964,0.9643419677232352,14,normalized_multiscale_thermal,ridge
14,69.1,0.4075684596499016,0.9883940647900977,0.7846098349651469,1.1921782946150485,0.4727739563054594,1.0044519601300015,0.7680649819772718,1.2408389382827312,1.0051032807450333,-0.5514154015807999,-0.0006513206150317342,-0.19772249678292977,0.19027203950748742,-0.07014423608069287,1.0156921486916115,0.05624613965282377,0.889301772958095,14,normalized_multiscale_thermal,ridge
14,69.3,0.9688609115090739,1.1904533482667015,0.7060228925121645,1.6748838040212384,0.4716491048879529,1.0258576888540651,0.7900331364100887,1.2616822412980415,1.0051032807450333,-0.5514154015807999,0.020754408109031883,-0.20010459013839446,0.18737894588947132,-0.06301399567512883,1.0063122054510347,0.05512128823531731,0.8881769215405886,14,normalized_multiscale_thermal,ridge
14,69.5,0.5241360199708637,0.9803749760199232,0.7183069660344913,1.242442986005355,0.467637025839249,0.9835558401117902,0.7497373271921657,1.2173743530314147,1.0051032807450333,-0.5514154015807999,-0.021547440633243067,-0.20864746821954214,0.1118156293157862,0.14858468632691707,0.786689365351581,0.05110920918661338,0.8841648424918847,14,normalized_multiscale_thermal,ridge
14,69.7,1.1260728438501533,0.9373875599849485,0.3743511380598719,1.5004239819100251,0.4914609494128874,1.053339107905477,0.8076086331990333,1.2990695826119207,1.0051032807450333,-0.5514154015807999,0.04823582716044367,-0.15895739282635504,0.12421595720542578,0.1370257779286841,0.8458961208970908,0.07493313276025182,0.907988766065523,14,normalized_multiscale_thermal,ridge
14,69.9,0.4396547984877224,0.9582978582092078,0.7384704589653466,1.178125257453069,0.4961236880694268,1.0128428554085653,0.7647810113738519,1.2609046994432787,1.0051032807450333,-0.5514154015807999,0.007739574663532063,-0.14951461065650087,0.17515767991809206,-0.00366751199252785,0.9959148881313815,0.0795958714167912,0.9126515047220625,14,normalized_multiscale_thermal,ridge
14,70.1,0.6040963962887701,0.9799881510877009,0.6779399529433158,1.2820363492320859,0.4247022346218012,0.9253368400121842,0.7129857227012836,1.1376879573230847,1.0051032807450333,-0.5514154015807999,-0.07976644073284912,-0.3049515784481999,0.18552263018618304,-0.10466409417840866,0.954068563422011,0.00817441796916557,0.8412300512744368,14,normalized_multiscale_thermal,ridge
14,70.3,0.46830262748623425,0.9988553898160554,0.7647040760729382,1.2330067035591725,0.46769289015211757,0.8472023443782151,0.6133558993021563,1.081048789454274,1.0051032807450333,-0.5514154015807999,-0.15790093636681826,-0.20852801451239578,0.11903639941211619,0.1280369587590081,0.807348821545227,0.05116507349948196,0.8842207068047532,14,normalized_multiscale_thermal,ridge
14,70.5,0.8820828038413606,0.838910864545215,0.3978694626245346,1.2799522664658953,0.5333035250852188,0.9732363662547806,0.7065846037121712,1.23988812879739,1.0051032807450333,-0.5514154015807999,-0.03186691449025265,-0.07724914986871907,0.15363714440763293,0.09491856352663974,0.9716884866437979,0.11677570843258323,0.9498313417378544,14,normalized_multiscale_thermal,ridge
14,70.7,0.9346623558194878,0.7743956376438681,0.3070644597341242,1.2417268155536119,0.4974037148251902,0.9689994472397273,0.7202975898271322,1.2177013046523224,1.0051032807450333,-0.5514154015807999,-0.03610383350530597,-0.14693787757341153,0.17344923459577374,0.002487356324741674,0.9923200733256388,0.08087589817255458,0.9139315314778258,14,normalized_multiscale_thermal,ridge
14,70.9,1.0217972853668047,0.7322895939731638,0.22139095128976138,1.2431882366565663,0.5015928782667896,1.0037124696814048,0.75291603054801,1.2545089088147996,1.0051032807450333,-0.5514154015807999,-0.001390811063628386,-0.1385510862161353,0.12149847722108,0.1549117063968517,0.8482740501367274,0.08506506161415395,0.9181206949194252,14,normalized_multiscale_thermal,ridge
14,71.1,0.5513526192438525,0.9531449868176122,0.6774686771956859,1.2288212964395384,0.47289646348698655,0.9740842396778335,0.7376360079343403,1.2105324714213268,1.0051032807450333,-0.5514154015807999,-0.031019041067199826,-0.19746340613221577,0.1280505589414544,0.10751972093204515,0.838273206041928,0.056368646834350944,0.8894242801396222,14,normalized_multiscale_thermal,ridge
14,71.3,0.5597746130593917,0.9681165927035353,0.6882292861738394,1.2480038992332312,0.48930648817229294,0.9727060254321295,0.728052781345983,1.217359269518276,1.0051032807450333,-0.5514154015807999,-0.03239725531290378,-0.16335081908321325,0.11567752402152413,0.15923470040969734,0.8193782759348885,0.07277867151965733,0.9058343048249285,14,normalized_multiscale_thermal,ridge
14,71.5,1.0705448061435219,0.9681961894766571,0.43292378640489604,1.5034685925484181,0.5811469146054944,0.9961478190185974,0.7055743617158502,1.2867212763213445,1.0051032807450333,-0.5514154015807999,-0.008955461726435932,0.008663712555288486,0.1168377174651643,0.24776465553629046,0.9145291736746983,0.16461909795285878,0.99767473125813,14,normalized_multiscale_thermal,ridge
14,71.7,0.4899935496868929,0.9887983393958428,0.7438015645523963,1.2337951142392893,0.5967880542310711,0.966938365188094,0.6685443380725584,1.2653323923036295,1.0051032807450333,-0.5514154015807999,-0.03816491555693939,0.035222154919035,0.12116658353497319,0.25105390074907874,0.9425222077130634,0.18026023757843546,1.0133158708837067,14,normalized_multiscale_thermal,ridge
14,71.9,0.5366653425077538,1.0172953761060526,0.7489627048521756,1.2856280473599295,0.5617557201655183,0.9823044470839247,0.7014265870011656,1.263182307166684,1.0051032807450333,-0.5514154015807999,-0.022798833661108527,-0.025272783627585362,0.11192439155484735,0.24239304079251223,0.8811183995385244,0.14522790351288273,0.9782835368181539,14,normalized_multiscale_thermal,ridge
14,72.1,0.5389400978392722,0.9789421342124007,0.7094720852927646,1.248412183132037,0.5681874971921956,0.9721219076248833,0.6880281590287854,1.2562156562209812,1.0051032807450333,-0.5514154015807999,-0.032981373120150044,-0.013888412460946454,0.13025259988666651,0.19652749781912454,0.9398474965652668,0.15165968053956003,0.9847153138448312,14,normalized_multiscale_thermal,ridge
14,72.3,0.9500056212121567,1.1354075761360138,0.6604047655299357,1.610410386742092,0.5602476327711534,1.0216572484968736,0.7415334321112969,1.3017810648824502,1.0051032807450333,-0.5514154015807999,0.01655396775184015,-0.02796099003729818,0.1128271590075888,0.23830901594114562,0.8821862496011612,0.1437198161185178,0.976775449423789,14,normalized_multiscale_thermal,ridge
14,72.5,0.8959138620424352,1.184005732376709,0.7360488013554913,1.6319626633979265,0.5670423247446174,0.9913500788471614,0.7078289164748528,1.27487124121947,1.0051032807450333,-0.5514154015807999,-0.013753201897871919,-0.015905929643616364,0.09773323960855876,0.28817237663417306,0.8459122728550617,0.15051450809198175,0.983570141397253,14,normalized_multiscale_thermal,ridge
14,72.7,0.46996889758353494,1.1033033837132074,0.8683189349214397,1.3382878325049747,0.6220630515348993,1.0312715609124414,0.7202400351449918,1.342303086679891,1.0051032807450333,-0.5514154015807999,0.026168280167408124,0.07670157922751895,0.072925217627828,0.4139797859308159,0.8301463171389827,0.20553523488226366,1.0385908681875349,14,normalized_multiscale_thermal,ridge
14,72.9,0.8792820523451648,1.1474122937798543,0.707771267607272,1.5870533199524368,0.5660741890865842,1.0688815764940571,0.7858444819507651,1.3519186710373492,1.0051032807450333,-0.5514154015807999,0.06377829574902388,-0.017614731663171738,0.09615347691486215,0.2917119022609032,0.8404364759122653,0.14954637243394864,0.9826020057392199,14,normalized_multiscale_thermal,ridge
14,73.1,0.8822578876800828,1.0971446363286317,0.6560156924885903,1.538273580168673,0.5665941976535557,1.06865400189692,0.7853569030701422,1.3519511007236977,1.0051032807450333,-0.5514154015807999,0.06355072115188667,-0.016696530697039514,0.09869500096252343,0.2849799801425576,0.8482084151645537,0.15006638100092007,0.9831220143061913,14,normalized_multiscale_thermal,ridge
14,73.3,0.7631072425538522,1.1111305727179523,0.7295769514410264,1.4926841939948785,0.5670823130378752,1.0570435307392594,0.7735023742203218,1.340584687258197,1.0051032807450333,-0.5514154015807999,0.05194024999422614,-0.015835411303846265,0.08568403329568387,0.3225933140569346,0.8115713120188157,0.15055449638523954,0.9836101296905108,14,normalized_multiscale_thermal,ridge
14,73.5,0.8220467301301286,1.1157268825088869,0.7047035174438225,1.5267502475739512,0.5633499765739476,1.0408509008857834,0.7591759125988096,1.3225258891727572,1.0051032807450333,-0.5514154015807999,0.03574762014075005,-0.02243881437464115,0.08476293381519942,0.3214892232682354,0.8052107298796598,0.14682215992131198,0.9798777932265832,14,normalized_multiscale_thermal,ridge
14,73.7,0.7938663205570945,1.073959214077663,0.6770260537991158,1.4708923743562103,0.5655241502503405,1.0603321433406092,0.777570068215439,1.3430942184657795,1.0051032807450333,-0.5514154015807999,0.05522886259557595,-0.018586876744057273,0.0898858047004245,0.30904590607191085,0.8220023944287702,0.14899633359770492,0.9820519669029761,14,normalized_multiscale_thermal,ridge
14,73.9,0.831115621015729,1.1579613553154633,0.7424035448075988,1.5735191658233278,0.5487606909901706,0.963499091624092,0.6891187461290067,1.2378794371191773,1.0051032807450333,-0.5514154015807999,-0.04160418912094132,-0.048677430759512114,0.10606565284728675,0.2461152120897353,0.8514061698906058,0.13223287433753494,0.9652885076428062,14,normalized_multiscale_thermal,ridge
14,74.1,0.5411522466393853,0.9835762647589141,0.7130001414392214,1.2541523880786067,0.5343584956979396,1.0645610575709974,0.7973818097220275,1.3317403054199672,1.0051032807450333,-0.5514154015807999,0.05945777682596416,-0.07527292343089335,0.09081509200744613,0.2752286428741118,0.7934883485217674,0.11783067904530398,0.9508863123505752,14,normalized_multiscale_thermal,ridge
14,74.3,0.6346442699878139,0.9393541621965595,0.6220320272026526,1.2566762971904666,0.5607930864826196,0.9942894607380152,0.7138929174967054,1.2746860039793249,1.0051032807450333,-0.5514154015807999,-0.01081382000701818,-0.026987869712332437,0.12249810825920987,0.2112595886604327,0.9103265843048065,0.144265269829984,0.9773209031352552,14,normalized_multiscale_thermal,ridge
14,74.5,0.8808765985120701,1.1536690085055208,0.7132307092494857,1.594107307761556,0.5225489601784269,1.0393665189657062,0.7780920388764927,1.3006409990549197,1.0051032807450333,-0.5514154015807999,0.034263238220672815,-0.09762119426151836,0.1261524856841136,0.16258813950333378,0.88250978085352,0.10602114352579128,0.9390767768310625,14,normalized_multiscale_thermal,ridge
14,74.7,0.7136472306068739,1.040343515763003,0.6835199004595662,1.39716713106644,0.5558442023716869,1.0796137783201099,0.8016916771342664,1.3575358795059533,1.0051032807450333,-0.5514154015807999,0.07451049757507648,-0.03585183397906419,0.08483070545215635,0.3137900709178929,0.7978983338254808,0.13931638571905125,0.9723720190243225,14,normalized_multiscale_thermal,ridge
14,74.9,0.576921502405612,0.9823773823232819,0.6939166311204759,1.2708381335260879,0.5610640133149672,1.0548206987242659,0.7742886920667822,1.3353527053817495,1.0051032807450333,-0.5514154015807999,0.04971741797923268,-0.026504872657425117,0.12465077408349742,0.20538814459499188,0.9167398820349426,0.14453619666233164,0.9775918299676029,14,normalized_multiscale_thermal,ridge
14,75.1,0.4142113204356701,0.979277133308986,0.772171473091151,1.1863827935268212,0.5351988585870937,1.010503774267989,0.7429043449744421,1.2781032035615358,1.0051032807450333,-0.5514154015807999,0.005400493522955652,-0.07370150127439516,0.1048762585326287,0.23594717213782468,0.8344505450363627,0.1186710419344581,0.9517266752397293,14,normalized_multiscale_thermal,ridge
14,75.3,0.4635433921040003,1.0099360175355576,0.7781643214835574,1.2417077135875578,0.5544349365623682,1.038693966729491,0.7614764984483069,1.315911435010675,1.0051032807450333,-0.5514154015807999,0.03359068598445776,-0.03839041462373585,0.1040930368628503,0.25741807817451284,0.8514517949502236,0.1379071199097326,0.9709627532150038,14,normalized_multiscale_thermal,ridge
14,75.5,0.8187454180992717,1.1357022494080298,0.7263295403583939,1.5450749584576655,0.5398167382974277,1.0306580426748686,0.7607496735261547,1.3005664118235825,1.0051032807450333,-0.5514154015807999,0.025554761929835267,-0.06511016896652555,0.09064170352537838,0.2811816284821285,0.798451848112727,0.1232889216447921,0.9563445549500633,14,normalized_multiscale_thermal,ridge
14,75.7,0.644886305048461,1.0314643121840739,0.7090211596598434,1.3539074647083045,0.533483225400116,0.9980303869925805,0.7312887742925225,1.2647719996926385,1.0051032807450333,-0.5514154015807999,-0.0070728937524527575,-0.07691224970284237,0.09590623780706264,0.2598264053883773,0.8071400454118546,0.11695540874748034,0.9500110420527516,14,normalized_multiscale_thermal,ridge
14,75.9,0.5112906445172788,0.9724394580350642,0.7167941357764248,1.2280847802937036,0.5311664181291627,1.0256587128463894,0.7600755037818081,1.2912419219109708,1.0051032807450333,-0.5514154015807999,0.02055543210135611,-0.08126450012086439,0.09959466927655185,0.2469851061776796,0.8153477300806458,0.11463860147652705,0.9476942347817983,14,normalized_multiscale_thermal,ridge
14,76.1,0.543863361270901,0.9197395151558537,0.6478078345204032,1.1916711957913042,0.5781274319394035,0.9814873680326153,0.6924236520629135,1.270551084002317,1.0051032807450333,-0.5514154015807999,-0.023615912712418044,0.0034544374543919905,0.15006343947705883,0.1499396040534911,1.006315259825316,0.16159961528676792,0.9946552485920391,14,normalized_multiscale_thermal,ridge
14,76.3,0.4213827636922411,0.9553849140075412,0.7446935321614205,1.166076295853662,0.5471555564393255,1.0178718719110387,0.744294093691376,1.2914496501307013,1.0051032807450333,-0.5514154015807999,0.012768591166005433,-0.051606734348888794,0.09992787812014906,0.2620234734574738,0.8322876394211771,0.13062773978668984,0.9636833730919611,14,normalized_multiscale_thermal,ridge
14,76.5,0.5373355288826045,0.9307440206586228,0.6620762562173206,1.199411785099925,0.5919943198043145,0.965900016008854,0.6699028561066968,1.2618971759110114,1.0051032807450333,-0.5514154015807999,-0.03920326473617928,0.027157162511492597,0.12232254833041051,0.24296176095059563,0.9410268786580334,0.1754665031516789,1.00852213645695,14,normalized_multiscale_thermal,ridge
14,76.7,0.5809060514442081,0.9356894350811036,0.6452364093589995,1.2261424608032077,0.5510668757097711,1.0424569634589045,0.766923525604019,1.31799040131379,1.0051032807450333,-0.5514154015807999,0.03735368271387115,-0.04448370408926469,0.10538716187076216,0.25035738853717215,0.85177636288237,0.13453905905713548,0.9675946923624067,14,normalized_multiscale_thermal,ridge
14,76.9,0.5204626587038639,0.9783032539651921,0.7180719246132602,1.238534583317124,0.5795830477139232,1.088698890420366,0.7989073665634044,1.3784904142773278,1.0051032807450333,-0.5514154015807999,0.08359560967533274,0.005969084366801783,0.0767666065653062,0.36053884458278,0.7986272508450665,0.1630552310612876,0.9961108643665588,14,normalized_multiscale_thermal,ridge
14,77.1,0.4832425198002476,0.9921939900752279,0.7505727301751041,1.2338152499753516,0.5940594867427696,1.0773544268726283,0.7803246835012434,1.3743841702440132,1.0051032807450333,-0.5514154015807999,0.07225114612759494,0.03063958297862741,0.08504312539401782,0.35139924074287254,0.8367197327426668,0.17753167009013404,1.0105873033954054,14,normalized_multiscale_thermal,ridge
14,77.3,0.44652247559460534,0.981721230139522,0.7584599923422193,1.2049824679368246,0.5613459025372035,1.0217247560862652,0.7410518048176635,1.302397707354867,1.0051032807450333,-0.5514154015807999,0.016621475341231956,-0.026002579824509545,0.12644519921381506,0.20054985929948982,0.9221419457749171,0.1448180858845679,0.9778737191898391,14,normalized_multiscale_thermal,ridge
14,77.5,0.4582315427524266,0.999635040579776,0.7705192692035626,1.2287508119559893,0.5661615681716391,1.0209208902872704,0.7378401062014508,1.30400167437309,1.0051032807450333,-0.5514154015807999,0.015817609542237078,-0.01746038379936651,0.09696231028894321,0.28949137339198666,0.8428317629512916,0.1496337515190035,0.9826893848242747,14,normalized_multiscale_thermal,ridge
14,77.7,0.47880719360511953,1.001419814019556,0.7620162172169962,1.2408234108221157,0.5536919210058828,1.0276917791384121,0.7508458186354707,1.3045377396413536,1.0051032807450333,-0.5514154015807999,0.022588498393378835,-0.03973144460195817,0.08903943131555501,0.29962870065011526,0.8077551413616504,0.13716410435324722,0.9702197376585184,14,normalized_multiscale_thermal,ridge
14,77.9,0.5555943344029959,0.9488055667061254,0.6710083995046274,1.2266027339076233,0.6171199884980217,1.0928538097732987,0.7842938155242878,1.4014138040223096,1.0051032807450333,-0.5514154015807999,0.08775052902826545,0.06872359842042537,0.06334956411623952,0.43635968904747646,0.797880287948567,0.20059217184538614,1.0336478051506575,14,normalized_multiscale_thermal,ridge
14,78.1,0.5113363714243289,0.899522773611966,0.6438545878998015,1.1551909593241305,0.614873767510855,1.0432815032326415,0.7358446194772139,1.350718386988069,1.0051032807450333,-0.5514154015807999,0.03817822248760807,0.06507711325735813,0.08809825762741161,0.3634960721476763,0.8662514628740337,0.19834595085821938,1.0314015841634907,14,normalized_multiscale_thermal,ridge
14,78.3,0.4391113535195232,0.9241841746063184,0.7046284978465567,1.1437398513660801,0.5672853857639355,1.075536435813699,0.7918937429317312,1.3591791286956667,1.0051032807450333,-0.5514154015807999,0.07043315506866568,-0.015477374437239146,0.07779121752950204,0.34531757949057473,0.7892531920372963,0.1507575691112999,0.9838132024165711,14,normalized_multiscale_thermal,ridge
14,78.5,0.4768028955750494,1.0027530378989238,0.7643515901113991,1.2411544856864485,0.5692946546044394,1.1352043257170488,0.8505569984148291,1.4198516530192684,1.0051032807450333,-0.5514154015807999,0.13010104497201536,-0.011941730906194058,0.09552106441825134,0.29673688015162775,0.8418524290572511,0.1527668379518038,0.985822471257075,14,normalized_multiscale_thermal,ridge
14,78.7,0.5040390006275759,0.9784635187748383,0.7264440184610502,1.2304830190886262,0.5905435666956285,1.0916531451419047,0.7963813617940905,1.386924928489719,1.0051032807450333,-0.5514154015807999,0.08654986439687137,0.024703534846658524,0.0927767668523828,0.325816312574063,0.855270820817194,0.17401575004299286,1.007071383348264,14,normalized_multiscale_thermal,ridge
14,78.9,0.49758925813677285,0.9652817941018716,0.7164871650334852,1.214076423170258,0.5983932492803404,1.0635363174368049,0.7643396927966346,1.3627329420769752,1.0051032807450333,-0.5514154015807999,0.058433036691771634,0.037908267912442714,0.08589056623820818,0.353314933592049,0.8434715649686318,0.18186543262770483,1.0149210659329762,14,normalized_multiscale_thermal,ridge
14,79.1,0.4124122800149879,0.9219244893539051,0.7157183493464112,1.128130629361399,0.5618637124323708,1.0693811124939843,0.7884492562777989,1.3503129687101696,1.0051032807450333,-0.5514154015807999,0.06427783174895085,-0.025080561485368993,0.08427062566406124,0.321407700738746,0.8023197241259955,0.14533589577973516,0.9783915290850064,14,normalized_multiscale_thermal,ridge
14,79.3,0.4063372056006881,0.9104368610784088,0.7072682582780646,1.113605463878753,0.5233213505085323,0.9544044859947927,0.6927438107405265,1.216065161249059,1.0051032807450333,-0.5514154015807999,-0.05069879475024067,-0.09614416510669024,0.11439279350773618,0.19691538548087223,0.8497273155361924,0.10679353385589674,0.939849167161168,14,normalized_multiscale_thermal,ridge
14,79.5,0.5299475703142706,0.9285638069488116,0.6635900217916763,1.193537592105947,0.5320831666358613,1.1094918822113187,0.8434502988933881,1.3755334655292493,1.0051032807450333,-0.5514154015807999,0.10438860146628531,-0.07954007201478505,0.0838951524381023,0.2926985222627041,0.7714678110090185,0.1155553499832257,0.9486109832884969,14,normalized_multiscale_thermal,ridge
14,79.7,0.6343973298643522,1.0500031175458713,0.7328044526136953,1.3672017824780471,0.5392116257285589,1.0624132722912423,0.7928074594269628,1.3320190851555216,1.0051032807450333,-0.5514154015807999,0.057309991546209,-0.06623175696639066,0.09224772069310737,0.2759939406704571,0.8024293107866606,0.12268380907592324,0.9557394423811945,14,normalized_multiscale_thermal,ridge
14,79.9,0.9788592847753986,1.246970027128934,0.7575403847412346,1.7363996695166333,0.5196237940713221,1.080560205040524,0.820748308004863,1.3403721020761852,1.0051032807450333,-0.5514154015807999,0.0754569242954908,-0.10323480059847023,0.12283283430835282,0.16913519605671778,0.8701123920859264,0.10309597741868648,0.9361516107239577,14,normalized_multiscale_thermal,ridge
14,80.1,0.5244811143393265,1.0557513463344232,0.7935107891647601,1.3179919035040866,0.5541480078584038,1.0304960951056497,0.7534220911764478,1.3075700990348516,1.0051032807450333,-0.5514154015807999,0.02539281436061641,-0.03890806413623378,0.09322946715162728,0.2881290283272896,0.820166987389518,0.13762019120576818,0.9706758245110394,14,normalized_multiscale_thermal,ridge
14,80.3,0.8170270489905993,1.1916083638278603,0.7830948393325607,1.60012188832316,0.5706975823599312,0.9830277891815605,0.6976789980015949,1.2683765803615261,1.0051032807450333,-0.5514154015807999,-0.022075491563472754,-0.009480436139014201,0.0887817330640499,0.3173696727163963,0.824025492003466,0.15416976570729557,0.9872253990125668,14,normalized_multiscale_thermal,ridge
14,80.5,0.6303347406833276,1.0532677367517023,0.7381003664100385,1.3684351070933662,0.6053656038153615,1.024413857578824,0.7217310556711432,1.3270966594865048,1.0051032807450333,-0.5514154015807999,0.019310576833790595,0.049492701938517736,0.0810222365177536,0.3741784766517244,0.8365527309789986,0.18883778716272592,1.0218934204679972,14,normalized_multiscale_thermal,ridge
14,80.7,1.151952463441021,0.8845787815251265,0.30860254980461593,1.460555013245637,0.6270828128527579,0.9554144324972319,0.641873026070853,1.2689558389236109,1.0051032807450333,-0.5514154015807999,-0.04968884824780139,0.08473873242514801,0.09555217388918398,0.35443627129696803,0.8997293544085478,0.2105549962001223,1.0436106295053935,14,normalized_multiscale_thermal,ridge
14,80.9,0.9942320744755121,1.1520089008774466,0.6548928636396906,1.6491249381152027,0.614757867693017,0.9910749706254256,0.6836960367789171,1.298453904471934,1.0051032807450333,-0.5514154015807999,-0.014028310119607715,0.06488860181236429,0.07279534673842192,0.4070451729237365,0.8224705624622974,0.19823005104038138,1.0312856843456526,14,normalized_multiscale_thermal,ridge
14,81.1,1.0906763305423535,1.23504496390571,0.6897067986345332,1.7803831291768868,0.5639844756940271,1.0443577496083603,0.7623655117613467,1.326349987455374,1.0051032807450333,-0.5514154015807999,0.039254468863327036,-0.02131315164730817,0.0875545469160305,0.31415819291552516,0.813810758472529,0.1474566590413915,0.9805122923466627,14,normalized_multiscale_thermal,ridge
14,81.3,1.1892050131906025,1.062204485410186,0.4676019788148847,1.656806992005487,0.5442070672394856,1.0597190323484542,0.7876154987287114,1.331822565968197,1.0051032807450333,-0.5514154015807999,0.05461575160342097,-0.05701006466189938,0.10182985943259736,0.2536479112164264,0.8347662232625449,0.12767925058685003,0.9607348838921212,14,normalized_multiscale_thermal,ridge
14,81.5,0.6097189563084138,1.0340248226830195,0.7291653445288127,1.3388843008372264,0.5980659726104892,0.9749994057288566,0.6759664194236119,1.2740323920341012,1.0051032807450333,-0.5514154015807999,-0.030103875016176708,0.037361192555379265,0.1109298236345219,0.28154117219702984,0.9145907730239486,0.1815381559578536,1.0145937892631247,14,normalized_multiscale_thermal,ridge
14,81.7,0.5104881258343624,0.9624883031867929,0.7072442402696117,1.217732366103974,0.5544480277077264,0.9810690816184866,0.7038450677646234,1.2582930954723497,1.0051032807450333,-0.5514154015807999,-0.024034199126546682,-0.03836680321336945,0.13040483378222895,0.18235364737351883,0.926542408041934,0.13792021105509078,0.970975844360362,14,normalized_multiscale_thermal,ridge
14,81.9,0.462269576826297,1.0203987603229707,0.7892639719098221,1.2515335487361192,0.5717939604463808,1.0023735698486969,0.7164765896255065,1.2882705500718872,1.0051032807450333,-0.5514154015807999,-0.0027297108963365256,-0.00756115992221169,0.12761434537751848,0.20766190040096322,0.9359260204917983,0.15526614379374515,0.9883217770990164,14,normalized_multiscale_thermal,ridge
14,82.1,0.6064258505244688,1.0555273848687148,0.7523144596064804,1.3587403101309492,0.5781958723740689,1.0335022590153538,0.7444043228283193,1.3226001952023883,1.0051032807450333,-0.5514154015807999,0.028398978270320396,0.0035728134042495134,0.09355005652343415,0.3112621299451052,0.8451296148030325,0.16166805572143328,0.9947236890267045,14,normalized_multiscale_thermal,ridge
14,82.3,0.7025313963799457,1.0338262479205922,0.6825605497306194,1.385091946110565,0.5775283140754662,1.0501928280395507,0.7614286710018177,1.3389569850772838,1.0051032807450333,-0.5514154015807999,0.045089547294517376,0.002417592494850112,0.11053530656391114,0.2621292202839357,0.8929274078669968,0.16100049742283062,0.9940561307281018,14,normalized_multiscale_thermal,ridge
14,82.5,0.536469572233667,0.9451246971864964,0.676889911069663,1.2133594833033299,0.6049287769817906,1.0752448724945807,0.7727804840036854,1.377709260985476,1.0051032807450333,-0.5514154015807999,0.07014159174954736,0.04877084970245035,0.08722045991827587,0.3560557709400607,0.8538017830235205,0.188400960329155,1.0214565936344262,14,normalized_multiscale_thermal,ridge
14,82.7,0.4962914165703337,0.920114243194089,0.6719685349089222,1.1682599514792558,0.5375132106665205,1.0755382447561308,0.8067816394228706,1.344294850089391,1.0051032807450333,-0.5514154015807999,0.07043496401109758,-0.06938653971732876,0.09131994510501677,0.27694282074715787,0.7980836005858831,0.12098539401388486,0.9540410273191561,14,normalized_multiscale_thermal,ridge
14,82.9,0.518974413004229,0.918961142319504,0.6594739358173896,1.1784483488216184,0.5129107265053198,0.9942474484663159,0.7377920852136559,1.2507028117189758,1.0051032807450333,-0.5514154015807999,-0.01085583227871744,-0.11623806978100756,0.07139007521699292,0.3092078036195006,0.7166136493911389,0.09638290985268416,0.9294385431579554,14,normalized_multiscale_thermal,ridge
14,83.1,0.4086962569914539,0.9549712569252691,0.7506231284295422,1.159319385420996,0.5664748945883981,1.1169815155328917,0.8337440682386927,1.4002189628270907,1.0051032807450333,-0.5514154015807999,0.1118782347878584,-0.016907114617146998,0.07654187708496632,0.34807192977875406,0.7848778593980421,0.14994707793576245,0.9830027112410337,14,normalized_multiscale_thermal,ridge
14,83.3,0.6110348597850495,1.2959388178326596,0.9904213879401349,1.6014562477251844,0.5287534789526478,1.0945976757782057,0.8302209363018818,1.3589744152545296,1.0051032807450333,-0.5514154015807999,0.08949439503317247,-0.08581756748301896,0.11212957611805782,0.20880533030915865,0.848701627596137,0.11222566230001219,0.9452812956052834,14,normalized_multiscale_thermal,ridge
14,83.5,0.6321675120659493,0.8677563438957838,0.5516725878628091,1.1838400999287584,0.5573341931357982,1.1067231408868836,0.8280560443189845,1.3853902374547826,1.0051032807450333,-0.5514154015807999,0.10161986014185029,-0.03317482971821792,0.08155835870782832,0.32461730631284963,0.7900510799587468,0.14080637648316263,0.9738620097884338,14,normalized_multiscale_thermal,ridge
14,83.7,0.545824750355244,0.9522687669339425,0.6793563917563205,1.2251811421115644,0.544404091928405,1.114091834113652,0.8418897881494496,1.3862938800778546,1.0051032807450333,-0.5514154015807999,0.10898855336861875,-0.056648090251824004,0.09880821303586054,0.26246683749421224,0.8263413463625977,0.1278762752757694,0.9609319085810406,14,normalized_multiscale_thermal,ridge
14,83.9,0.32351566513899416,0.9391647709074696,0.7774069383379725,1.1009226034769668,0.5518469433666306,1.0233448153186495,0.7474213436353342,1.299268287001965,1.0051032807450333,-0.5514154015807999,0.018241534573616137,-0.04306914608220758,0.12022371060105098,0.20880316346900685,0.8948907232642545,0.13531912671399504,0.9683747600192663,14,normalized_multiscale_thermal,ridge
14,84.1,0.2953087872317772,0.9346770624717232,0.7870226688558346,1.0823314560876118,0.5434578750271568,1.0419777952877787,0.7702488577742003,1.3137067328013572,1.0051032807450333,-0.5514154015807999,0.036874514542745325,-0.0583876806936417,0.0997811653534114,0.25874441913483104,0.8281713309194826,0.1269300583745212,0.9599856916797924,14,normalized_multiscale_thermal,ridge
14,84.3,0.5779096810633054,0.9610982754953585,0.6721434349637059,1.2500531160270112,0.5051148500215769,1.0462850673318653,0.7937276423210768,1.2988424923426538,1.0051032807450333,-0.5514154015807999,0.041181786586832,-0.1315540481980001,0.07998754136781223,0.27688010000137586,0.7333496000417778,0.08858703336894125,0.9216426666742125,14,normalized_multiscale_thermal,ridge
14,84.5,0.38643040492652597,0.9542598033306262,0.7610446008673633,1.1474750057938892,0.4922880523488669,1.0460206303020765,0.799876604127643,1.29216465647651,1.0051032807450333,-0.5514154015807999,0.04091734955704312,-0.15727585997724808,0.13494533899673727,0.10723789096579034,0.8773382137319434,0.0757602356962313,0.9088158690015025,14,normalized_multiscale_thermal,ridge
14,84.7,0.4761347841753384,0.9077211575299435,0.6696537654422744,1.1457885496176128,0.4922027762378961,1.0388994225255839,0.7927980344066359,1.2850008106445319,1.0051032807450333,-0.5514154015807999,0.03379614178055067,-0.15744909899321036,0.13112324729884997,0.11805849004868607,0.8663470624271061,0.07567495958526049,0.9087305928905317,14,normalized_multiscale_thermal,ridge
14,84.9,0.5001329682350091,0.9273420253330481,0.6772755412155436,1.1774085094505526,0.5340459017058921,1.0848093698320664,0.8177864189791204,1.3518323206850125,1.0051032807450333,-0.5514154015807999,0.07970608908703308,-0.07585808388460681,0.12755386757596812,0.17008640773367267,0.8980053956781114,0.11751808505325645,0.9505737183585277,14,normalized_multiscale_thermal,ridge
14,85.1,0.4305283540679643,0.9505579949300574,0.7352938178960753,1.1658221719640396,0.5238919296118485,1.0979213779089596,0.8359754131030354,1.359867342714884,1.0051032807450333,-0.5514154015807999,0.09281809716392637,-0.09505445554969805,0.11239788235449502,0.203178201657445,0.8446056575662519,0.10736411295921289,0.9404197462644841,14,normalized_multiscale_thermal,ridge
14,85.3,0.5505817447254192,0.9702368677141221,0.6949459953514125,1.2455277400768316,0.5634030644971733,1.0559451123141754,0.7742435800655888,1.3376466445627622,1.0051032807450333,-0.5514154015807999,0.050841831569142196,-0.02234458268175059,0.09918662207600244,0.28038606575273817,0.8464200632416083,0.14687524784453765,0.9799308811498089,14,normalized_multiscale_thermal,ridge
14,85.5,0.5176602857040303,0.9599100808817779,0.7010799380297628,1.218740223733793,0.6115212039805615,1.15044413504348,0.8446835330531992,1.4562047370337607,1.0051032807450333,-0.5514154015807999,0.14534085429844662,0.05960975248131469,0.11189598761749898,0.2922395717985234,0.9308028361625997,0.19499338732792593,1.0280490206331971,14,normalized_multiscale_thermal,ridge
14,85.7,0.4045619817705706,0.9202781149235428,0.7179971240382576,1.1225591058088282,0.5596389140197316,1.0998343659881555,0.8200149089782898,1.3796538229980213,1.0051032807450333,-0.5514154015807999,0.09473108524312226,-0.02904809803607687,0.11115982623454884,0.2424578290771635,0.8768199989622998,0.14311109736709604,0.9761667306723673,14,normalized_multiscale_thermal,ridge
14,85.9,1.2935122267953665,1.058552731234379,0.4117966178366957,1.7053088446320621,0.5555560453121983,1.0434869076402933,0.7657088849841942,1.3212649302963924,1.0051032807450333,-0.5514154015807999,0.03838362689525993,-0.0363703817597507,0.09162563513724706,0.2941134059537771,0.8169986846706194,0.13902822865956266,0.9720838619648339,14,normalized_multiscale_thermal,ridge
14,86.1,0.4814884087927931,0.9372008631984722,0.6964566588020757,1.1779450675948686,0.5800121789046,1.053244098991551,0.763238009539251,1.343250188443851,1.0051032807450333,-0.5514154015807999,0.04814081824651763,0.006709224030050042,0.11160716583825754,0.26155466464715765,0.8984696931620424,0.1634843622519644,0.9965399955572356,14,normalized_multiscale_thermal,ridge
14,86.3,0.4967151107288507,0.9586231984681852,0.7102656431037598,1.2069807538326105,0.5678131066107585,1.0483458431941395,0.7644392898887602,1.3322523964995188,1.0051032807450333,-0.5514154015807999,0.043242562449106216,-0.014547550482068409,0.10859740466020294,0.2579435809118721,0.8776826323096448,0.15128528995812285,0.9843409232633941,14,normalized_multiscale_thermal,ridge
14,86.5,0.9376578558539463,1.185341667537034,0.7165127396100608,1.6541705954640074,0.5820186469027482,0.9959232313651901,0.704913907913816,1.2869325548165642,1.0051032807450333,-0.5514154015807999,-0.009180049379843189,0.010162609168652692,0.10816655135660624,0.2733785088604918,0.8906587849450045,0.16549083025011257,0.9985464635553838,14,normalized_multiscale_thermal,ridge
14,86.7,0.45192532642528954,0.947744798078436,0.7217821348657913,1.1737074612910807,0.5652433599145015,1.034185795229621,0.7515641152723702,1.3168074751868717,1.0051032807450333,-0.5514154015807999,0.029082514484587735,-0.019083513478109614,0.10230656437544125,0.2733239841421807,0.8571627356868223,0.14871554326186587,0.9817711765671371,14,normalized_multiscale_thermal,ridge
14,86.9,0.6354893628088525,0.9242580557410599,0.6065133743366335,1.2420027371454863,0.5357338377779467,0.9932458786326298,0.7253789597436564,1.2611127975216032,1.0051032807450333,-0.5514154015807999,-0.01185740211240347,-0.07270241097269953,0.11424127882504785,0.20976020152469838,0.861707474031195,0.11920602112531109,0.9522616544305823,14,normalized_multiscale_thermal,ridge
14,87.1,0.434859308305741,0.9011867720669448,0.6837571179140742,1.1186164262198153,0.4964948835031687,1.0330617837226124,0.7848143419710281,1.2813092254741967,1.0051032807450333,-0.5514154015807999,0.02795850297757914,-0.14876669909877763,0.11326475843981611,0.1733076297565177,0.8196821372498198,0.07996706685053312,0.9130227001558043,14,normalized_multiscale_thermal,ridge
14,87.3,0.4877443128154431,0.9137867790699721,0.6699146226622504,1.1576589354776936,0.5266574953549626,1.003680319716192,0.7403515720387108,1.2670090673936734,1.0051032807450333,-0.5514154015807999,-0.0014229610288411278,-0.0897894540830399,0.12475319550577431,0.17068937952612084,0.8826256111838044,0.11012967870232704,0.9431853120075983,14,normalized_multiscale_thermal,ridge
14,87.5,0.7302039016785687,1.0697511001814444,0.70464914934216,1.4348530510207287,0.5665084465600827,1.0361935732517498,0.7529393499717084,1.319447796531791,1.0051032807450333,-0.5514154015807999,0.031090292506716494,-0.0168478869648491,0.08929883355803964,0.31170505336044796,0.8213118397597174,0.1499806299074471,0.9830362632127183,14,normalized_multiscale_thermal,ridge
14,87.7,0.5472842792032896,0.9247493477415621,0.6511072081399174,1.1983914873432069,0.5611907101516389,1.0304916990834943,0.7498963440076748,1.3110870541593136,1.0051032807450333,-0.5514154015807999,0.02538841833846093,-0.02627908285309517,0.09632206674728677,0.28634737268230265,0.8360340476209751,0.1446628934990033,0.9777185268042745,14,normalized_multiscale_thermal,ridge
14,87.9,0.9956644510870258,0.9662459946794423,0.46841376913592936,1.4640782202229552,0.5492366579319702,1.0274456604161446,0.7528273314501595,1.3020639893821297,1.0051032807450333,-0.5514154015807999,0.022342379671111405,-0.04781045786184543,0.0909421083606637,0.289744379346213,0.8087289365177274,0.13270884127933458,0.9657644745846058,14,normalized_multiscale_thermal,ridge
14,88.1,0.6130650839469741,0.9078081738778895,0.6012756319044024,1.2143407158513766,0.5725454894602456,1.0699587531288839,0.7836860083987611,1.3562314978590067,1.0051032807450333,-0.5514154015807999,0.0648554723838505,-0.006247687557046595,0.09841520179220839,0.2917296449533516,0.8533613339671398,0.15601767280761003,0.9890733061128812,14,normalized_multiscale_thermal,ridge
14,88.3,0.85751478148764,1.1582998084197609,0.7295424176759409,1.587057199163581,0.5691111515223675,1.0507188803001135,0.7661633045389298,1.3352744560612972,1.0051032807450333,-0.5514154015807999,0.04561559955508015,-0.01226411697041432,0.08919528792664419,0.3146032132259976,0.8236190898187373,0.15258333486973186,0.9856389681750031,14,normalized_multiscale_thermal,ridge
14,88.5,0.4818105214080677,1.0004473250102284,0.7595420643061944,1.2413525857142622,0.5659425341813272,1.065954475695881,0.7829832086052173,1.3489257427865446,1.0051032807450333,-0.5514154015807999,0.06085119495084777,-0.017847334067614167,0.07672665991559077,0.34701231397122445,0.78487275439143,0.14941471752869162,0.9824703508339628,14,normalized_multiscale_thermal,ridge
14,88.7,0.9661032857298875,1.2140845922749453,0.7310329494100016,1.697136235139889,0.5758827711101983,1.0561267067236448,0.7681853211685457,1.344068092278744,1.0051032807450333,-0.5514154015807999,0.051023425978611626,-0.00043575979706364856,0.08185478444644803,0.3423200693866225,0.809445472833774,0.15935495445756265,0.9924105877628339,14,normalized_multiscale_thermal,ridge
14,88.9,0.6160885670283252,1.065458420936595,0.7574141374224324,1.3735027044507575,0.5768110022844634,1.0595579494490917,0.7711524483068599,1.3479634505913234,1.0051032807450333,-0.5514154015807999,0.05445466870405835,0.0011747830831541455,0.08918473414170863,0.3223331779336573,0.8312888266352694,0.16028318563182775,0.993338818937099,14,normalized_multiscale_thermal,ridge
14,89.1,0.9496610703383447,1.2092373103434078,0.7344067751742354,1.68406784551258,0.604682526902966,1.0581532617418539,0.7558119982903708,1.360494525193337,1.0051032807450333,-0.5514154015807999,0.05304998099682055,0.04836369397988778,0.11466220801370502,0.2775078202516715,0.9318572335542605,0.18815471025033037,1.0212103435556017,14,normalized_multiscale_thermal,ridge
14,89.3,1.4050286322412306,1.1078837201278817,0.40536940400726634,1.810398036248497,0.580421122802069,1.0403929296020147,0.7501823682009802,1.3306034910030493,1.0051032807450333,-0.5514154015807999,0.03528964885698138,0.007414036471741343,0.13663388429750997,0.19055290215589427,0.9702893434482438,0.16389330614943343,0.9969489394547046,14,normalized_multiscale_thermal,ridge
14,89.5,0.6773516510349813,0.9114219101259418,0.572746084608451,1.2500977356434326,0.5499466876287536,1.0444615496096554,0.7694882057952785,1.3194348934240323,1.0051032807450333,-0.5514154015807999,0.03935826886462209,-0.046518535457074295,0.11142907322629904,0.23199733904406128,0.867896036213446,0.13341887097611804,0.9664745042813893,14,normalized_multiscale_thermal,ridge
14,89.7,0.5569192628728609,0.913417065915259,0.6349574344788286,1.1918766973516894,0.5932325854890538,1.10493347600799,0.8083171832634632,1.401549768752517,1.0051032807450333,-0.5514154015807999,0.09983019526295678,0.029246663061526713,0.09608130197730644,0.3190762410957698,0.8673889298823377,0.17670476883641817,1.0097604021416893,14,normalized_multiscale_thermal,ridge
14,89.9,0.6060064416600811,0.8959440232472176,0.592940802417177,1.1989472440772582,0.5638294007107931,1.131726739895124,0.8498120395397275,1.4136414402505206,1.0051032807450333,-0.5514154015807999,0.12662345915009082,-0.021588152669118083,0.09484733469648819,0.2931940323227048,0.8344647690988815,0.14730158405815752,0.9803572173634287,14,normalized_multiscale_thermal,ridge
14,90.1,0.6223463569627216,0.9447611169569172,0.6335879384755564,1.255934295438278,0.5550682636621839,1.139065610236018,0.8615314784049259,1.41659974206711,1.0051032807450333,-0.5514154015807999,0.13396232949098455,-0.037248773628965545,0.09210881193813895,0.2922469378923374,0.8178895894320304,0.13854044700954826,0.9715960803148195,14,normalized_multiscale_thermal,ridge
14,90.3,0.510079070177829,0.9613250399731792,0.7062855048842647,1.2163645750620937,0.5646125757417813,1.1069191246110202,0.8246128367401295,1.3892254124819108,1.0051032807450333,-0.5514154015807999,0.10181584386598695,-0.020200088110943783,0.12065961885282125,0.22032498450587612,0.9089001669776864,0.14808475908914565,0.9811403923944169,14,normalized_multiscale_thermal,ridge
14,90.5,0.7366447788375079,1.0341368542122265,0.6658144647934724,1.4024592436309804,0.5257924659454116,1.1404252606593004,0.8775290276865946,1.4033214936320062,1.0051032807450333,-0.5514154015807999,0.13532197991426714,-0.09143329395410257,0.12309157688050862,0.17456557737623196,0.8770193545145912,0.10926464929277602,0.9423202825980472,14,normalized_multiscale_thermal,ridge
14,90.7,0.8559363899168085,1.0665022846547965,0.638534089696392,1.4944704796132007,0.5368747702822344,1.0971290485100815,0.8286916633689643,1.3655664336511988,1.0051032807450333,-0.5514154015807999,0.0920257677650483,-0.07057501254233246,0.10169764440124665,0.2466928738187668,0.827056666745702,0.1203469536295988,0.95340258693487,14,normalized_multiscale_thermal,ridge
14,90.9,0.5161932366064653,0.9302527041967581,0.6721560858935254,1.1883493224999908,0.586317085143176,1.1652084607946596,0.8720499182230715,1.4583670033662477,1.0051032807450333,-0.5514154015807999,0.1601051800496263,0.01752086676027887,0.08607789504116181,0.3407042494311086,0.8319299208552435,0.16978926849054043,1.0028449017958116,14,normalized_multiscale_thermal,ridge
14,91.1,0.8287757308937741,0.7450746385817737,0.33068677313488654,1.1594625040286608,0.5493992455141321,1.1560247276616558,0.8813251049045897,1.4307243504187217,1.0051032807450333,-0.5514154015807999,0.1509214469166224,-0.04751447703172888,0.10943088753491088,0.23715147750022897,0.8616470135280352,0.1328714288614965,0.9659270621667677,14,normalized_multiscale_thermal,ridge
14,91.3,0.9453712666780824,0.7346732082447613,0.26198757490572,1.2073588415838026,0.5399895816727134,1.141379866861901,0.8713850760255444,1.4113746576982578,1.0051032807450333,-0.5514154015807999,0.13627658611686783,-0.06479003122781216,0.11737028377526326,0.20508770921652353,0.8748914541289032,0.12346176502007777,0.956517398325349,14,normalized_multiscale_thermal,ridge
14,91.5,0.7390451333559902,1.01499663065271,0.645474063974715,1.3845191973307052,0.5099057846112243,1.1536889581665735,0.8987360658609613,1.4086418504721856,1.0051032807450333,-0.5514154015807999,0.14858567742154027,-0.12211390480519571,0.1399555519370826,0.11055958814026529,0.9092519810821833,0.09337796795858866,0.9264336012638599,14,normalized_multiscale_thermal,ridge
14,91.7,0.7290606076388385,1.0858938423748472,0.7213635385554278,1.4504241461942664,0.47649284046607315,1.1561856224548395,0.9179392022218029,1.394432042687876,1.0051032807450333,-0.5514154015807999,0.15108234170980614,-0.1898871796747913,0.13257459849832984,0.09820729961969593,0.8547783813124503,0.059965023813437546,0.8930206571187087,14,normalized_multiscale_thermal,ridge
14,91.9,0.9767843836636603,1.19407277204702,0.7056805802151896,1.68246496387885,0.5048535544120855,1.1368052581236294,0.8843784809175868,1.389232035329672,1.0051032807450333,-0.5514154015807999,0.13170197737859618,-0.1320714814447714,0.12998884119354198,0.13394615848652025,0.8757609503376507,0.08832573775944985,0.9213813710647211,14,normalized_multiscale_thermal,ridge
14,92.1,0.8589212723654106,1.0938669674208996,0.6644063312381944,1.523327603603605,0.49527041869954835,1.1455544281596903,0.8979192188099161,1.3931896375094646,1.0051032807450333,-0.5514154015807999,0.14045114741465697,-0.15123596359725955,0.1844863449097201,-0.031138995724014462,1.0216798331231112,0.07874260204691275,0.911798235352184,14,normalized_multiscale_thermal,ridge
14,92.3,0.3069363371444426,0.9751588958372743,0.821690727265053,1.1286270644094956,0.5011297469815635,1.101390568961562,0.8508256954707802,1.3519554424523437,1.0051032807450333,-0.5514154015807999,0.09628728821652865,-0.13947483383386594,0.11955721654045182,0.15998772706692643,0.8422717668962006,0.08460193032892793,0.9176575636341991,14,normalized_multiscale_thermal,ridge
14,92.5,0.43997525037814816,0.9338386229947717,0.7138509978056976,1.1538262481838457,0.5352394867535128,1.0865135717110679,0.8188938283343115,1.3541333150878243,1.0051032807450333,-0.5514154015807999,0.08141029096603465,-0.07362559187407226,0.1265487573025321,0.1741479530670777,0.896331020439948,0.11871167010087724,0.9517673034061485,14,normalized_multiscale_thermal,ridge
14,92.7,0.2039075597809433,1.3894606118748725,1.2875068319844007,1.4914143917653442,0.5319377513506969,1.076943994708165,0.8109751190328165,1.3429128703835134,1.0051032807450333,-0.5514154015807999,0.07184071396313155,-0.07981340364504098,0.12174221910701517,0.18456109156533407,0.8793144111360597,0.11540993469806127,0.9484655680033325,14,normalized_multiscale_thermal,ridge
14,92.9,1.001004749098432,1.1602930709400456,0.6597906963908297,1.6607954454892617,0.5054813926451531,1.086272690711528,0.8335319943889515,1.3390133870341048,1.0051032807450333,-0.5514154015807999,0.08116940996649481,-0.13082864942018144,0.11897152923025782,0.1660105604498316,0.8449522248404746,0.08895357599251752,0.9220092092977887,14,normalized_multiscale_thermal,ridge
14,93.1,0.5925033648065868,0.9291094978641117,0.6328578154608183,1.2253611802674051,0.520317425157216,1.066926968597428,0.8067682560188201,1.327085681176036,1.0051032807450333,-0.5514154015807999,0.06182368785239489,-0.1019008190696516,0.1307758811555784,0.14716430613628417,0.8934705441781479,0.10378960850458041,0.9368452418098516,14,normalized_multiscale_thermal,ridge
14,93.3,0.5099866462775111,0.9107397781480429,0.6557464550092873,1.1657331012867984,0.5167519693098541,1.037097480112728,0.7787214954578009,1.295473464767655,1.0051032807450333,-0.5514154015807999,0.031994199367694584,-0.1087768678939314,0.11544434337006196,0.1873455342607679,0.8461584043589403,0.10022415265721851,0.9332797859624897,14,normalized_multiscale_thermal,ridge
14,93.5,0.4431674426000501,0.9318708767326704,0.7102871554326454,1.1534545980326953,0.5164827670158266,0.9582289317025916,0.6999875481946782,1.216470315210505,1.0051032807450333,-0.5514154015807999,-0.04687434904244167,-0.10929795432406081,0.1331018972199351,0.13669264320748353,0.8962728908241697,0.09995495036319102,0.9330105836684622,14,normalized_multiscale_thermal,ridge
14,93.7,0.6131819671792311,0.9591207397060557,0.6525297561164402,1.2657117232956712,0.5137874872772035,1.0329718457866677,0.7760781021480659,1.2898655894252693,1.0051032807450333,-0.5514154015807999,0.027868565041634437,-0.1145301463167607,0.13160214153250355,0.1382767344628794,0.8892982400915275,0.09725967062456786,0.9303153039298391,14,normalized_multiscale_thermal,ridge
14,93.9,0.6784325650424317,1.0703454459034907,0.7311291633822747,1.4095617284247064,0.5119173812645369,1.0068093877840436,0.7508506971517752,1.262768078416312,1.0051032807450333,-0.5514154015807999,0.0017061070390103992,-0.1181766301002174,0.11447913468306496,0.18526505216278927,0.8385697103662846,0.09538956461190129,0.9284451979171725,14,normalized_multiscale_thermal,ridge
14,94.1,0.6355210172947399,1.0019117188739344,0.6841512102265646,1.3196722275213044,0.524247886186451,0.9545308094736705,0.692406866380445,1.216654752566896,1.0051032807450333,-0.5514154015807999,-0.050572471271362794,-0.09437523969906074,0.11155835369451504,0.20592965146222736,0.8425661209106747,0.10772006953381541,0.9407757028390866,14,normalized_multiscale_thermal,ridge
14,94.3,0.8571158807202288,0.9018874334721128,0.47332949311199835,1.3304453738322273,0.53224165752708,0.9774356647200356,0.7113148359564956,1.2435564934835757,1.0051032807450333,-0.5514154015807999,-0.02766761602499765,-0.07924224772507209,0.13127214373810678,0.15767251340360228,0.9068108016505576,0.11571384087444436,0.9487694741797156,14,normalized_multiscale_thermal,ridge
14,94.5,0.43066418243689386,0.9355797205166947,0.7202476292982477,1.1509118117351416,0.5301390062848813,0.9702356490863032,0.7051661459438625,1.235305152228744,1.0051032807450333,-0.5514154015807999,-0.03486763165873005,-0.08320062923429945,0.10859528440023225,0.22027553049071902,0.8400024820790436,0.1136111896322457,0.9466668229375169,14,normalized_multiscale_thermal,ridge
14,94.7,0.9958346808498884,1.2227390617819816,0.7248217213570375,1.7206564022069257,0.530316248302215,0.9782319174019449,0.7130737932508374,1.2433900415530523,1.0051032807450333,-0.5514154015807999,-0.02687136334308835,-0.08286635389695252,0.10985569988466419,0.2168563297609492,0.8437761668434809,0.11378843164957941,0.9468440649548506,14,normalized_multiscale_thermal,ridge
14,94.9,0.2791489410858568,1.422967152449472,1.2833926819065435,1.5625416229924005,0.5424670543742082,1.0008096082337155,0.7295760810466114,1.2720431354208195,1.0051032807450333,-0.5514154015807999,-0.004293672511317948,-0.060212523094951426,0.09965640597828236,0.2581095842305169,0.8268245245178995,0.12593923772157256,0.9589948710268438,14,normalized_multiscale_thermal,ridge
14,95.1,0.5638077758758754,0.9340575907725243,0.6521537028345865,1.215961478710462,0.5290669459417142,0.9579514248918324,0.6934179519209753,1.2224848978626894,1.0051032807450333,-0.5514154015807999,-0.0471518558532009,-0.08522490167535456,0.12367521137468267,0.17617472711480792,0.8819591647686205,0.11253912928907861,0.9455947625943498,14,normalized_multiscale_thermal,ridge
14,95.3,0.5135288215777264,0.9068131356194913,0.650048724830628,1.1635775464083544,0.5465836877741592,0.8850823768809057,0.6117905329938261,1.1583742207679855,1.0051032807450333,-0.5514154015807999,-0.12002090386412756,-0.05265244742959613,0.1423792256098996,0.14032183237198909,0.9528455431763294,0.13005587112152361,0.9631115044267948,14,normalized_multiscale_thermal,ridge
14,95.5,0.7306355973161268,1.0799803508489771,0.7146625521909137,1.4452981495070405,0.576914091984301,1.0037137509051155,0.715256704912965,1.292170796897266,1.0051032807450333,-0.5514154015807999,-0.0013895298399178926,0.0013534906463752265,0.16842815487223017,0.09632477561988717,1.057503408348715,0.16038627533166538,0.9934419086369366,14,normalized_multiscale_thermal,ridge
14,95.7,0.6378737284969768,0.9910685558163299,0.6721316915678416,1.3100054200648183,0.5929956711004737,0.978756779424024,0.6822589438737872,1.2752546149742607,1.0051032807450333,-0.5514154015807999,-0.02634650132100934,0.028847221570542016,0.18030106534020277,0.07852844442238682,1.1074628977785606,0.17646785444783808,1.0095234877531092,14,normalized_multiscale_thermal,ridge
14,95.9,0.4421878383980679,0.9204617878189933,0.6993678686199594,1.1415557070180273,0.5310223125322633,0.9797089217014785,0.7141977654353469,1.2452200779676101,1.0051032807450333,-0.5514154015807999,-0.02539435904355479,-0.08153583720743592,0.181724418518473,0.012493720155496657,1.04955090490903,0.11449449587962768,0.9475501291848989,14,normalized_multiscale_thermal,ridge
21,28.299999999999997,0.2577105974248767,0.5550585544862023,0.426203255773764,0.6839138531986407,0.6098849865136237,0.9282012249805403,0.6232587317237284,1.2331437182373521,0.987905671272882,-0.7110629809541126,-0.05970444629234173,0.21657809466319133,0.13906870519080017,0.15856578597062215,1.0612041870566251,0.23562051056115818,0.9841494624660891,21,normalized_compact_thermal,spline_ridge
21,28.5,0.7282814568224606,1.0499231595102096,0.6857824310989793,1.41406388792144,0.5494048469695385,0.9307016548080205,0.6559992313232512,1.2054040782927897,0.987905671272882,-0.7110629809541126,-0.057204016464861465,0.11214329789044411,0.11436528314348424,0.17825557879036064,0.9205541151487164,0.17514037101707303,0.923669322922004,21,normalized_compact_thermal,spline_ridge
21,28.700000000000003,0.472183902876143,1.1367886645450525,0.9006967131069811,1.372880615983124,0.6054557266311701,0.9275399118158126,0.6248120485002275,1.2302677751313977,0.987905671272882,-0.7110629809541126,-0.060365759457069366,0.20928914359845985,0.1341580412036503,0.17007308738551502,1.0408383658768252,0.2311912506787046,0.9797202025836356,21,normalized_compact_thermal,spline_ridge
21,28.89999999999999,0.9748360172469895,0.8755486928893775,0.38813068426588265,1.3629667015128724,0.6217768425841342,0.9315025891177767,0.6206141678257096,1.242391010409844,0.987905671272882,-0.7110629809541126,-0.05640308215510524,0.23588895635588103,0.1451098672987933,0.1508522789999695,1.092701406168299,0.24751236663166876,0.9960413185365997,21,normalized_compact_thermal,spline_ridge
21,29.099999999999994,0.673414673652995,1.2284654959888848,0.8917581591623872,1.5651728328153822,0.6143003597425509,0.9249232375422933,0.6177730576710179,1.2320734174135688,0.987905671272882,-0.7110629809541126,-0.06298243373058862,0.22379169575547536,0.14724845739655537,0.136435436917341,1.0921652825677608,0.24003588379008545,0.9885648356950164,21,normalized_compact_thermal,spline_ridge
21,29.299999999999997,0.45795241752300464,1.0511099866082905,0.8221337778467881,1.2800861953697926,0.6041835177326026,0.9126231396629936,0.6105313807966923,1.2147148985292948,0.987905671272882,-0.7110629809541126,-0.07528253160988843,0.20718569106321733,0.16835087511417518,0.05783498976579049,1.1505320456994146,0.2299190417801371,0.9784479936850681,21,normalized_compact_thermal,spline_ridge
21,29.5,0.40064591530578963,1.1076597578237155,0.9073368001708206,1.3079827154766104,0.6200167669556079,0.914800814664012,0.6047924311862081,1.2248091981418159,0.987905671272882,-0.7110629809541126,-0.07310485660886999,0.23305422312223156,0.1368507388344242,0.1758955251583753,1.0641380087528405,0.24575229100314244,0.9942812429080734,21,normalized_compact_thermal,spline_ridge
21,29.700000000000003,0.28004465389270694,0.684298040909145,0.5442757139627915,0.8243203678554984,0.6091854602830112,0.948638265520258,0.6440455353787524,1.2532309956617635,0.987905671272882,-0.7110629809541126,-0.039267405752623996,0.21543045580568654,0.16221369522139548,0.0827539015509221,1.1356170190151005,0.23492098433054576,0.9834499362354767,21,normalized_compact_thermal,spline_ridge
21,29.89999999999999,1.1107957377531978,1.1458773741678532,0.5904795052912544,1.7012752430444522,0.6341865570534437,0.9048259839050588,0.5877327053783369,1.2219192624317805,0.987905671272882,-0.7110629809541126,-0.08307968736782327,0.25565086715248975,0.1556310980408349,0.12911747877985347,1.139255635327034,0.25992208110097825,1.008451033005909,21,normalized_compact_thermal,spline_ridge
21,30.099999999999994,0.39601743972744413,1.3123722946957255,1.1143635748320033,1.5103810145594474,0.5760822056444717,0.9226066691367507,0.6345655663145149,1.2106477719589865,0.987905671272882,-0.7110629809541126,-0.06529900213613131,0.1595580706173661,0.13265990841598177,0.14556145168861034,1.006602959600333,0.20181772969200618,0.9503466815969371,21,normalized_compact_thermal,spline_ridge
21,30.299999999999997,0.3496962734324844,0.9887076817915383,0.8138595450752962,1.1635558185077806,0.5966482801094726,0.9083995537297768,0.6100754136750405,1.2067236937845132,0.987905671272882,-0.7110629809541126,-0.07950611754310521,0.19463549620487597,0.16397388490533124,0.06450438372479639,1.1287921764941489,0.2223838041570071,0.970912756061938,21,normalized_compact_thermal,spline_ridge
21,30.5,1.0637129934777165,1.1250623491780283,0.59320585243917,1.6569188459168867,0.6324111415389455,0.9118848201769438,0.5956792494074711,1.2280903909464165,0.987905671272882,-0.7110629809541126,-0.0760208510959382,0.25284742501887,0.13433275072103773,0.19646151808497148,1.0683607649929194,0.25814666558648003,1.0066756174914109,21,normalized_compact_thermal,spline_ridge
21,30.700000000000003,0.36154096456488016,0.7541085363152727,0.5733380540328327,0.9348790185977128,0.5665679438059746,0.9174914079723163,0.6342074360693291,1.2007753798753036,0.987905671272882,-0.7110629809541126,-0.07041426330056562,0.14290471135767557,0.1259604755958966,0.15778883661603438,0.9753470509959149,0.19230346785350916,0.9408324197584401,21,normalized_compact_thermal,spline_ridge
21,30.89999999999999,0.5673008521877044,1.039641160235372,0.7559907341415196,1.323291586329224,0.599253113929696,0.9039937903475597,0.6043672333827117,1.2036203473124076,0.987905671272882,-0.7110629809541126,-0.0839118809253223,0.1989917716512678,0.15789065521428666,0.08685110237176741,1.1116551254876246,0.22498863797723057,0.9735175898821615,21,normalized_compact_thermal,spline_ridge
21,31.099999999999994,1.1773045393361485,1.0914814499403647,0.5028291802722903,1.680133719608439,0.6089147385348561,0.909779647339751,0.605322278072323,1.214237016607179,0.987905671272882,-0.7110629809541126,-0.07812602393313095,0.2149859574748017,0.14552257480296973,0.13665081667747342,1.0811786603922389,0.23465026258239063,0.9831792144873216,21,normalized_compact_thermal,spline_ridge
21,31.299999999999997,0.750485683951853,1.0783577432600884,0.7031149012841619,1.453600585236015,0.5864584011903357,0.9036527644402903,0.6104235638451225,1.196881965035458,0.987905671272882,-0.7110629809541126,-0.08425290683259165,0.17740944033834816,0.1551100687532279,0.08308021750887995,1.0898365848717915,0.21219392523787017,0.9607228771428011,21,normalized_compact_thermal,spline_ridge
21,31.5,0.8857034524792224,0.9182514752504878,0.47539974901087667,1.361103201490099,0.6155967577492202,0.8987392115110203,0.5909408326364103,1.2065375903856304,0.987905671272882,-0.7110629809541126,-0.08916645976186163,0.22589983710869765,0.14866295231352208,0.13314137933429515,1.0980521361641453,0.2413322817967547,0.9898612337016857,21,normalized_compact_thermal,spline_ridge
21,31.700000000000003,0.2432844094516149,0.693957997796308,0.5723157930705005,0.8156002025221154,0.5935823913853896,0.8935205412343471,0.5967293455416522,1.190311736927042,0.987905671272882,-0.7110629809541126,-0.09438513003853492,0.1894837292769867,0.1483563181395119,0.1121221318225713,1.0750426509482078,0.21931791543292412,0.9678468673378551,21,normalized_compact_thermal,spline_ridge
21,31.89999999999999,0.26475327795022235,0.7023801805750015,0.5700035415998903,0.8347568195501127,0.6000496107515537,0.8996936370545389,0.599668831678762,1.1997184424303158,0.987905671272882,-0.7110629809541126,-0.08821203421834312,0.20032003835586282,0.13709797341142407,0.15512601941432153,1.0449732020887859,0.22578513479908824,0.9743140867040192,21,normalized_compact_thermal,spline_ridge
21,32.099999999999994,0.5791392131695161,1.0062197138627693,0.7166501072780113,1.2957893204475275,0.5706809772773948,0.9058246387215989,0.6204841500829015,1.1911651273602963,0.987905671272882,-0.7110629809541126,-0.08208103255128309,0.15013804669591102,0.12825862607475647,0.1544436900790656,0.986918264475724,0.19641650132492927,0.9449454532298602,21,normalized_compact_thermal,spline_ridge
21,32.3,0.4429360678030712,1.0097832304490915,0.7883151965475559,1.231251264350627,0.5935281001426429,0.9008462461455864,0.6040821960742649,1.197610296216908,0.987905671272882,-0.7110629809541126,-0.08705942512729563,0.1893922613922835,0.14095442236616992,0.13608918800190667,1.0509670122833792,0.21926362419017742,0.9677925760951084,21,normalized_compact_thermal,spline_ridge
21,32.5,0.4134591675048759,1.1648221365552536,0.9580925528028156,1.3715517203076917,0.5694097774544732,0.895085216745477,0.6103803280182405,1.1797901054727136,0.987905671272882,-0.7110629809541126,-0.09282045452740494,0.14790804817265188,0.1566740353234941,0.06095605833030149,1.0778634965786449,0.1951453015020077,0.9436742534069387,21,normalized_compact_thermal,spline_ridge
21,32.7,1.2860695132925304,0.8149105956539479,0.17187583900768263,1.457945352300213,0.628067274060127,0.907366788782419,0.5933331517523556,1.2214004258124826,0.987905671272882,-0.7110629809541126,-0.0805388824904629,0.24595498700234147,0.17421178707564058,0.06269834824555764,1.1934361998746963,0.2538027981076615,1.0023317500125923,21,normalized_compact_thermal,spline_ridge
21,32.89999999999999,0.4571656527807335,1.176745568842314,0.9481627424519474,1.405328395232681,0.563091239820579,0.901917006767033,0.6203713868567435,1.1834626266773225,0.987905671272882,-0.7110629809541126,-0.08598866450584894,0.13674937705342738,0.12881644685181495,0.1450436587333198,0.9811388209078381,0.18882676386811348,0.9373557157730444,21,normalized_compact_thermal,spline_ridge
21,33.099999999999994,1.0572601262441592,1.258989727737157,0.7303596646150772,1.7876197908592366,0.5437953165159913,0.9111445515658126,0.639246893307817,1.1830422098238083,0.987905671272882,-0.7110629809541126,-0.07676111970706931,0.10188062162128923,0.11174737973893106,0.1811419214379596,0.9064487115940231,0.16953084056352585,0.9180597924684568,21,normalized_compact_thermal,spline_ridge
21,33.3,0.5659459532528104,1.264730203461765,0.9817572268353596,1.54770318008817,0.5976313758549859,0.90122144834429,0.6024057604167969,1.200037136271783,0.987905671272882,-0.7110629809541126,-0.08668422292859201,0.19628183751640282,0.13551442123804772,0.15784688105227468,1.0374158706576972,0.22336689990252045,0.9718958518074514,21,normalized_compact_thermal,spline_ridge
21,33.5,0.2690079047006913,1.2131150581535652,1.0786111058032195,1.3476190105039108,0.5977177860950232,0.906910486609161,0.6080515935616493,1.2057693796566726,0.987905671272882,-0.7110629809541126,-0.08099518466372106,0.19642641492179763,0.13042895063134022,0.17443715192332326,1.0209984202667233,0.22345331014255776,0.9719822620474887,21,normalized_compact_thermal,spline_ridge
21,33.7,0.3276709644172138,0.7245519632180303,0.5607164810094234,0.8883874454266372,0.5900821189926818,0.8989183272697854,0.6038772677734445,1.1939593867661262,0.987905671272882,-0.7110629809541126,-0.08898734400309659,0.18356941391980325,0.16108188596802359,0.0673236170183884,1.1128406209669752,0.21581764304021633,0.9643465949451473,21,normalized_compact_thermal,spline_ridge
21,33.89999999999999,1.300727395022502,0.8292082394921396,0.17884454198088867,1.4795719370033906,0.6028559435037246,0.8900437397449005,0.5886157679930382,1.1914717114967628,0.987905671272882,-0.7110629809541126,-0.09786193152798146,0.20498597049594286,0.15710800526743335,0.09299386318218916,1.11271802382526,0.22859146755125914,0.9771204194561901,21,normalized_compact_thermal,spline_ridge
21,34.099999999999994,0.4165559358226161,0.7385907438723506,0.5303127759610425,0.9468687117836586,0.5702004975544906,0.906079770626404,0.6209795218491587,1.1911800194036493,0.987905671272882,-0.7110629809541126,-0.08182590064647798,0.14929575104660736,0.12424270502394559,0.16699606541588974,0.9734049296930916,0.19593602160202517,0.9444649735069561,21,normalized_compact_thermal,spline_ridge
21,34.3,1.0777864662029524,1.1747057455042398,0.6358125124027635,1.713598978605716,0.5543617194186563,0.9007488861742203,0.6235680264648922,1.1779297458835485,0.987905671272882,-0.7110629809541126,-0.08715678509866165,0.12112509879605259,0.11858206134840489,0.16952775513404694,0.9391956837032657,0.18009724346619083,0.9286261953711218,21,normalized_compact_thermal,spline_ridge
21,34.5,0.2750015169868582,1.5741941878389614,1.4366934293455322,1.7116949463323905,0.594481079487969,0.90940211599871,0.6121615762547254,1.2066426557426946,0.987905671272882,-0.7110629809541126,-0.07850355527417197,0.1909965916719984,0.14457125027538878,0.12530448791568338,1.0636576710602546,0.22021660353550354,0.9687455554404345,21,normalized_compact_thermal,spline_ridge
21,34.7,0.30321744403664785,0.9677364553280967,0.8161277333097727,1.1193451773464207,0.5998868264483541,0.9018214898531122,0.6018780766289351,1.2017649030772892,0.987905671272882,-0.7110629809541126,-0.08608418141976984,0.20004871681056818,0.13607067359844516,0.15829712773402016,1.041476525162688,0.22562235049588864,0.9741513024008196,21,normalized_compact_thermal,spline_ridge
21,34.89999999999999,0.7183866797553903,1.1030669735406478,0.7438736336629528,1.462260313418343,0.5876334677270939,0.9065023663142329,0.612685632450686,1.2003191001777798,0.987905671272882,-0.7110629809541126,-0.08140330495864907,0.1794111012989703,0.12584349984950632,0.17923398153291503,0.9960329539212728,0.21336899177462842,0.9618979436795594,21,normalized_compact_thermal,spline_ridge
21,35.099999999999994,0.2672993576018567,0.6837380817395157,0.5500884029385873,0.817387760540444,0.5512926061203087,0.8868512391687764,0.611204936108622,1.1624975422289308,0.987905671272882,-0.7110629809541126,-0.10105443210410561,0.11557341576047754,0.12811059378406342,0.1355357276163618,0.9670494846242557,0.17702813016784325,0.9255570820727742,21,normalized_compact_thermal,spline_ridge
21,35.3,0.21123236985067395,0.6321270604531477,0.5265108755278107,0.7377432453784847,0.5850535771094639,0.9177382752633219,0.6252114867085898,1.2102650638180539,0.987905671272882,-0.7110629809541126,-0.07016739600956012,0.1750111298127024,0.13998591810383818,0.13075774858914652,1.0393494056297814,0.21078910115699845,0.9593180530619294,21,normalized_compact_thermal,spline_ridge
21,35.5,0.2749290583247523,0.7714538287190494,0.6339892995566733,0.9089183578814256,0.5984338726493327,0.9194048415930198,0.6201879052683534,1.2186217779176862,0.987905671272882,-0.7110629809541126,-0.06850082967986221,0.19762373239340952,0.16250145496605964,0.07106844818712033,1.125799297111545,0.2241693966968672,0.9726983486017982,21,normalized_compact_thermal,spline_ridge
21,35.7,0.6080493532039873,0.5166738958570181,0.21264921925502436,0.8206985724590117,0.6266804200570795,0.9173819722011104,0.6040417621725707,1.2307221822296501,0.987905671272882,-0.7110629809541126,-0.07052369907177158,0.24374441578662592,0.15830927631814348,0.11291985884080846,1.1404409812733505,0.252415944104614,1.0009448960095448,21,normalized_compact_thermal,spline_ridge
21,35.89999999999999,0.785456979199321,0.7317185982347639,0.3389901086351034,1.1244470878344244,0.5262908357461382,0.905565938878696,0.6424205210056269,1.168711356751765,0.987905671272882,-0.7110629809541126,-0.082339732394186,0.06916168157539201,0.10285181584793139,0.19250618420143417,0.8600754872908423,0.15202635979367274,0.9005553116986037,21,normalized_compact_thermal,spline_ridge
21,36.099999999999994,0.5716969241158293,0.7091203066119172,0.4232718445540025,0.9949687686698317,0.5584370614076575,0.9148603678973791,0.6356418371935504,1.1940788986012079,0.987905671272882,-0.7110629809541126,-0.07304530337550286,0.1284496219334188,0.13433771947665388,0.12247131286781815,0.9944028099474969,0.184172585455192,0.932701537360123,21,normalized_compact_thermal,spline_ridge
21,36.3,0.214406392873362,0.6961796671666429,0.5889764707299618,0.8033828636033239,0.6061411218823338,0.9095063533611148,0.6064357924199479,1.2125769143022818,0.987905671272882,-0.7110629809541126,-0.07839931791176712,0.21042053532354743,0.15550821994599603,0.10147081947604486,1.110811424288623,0.23187664592986834,0.9804055978347993,21,normalized_compact_thermal,spline_ridge
21,36.5,0.41036929114831533,0.7297250708079674,0.5245404252338097,0.9349097163821251,0.5767556087876519,0.9163029097982975,0.6279251054044717,1.2046807141921234,0.987905671272882,-0.7110629809541126,-0.07160276147458443,0.16072632379459428,0.13411448874779322,0.14151431018029592,1.011996907395008,0.20249113283518638,0.9510200847401173,21,normalized_compact_thermal,spline_ridge
21,36.699999999999996,0.3290274988338282,0.7344977613240602,0.5699840119071462,0.8990115107409743,0.5533275955458801,0.9807585884251495,0.7040947906522095,1.2574223861980895,0.987905671272882,-0.7110629809541126,-0.007147082847732486,0.11925792510529379,0.0635993462947507,0.34692885123152495,0.7597263398602352,0.1790631195934146,0.9275920714983455,21,normalized_compact_thermal,spline_ridge
21,36.9,0.4402925814017948,0.5254422250648844,0.30529593436398694,0.7455885157657818,0.6225622669233448,1.0956769014291157,0.7843957679674433,1.406958034890788,0.987905671272882,-0.7110629809541126,0.10777123015623372,0.23715135249454888,0.19963790218544203,-0.025321944616549907,1.2704464784632394,0.24829779097087934,0.9968267428758103,21,normalized_compact_thermal,spline_ridge
21,37.099999999999994,0.5202022875395252,1.0210090523481161,0.7609079085783536,1.2811101961178788,0.6905637886365655,0.8994015234282099,0.5541196291099271,1.2446834177464927,0.987905671272882,-0.7110629809541126,-0.0885041478446721,0.3408160509116025,0.1705768444797189,0.13699132978528827,1.2441362474878428,0.31629931268410005,1.064828264589031,21,normalized_compact_thermal,spline_ridge
21,37.3,0.5448153877861918,1.1190154954318396,0.8466078015387437,1.3914231893249354,0.5488459720518065,0.8964706476954023,0.622047661669499,1.1708936337213056,0.987905671272882,-0.7110629809541126,-0.09143502357747967,0.11112554319125552,0.12065586267701427,0.15728190730046104,0.940410036803152,0.17458149609934104,0.923110448004272,21,normalized_compact_thermal,spline_ridge
21,37.5,0.2260201917581068,0.6426100572015834,0.52959996132253,0.7556201530806368,0.5577072839252561,0.9184272891266183,0.6395736471639902,1.1972809310892463,0.987905671272882,-0.7110629809541126,-0.06947838214626373,0.12714194593354095,0.11434571907700573,0.18662150694512508,0.9287930609053872,0.18344280797279067,0.9319717598777216,21,normalized_compact_thermal,spline_ridge
21,37.699999999999996,0.7412445436289853,1.2910463322589907,0.920424060444498,1.6616686040734834,0.6180016322417812,0.9147492816772604,0.6057484655563699,1.223750097798151,0.987905671272882,-0.7110629809541126,-0.07315638959562155,0.22979880059410918,0.12649904258501868,0.20747471541605012,1.0285285490675122,0.2437371562893157,0.9922661081942467,21,normalized_compact_thermal,spline_ridge
21,37.9,0.5675899171048492,0.9845521923742311,0.7007572338218065,1.2683471509266557,0.6046707289630011,0.9081195722585788,0.6057842077770782,1.2104549367400792,0.987905671272882,-0.7110629809541126,-0.07978609901430324,0.20799176219728632,0.16123086382570753,0.08142874964895475,1.1279127082770475,0.23040625301053563,0.9789352049154666,21,normalized_compact_thermal,spline_ridge
21,38.099999999999994,0.6511196975900954,0.6004562372776026,0.2748963884825548,0.9260160860726503,0.6059434768035719,0.9186971017191966,0.6157253633174107,1.2216688401209825,0.987905671272882,-0.7110629809541126,-0.06920856955368535,0.2100944110897638,0.14043993053502415,0.1501742432695361,1.0617127103376076,0.23167900085110638,0.9802079527560373,21,normalized_compact_thermal,spline_ridge
21,38.3,0.26117907514836747,0.9949100691308124,0.8643205315566286,1.1254996067049963,0.5784041981469109,0.9103672480017463,0.6211651489282908,1.1995693470752018,0.987905671272882,-0.7110629809541126,-0.07753842327113573,0.1635806309971588,0.1342541512108695,0.14270965341854608,1.0140987428752757,0.20413972219444543,0.9526686740993764,21,normalized_compact_thermal,spline_ridge
21,38.5,0.31444043494675933,1.0294123516096798,0.8721921341363,1.1866325690830595,0.593224115981306,0.9074098431586829,0.61079778516803,1.2040219011493358,0.987905671272882,-0.7110629809541126,-0.08049582811419907,0.1888799654574536,0.14498307818519168,0.12271102068046014,1.063737211282152,0.2189596400288405,0.9674885919337715,21,normalized_compact_thermal,spline_ridge
21,38.699999999999996,0.8883546510703842,1.1581809679234096,0.7140036423882175,1.6023582934586016,0.5802177115615877,0.916372095464772,0.6262632396839782,1.2064809512455659,0.987905671272882,-0.7110629809541126,-0.07153357580810998,0.16671109984207122,0.13370792740926465,0.1462958250967743,1.0141395980264012,0.20595323560912226,0.9544821875140532,21,normalized_compact_thermal,spline_ridge
21,38.9,0.3557086432979358,0.9422065012367654,0.7643521795877974,1.1200608228857334,0.5581623663184576,0.911245160584953,0.6321639774257242,1.1903263437441818,0.987905671272882,-0.7110629809541126,-0.07666051068792902,0.12795760109242504,0.11179948682016667,0.19533986830519962,0.9209848643317156,0.18389789036599213,0.9324268422709231,21,normalized_compact_thermal,spline_ridge
21,39.099999999999994,0.5394358036765603,0.9672390562562921,0.697521154418012,1.2369569580945723,0.5725451186199866,0.925623149118198,0.6393505898082047,1.2118957084281914,0.987905671272882,-0.7110629809541126,-0.06228252215468397,0.15339924411161016,0.11669012631469294,0.19385104472784676,0.9512391925121264,0.1982806426675211,0.9468095945724521,21,normalized_compact_thermal,spline_ridge
21,39.3,0.8213912579550453,0.9093430634700123,0.49864743449248955,1.320038692447535,0.5590051057847706,0.9088926477159045,0.6293900948235192,1.1883952006082898,0.987905671272882,-0.7110629809541126,-0.07901302355697747,0.12946630886849358,0.12397232623505224,0.15667813301907252,0.9613320785504686,0.1847406298323051,0.9332695817372361,21,normalized_compact_thermal,spline_ridge
21,39.5,0.24832688979058434,0.9219531510774783,0.7977897061821861,1.0461165959727705,0.5463966146519519,0.9138044161601638,0.6406061088341879,1.1870027234861398,0.987905671272882,-0.7110629809541126,-0.07410125511271816,0.1066528144772096,0.11389372362270883,0.1767776969972346,0.9160155323066692,0.1721321386994864,0.9206610906044174,21,normalized_compact_thermal,spline_ridge
21,39.699999999999996,0.710509275018832,1.2952808141327292,0.9400261766233131,1.650535451642145,0.5945835409274536,0.9391998479975516,0.6419080775338248,1.2364916184612784,0.987905671272882,-0.7110629809541126,-0.04870582327533032,0.19116893123702938,0.1769839496272548,0.02021812532135825,1.168948956533549,0.2203190649749881,0.9688480168799191,21,normalized_compact_thermal,spline_ridge
21,39.9,1.1154140420806427,1.082103575732308,0.5243965546919868,1.6398105967726295,0.5811251128163576,0.9011620267845045,0.6105994703763258,1.1917245831926833,0.987905671272882,-0.7110629809541126,-0.0867436444883775,0.16827377611711297,0.13247193860048606,0.15121437666960258,1.0110358489631126,0.2068606368638921,0.9553895887688231,21,normalized_compact_thermal,spline_ridge
21,40.099999999999994,0.25197454603633374,0.6804413956085229,0.5544541225903561,0.8064286686266898,0.5528669414992154,0.9112352858395596,0.6348018150899519,1.1876687565891673,0.987905671272882,-0.7110629809541126,-0.07667038543332243,0.1184250624254195,0.11613177057897799,0.17598489759553165,0.9297489854028993,0.17860246554674997,0.9271314174516809,21,normalized_compact_thermal,spline_ridge
21,40.3,0.6773496762159513,0.5184605275244876,0.17978568941651193,0.8571353656324633,0.5970450905605069,0.9079640480656749,0.6094415027854214,1.2064865933459283,0.987905671272882,-0.7110629809541126,-0.07994162320720709,0.19530034108950167,0.12563897687904665,0.18930934207348432,1.0047808390475295,0.22278061460804144,0.9713095665129724,21,normalized_compact_thermal,spline_ridge
21,40.5,0.5066100019517206,1.0217961565037703,0.76849115552791,1.2751011574796305,0.5976644605984834,0.9098212732805545,0.6109890429813127,1.2086535035797963,0.987905671272882,-0.7110629809541126,-0.07808439799232743,0.19633719576746828,0.13940432993475382,0.14525605820438398,1.0500728629925828,0.22339998464601796,0.9719289365509489,21,normalized_compact_thermal,spline_ridge
21,40.699999999999996,0.34837704936913977,0.687454435094262,0.5132659104096922,0.8616429597788319,0.5672055972298692,0.9129972199059563,0.6293944212910216,1.196600018520891,0.987905671272882,-0.7110629809541126,-0.0749084513669257,0.14402954531798226,0.11851757215409217,0.18258091951034972,0.9518302749493887,0.1929411212774037,0.9414700731823347,21,normalized_compact_thermal,spline_ridge
21,40.9,0.2912505415576478,0.6356313723528842,0.4900061015740604,0.7812566431317082,0.5364618430470062,1.0494140028796048,0.7811830813561018,1.3176449244031079,0.987905671272882,-0.7110629809541126,0.06150833160672287,0.08830313951345095,0.06592962998364493,0.3225006369259691,0.7504230491680433,0.1621973670945407,0.9107263189994717,21,normalized_compact_thermal,spline_ridge
21,41.099999999999994,0.2364304627410467,0.4544341662896514,0.33621893491912797,0.5726493976601748,0.5187430856871014,1.0414742132658084,0.7821026704222577,1.300845756109359,0.987905671272882,-0.7110629809541126,0.05356854199292634,0.054716444632105087,0.08880339332222197,0.23054973244703492,0.8069364389271678,0.1444786097346359,0.8930075616395668,21,normalized_compact_thermal,spline_ridge
21,41.3,0.2793307591792862,1.0955239910033274,0.9558586114136844,1.2351893705929706,0.6031032661146672,1.1235636794244874,0.8220120463671539,1.425115312481821,0.987905671272882,-0.7110629809541126,0.1356580081516054,0.20539613795838674,0.1913718934102412,-0.0179552949887275,1.224161827218062,0.22883879016220177,0.9773677420671327,21,normalized_compact_thermal,spline_ridge
21,41.5,0.6048595691222497,1.2054831140711624,0.9030533295100375,1.5079128986322872,0.5617823955883783,0.9185365994507766,0.6376454016565875,1.1994277972449656,0.987905671272882,-0.7110629809541126,-0.06936907182210543,0.13442228042380094,0.1095085371351,0.20639470887166583,0.9171700823050908,0.1875179196359128,0.9360468715408438,21,normalized_compact_thermal,spline_ridge
21,41.699999999999996,0.6950236660875373,0.929530600915525,0.5820187678717563,1.2770424339592936,0.5890377464805207,0.9259351008933883,0.6314162276531279,1.2204539741336486,0.987905671272882,-0.7110629809541126,-0.061970570379493765,0.18179796927562908,0.12843086785843424,0.1722414836017686,1.0058340093592726,0.21477327052805517,0.9633022224329861,21,normalized_compact_thermal,spline_ridge
21,41.9,0.46243270630695277,1.1381723784901043,0.9069560253366279,1.3693887316435807,0.5937053292523792,0.9046012041986061,0.6077485395724165,1.2014538688247958,0.987905671272882,-0.7110629809541126,-0.0833044670742759,0.18969081954717476,0.13657641842208254,0.15047433856534997,1.0369363199394084,0.2194408532999137,0.9679698052048447,21,normalized_compact_thermal,spline_ridge
21,42.099999999999994,0.22060765315926104,0.680232759294398,0.5699289327147675,0.7905365858740285,0.5102869895393592,0.910795250485564,0.6556517557158843,1.1659387452552437,0.987905671272882,-0.7110629809541126,-0.07711042078731797,0.03828099400721764,0.1128124922930621,0.1441769882769296,0.8763969908017889,0.13602251358689377,0.8845514654918247,21,normalized_compact_thermal,spline_ridge
21,42.3,0.61816183633899,1.2748643611618837,0.9657834429923887,1.5839452793313786,0.5772350056072669,0.8876028248246474,0.598985322021014,1.1762203276282808,0.987905671272882,-0.7110629809541126,-0.10030284644823462,0.1615571743079569,0.13607861331910914,0.1356195401442048,1.018850471070329,0.20297052965480145,0.9514994815597324,21,normalized_compact_thermal,spline_ridge
21,42.5,0.5299016751934708,1.0095300214676846,0.7445791838709491,1.2744808590644199,0.5735288989312478,0.8886079288657178,0.601843479400094,1.1753723783313417,0.987905671272882,-0.7110629809541126,-0.0992977424071642,0.15511602773609495,0.16592530023720223,0.035052080942828745,1.1120057169196669,0.19926442297878233,0.9477933748837133,21,normalized_compact_thermal,spline_ridge
21,42.699999999999996,1.2113887629658295,0.9358197347546062,0.33012535327169157,1.541514116237521,0.5575111340497755,0.8970451916089217,0.6182896245840339,1.1758007586338095,0.987905671272882,-0.7110629809541126,-0.09086047966396027,0.12679017649655572,0.11827845401731053,0.17366246561415322,0.9413598024853977,0.18324665809731,0.931775610002241,21,normalized_compact_thermal,spline_ridge
21,42.9,0.9199797849456494,0.8862579148278207,0.426268022354996,1.3462478073006454,0.5036059257497972,0.894148861524018,0.6423458986491193,1.1459518243989166,0.987905671272882,-0.7110629809541126,-0.093756809748864,0.025101770851726803,0.11185276308695712,0.14061053044736987,0.8666013210522245,0.12934144979733175,0.8778704017022627,21,normalized_compact_thermal,spline_ridge
21,43.099999999999994,0.7781609395843332,0.7489963249894663,0.35991585519729963,1.138076794781633,0.4754140000143169,0.9198562709386109,0.6821492709314525,1.1575632709457693,0.987905671272882,-0.7110629809541126,-0.0680494003342711,-0.032506294620276835,0.09876998963429381,0.1548760853322801,0.7959519146963536,0.1011495240618514,0.8496784759667824,21,normalized_compact_thermal,spline_ridge
21,43.3,0.7429872526340442,1.2087792479203054,0.8372856216032833,1.5802728742373273,0.4888347989244251,0.9191742092035612,0.6747568097413487,1.1635916086657738,0.987905671272882,-0.7110629809541126,-0.06873146206932083,-0.004667700142464676,0.11682813959686913,0.10969283099249671,0.8679767668563535,0.11457032297195963,0.8630992748768906,21,normalized_compact_thermal,spline_ridge
21,43.5,0.9183058008701418,0.8227098486447888,0.36355694820971773,1.2818627490798598,0.5299585849608477,0.8991240787609238,0.6341447862805,1.1641033712413478,0.987905671272882,-0.7110629809541126,-0.08878159251195811,0.07610656388162422,0.1414204272587575,0.0710073487117997,0.9889098212098957,0.1556941090083822,0.9042230609133132,21,normalized_compact_thermal,spline_ridge
21,43.699999999999996,0.24818789182076106,0.9043923803950354,0.7802984344846549,1.028486326305416,0.5190333181974498,0.8973133139390456,0.6377966548403207,1.1568299730377705,0.987905671272882,-0.7110629809541126,-0.09059235733383637,0.055275779989565316,0.12027522679371724,0.12870452979610625,0.9093621065987934,0.14476884224498432,0.8932977941499153,21,normalized_compact_thermal,spline_ridge
21,43.9,0.6822602270956419,0.8711435580681526,0.5300134445203316,1.2122736716159737,0.5471379684610741,0.9434018374915113,0.6698328532609743,1.2169708217220483,0.987905671272882,-0.7110629809541126,-0.0445038337813707,0.10800870012389628,0.1611343903723104,0.024209074120394636,1.0700668628017536,0.17287349250860862,0.9214024444135396,21,normalized_compact_thermal,spline_ridge
21,44.099999999999994,0.3395836945571202,0.5830829002017596,0.4132910529231994,0.7528747474803197,0.5407185811137994,0.8986739532278054,0.6283146626709057,1.169033243784705,0.987905671272882,-0.7110629809541126,-0.0892317180450766,0.09620666269235097,0.12438865419044973,0.13704050063673018,0.9443966615908688,0.16645410516133397,0.9149830570662649,21,normalized_compact_thermal,spline_ridge
21,44.3,0.4734393827279074,1.1168626258533794,0.8801429344894257,1.3535823172173331,0.5068181847313312,0.9043177432376089,0.6509086508719433,1.1577268356032746,0.987905671272882,-0.7110629809541126,-0.08358792803527308,0.031460031249842556,0.11497453880810966,0.13369170119584595,0.8799446682668165,0.13255370877886574,0.8810826606837967,21,normalized_compact_thermal,spline_ridge
21,44.5,0.897217366568355,0.9008693938455512,0.45226071056137357,1.3494780771297288,0.5878150382648866,0.9458982317348718,0.6519907126024285,1.239805750867315,0.987905671272882,-0.7110629809541126,-0.04200743953801024,0.17972003961198207,0.11746474393986217,0.20660710040286046,0.9690229761269127,0.2135505623124211,0.962079514217352,21,normalized_compact_thermal,spline_ridge
21,44.699999999999996,0.5802988585525656,1.0080296620236209,0.7178802327473381,1.2981790912999036,0.6182775262417923,0.9225383871254171,0.613399624004521,1.2316771502463133,0.987905671272882,-0.7110629809541126,-0.06536728414746489,0.2302451302158584,0.12727034751575056,0.2052474961222746,1.03130755636131,0.24401305028932685,0.9925420021942578,21,normalized_compact_thermal,spline_ridge
21,44.9,0.746548480277313,0.9662231437044303,0.5929489035657738,1.3394973838430868,0.5122256464804187,0.900571111221038,0.6444582879808286,1.1566839344612472,0.987905671272882,-0.7110629809541126,-0.08733456005184403,0.04207294570687476,0.12452949768899814,0.10809048707190083,0.9163608058889365,0.1379611705279532,0.8864901224328842,21,normalized_compact_thermal,spline_ridge
21,45.099999999999994,0.6750605113971323,1.0947046493336565,0.7571743936350904,1.4322349050322227,0.5624312769686619,0.9175211914932306,0.6363055530088997,1.1987368299775616,0.987905671272882,-0.7110629809541126,-0.07038447977965132,0.1355766543087312,0.14149023048895595,0.10325350853176285,1.0216090454055609,0.18816680101619643,0.9366957529211274,21,normalized_compact_thermal,spline_ridge
21,45.3,0.8526023851905828,0.8309851930829999,0.4046840004877084,1.2572863856782914,0.5819261595550996,0.9293760326731589,0.6384129528956091,1.2203391124507088,0.987905671272882,-0.7110629809541126,-0.05852963859972306,0.16965126803760805,0.13141133640277372,0.15545739214824877,1.0083949269619505,0.20766168360263415,0.9561906355075651,21,normalized_compact_thermal,spline_ridge
21,45.5,0.38939604292265406,1.074886618019648,0.8801885965583208,1.2695846394809749,0.5379286710255109,0.9134001738517712,0.6444358383390157,1.1823645093645268,0.987905671272882,-0.7110629809541126,-0.07450549742111082,0.09103367160705603,0.11526060129548021,0.1638738298632807,0.9119835121877411,0.16366419507304542,0.9121931469779764,21,normalized_compact_thermal,spline_ridge
21,45.699999999999996,0.264605611790192,1.0844585610378612,0.9521557551427653,1.2167613669329573,0.5285466769161994,0.9106581092374787,0.6463847707793791,1.1749314476955783,0.987905671272882,-0.7110629809541126,-0.07724756203540328,0.07343882299669961,0.10980779801259487,0.17218779988172656,0.8849055539506723,0.1542822009637339,0.9028111528686649,21,normalized_compact_thermal,spline_ridge
21,45.9,0.442425798697132,1.0575191456560016,0.8363062463074356,1.2787320450045676,0.5644072062003889,0.9202371058419877,0.6380335027417933,1.202440708942182,0.987905671272882,-0.7110629809541126,-0.06766856543089424,0.1390836897649244,0.11246337890858524,0.19943018142871455,0.9293842309720632,0.19014273024792339,0.9386716821528543,21,normalized_compact_thermal,spline_ridge
21,46.099999999999994,0.6011598204221009,1.029415440266795,0.7288355300557445,1.3299953504778455,0.5535201225453117,0.9073601171388449,0.6306000558661891,1.1841201784115007,0.987905671272882,-0.7110629809541126,-0.08054555413403712,0.11960580855525069,0.125604267946755,0.1458970148393482,0.9611432302512752,0.1792556465928462,0.9277845984977772,21,normalized_compact_thermal,spline_ridge
21,46.3,0.399002985885391,0.9000676321698422,0.7005661392271467,1.0995691251125377,0.5623916494394667,0.9052301922209975,0.6240343675012642,1.186426016940731,0.987905671272882,-0.7110629809541126,-0.08267547905188444,0.13550619427759003,0.133693858821983,0.12851541971357244,0.996267879165361,0.18812717348700125,0.9366561253919322,21,normalized_compact_thermal,spline_ridge
21,46.5,0.2300247541711489,0.5633568933677536,0.44834451628217914,0.6783692704533281,0.5911615465856702,0.9595888026028206,0.6640080293099855,1.2551695758956558,0.987905671272882,-0.7110629809541126,-0.028316868670061297,0.18539702650287815,0.1713787898059413,0.034986537268324236,1.1473365559030162,0.21689707063320474,0.9654260225381357,21,normalized_compact_thermal,spline_ridge
21,46.699999999999996,0.4078922461474197,0.8049553758978671,0.6010092528241572,1.008901498971577,0.5362779645416107,0.9128898478800052,0.6447508656091998,1.1810288301508105,0.987905671272882,-0.7110629809541126,-0.07501582339287688,0.08796031918386935,0.10812053770246723,0.18539474770854686,0.8871611813746745,0.16201348858914522,0.9105424404940762,21,normalized_compact_thermal,spline_ridge
21,46.9,0.6098141786125941,0.7292228072749225,0.42431571796862555,1.0341298965812196,0.5162670842169407,0.9168250439687644,0.6586915018602941,1.1749585860772347,0.987905671272882,-0.7110629809541126,-0.07108062730411753,0.049931938613830384,0.10984813215231022,0.1597773109347035,0.8727568574991779,0.1420026082644752,0.8905315601694062,21,normalized_compact_thermal,spline_ridge
21,47.099999999999994,0.29208530915811265,0.4324766740505567,0.2864340194715003,0.5785193286296131,0.6033144790626752,0.9210387609095236,0.619381521378186,1.2226960004408611,0.987905671272882,-0.7110629809541126,-0.06686691036335829,0.20574628690307895,0.1392655014835716,0.15135661617359392,1.0552723419517565,0.22905000311020973,0.9775789550151407,21,normalized_compact_thermal,spline_ridge
21,47.5,0.3919735222515494,0.6014459718626287,0.405459210736854,0.7974327329884034,0.5493595639509354,0.9214764776502855,0.6467966956748178,1.1961562596257531,0.987905671272882,-0.7110629809541126,-0.06642919362259647,0.11206087254397558,0.12128880681509265,0.15574140772017342,0.9429777201816975,0.17509508799846996,0.9236240399034009,21,normalized_compact_thermal,spline_ridge
21,47.699999999999996,0.30474275855563904,0.5617247435856114,0.40935336430779196,0.7140961228634309,0.5882990779899501,0.9227045117263242,0.6285549727313491,1.2168540507212993,0.987905671272882,-0.7110629809541126,-0.06520115954655781,0.1805431565964698,0.1429399392376339,0.124416574633891,1.0521815813460091,0.2140346020374846,0.9625635539424156,21,normalized_compact_thermal,spline_ridge
21,47.9,1.1125711440857602,0.9087326446338106,0.3524470725909306,1.4650182166766907,0.5402016211841252,0.9042114895279199,0.6341106789358573,1.1743123001199824,0.987905671272882,-0.7110629809541126,-0.08369418174496207,0.09525014440730042,0.1122399721672278,0.17594961755769717,0.9044536248105532,0.1659371452316597,0.9144660971365907,21,normalized_compact_thermal,spline_ridge
21,48.099999999999994,1.0133293690111733,0.878626032724599,0.3719613482190125,1.3852907172301856,0.5608262463734761,0.9151659596055421,0.6347528364188041,1.19557908279228,0.987905671272882,-0.7110629809541126,-0.07273971166733983,0.13271883826173586,0.1262214004177445,0.15120036073804266,0.9704521320089096,0.18656177042101063,0.9350907223259416,21,normalized_compact_thermal,spline_ridge
21,48.3,0.2526842926773762,0.7844005710293221,0.658058424690634,0.9107427173680103,0.5901545354080852,0.9111638246529448,0.6160865569489022,1.2062410923569873,0.987905671272882,-0.7110629809541126,-0.07674184661993719,0.18369212899601156,0.1398972082993228,0.1361465965175681,1.0441624742986022,0.21589005945561968,0.9644190113605506,21,normalized_compact_thermal,spline_ridge
21,48.5,0.6993399352076862,0.9470352111564416,0.5973652435525985,1.2967051787602848,0.5645297113855419,0.8885265516013952,0.6062616959086242,1.170791407294166,0.987905671272882,-0.7110629809541126,-0.09937911967148683,0.13930071727766757,0.12008512832857862,0.17481784889282104,0.9542415738782627,0.19026523543307639,0.9387941873380073,21,normalized_compact_thermal,spline_ridge
21,48.699999999999996,0.8267338838372689,0.9687532759927318,0.5553863340740975,1.382120217911366,0.5493964835660189,0.8993027255711797,0.6246044837881704,1.1740009673541891,0.987905671272882,-0.7110629809541126,-0.0886029457017022,0.11212807511397413,0.11351616583523182,0.1810028529273066,0.9177901142047311,0.1751320076135534,0.9236609595184844,21,normalized_compact_thermal,spline_ridge
21,48.9,0.5048519493107055,1.1718039018065625,0.9193779271512097,1.4242298764619152,0.6149906862857021,0.8928872697356109,0.5853919265927598,1.200382612878462,0.987905671272882,-0.7110629809541126,-0.09501840153727108,0.22491482541292707,0.15345966710020947,0.11696854552988656,1.1130128270415176,0.2407262103332366,0.9892551622381676,21,normalized_compact_thermal,spline_ridge
21,49.099999999999994,0.5159196525825637,1.003476547504267,0.7455167212129853,1.261436373795549,0.527210050554409,1.01834609156317,0.7547410662859655,1.2819511168403743,0.987905671272882,-0.7110629809541126,0.030440420290287908,0.0709067490043703,0.05864276392714114,0.3368968863028433,0.7175232148059746,0.15294557460194347,0.9014745265068744,21,normalized_compact_thermal,spline_ridge
21,49.3,0.40643995125645427,1.0363318042626457,0.8331118286344186,1.2395517798908728,0.614706957004254,1.1054012084081313,0.7980477299060043,1.4127546869102583,0.987905671272882,-0.7110629809541126,0.11749553713524939,0.22445336354377388,0.18349349663720624,0.0192161304122892,1.210197783596219,0.24044248105178856,0.9889714329567195,21,normalized_compact_thermal,spline_ridge
21,49.5,0.735311827248211,0.881662700041026,0.5140067864169205,1.2493186136651315,0.6295145736206476,0.9081455889570815,0.5933883021467578,1.2229028757674052,0.987905671272882,-0.7110629809541126,-0.07976008231580047,0.24825670629347413,0.13359629271424706,0.1959549748555655,1.0630741723857295,0.2552500976681821,1.003779049573113,21,normalized_compact_thermal,spline_ridge
21,49.699999999999996,0.3724668441993681,0.9336635998707917,0.7474301777711077,1.1198970219704758,0.5924910982368917,0.902172274609379,0.6059267254909331,1.198417823727825,0.987905671272882,-0.7110629809541126,-0.08573339666350303,0.1876435507956427,0.1364883267345097,0.14954599120683132,1.0354362052669521,0.21822662228442624,0.9667555741893572,21,normalized_compact_thermal,spline_ridge
21,49.9,0.26153502946195734,0.5106568908637443,0.3798893761327657,0.641424405594723,0.5503124027500099,0.9037715895726185,0.6286153881976135,1.1789277909476235,0.987905671272882,-0.7110629809541126,-0.08413408170026353,0.11379382394472921,0.1225379865347902,0.1526402877824139,0.947984517717606,0.17604792679754444,0.9245768787024754,21,normalized_compact_thermal,spline_ridge
21,50.099999999999994,0.5372534599214003,0.7704559163446041,0.5018291863839038,1.0390826463053042,0.57668909374499,0.9130271863358309,0.6246826394633359,1.201371733208326,0.987905671272882,-0.7110629809541126,-0.07487848493705104,0.16061099092672548,0.12478973089320367,0.17170940039538424,0.9816687870945957,0.20242461779252452,0.9509535696974555,21,normalized_compact_thermal,spline_ridge
21,50.3,0.21617746015773556,0.6756387299257074,0.5675499998468396,0.7837274600045753,0.5466647900838124,0.8977693912932838,0.6244369962513776,1.17110178633519,0.987905671272882,-0.7110629809541126,-0.09013627997959814,0.1071435013427041,0.11314280574191651,0.1794828236983808,0.9138467564692441,0.17240031413134693,0.9209292660362779,21,normalized_compact_thermal,spline_ridge
21,50.5,0.79969285074784,0.9153833957670265,0.5155369703931064,1.3152298211409466,0.5715874836913526,0.9231423595302298,0.6373486176845535,1.2089361013759061,0.987905671272882,-0.7110629809541126,-0.06476331174265212,0.15172525081690416,0.1518933645248599,0.07864845940768189,1.0645265079750232,0.1973230077388871,0.9458519596438181,21,normalized_compact_thermal,spline_ridge
21,50.699999999999996,0.9439127633837425,1.0700610251668092,0.598104643474938,1.5420174068586805,0.6005205337639099,0.9053786810429805,0.6051184141610255,1.2056389479249354,0.987905671272882,-0.7110629809541126,-0.08252699022990148,0.2011045373518765,0.14400470297250775,0.13318255624541336,1.0678585112824064,0.22625605781144442,0.9747850097163754,21,normalized_compact_thermal,spline_ridge
21,50.9,0.43483174817574466,0.7380627493477335,0.5206468752598612,0.9554786234356059,0.48761051005514855,0.9161501507042459,0.6723448956766716,1.1599554057318202,0.987905671272882,-0.7110629809541126,-0.07175552056863609,-0.00717534598719223,0.10009491657657836,0.16277281442994884,0.8124482056803483,0.11334603410268307,0.861874986007614,21,normalized_compact_thermal,spline_ridge
21,51.099999999999994,0.46996756547550644,1.169408437151237,0.9344246544134839,1.4043922198889902,0.4942863485125525,1.0011358229939824,0.7539926487377062,1.2482789972502586,0.987905671272882,-0.7110629809541126,0.013230151721100319,0.00642270408548978,0.14870345101086788,0.011699539811539261,0.9768731572135657,0.120021872560087,0.868550824465018,21,normalized_compact_thermal,spline_ridge
21,51.3,0.5402221335467052,1.0191195892415406,0.7490085224681879,1.2892306560148932,0.5902644805954029,0.9028816530142636,0.6077494127165621,1.198013893311965,0.987905671272882,-0.7110629809541126,-0.08502401825861834,0.18387841062337462,0.11679848505927161,0.2112187504344571,0.9693102107563487,0.21600000464293745,0.9645289565478684,21,normalized_compact_thermal,spline_ridge
21,51.5,0.8075187582344392,1.3060947841167991,0.9023354049995796,1.7098541632340187,0.5486928467958877,0.9145249899766908,0.6401785665787469,1.1888714133746348,0.987905671272882,-0.7110629809541126,-0.07338068129619114,0.11084650931239344,0.11578792645494947,0.17292667906977416,0.9244590145220013,0.17442837084342222,0.9229573227483532,21,normalized_compact_thermal,spline_ridge
21,51.699999999999996,0.37029189320918116,1.1223229731054039,0.9371770265008134,1.3074689197099945,0.516372400510861,0.9078471191022081,0.6496609188467776,1.1660333193576387,0.987905671272882,-0.7110629809541126,-0.08005855217067388,0.05013591356509474,0.11197959549168847,0.15296539643255724,0.8797794045891647,0.1421079245583955,0.8906368764633265,21,normalized_compact_thermal,spline_ridge
21,51.9,0.7144000395044235,1.1984578280814935,0.8412578083292819,1.5556578478337053,0.519740862325586,0.9054200027557011,0.645549571592908,1.1652904339184942,0.987905671272882,-0.7110629809541126,-0.0824856685171809,0.05663804765239849,0.11745295230106538,0.1385711918292304,0.9009105328219417,0.14547638637312055,0.8940053382780515,21,normalized_compact_thermal,spline_ridge
21,52.099999999999994,0.3897197204204402,0.6361525897512603,0.4412927295410402,0.8310124499614804,0.5285367517885757,0.9234250850638964,0.6591567091696086,1.1876934609581844,0.987905671272882,-0.7110629809541126,-0.06448058620898552,0.07342004467257782,0.12349568118053962,0.1277566336128465,0.929316869964305,0.15427227583611025,0.9028012277410412,21,normalized_compact_thermal,spline_ridge
21,52.3,0.7344764746548499,1.1940719507358493,0.8268337134084243,1.5613101880632743,0.5845635497076829,0.9185459450632979,0.6262641702094565,1.2108277199171393,0.987905671272882,-0.7110629809541126,-0.06935972620958412,0.1741732018801898,0.13029055372726928,0.16173205454261436,1.0073950448727513,0.2102990737552174,0.9588280256601484,21,normalized_compact_thermal,spline_ridge
21,52.5,0.3094434580232572,0.6081848871835077,0.4534631581718791,0.7629066161951363,0.5597427678678797,0.9161637266415767,0.6362923427076369,1.1960351105755165,0.987905671272882,-0.7110629809541126,-0.07174194463130518,0.13078503707774214,0.1268089432697409,0.14821013139383038,0.9712754043419289,0.1854782919154142,0.9340072438203452,21,normalized_compact_thermal,spline_ridge
21,52.699999999999996,0.2683899109616144,0.9223203829643409,0.7881254274835338,1.0565153384451482,0.503107109485021,0.9281283642362247,0.6765748094937142,1.1796819189787353,0.987905671272882,-0.7110629809541126,-0.05977730703665733,0.02411079072503889,0.10478081799871256,0.16306227375767257,0.8431519452123695,0.12884263353255554,0.8773715854374865,21,normalized_compact_thermal,spline_ridge
21,52.9,0.3039695434006214,0.6563861578454981,0.5044013861451875,0.8083709295458089,0.5536473271146466,0.9290040335169808,0.6521803699596576,1.205827697074304,0.987905671272882,-0.7110629809541126,-0.05890163775590117,0.11983559235161076,0.1208630356077753,0.1614109247489044,0.9458837294803888,0.1793828511621811,0.9279118030671121,21,normalized_compact_thermal,spline_ridge
21,53.099999999999994,0.2611152489964943,0.6377326786287572,0.5071750541305101,0.7682903031270043,0.5684005219380595,0.929350623504399,0.6451503625353693,1.2135508844734288,0.987905671272882,-0.7110629809541126,-0.05855504776848294,0.14613401645287297,0.12347801002078364,0.16767775191756612,0.9691232919585528,0.19413604598559397,0.9426649978905249,21,normalized_compact_thermal,spline_ridge
21,53.3,0.8377081994926693,1.3201436592372655,0.9012895594909308,1.7389977589836,0.5421193323839576,0.9179346886434021,0.6468750224514233,1.188994354835381,0.987905671272882,-0.7110629809541126,-0.06997098262947993,0.09879384962777153,0.12144497216682132,0.14799437326322828,0.9362442915046869,0.16785485643149212,0.9163838083364231,21,normalized_compact_thermal,spline_ridge
21,53.5,0.6445836576291201,1.1614169154306127,0.8391250866160527,1.4837087442451729,0.49086571648387367,0.9153927055570322,0.6699598473150954,1.160825563798969,0.987905671272882,-0.7110629809541126,-0.07251296571584978,-0.0005216974882174229,0.10489648897913882,0.15044549411335206,0.8312859388543953,0.11660124053140819,0.8651301924363392,21,normalized_compact_thermal,spline_ridge
21,53.699999999999996,0.39220363366035493,1.0440509251483774,0.8479491083182,1.240152741978555,0.5446615734600811,0.9215287476938328,0.6491979609637921,1.1938595344238734,0.987905671272882,-0.7110629809541126,-0.06637692357904922,0.10347233762761004,0.10720588466139862,0.19674667706045312,0.8925764698597092,0.17039709750761567,0.9189260494125466,21,normalized_compact_thermal,spline_ridge
21,53.9,0.4047088316201534,1.0974276675752983,0.8950732517652217,1.299782083385375,0.5883779526917374,0.9336426184575826,0.6394536421117138,1.2278315948034513,0.987905671272882,-0.7110629809541126,-0.05426305281529939,0.18067722006477716,0.1344405528646527,0.15207847930419005,1.0246774260792848,0.21411347673927195,0.9626424286442029,21,normalized_compact_thermal,spline_ridge
21,54.099999999999994,0.8683161374280381,1.1893481976613505,0.7551901289473314,1.6235062663753694,0.5736196150363667,0.9148301347363188,0.6280203272181355,1.201639942254502,0.987905671272882,-0.7110629809541126,-0.0730755365365632,0.15527418704014906,0.140262824917327,0.11842514176691449,1.028814088305819,0.19935513908390123,0.9478840909888322,21,normalized_compact_thermal,spline_ridge
21,54.3,0.23206906001609567,0.7543703218182529,0.638335791810205,0.8704048518263008,0.5802419102636498,0.9107376414975464,0.6206166863657215,1.2008585966293714,0.987905671272882,-0.7110629809541126,-0.07716802977533553,0.16675280521744223,0.1661645893958025,0.04098852797480157,1.119495292552498,0.20597743431118432,0.9545063862161153,21,normalized_compact_thermal,spline_ridge
21,54.5,0.24146968867039087,0.660198182012672,0.5394633376774766,0.7809330263478674,0.522305949339116,0.9053598835664107,0.6442069088968527,1.1665128582359687,0.987905671272882,-0.7110629809541126,-0.0825457877064712,0.061561228004373816,0.10428328555166445,0.18387575398637862,0.8607361446918533,0.14804147338665052,0.8965704252915815,21,normalized_compact_thermal,spline_ridge
21,54.699999999999996,0.9456775790858277,0.7286250672689982,0.2557862777260843,1.201463856811912,0.4936804665733437,1.0431769535824016,0.7963367202957298,1.2900171868690735,0.987905671272882,-0.7110629809541126,0.055271282309519505,0.005196181076998929,0.07023902694347758,0.2657339890135187,0.7216269441331686,0.11941599062087821,0.8679449425258092,21,normalized_compact_thermal,spline_ridge
21,54.9,0.6553322155447134,0.9632395580280367,0.63557345025568,1.2909056658003935,0.5980314648810243,1.135177064657432,0.8361613322169198,1.434192797097944,0.987905671272882,-0.7110629809541126,0.14727139338454986,0.1969510713962892,0.1744812204740678,0.03178814776604755,1.164274781996001,0.22376698892855884,0.9722959408334898,21,normalized_compact_thermal,spline_ridge
21,55.099999999999994,0.4496545510840874,0.9771965918654872,0.7523693163234436,1.202023867407531,0.6414999409014078,0.9385400234133142,0.6177900529626104,1.259289993864018,0.987905671272882,-0.7110629809541126,-0.04936564785956774,0.26711679390203164,0.14026780880740874,0.18628929343026013,1.0967105883725554,0.26723546494894235,1.0157644168538733,21,normalized_compact_thermal,spline_ridge
21,55.3,0.4265406223058461,1.0067575753218174,0.7934872641688944,1.2200278864747405,0.515324158055792,0.9294522861325349,0.6717902071046389,1.187114365160431,0.987905671272882,-0.7110629809541126,-0.05845338514034704,0.04810383774381437,0.10492431649462383,0.17481362714299586,0.8558346889685882,0.14105968210332653,0.8895886340082575,21,normalized_compact_thermal,spline_ridge
21,55.5,0.2869771371373197,0.663786929871002,0.5202983613023422,0.8072754984396618,0.5329190955807808,0.9207267182572211,0.6542671704668307,1.1871862660476116,0.987905671272882,-0.7110629809541126,-0.06717895301566092,0.08167732396125701,0.12245827503961375,0.1355056680599958,0.9303325231015658,0.15865461962831529,0.9071835715332462,21,normalized_compact_thermal,spline_ridge
21,55.699999999999996,0.2397926818049702,0.6768912566051303,0.5569949157026451,0.7967875975076154,0.5768936384411794,0.939240573051243,0.6507937538306533,1.2276873922718328,0.987905671272882,-0.7110629809541126,-0.048665098221638996,0.16096561603097836,0.16148756369383527,0.05281859190971738,1.1009686849726412,0.20262916248871388,0.9511581143936448,21,normalized_compact_thermal,spline_ridge
21,55.9,0.3545762757187378,0.6551443868430121,0.47785624898364315,0.832432524702381,0.5516457353338111,0.9114855884705811,0.6356627208036756,1.1873084561374867,0.987905671272882,-0.7110629809541126,-0.07642008280230081,0.11621375840212185,0.12932488792702504,0.13194811213770935,0.9713433585299129,0.17738125938134564,0.9259102112862766,21,normalized_compact_thermal,spline_ridge
21,56.099999999999994,0.5735096963638447,1.0974061669657873,0.8106513187838651,1.3841610151477097,0.49617563660990777,0.9181276503152174,0.6700398320102635,1.1662154686201713,0.987905671272882,-0.7110629809541126,-0.06977802095766457,0.010237672084508286,0.12046691607471208,0.10522475963060157,0.8871265135892139,0.12191116065744229,0.8704401125623733,21,normalized_compact_thermal,spline_ridge
21,56.3,1.0194732560773658,0.9765964120346353,0.46685978399595246,1.4863330400733181,0.5695977345574865,0.9449182498744795,0.6601193825957362,1.2297171171532226,0.987905671272882,-0.7110629809541126,-0.04298742139840247,0.14823808481022854,0.149116205437228,0.08567141530685068,1.0535240538081223,0.19533325860502104,0.943862210509952,21,normalized_compact_thermal,spline_ridge
21,56.5,0.4418837514809394,0.5987234458744538,0.3777815701339841,0.8196653216149234,0.5149756501669771,0.9149075469932744,0.6574197219097858,1.172395372076763,0.987905671272882,-0.7110629809541126,-0.0729981242796076,0.04742732028874837,0.12268264167498683,0.11683408636012999,0.9131172139738242,0.14071117421451163,0.8892401261194426,21,normalized_compact_thermal,spline_ridge
21,56.699999999999996,0.2573093788046374,0.6858204884260094,0.5571657990236907,0.8144751778283281,0.4792456230005373,0.932726164930288,0.6931033534300194,1.1723489764305568,0.987905671272882,-0.7110629809541126,-0.05517950634259392,-0.02447904916320002,0.106030400011588,0.13514552297565968,0.8233457230254149,0.10498114704807182,0.8535100989530028,21,normalized_compact_thermal,spline_ridge
21,56.9,0.24680145817124474,0.5399386262680492,0.4165378971824268,0.6633393553536716,0.5415474198007965,0.9385977626726278,0.6678240527722297,1.209371472573026,0.987905671272882,-0.7110629809541126,-0.04930790860025419,0.09773833577149425,0.1290033301599565,0.12289334694308796,0.960201492658505,0.16728294384833098,0.9158118957532619,21,normalized_compact_thermal,spline_ridge
21,57.099999999999994,0.3556260448811864,0.3421255199076777,0.16431249746708454,0.5199385423482709,0.5311748894401119,1.056228732129569,0.790641287409513,1.3218161768496248,0.987905671272882,-0.7110629809541126,0.068323060856687,0.078399027631541,0.05722066214258983,0.34547686732001226,0.7168729115602116,0.15691041348764645,0.9054393653925774,21,normalized_compact_thermal,spline_ridge
21,57.3,0.4125828527551452,0.4662976166558242,0.26000619027825156,0.6725890430333968,0.5902956704781734,1.1404762404449351,0.8453284052058484,1.435624075684022,0.987905671272882,-0.7110629809541126,0.15257056917205325,0.18393124974851244,0.22691617804689418,-0.14611463783591105,1.326705978792258,0.21603119452570796,0.9645601464306389,21,normalized_compact_thermal,spline_ridge
21,57.5,0.4099388552652986,0.9120761980274772,0.7071067703948277,1.1170456256601267,0.5036870836696999,0.9318036649247671,0.679960123089917,1.183647206759617,0.987905671272882,-0.7110629809541126,-0.056102006348114894,0.02526291149167848,0.10760272854748068,0.15448431114322364,0.8528898561961762,0.12942260771723446,0.8779515596221654,21,normalized_compact_thermal,spline_ridge
21,57.699999999999996,0.3340726889138258,1.0113392202870142,0.8443028758301013,1.1783755647439271,0.5376564596550695,0.9292605567726218,0.660432326945087,1.1980887866001564,0.987905671272882,-0.7110629809541126,-0.05864511450026019,0.09052750734634146,0.14462708078464787,0.06829868151913421,1.0070142377910047,0.163391983702604,0.911920935607535,21,normalized_compact_thermal,spline_ridge
21,57.9,0.5058785690918555,1.0303933633047107,0.777454078758783,1.2833326478506384,0.5393272523327658,0.9211277277628371,0.6514641015964542,1.19079135392922,0.987905671272882,-0.7110629809541126,-0.06677794351004487,0.0936302358267845,0.13329511587646303,0.10674506174491721,0.9719094429206143,0.1650627763803003,0.9135917282852313,21,normalized_compact_thermal,spline_ridge
21,58.099999999999994,0.7027733831610522,1.062024529027465,0.710637837446939,1.4134112206079912,0.509461896962402,0.9220278377548476,0.6672968892736466,1.1767587862360487,0.987905671272882,-0.7110629809541126,-0.06587783351803428,0.036662766680996696,0.12020053763611978,0.11937549703264067,0.8995482968921633,0.13519742100993648,0.8837263729148674,21,normalized_compact_thermal,spline_ridge
21,58.3,0.5244784915748714,1.120133490845154,0.8578942450577182,1.3823727366325895,0.5332911637528213,0.9119968389929712,0.6453512571165606,1.178642420869382,0.987905671272882,-0.7110629809541126,-0.07590883227991077,0.08237525044224206,0.1350711818627908,0.09494511220170765,0.9716372153039349,0.15902668780035578,0.9075556397052867,21,normalized_compact_thermal,spline_ridge
21,58.5,0.21471637951344458,0.5807524771300732,0.4733942873733508,0.6881106668867955,0.5622404129057594,0.9249926236803594,0.6438724172274797,1.2061128301332391,0.987905671272882,-0.7110629809541126,-0.06291304759252257,0.135237241364575,0.14855864841001953,0.0801235315975537,1.0443572942139652,0.18797593695329395,0.9365048888582249,21,normalized_compact_thermal,spline_ridge
21,58.699999999999996,0.2845993600382297,0.5398134919021348,0.39751381188302,0.6821131719212497,0.4696547172908066,0.939521441706626,0.7046940830612227,1.1743488003520293,0.987905671272882,-0.7110629809541126,-0.048384229566256036,-0.04469451736921863,0.09790886527465505,0.15191140659265723,0.787398027988956,0.09539024133834112,0.8439191932432721,21,normalized_compact_thermal,spline_ridge
21,58.9,0.8269497025612115,1.1381913614897705,0.7247165102091647,1.5516662127703762,0.5326311874678956,0.9865665324490349,0.720250938715087,1.2528821261829828,0.987905671272882,-0.7110629809541126,-0.0013391388238470415,0.08113693065561642,0.14839274576409947,0.051052709457699186,1.014209665478092,0.15836671151543014,0.9068956634203611,21,normalized_compact_thermal,spline_ridge
21,59.099999999999994,0.3218550978419568,0.8540578251008323,0.6931302761798539,1.0149853740218107,0.5955862025101925,0.8734624210337074,0.5756693197786111,1.1712555222888037,0.987905671272882,-0.7110629809541126,-0.11444325023917454,0.19285383681536844,0.15230710749757803,0.10130445955073314,1.0898679454696518,0.22132172655772697,0.9698506784626579,21,normalized_compact_thermal,spline_ridge
21,59.3,0.20705632428775525,0.7610240036787788,0.6574958415349011,0.8645521658226565,0.5357948435574283,0.890908001490785,0.6230105797120709,1.158805423269499,0.987905671272882,-0.7110629809541126,-0.09699766978209702,0.0870590352165187,0.12614271306924485,0.12642432170904522,0.9451653654058114,0.16153036760496287,0.9100593195098938,21,normalized_compact_thermal,spline_ridge
21,59.5,0.33423725435629853,0.7507718904473267,0.5836532632691774,0.917890517625476,0.5222527396067768,0.9052243330126083,0.6440979632092199,1.1663507028159967,0.987905671272882,-0.7110629809541126,-0.08268133826027366,0.06145934817139095,0.14514289658338556,0.05122098619657439,0.9932844930169791,0.14798826365431128,0.8965172155592422,21,normalized_compact_thermal,spline_ridge
21,59.699999999999996,0.7949687814730519,0.8157378548569836,0.4182534641204575,1.2132222455935096,0.5282312829448357,0.9283845972669225,0.6642689557945046,1.1925002387393402,0.987905671272882,-0.7110629809541126,-0.05952107400595956,0.07284192564889821,0.10591383985308234,0.1845094552097573,0.8719531106799141,0.1539668069923702,0.9024957588973012,21,normalized_compact_thermal,spline_ridge
21,59.9,0.26975694764972086,0.6364842460083451,0.5016057721834846,0.7713627198332055,0.4648490531561209,0.9061047915524731,0.6736802649744127,1.1385293181305336,0.987905671272882,-0.7110629809541126,-0.08180087972040888,-0.054979562008686186,0.12437891435111798,0.061202581346829155,0.8684955249654127,0.09058457720365543,0.8391135291085864,21,normalized_compact_thermal,spline_ridge
21,60.099999999999994,0.2651246472951753,0.6469821723319482,0.5144198486843605,0.7795444959795358,0.469781376816582,0.9094584574388315,0.6745677690305405,1.1443491458471224,0.987905671272882,-0.7110629809541126,-0.07844721383405052,-0.044424867251797534,0.15785359712562233,-0.042500370251023656,0.9820631238841877,0.09551690086411652,0.8440458527690475,21,normalized_compact_thermal,spline_ridge
21,60.3,0.39202317186747054,0.890565675403965,0.6945540894702298,1.0865772613377003,0.48292222420327713,0.9312713713126052,0.6898102592109666,1.1727324834142436,0.987905671272882,-0.7110629809541126,-0.05663429996027675,-0.016836683835859914,0.12448770609541836,0.07892269091264087,0.8869217574939134,0.10865774825081165,0.8571867001557426,21,normalized_compact_thermal,spline_ridge
21,60.5,0.30852069565625917,0.7392274515301446,0.584967103702015,0.8934877993582742,0.43337044254208973,0.9063896655953815,0.6897044443243366,1.1230748868664264,0.987905671272882,-0.7110629809541126,-0.08151600567750047,-0.1250994102775217,0.10077268461579453,0.10633318858208735,0.7604076965020921,0.05910596658962425,0.8076349184945553,21,normalized_compact_thermal,spline_ridge
21,60.699999999999996,0.7109030658775751,0.8960728142243858,0.5406212812855982,1.2515243471631734,0.5353217648479675,0.9333885399233842,0.6657276574994004,1.201049422347368,0.987905671272882,-0.7110629809541126,-0.054517131349497774,0.08617569770403893,0.14982256768011737,0.049103090589659615,1.0215404391062752,0.16105728889550197,0.9095862408004329,21,normalized_compact_thermal,spline_ridge
21,60.9,1.003503450455731,0.6592490849564459,0.15749735972858048,1.1610008101843112,0.5553509057426661,0.9194417188760207,0.6417662660046877,1.1971171717473537,0.987905671272882,-0.7110629809541126,-0.06846395239686134,0.1229078785240214,0.1355647755104964,0.11540299638918095,0.9952988150961513,0.18108642979020062,0.9296153816951316,21,normalized_compact_thermal,spline_ridge
21,61.099999999999994,0.3588967726598261,1.0557141748447445,0.8762657885148315,1.2351625611746577,0.49806706913323534,0.9079608474183284,0.6589273128517107,1.156994381984946,0.987905671272882,-0.7110629809541126,-0.07994482385455359,0.014042446902867045,0.1297249848004356,0.0770710129014649,0.9190631253650058,0.12380259318076986,0.8723315450857008,21,normalized_compact_thermal,spline_ridge
21,61.3,0.2747452289445637,0.58923261279272,0.4518599983204381,0.7266052272650019,0.5300730149124516,0.9339788440503766,0.6689423365941507,1.1990153515066024,0.987905671272882,-0.7110629809541126,-0.05392682722250537,0.07632246301531448,0.1438303702108294,0.06330079891824036,0.9968452309066629,0.15580853895998614,0.9043374908649171,21,normalized_compact_thermal,spline_ridge
21,61.5,0.3425600662029052,0.320890604397369,0.14961057129591643,0.49217063749882156,0.45777226174015856,0.9491157331930314,0.7202296023229522,1.1780018640631107,0.987905671272882,-0.7110629809541126,-0.038789938079850546,-0.07032048269000975,0.08343078416358732,0.18701461890652943,0.7285299045737876,0.08350778578769308,0.8320367376926241,21,normalized_compact_thermal,spline_ridge
21,61.699999999999996,0.6489261477709528,1.016283000291988,0.6918199264065116,1.3407460741774644,0.49702370269799456,0.9880599165848719,0.7395480652358746,1.2365717679338692,0.987905671272882,-0.7110629809541126,0.00015424531198996258,0.01194541847665933,0.14743489765296378,0.018553725936632515,0.9754936794593566,0.12275922674552908,0.87128817865046,21,normalized_compact_thermal,spline_ridge
21,61.9,0.26451696881971987,0.6678136589276538,0.5355551745177939,0.8000721433375138,0.5839362752519134,0.9292670902484249,0.6372989526224682,1.2212352278743817,0.987905671272882,-0.7110629809541126,-0.058638581024457063,0.17309956112710473,0.15409985948847219,0.08383652029477173,1.084036030209055,0.2096717992994479,0.9582007512043789,21,normalized_compact_thermal,spline_ridge
21,62.1,0.7979098368762568,0.6862955601851846,0.2873406417470561,1.085250478623313,0.5324034212490611,0.9241332047069223,0.6579314940823917,1.1903349153314529,0.987905671272882,-0.7110629809541126,-0.06377246656595974,0.08070921455992786,0.12894691882855683,0.11393241989513869,0.9508744226029836,0.15813894529659567,0.9066678972015266,21,normalized_compact_thermal,spline_ridge
21,62.3,0.543977043905324,0.9598357783171985,0.6878472563645365,1.2318243002698603,0.5606424502086559,0.9412682610431746,0.6609470359388467,1.2215894861475025,0.987905671272882,-0.7110629809541126,-0.0466374102297074,0.13239106064827955,0.1290825134264676,0.1417314041628448,0.979553496254467,0.1863779742561904,0.9349069261611214,21,normalized_compact_thermal,spline_ridge
21,62.5,0.36790840790955814,1.3636060795424496,1.1796518755876706,1.5475602834972286,0.592705627222562,0.9471804766415655,0.6508276630302845,1.2435332902528464,0.987905671272882,-0.7110629809541126,-0.04072519463131655,0.18800556493794468,0.13686201062319076,0.14854780512721105,1.036863449317913,0.21844115127009656,0.9669701031750275,21,normalized_compact_thermal,spline_ridge
21,62.699999999999996,1.1109443176948317,0.9790015883533879,0.42352942950597217,1.5344737472008037,0.5507264324524695,0.9530015195359549,0.6776383033097202,1.2283647357621896,0.987905671272882,-0.7110629809541126,-0.034904151736927125,0.11454589500478134,0.13566790395408979,0.11044384070834906,0.9910090241965901,0.17646195650000407,0.924990908404935,21,normalized_compact_thermal,spline_ridge
21,62.9,0.4658853799344832,1.51340699787179,1.2804643079045483,1.7463496878390314,0.5565239674730451,0.936061583221513,0.6577995994849904,1.2143235669580354,0.987905671272882,-0.7110629809541126,-0.051844088051368926,0.12501793999564603,0.1408389110105915,0.09945992394550096,1.0135880110005893,0.18225949152057963,0.9307884434255106,21,normalized_compact_thermal,spline_ridge
21,63.1,0.7265322957904196,1.0347319195489948,0.671465771653785,1.3979980674442045,0.5374946791294715,0.9326093523100444,0.6638620127453086,1.2013566918747802,0.987905671272882,-0.7110629809541126,-0.05529631896283764,0.09022656263078853,0.11272226298338706,0.17167749874181887,0.9033118595171241,0.16323020317700598,0.911759155081937,21,normalized_compact_thermal,spline_ridge
21,63.3,0.3458748501720813,0.9019563279860832,0.7290189029000425,1.0748937530721239,0.592592729844401,0.9477371635673909,0.6514407986451904,1.2440335284895914,0.987905671272882,-0.7110629809541126,-0.04016850770549108,0.1878150688019647,0.13119770110041132,0.16681727236473815,1.018368187324064,0.21832825389193555,0.9668572057968665,21,normalized_compact_thermal,spline_ridge
21,63.5,0.7464953373741509,1.2518369559436233,0.8785892872565478,1.6250846246306987,0.5245487669325547,0.9408267463054711,0.6785523628391938,1.2031011297717484,0.987905671272882,-0.7110629809541126,-0.04707892496741088,0.06584610343191286,0.1171374075761611,0.1444031326691098,0.9046944011959996,0.15028429098008922,0.8988132428850202,21,normalized_compact_thermal,spline_ridge
21,63.699999999999996,0.2565817529411382,0.6842555100861318,0.5559646336155628,0.812546386556701,0.5685941652041285,0.9411969379372264,0.6568998553351622,1.2254940205392906,0.987905671272882,-0.7110629809541126,-0.046708733335655575,0.14647463944809214,0.12061746310772015,0.17715471844567537,0.9600336119625816,0.19432968925166305,0.942858641156594,21,normalized_compact_thermal,spline_ridge
21,63.9,0.38725988096305874,1.06467039682817,0.8710404563466406,1.2583003373096995,0.5278796490668308,0.9299487625673021,0.6660089380338867,1.1938885871007174,0.987905671272882,-0.7110629809541126,-0.05795690870557995,0.07217602232313927,0.1510117895102813,0.03780159720864168,1.01795770092502,0.15361517311436534,0.9021441250192963,21,normalized_compact_thermal,spline_ridge
21,64.1,0.3790910033695985,0.9294452771640385,0.7398997754792392,1.1189907788488378,0.5301173471787584,1.0792024823674005,0.8141438087780213,1.3442611559567796,0.987905671272882,-0.7110629809541126,0.09129681109451852,0.07640609378185931,0.06124896919854074,0.33134627373816816,0.7288884206193486,0.15585287122629288,0.9043818231312238,21,normalized_compact_thermal,spline_ridge
21,64.3,0.8876858847131055,0.8191894763847372,0.37534653402818446,1.2630324187412898,0.5579365005705184,1.147119742335907,0.8681514920506478,1.426087992621166,0.987905671272882,-0.7110629809541126,0.15921407106302496,0.12755285961705334,0.24066798392951075,-0.22310249705544183,1.3389754981964785,0.18367202461805288,0.9322009765229838,21,normalized_compact_thermal,spline_ridge
21,64.5,0.24102939217965638,0.669126086554523,0.5486113904646948,0.7896407826443512,0.5830793933406397,0.9427476173038831,0.6512079206335633,1.234287313974203,0.987905671272882,-0.7110629809541126,-0.04515805396899891,0.17163105973792347,0.1335379063662953,0.149709275593908,1.0164495110873715,0.20881491738817426,0.9573438692931052,21,normalized_compact_thermal,spline_ridge
21,64.69999999999999,0.5645060880342242,0.3466194653949822,0.06436642137786998,0.6288725094120944,0.48972024839904,0.9395031872529304,0.6946430630534104,1.1843633114524503,0.987905671272882,-0.7110629809541126,-0.04840248401995164,-0.002857991595778417,0.10919366149960093,0.13535442652164525,0.8440860702764348,0.11545577244657451,0.8639847243515055,21,normalized_compact_thermal,spline_ridge
21,64.9,0.3099930406375069,0.6141879446578434,0.45919142433908994,0.7691844649765969,0.4668636322152668,0.9733217843905823,0.7398899682829488,1.2067536004982156,0.987905671272882,-0.7110629809541126,-0.014583886882299724,-0.05065509110614892,0.08757627195747221,0.1826526518070194,0.7510746126235142,0.0925991562628013,0.8411281081677322,21,normalized_compact_thermal,spline_ridge
21,65.1,0.26298404176132484,0.5372357437241654,0.40574372284350296,0.6687277646048279,0.5113992043695189,1.0403509036370893,0.7846513014523298,1.2960505058218488,0.987905671272882,-0.7110629809541126,0.052445232364207374,0.04045820903887784,0.17929002500419008,-0.07045010988999678,1.0932485186290346,0.13713472841705343,0.8856636803219844,21,normalized_compact_thermal,spline_ridge
21,65.3,0.8361700270208905,0.8502832392272048,0.4321982257167595,1.26836825273765,0.5156667097725596,0.9337412284336789,0.6759078735473991,1.1915745833199587,0.987905671272882,-0.7110629809541126,-0.054164442839203075,0.04876834746948085,0.13528070701449763,0.07664068695233667,0.9546927325927825,0.1414022338200941,0.889931185725025,21,normalized_compact_thermal,spline_ridge
21,65.5,0.3220082995254324,0.39721933340962645,0.23621518364691024,0.5582234831723427,0.555967286313805,0.9460153808498398,0.6680317376929373,1.2239990240067424,0.987905671272882,-0.7110629809541126,-0.04189029042304212,0.12401715692646155,0.13059063060301912,0.1321619526745877,0.9797726199530223,0.1817028103613395,0.9302317622662705,21,normalized_compact_thermal,spline_ridge
21,65.69999999999999,0.45460502788808077,0.35086764416299077,0.12356513021895037,0.5781701581070312,0.5780133505040815,0.9521149085664206,0.6631082333143798,1.2411215838184613,0.987905671272882,-0.7110629809541126,-0.03579076270646144,0.1629046681355305,0.14949334002628503,0.09286311764184768,1.0631635833663153,0.20374887455161605,0.952277826456547,21,normalized_compact_thermal,spline_ridge
21,65.9,0.5918902352959562,0.4795707412244642,0.18362562357648604,0.7755158588724423,0.5185626844008254,0.9374275834009062,0.6781462412004935,1.1967089256013188,0.987905671272882,-0.7110629809541126,-0.0504780878719758,0.05436861799641713,0.11882768140869646,0.132931610161852,0.9041937586397988,0.14429820844835994,0.8928271603532909,21,normalized_compact_thermal,spline_ridge
21,66.1,0.23313018600879928,0.79337135779213,0.6768062647877303,0.9099364507965295,0.4953709899420804,0.9149945766460474,0.6673090816750072,1.1626800716170878,0.987905671272882,-0.7110629809541126,-0.07291109462683455,0.00861465845527137,0.13131889734463212,0.06920221469926224,0.9215397651848986,0.12110651398961492,0.8696354658945459,21,normalized_compact_thermal,spline_ridge
21,66.3,0.3702080249530661,1.0054774197223566,0.8203734072458236,1.1905814321988897,0.47865399527930447,0.9284016913307842,0.689074693691132,1.1677286889704364,0.987905671272882,-0.7110629809541126,-0.05950397994209783,-0.025714309696081593,0.12521248059776158,0.07230235373740701,0.8850056368212019,0.10438951932683899,0.8529184712317699,21,normalized_compact_thermal,spline_ridge
21,66.5,0.7735005306663282,0.7954196372001643,0.4086693718670002,1.1821699025333283,0.5099754291453332,0.9136171934493948,0.6586294788767282,1.1686049080220615,0.987905671272882,-0.7110629809541126,-0.07428847782348709,0.0376702483833374,0.1410435855566322,0.05224715600291019,0.9677037022877563,0.13571095319286774,0.8842399050977987,21,normalized_compact_thermal,spline_ridge
21,66.69999999999999,0.557745691644367,0.8050866438029242,0.5262137979807406,1.0839594896251077,0.5328261079487182,0.9308470689966564,0.6644340150222973,1.1972601229710156,0.987905671272882,-0.7110629809541126,-0.05705860227622559,0.08150282140287712,0.11794846390619165,0.15004835530923377,0.9156038605882026,0.15856163199625273,0.9070905839011837,21,normalized_compact_thermal,spline_ridge
21,66.9,0.5949350489787127,0.9287883175205571,0.6313207930312009,1.2262558420099134,0.5794405413200158,0.9241950332221222,0.6344747625621143,1.21391530388213,0.987905671272882,-0.7110629809541126,-0.06371063805075984,0.16537075607097984,0.13578230130223462,0.13878669624727524,1.0200943863927563,0.2051760653675503,0.9537050172724812,21,normalized_compact_thermal,spline_ridge
21,67.1,0.8619256406826293,1.0276752531597062,0.5967124328183916,1.458638073501021,0.5056455312254932,0.9326989357900666,0.6798761701773199,1.1855217014028132,0.987905671272882,-0.7110629809541126,-0.055206735482815364,0.02914359459790872,0.12971547509417833,0.08468033681140869,0.9266107256395777,0.13138105527302768,0.8799100071779586,21,normalized_compact_thermal,spline_ridge
21,67.3,0.2913782542081174,0.5546185185253452,0.40892939142128637,0.7003076456294038,0.5322851499910285,0.9267615697549013,0.660618994759387,1.1929041447504156,0.987905671272882,-0.7110629809541126,-0.061144101517980616,0.08048704394269031,0.12378155120355169,0.13057729879248864,0.9339930011895683,0.158020674038563,0.906549625943494,21,normalized_compact_thermal,spline_ridge
21,67.69999999999999,0.228586762213206,0.5591646333175179,0.4448712522109149,0.6734580144241209,0.5734276940492026,0.9212531039664592,0.634539256941858,1.2079669509910604,0.987905671272882,-0.7110629809541126,-0.06665256730642276,0.15493955221308514,0.15828304792091216,0.05975225176212351,1.0871031363362818,0.1991632180967371,0.947692170001668,21,normalized_compact_thermal,spline_ridge
21,67.9,0.3224310948993481,0.5553970684648424,0.39418152101516835,0.7166126159145165,0.5370489359338196,0.9234283139880869,0.6549038460211771,1.1919527819549967,0.987905671272882,-0.7110629809541126,-0.0644773572847951,0.089396920697282,0.12217020903609241,0.14057036804399548,0.9335275038236438,0.16278445998135416,0.9113134118862851,21,normalized_compact_thermal,spline_ridge
21,68.1,0.36685005836454937,0.6946059756992404,0.5111809465169658,0.8780310048815152,0.5322099821024189,0.9172930502644456,0.6511880592132362,1.183398041315655,0.987905671272882,-0.7110629809541126,-0.07061262100843632,0.08034581663883825,0.13076357837354222,0.10784338164604751,0.9565765825587902,0.1579455061499534,0.9064744580548844,21,normalized_compact_thermal,spline_ridge
21,68.3,0.7726122123273048,0.9553248017462664,0.569018695582614,1.341630907909919,0.5230057483107509,0.9080971657857221,0.6465942916303467,1.1696000399410975,0.987905671272882,-0.7110629809541126,-0.07980850548715994,0.06290015701043797,0.13982806295104916,0.06922220658609024,0.9767892900354115,0.14874127235828538,0.8972702242632163,21,normalized_compact_thermal,spline_ridge
21,68.5,0.7608288685458667,0.8422430710840015,0.4618286368110682,1.2226575053569348,0.5360097922976266,0.916441913121855,0.6484370169730417,1.1844468092706681,0.987905671272882,-0.7110629809541126,-0.07146375815102704,0.08746013208788722,0.13872640203221176,0.08580146704224284,0.9862181175530103,0.1617453163451611,0.9102742682500921,21,normalized_compact_thermal,spline_ridge
21,68.7,0.20826386015530204,0.5688068966501021,0.464674966572451,0.6729388267277531,0.5429917512986395,0.9278193471533428,0.656323471504023,1.1993152228026625,0.987905671272882,-0.7110629809541126,-0.0600863241195392,0.10040183081196252,0.130611940871974,0.1191172595153604,0.9668662430819186,0.16872727534617404,0.917256227251105,21,normalized_compact_thermal,spline_ridge
21,68.9,0.5322585573902576,0.8321779087200023,0.5660486300248735,1.0983071874151311,0.5200041305453426,0.9274640102214826,0.6674619449488113,1.187466075494154,0.987905671272882,-0.7110629809541126,-0.0604416610513994,0.057144456872328275,0.1284340993582449,0.10319738049113936,0.9368108805995458,0.14573965459287708,0.894268606497808,21,normalized_compact_thermal,spline_ridge
21,69.1,0.2876470720077002,0.6823724349246103,0.5385488989207602,0.8261959709284604,0.5642713094593613,0.9349700996471033,0.6528344449174226,1.217105754376784,0.987905671272882,-0.7110629809541126,-0.05293557162577872,0.13884288294562425,0.15163587597951625,0.07216791188461874,1.0563747070341039,0.19000683350689584,0.9385357854118268,21,normalized_compact_thermal,spline_ridge
21,69.3,0.600838991433389,0.8217756317193766,0.5213561360026822,1.122195127436071,0.5765140706613783,0.9509951529446021,0.662738117613913,1.2392521882752914,0.987905671272882,-0.7110629809541126,-0.03691051832827981,0.16030744842813066,0.14490821557934797,0.106243926723124,1.0467842145996324,0.2022495947089128,0.9507785466138438,21,normalized_compact_thermal,spline_ridge
21,69.5,0.5634644726301649,0.6151088468569882,0.33337661054190576,0.8968410831720707,0.5637836643219526,0.9508577501368463,0.66896591797587,1.2327495822978225,0.987905671272882,-0.7110629809541126,-0.037047921136035764,0.13797830598950284,0.12009731490123343,0.174032252786042,0.9535350758578631,0.1895191883694871,0.9380481402744181,21,normalized_compact_thermal,spline_ridge
21,69.7,0.6227845411155951,1.0812435250087569,0.7698512544509594,1.3926357955665545,0.5345251303761059,0.9341201294846078,0.6668575642965549,1.2013826946726607,0.987905671272882,-0.7110629809541126,-0.053785541788274195,0.08468644793820168,0.13063311036745484,0.11058193730044619,0.9584683234517657,0.16026065442364046,0.9087896063285714,21,normalized_compact_thermal,spline_ridge
21,69.9,0.2896959125719238,0.9843471943206876,0.8394992380347258,1.1291951506066495,0.5682102909093903,0.9528805339097153,0.66877538845502,1.2369856793644105,0.987905671272882,-0.7110629809541126,-0.03502513736316675,0.14579928264901487,0.13803683178689669,0.12023982564850971,1.016180756170271,0.19394581495692487,0.9424747668618558,21,normalized_compact_thermal,spline_ridge
21,70.1,0.4096906164148156,0.45795434212221725,0.25310903391480943,0.6627996503296251,0.49476546944166194,0.9237329550044473,0.6763502202836164,1.1711156897252784,0.987905671272882,-0.7110629809541126,-0.06417271626843464,0.007391553154648633,0.11107559223472722,0.13429222408830105,0.8552387147950229,0.12050099348919646,0.8690299453941275,21,normalized_compact_thermal,spline_ridge
21,70.3,0.5605993148842392,0.80784925406924,0.5275495966271204,1.0881489115113596,0.5622983744523546,0.9520796475385186,0.6709304603123413,1.233228834764696,0.987905671272882,-0.7110629809541126,-0.035826023734363395,0.13534032637560028,0.14868569848058016,0.07976917797808991,1.0448275709266195,0.18803389849988916,0.9365628504048201,21,normalized_compact_thermal,spline_ridge
21,70.5,0.9995589513214462,0.9647855298007546,0.46500605414003154,1.4645650054614776,0.6023691233225735,0.9386548776178253,0.6374703159565385,1.239839439279112,0.987905671272882,-0.7110629809541126,-0.04925079365505674,0.2041781210393947,0.13506557941135913,0.16404125338822084,1.040696993256926,0.22810464737010805,0.976633599275039,21,normalized_compact_thermal,spline_ridge
21,70.7,0.37108313979739316,0.548633599632498,0.3630920297338015,0.7341751695311947,0.5761074815519737,0.9487613693330917,0.660707628557105,1.2368151101090785,0.987905671272882,-0.7110629809541126,-0.03914430193979019,0.1596019451768887,0.12871977772266335,0.1583736204639482,0.9938413426399991,0.20184300559950819,0.9503719575044391,21,normalized_compact_thermal,spline_ridge
21,70.9,0.8602508131073265,0.7224545858525853,0.292329179298922,1.1525799924062485,0.5811277873243682,0.948505586523815,0.6579416928616308,1.2390694801859992,0.987905671272882,-0.7110629809541126,-0.039400084749067005,0.1682783783994739,0.1374527660163883,0.13505278874126186,1.0272027859074746,0.20686331137190272,0.9553922632768337,21,normalized_compact_thermal,spline_ridge
21,71.1,0.525107206941972,0.7422046528021385,0.47965104933115255,1.0047582562731245,0.5761381631457276,0.9400184164631691,0.6519493348903053,1.2280874980360328,0.987905671272882,-0.7110629809541126,-0.04788725480971286,0.15965520047692378,0.13382238524560852,0.1418448270501455,1.0104314992413097,0.20187368719326215,0.9504026390981931,21,normalized_compact_thermal,spline_ridge
21,71.3,0.25646494277835924,0.8261108414652072,0.6978783700760275,0.9543433128543869,0.5789378890220475,0.9498117940744669,0.6603428495634431,1.2392807385854907,0.987905671272882,-0.7110629809541126,-0.03809387719841509,0.16450290094462267,0.12755542948571938,0.16498268334560606,0.9928930946984889,0.20467341306958198,0.9532023649745129,21,normalized_compact_thermal,spline_ridge
21,71.5,0.30425431559053073,1.0552018140490174,0.9030746562537519,1.2073289718442826,0.5936446171485501,0.9549116127466065,0.6580893041723315,1.2517339213208816,0.987905671272882,-0.7110629809541126,-0.03299405852627545,0.18958855466045627,0.13085999787966923,0.1689651067937059,1.0183241275033943,0.21938014119608462,0.9679090931010156,21,normalized_compact_thermal,spline_ridge
21,71.7,0.5252367827375387,1.1326148703861785,0.8699964790174092,1.3952332617549479,0.5619032906533057,0.9413043862744366,0.6603527409477837,1.2222560316010895,0.987905671272882,-0.7110629809541126,-0.04660128499844543,0.13463745637001795,0.12186833455588249,0.1664043949973299,0.9574021863092814,0.1876388147008402,0.9361677666057712,21,normalized_compact_thermal,spline_ridge
21,71.9,0.4351932962769164,1.2180789543343105,1.000482306195852,1.4356756024727686,0.5928523838143352,0.9508957426288104,0.6544695507216427,1.247321934535978,0.987905671272882,-0.7110629809541126,-0.03700992864407165,0.18825313880806605,0.1660408207661764,0.05400066744233378,1.1317041001863366,0.21858790786186977,0.9671168597668007,21,normalized_compact_thermal,spline_ridge
21,72.1,0.30426057037103305,0.995849403151842,0.8437191179663255,1.1479796883373585,0.6030608215477403,0.9940986633754131,0.6925682526015429,1.2956290741492833,0.987905671272882,-0.7110629809541126,0.006192992102531151,0.2053257585342626,0.19133320171677318,-0.017872173533164504,1.2239938166286453,0.22879634559527484,0.9773252975002058,21,normalized_compact_thermal,spline_ridge
21,72.3,0.34623993623666166,0.9390761950538906,0.7659562269355596,1.1121961631722215,0.5449236951562242,0.9530384350718835,0.6805765874937714,1.2255002826499957,0.987905671272882,-0.7110629809541126,-0.03486723620099849,0.10395347794539835,0.18427375806977606,-0.053099311234774516,1.1429467015472228,0.1706592192037587,0.9191881711086897,21,normalized_compact_thermal,spline_ridge
21,72.5,1.1432536103142,0.7095785954389058,0.13795179028180582,1.2812054005960059,0.6570230133699735,0.9621064762162684,0.6335949695312817,1.2906179829012552,0.987905671272882,-0.7110629809541126,-0.025799195056613593,0.2910267478035072,0.15427136492721102,0.1563666723901591,1.1576793543497879,0.282758537417508,1.0312874893224389,21,normalized_compact_thermal,spline_ridge
21,72.7,0.5416280930068657,1.4003318233839692,1.1295177768805365,1.671145869887402,0.5080220095981681,0.9372435987272535,0.6832325939281694,1.1912546035263376,0.987905671272882,-0.7110629809541126,-0.050662072545628496,0.033832474592560204,0.10512479007485918,0.16686088245067143,0.8491831367456648,0.13375753364570264,0.8822864855506336,21,normalized_compact_thermal,spline_ridge
21,72.9,0.3866617140012383,1.2637791395817537,1.0704482825811346,1.4571099965823728,0.5752012427463731,0.9636995834730206,0.6760989620998341,1.2513002048462072,0.987905671272882,-0.7110629809541126,-0.024206087799861366,0.15802766892302422,0.12263469463202041,0.1772152813165691,0.9731872041761771,0.2009367667939076,0.9494657186988386,21,normalized_compact_thermal,spline_ridge
21,73.1,0.8611791188250588,1.2862536551723753,0.855664095759846,1.7168432145849049,0.6086365252579043,0.9612928137508367,0.6569745511218845,1.265611076379789,0.987905671272882,-0.7110629809541126,-0.026612857522045175,0.21452895284581014,0.14726233128326296,0.13072657755489248,1.0865464729609162,0.23437204930543887,0.9829010012103698,21,normalized_compact_thermal,spline_ridge
21,73.3,0.3449445667909031,1.0320722849319905,0.8596000015365389,1.204544568327442,0.6019539878260235,0.959451546924595,0.6584745530115832,1.2604285408376068,0.987905671272882,-0.7110629809541126,-0.02845412434828693,0.20348871217702313,0.16578963512223016,0.06391744337827454,1.1399905322737725,0.22768951187355801,0.976218463778489,21,normalized_compact_thermal,spline_ridge
21,73.5,0.5362072407067371,1.1562485311906272,0.8881449108372588,1.4243521515439959,0.5288682577673353,0.944201513372635,0.6797673844889673,1.2086356422563027,0.987905671272882,-0.7110629809541126,-0.04370415790024697,0.07404706267726785,0.13356901911476482,0.09539716992278968,0.9623393456118808,0.15460378181486978,0.9031327337198007,21,normalized_compact_thermal,spline_ridge
21,73.7,0.29038258210449786,1.427822311227434,1.2826310201751852,1.573013602279683,0.5581746665749868,0.9901451522026539,0.7110578189151604,1.2692324854901473,0.987905671272882,-0.7110629809541126,0.002239480929771874,0.12797963790777234,0.15021357035854835,0.07068707264134633,1.0456622605086272,0.18391019062252134,0.9324391425274523,21,normalized_compact_thermal,spline_ridge
21,73.9,0.7861271355279753,1.0565148252259329,0.6634512574619452,1.4495783929899204,0.6192627915323803,0.963258760377697,0.6536273646115068,1.272890156143887,0.987905671272882,-0.7110629809541126,-0.02464691089518505,0.23183742661963264,0.1347407975680211,0.18198893502027885,1.0565366480444818,0.2449983155799148,0.9935272674848458,21,normalized_compact_thermal,spline_ridge
21,74.1,0.6248305915481025,1.1807470585306348,0.8683317627565835,1.4931623543046861,0.581177222547887,0.9707794962469296,0.6801908849729861,1.2613681075208731,0.987905671272882,-0.7110629809541126,-0.017126175025952355,0.1683634425145361,0.1306389040170236,0.1572152273607959,1.005139217734978,0.20691274659542147,0.9554416985003524,21,normalized_compact_thermal,spline_ridge
21,74.3,1.3232749534353008,0.8347317269735167,0.17309425025586642,1.496369203691167,0.5675058851375681,0.956837794960144,0.67308485239136,1.240590737528928,0.987905671272882,-0.7110629809541126,-0.031067876312737955,0.14455882156022576,0.13287307004810994,0.13629335845493445,0.9987184118202017,0.19324140918510258,0.9417703610900335,21,normalized_compact_thermal,spline_ridge
21,74.5,0.5178976213322087,1.182531908622463,0.9235830979563588,1.4414807192885675,0.5691318644411278,0.9608221209640954,0.6762561887435314,1.2453880531846593,0.987905671272882,-0.7110629809541126,-0.02708355030878657,0.14741985694865384,0.14329202974784602,0.1041067229381924,1.0341570059440632,0.19486738848866236,0.9433963403935933,21,normalized_compact_thermal,spline_ridge
21,74.7,0.2499262667965718,0.7091650079695695,0.5842018745712836,0.8341281413678555,0.6041878856263523,0.9640563545059188,0.6619624116927426,1.2661502973190948,0.987905671272882,-0.7110629809541126,-0.023849316766963245,0.2071929204526875,0.13468279876276404,0.16710225244159937,1.041273518811105,0.2299234096738868,0.9784523615788178,21,normalized_compact_thermal,spline_ridge
21,74.9,0.45272613495434194,0.3419794895891723,0.11561642211200127,0.5683425570663433,0.5793498793631623,0.9684208687628036,0.6787459290812226,1.2580958084443847,0.987905671272882,-0.7110629809541126,-0.019484802510078295,0.1652142791871185,0.15179411329741688,0.08673295475361342,1.0719668039727113,0.2050854034106968,0.9536143553156278,21,normalized_compact_thermal,spline_ridge
21,75.1,0.44548187168386727,0.49274891089655976,0.27000797505462604,0.7154898467384935,0.6125241382304125,0.9676601282795249,0.6613980591643186,1.273922197394731,0.987905671272882,-0.7110629809541126,-0.020245542993357082,0.22089605297010484,0.1389258058472933,0.1616686884455787,1.0633795880152463,0.23825966227794704,0.986788614182878,21,normalized_compact_thermal,spline_ridge
21,75.3,0.2620831178708478,0.6559057464399268,0.5248641875045029,0.7869473053753507,0.5729530610399515,0.9497959088153163,0.6633193782953406,1.236272439335292,0.987905671272882,-0.7110629809541126,-0.0381097624575657,0.1541114974254164,0.14263351175432926,0.11006500576334866,1.0358411163165542,0.198688585087486,0.947217536992417,21,normalized_compact_thermal,spline_ridge
21,75.5,0.29134381830927364,0.596667493629391,0.4509955844747542,0.7423394027840279,0.5179939427327738,0.9725964560947332,0.7135994847283463,1.23159342746112,0.987905671272882,-0.7110629809541126,-0.015309215178148731,0.05327125059701457,0.15501813896598615,0.014914098480214855,1.0210737869853328,0.1437294667803083,0.8922584186852393,21,normalized_compact_thermal,spline_ridge
21,75.7,0.2107004693996418,0.5604638945190932,0.4551136598192722,0.6658141292189141,0.597473162686498,0.9715451761993854,0.6728085948561364,1.2702817575426344,0.987905671272882,-0.7110629809541126,-0.016360495073496517,0.19601706876302605,0.14598845870223118,0.12369730938003726,1.0712490159929586,0.2232086867340325,0.9717376386389635,21,normalized_compact_thermal,spline_ridge
21,75.9,0.2851144584160791,0.6276849876199624,0.4851277584119228,0.7702422168280019,0.5435555500783482,0.9555893465962524,0.6838115715570783,1.2273671216354265,0.987905671272882,-0.7110629809541126,-0.03231632467662959,0.10143961136619073,0.12009828373960815,0.15380099437452344,0.933310105782173,0.16929107412588273,0.9178200260308137,21,normalized_compact_thermal,spline_ridge
21,76.1,0.4308852820579401,0.8814710751362895,0.6660284341073195,1.0969137161652596,0.5027550979352027,0.9463746078705425,0.6949970589029412,1.1977521568381437,0.987905671272882,-0.7110629809541126,-0.04153106340233949,0.0234108706731826,0.1210167905359084,0.11001971521906911,0.8954904806513362,0.1284906219827372,0.8770195738876682,21,normalized_compact_thermal,spline_ridge
21,76.3,0.7576331729375547,1.4268933311919785,1.0480767447232011,1.8057099176607558,0.5494234148840627,0.9498297533021229,0.6751180458600916,1.2245414607441543,0.987905671272882,-0.7110629809541126,-0.03807591797075908,0.11217709373492774,0.13862161615746696,0.0995551508750473,0.999291678893078,0.17515893893159717,0.9236878908365281,21,normalized_compact_thermal,spline_ridge
21,76.5,0.23061038573356388,1.1570021509959767,1.0416969581291946,1.2723073438627588,0.5645559262284772,0.9571357773042808,0.6748578141900422,1.2394137404185193,0.987905671272882,-0.7110629809541126,-0.03076989396860124,0.13934715280402044,0.14483396136532092,0.09452675924090104,1.0345850932160534,0.1902914502760117,0.9388204021809426,21,normalized_compact_thermal,spline_ridge
21,76.7,0.38802156161790263,0.5583728719239691,0.3643620911150177,0.7523836527329204,0.5731092720844785,0.9551818467432442,0.668627210701005,1.2417364827854835,0.987905671272882,-0.7110629809541126,-0.032723824529637735,0.15438410222356652,0.162810418846677,0.044741168181154145,1.1014773759878027,0.198844796132013,0.947373748036944,21,normalized_compact_thermal,spline_ridge
21,76.9,0.3316535965406598,0.5669345939247104,0.40110779565438043,0.7327613921950402,0.5994939299860066,0.9556849949017793,0.655938029908776,1.2554319598947825,0.987905671272882,-0.7110629809541126,-0.03222067637110269,0.19939355126068964,0.15772693276041352,0.0876232463561808,1.1113646136158324,0.2252294540335411,0.9737584059384721,21,normalized_compact_thermal,spline_ridge
21,77.1,0.2378745126789183,1.3770936760972425,1.2581564197577835,1.4960309324367018,0.5169063323670232,0.9456763644997567,0.6872231983162451,1.2041295306832682,0.987905671272882,-0.7110629809541126,-0.042229306773125294,0.05116938476061191,0.11036535184624362,0.1587380277541689,0.8750746369798775,0.14264185641455773,0.8911708083194887,21,normalized_compact_thermal,spline_ridge
21,77.3,0.9250997648943424,1.2549128576970432,0.7923629752498719,1.7174627401442144,0.5245426031054773,0.9456237677218057,0.6833524661690671,1.2078950692745443,0.987905671272882,-0.7110629809541126,-0.042281903551076305,0.06583435264022111,0.11264304978729402,0.15898249303629874,0.8901027131746558,0.1502781271530118,0.8988070790579428,21,normalized_compact_thermal,spline_ridge
21,77.5,0.5655075977238124,1.020500920053865,0.7377471211919587,1.3032547189157713,0.5812741472862741,0.9520555228408423,0.6614184491977052,1.2426925964839795,0.987905671272882,-0.7110629809541126,-0.035850148432039694,0.16853020172894628,0.14263024573136654,0.11839669122299157,1.0441516033495568,0.20700967133380865,0.9555386232387396,21,normalized_compact_thermal,spline_ridge
21,77.7,0.3652347582598599,0.5728884779636279,0.3902710988336979,0.7555058570935578,0.5607185458229709,0.9383192764459461,0.6579600035344607,1.2186785493574317,0.987905671272882,-0.7110629809541126,-0.04958639482693578,0.1325267807503718,0.1573946737755195,0.04992614115770333,1.0715109504882383,0.1864540698705054,0.9349830217754364,21,normalized_compact_thermal,spline_ridge
21,77.9,0.818452120717433,0.6048041236735536,0.1955780633148371,1.01403018403227,0.5010205853426676,0.9284708233719823,0.6779605307006484,1.1789811160433161,0.987905671272882,-0.7110629809541126,-0.05943484790089973,0.019954890721049293,0.12486907785354215,0.0957833875699326,0.9062577831154026,0.1267561093902021,0.8752850612951331,21,normalized_compact_thermal,spline_ridge
21,78.1,0.5484066812268649,1.0329990071865325,0.7587956665731002,1.307202347799965,0.5376195174312529,0.9509369600979319,0.6821272013823054,1.2197467188135585,0.987905671272882,-0.7110629809541126,-0.036968711174950084,0.0904587952675481,0.13008908263999422,0.11544185570712107,0.9597971791553848,0.16335504147878743,0.9118839933837184,21,normalized_compact_thermal,spline_ridge
21,78.3,0.9204495390402888,1.0281451825286232,0.567920413008479,1.4883699520487677,0.5471129856316637,0.945488099246363,0.6719316064305312,1.2190445920621948,0.987905671272882,-0.7110629809541126,-0.042417572026518975,0.10796303814970057,0.15460141839827832,0.04538552323388423,1.048840448029443,0.17284850967919818,0.9213774615841291,21,normalized_compact_thermal,spline_ridge
21,78.5,0.3702588609589158,0.505237109799892,0.32010767932043416,0.69036654027935,0.5757113115319494,0.9392474970286585,0.6513918412626838,1.2271031527946332,0.987905671272882,-0.7110629809541126,-0.04865817424422343,0.15891404177050972,0.14932442709301624,0.09110925124311842,1.0603133718207804,0.20144683557948395,0.9499757874844149,21,normalized_compact_thermal,spline_ridge
21,78.7,0.2819317388019862,0.7737709076344761,0.632805038233483,0.9147367770354693,0.5698646179648186,0.9490911563433033,0.664158847360894,1.2340234653257127,0.987905671272882,-0.7110629809541126,-0.03881451492957861,0.14870652224762435,0.12389689808179111,0.16778243193084097,0.9719468039987962,0.1956001420123531,0.9441290939172841,21,normalized_compact_thermal,spline_ridge
21,78.9,1.1530916516181038,0.9736509179985842,0.39710509218953227,1.550196743807636,0.5177938765639446,0.9445752883417478,0.6856783500597754,1.20347222662372,0.987905671272882,-0.7110629809541126,-0.04333038293113418,0.05288494334838686,0.12050942257580147,0.1267050533798239,0.9088826997480652,0.14352940061147912,0.8920583525164101,21,normalized_compact_thermal,spline_ridge
21,79.1,0.28140384879808816,1.2083959707748662,1.067694046375822,1.3490978951739103,0.5556701283807477,0.947840699946536,0.6700056357561621,1.2256757641369098,0.987905671272882,-0.7110629809541126,-0.040064971326345976,0.12348252587463245,0.1564043971032647,0.048091465264488154,1.0632487914970072,0.18140565242828222,0.9299346043332132,21,normalized_compact_thermal,spline_ridge
21,79.3,0.5718965054316675,1.5087065344559565,1.2227582817401226,1.7946547871717902,0.549177111943654,0.9403987165093144,0.6658101605374873,1.2149872724811415,0.987905671272882,-0.7110629809541126,-0.047506954763567644,0.1117286997308824,0.13940414295670642,0.09676931634878205,1.001584907538526,0.17491263599118856,0.9234415878961195,21,normalized_compact_thermal,spline_ridge
21,79.5,0.3510486616030863,1.1918214059808478,1.0162970751793048,1.367345736782391,0.5161413064965834,0.9446221063041708,0.6865514530558791,1.2026927595524626,0.987905671272882,-0.7110629809541126,-0.04328356496871121,0.049688279763106344,0.11019799823691968,0.15851611398838583,0.873766499004781,0.14187683054411793,0.8904057824490489,21,normalized_compact_thermal,spline_ridge
21,79.7,1.0729504880837248,1.0164900353471875,0.48001479130532504,1.5529652793890498,0.5395776239389932,0.9467013587231345,0.6769125467536379,1.2164901706926312,0.987905671272882,-0.7110629809541126,-0.041204312549747386,0.0940943575788096,0.1273496854659175,0.12629011863702572,0.9528651292409607,0.16531314798652774,0.9138420998914587,21,normalized_compact_thermal,spline_ridge
21,79.9,0.4236888269930093,1.3582505643116365,1.146406150815132,1.5700949778081412,0.6266910236144312,0.9936628795269765,0.6803173677197609,1.307008391334192,0.987905671272882,-0.7110629809541126,0.005757208254094529,0.24376133584237725,0.19240460004230084,0.0022810231563867855,1.2511010240724756,0.2524265476619657,1.0009554995668966,21,normalized_compact_thermal,spline_ridge
21,80.1,0.2289110970026095,0.7351875637699437,0.6207320152686389,0.8496431122712484,0.5437612970749083,0.9296669115590922,0.657786263021638,1.2015475600965464,0.987905671272882,-0.7110629809541126,-0.05823875971378974,0.1018180603887629,0.13900043464831666,0.09266365469347893,0.9948589394563376,0.1694968211224428,0.9180257730273738,21,normalized_compact_thermal,spline_ridge
21,80.3,0.2185676064424198,0.6292976657339502,0.5200138625127403,0.7385814689551601,0.4745615202868376,0.9497276705285842,0.7124469103851654,1.187008430672003,0.987905671272882,-0.7110629809541126,-0.038178000744297814,-0.03430103551220122,0.1047364499819965,0.13466067193469694,0.8144623686389783,0.10029704433437214,0.8488259962393031,21,normalized_compact_thermal,spline_ridge
21,80.5,0.4683313404357623,1.1482255551510998,0.9140598849332187,1.3823912253689807,0.562949177557005,0.9493351807200836,0.6678605919415811,1.230809769498586,0.987905671272882,-0.7110629809541126,-0.038570490552798396,0.13649705526792968,0.12767924954917473,0.14859213904568408,0.9773062160683259,0.18868470160453954,0.9372136535094705,21,normalized_compact_thermal,spline_ridge
21,80.7,0.3897841336647672,1.1005802089733931,0.9056881421410096,1.2954722758057766,0.6022348473097247,0.9953093189497891,0.6941918952949269,1.2964267426046514,0.987905671272882,-0.7110629809541126,0.0074036476769072075,0.20395518301714244,0.1807908079902407,0.015515047080532307,1.188954647538917,0.22797037135725917,0.9764993232621901,21,normalized_compact_thermal,spline_ridge
21,80.9,1.0181989678939019,1.0015644670143005,0.4924649830673494,1.5106639509612514,0.6109140946084352,0.95129520705191,0.6458381597476923,1.2567522543561276,0.987905671272882,-0.7110629809541126,-0.03661046422097206,0.21826405323654124,0.15035765809161258,0.12295889323999915,1.098869295976871,0.23664961865596967,0.9851785705609006,21,normalized_compact_thermal,spline_ridge
21,81.1,0.4281404050130749,0.46910590092824145,0.255035698421704,0.6831761034347789,0.5595841492660031,0.9635955977115502,0.6838035230785486,1.2433876723445518,0.987905671272882,-0.7110629809541126,-0.024310073561331698,0.13050161924777604,0.11268471365246119,0.19388882759553017,0.925279470936476,0.1853196733135376,0.9338486252184686,21,normalized_compact_thermal,spline_ridge
21,81.3,0.7306792057712037,0.8168773663604474,0.45153776347484553,1.1822169692460494,0.5661256681693475,0.9518413580930163,0.6687785240083426,1.23490419217769,0.987905671272882,-0.7110629809541126,-0.036064313179865644,0.14212378409821552,0.12910501926762064,0.1471415839930469,0.9851097523456481,0.19186119221688203,0.940390144121813,21,normalized_compact_thermal,spline_ridge
21,81.5,0.35761864126852083,0.9381145883412584,0.759305267706998,1.1169239089755187,0.5581183720421481,0.9544397338548931,0.6753805478338191,1.2334989198759672,0.987905671272882,-0.7110629809541126,-0.0334659374179889,0.1278787781318193,0.14051746832015732,0.10209750539518325,1.014139238689113,0.1838538960896826,0.9323828479946136,21,normalized_compact_thermal,spline_ridge
21,81.7,0.6585714040171747,0.819540180907184,0.49025447889859647,1.1488258829157714,0.5757532595007593,0.9509445858827164,0.6630679561323367,1.238821215633096,0.987905671272882,-0.7110629809541126,-0.0369610853901656,0.1589869019693968,0.12630920904473558,0.1658424088239096,0.9856641101776089,0.2014887835482938,0.9500177354532248,21,normalized_compact_thermal,spline_ridge
21,81.9,0.5150528067936591,0.319934904751922,0.062408501355092516,0.5774613081487515,0.5558252605575078,0.9565767518966178,0.6786641216178639,1.2344893821753717,0.987905671272882,-0.7110629809541126,-0.03132891937626411,0.12376166725355556,0.15580737018781998,0.05018412687902862,1.061466394235987,0.18156078460504232,0.9300897365099733,21,normalized_compact_thermal,spline_ridge
21,82.1,0.3265437566425545,0.8795999573737698,0.7163280790524925,1.042871835695047,0.49384429847402234,0.9138595781790002,0.666937428941989,1.1607817274160115,0.987905671272882,-0.7110629809541126,-0.07404609309388173,0.005527984203321186,0.12095241583604795,0.10131783075451833,0.8863707661935263,0.11957982252155686,0.8681087744264878,21,normalized_compact_thermal,spline_ridge
21,82.3,0.20704168239826032,0.7230728092835829,0.6195519680844527,0.826593650482713,0.5574958156192604,0.9492981514586498,0.6705502436490196,1.22804605926828,0.987905671272882,-0.7110629809541126,-0.038607519814232105,0.12676269966240575,0.11941754956033102,0.16995044425458755,0.9450411869839332,0.18323133966679495,0.9317602915717259,21,normalized_compact_thermal,spline_ridge
21,82.5,0.25384928277129337,0.6031519674807493,0.4762273260951026,0.730076608866396,0.5534767290708071,0.9320002822261231,0.6552619176907195,1.2087386467615266,0.987905671272882,-0.7110629809541126,-0.05590538904675895,0.1195274100043181,0.12896111457611636,0.134959658305144,0.9719937998364703,0.17921225311834166,0.9277412050232726,21,normalized_compact_thermal,spline_ridge
21,82.7,0.7183699588920387,0.950038090628881,0.5908531111828615,1.3092230700749004,0.5440715485194861,0.9408643260061913,0.6688285517464483,1.2129001002659343,0.987905671272882,-0.7110629809541126,-0.04704134526669066,0.10238846319328612,0.12549201051132383,0.13681274949062072,0.9513303475483516,0.16980707256702066,0.9183360244719516,21,normalized_compact_thermal,spline_ridge
21,82.9,0.8810005913089815,1.1401399042478881,0.6996396085933976,1.580640199902379,0.5666918490566698,0.95637857678355,0.673032652255215,1.239724501311885,0.987905671272882,-0.7110629809541126,-0.031527094489331955,0.14312338187253767,0.17818009088883205,-0.011555399756766449,1.1449390978701062,0.19242737310420432,0.9409563250091353,21,normalized_compact_thermal,spline_ridge
21,83.1,0.3946467370036502,0.9550815305229534,0.7577581620211283,1.1524048990247786,0.5741802614794821,0.9458199252367788,0.6587297944970378,1.2329100559765198,0.987905671272882,-0.7110629809541126,-0.042085746036103135,0.1562510933792659,0.14400279726760823,0.10684846853867713,1.041512054420287,0.1999157855270166,0.9484447374319476,21,normalized_compact_thermal,spline_ridge
21,83.3,0.2384556391614324,0.6897429948970235,0.5705151753163072,0.8089708144777398,0.5061416829129635,0.9439645275999788,0.6908936861434971,1.1970353690564606,0.987905671272882,-0.7110629809541126,-0.04394114367290308,0.0301243378219901,0.10531795496504066,0.16435367839798087,0.847929687427946,0.13187720696049798,0.880406158865429,21,normalized_compact_thermal,spline_ridge
21,83.5,0.29482223653690853,0.6699836865456184,0.522572568277164,0.8173948048140726,0.5341264526962702,0.9515428665859673,0.6844796402378321,1.2186060929341025,0.987905671272882,-0.7110629809541126,-0.036362804686914676,0.08394031570081664,0.10926598747197706,0.17952591158433234,0.8887269938082081,0.15986197674380476,0.9083909286487357,21,normalized_compact_thermal,spline_ridge
21,83.7,0.23202040947422875,0.5403944893721302,0.4243842846350159,0.6564046941092446,0.5824100453647258,0.942032400486964,0.6508273778046011,1.233237423169327,0.987905671272882,-0.7110629809541126,-0.04587327078591802,0.17048244692810316,0.14032518384773612,0.1270131988684549,1.0378068918609968,0.20814556941226037,0.9566745213171913,21,normalized_compact_thermal,spline_ridge
21,83.9,0.3648183934677789,0.6867952402995255,0.5043860435656361,0.869204437033415,0.585077241343908,0.9487109729836528,0.6561723523116988,1.2412495936556067,0.987905671272882,-0.7110629809541126,-0.03919469828922914,0.17505157697309537,0.14774676664488265,0.10559515719351215,1.064559325494304,0.21081276539144256,0.9593417172963735,21,normalized_compact_thermal,spline_ridge
21,84.1,0.25140503892918137,0.7040834340621631,0.5783809145975725,0.8297859535267539,0.5809131283679461,0.9443788314995776,0.6539222673156045,1.2348353956835507,0.987905671272882,-0.7110629809541126,-0.04352683977330435,0.16790892676319324,0.15517257572384313,0.07733209102528937,1.0844941657106029,0.20664865241548058,0.9551776043204115,21,normalized_compact_thermal,spline_ridge
21,84.3,0.22826549487794576,1.3491369456139064,1.2350041981749336,1.4632696930528795,0.5856727169153999,0.9552554469979743,0.6624190885402743,1.2480918054556742,0.987905671272882,-0.7110629809541126,-0.03265022427490772,0.17606883197044348,0.12822394014304317,0.16954799585443037,1.0017974379763694,0.21140824096293442,0.9599371928678654,21,normalized_compact_thermal,spline_ridge
21,84.5,0.27411962396417144,1.3039322296389761,1.1668724176568903,1.440992041621062,0.5296758996168639,0.9468096453834278,0.6819716955749959,1.2116475951918597,0.987905671272882,-0.7110629809541126,-0.04109602588945419,0.07557301131268784,0.12413338725472829,0.12682623606649862,0.9325255631672291,0.15541142366439842,0.9039403755693294,21,normalized_compact_thermal,spline_ridge
21,84.7,0.24372981072200559,1.1881617109526805,1.0662968055916777,1.3100266163136833,0.5609922991198988,0.9572232877152113,0.6767271381552619,1.2377194372751608,0.987905671272882,-0.7110629809541126,-0.03068238355767077,0.1330148803414509,0.15128100433289804,0.07004056530464381,1.0519440329351537,0.1867278231674333,0.9352567750723643,21,normalized_compact_thermal,spline_ridge
21,84.9,0.8509695538379742,1.1197878746673717,0.6943030977483846,1.5452726515863588,0.5814928239983541,0.936512653123297,0.64576624112412,1.2272590651224742,0.987905671272882,-0.7110629809541126,-0.051393018149584954,0.16890633335300936,0.1421549655230711,0.12015779319420883,1.0428278548024994,0.20722834804588863,0.9557572999508196,21,normalized_compact_thermal,spline_ridge
21,85.1,0.3640990520531315,1.294515428953317,1.1124659029267512,1.4765649549798827,0.5284993819389163,0.9411940419993537,0.6769443510298956,1.205443732968812,0.987905671272882,-0.7110629809541126,-0.04671162927352826,0.07334933781879556,0.10895949516455851,0.17489349927991316,0.8821052645979195,0.15423490598645084,0.9027638578913818,21,normalized_compact_thermal,spline_ridge
21,85.3,0.39474977611216544,0.9575490384435072,0.7601741503874245,1.1549239264995899,0.5289610353887315,0.9498144951777373,0.6853339774833715,1.214295012872103,0.987905671272882,-0.7110629809541126,-0.03809117609514463,0.07422247400730829,0.11912161074645314,0.14237607325995227,0.9155459975175108,0.15469655943626603,0.903225511341197,21,normalized_compact_thermal,spline_ridge
21,85.5,0.6479449396810062,0.9167239787130048,0.5927515088725017,1.240696448553508,0.567290833662821,0.9435257229693621,0.6598803061379517,1.2271711398007725,0.987905671272882,-0.7110629809541126,-0.044379948303519864,0.14417980834357008,0.11154813894683507,0.20528403405629336,0.9292976332693486,0.19302635771035548,0.9415553096152864,21,normalized_compact_thermal,spline_ridge
21,85.7,0.35637201719612466,1.3231075707947166,1.1449215621966542,1.5012935793927789,0.5805374239496788,0.9407329968016942,0.6504642848268548,1.2310017087765335,0.987905671272882,-0.7110629809541126,-0.04717267447118779,0.16726196950681782,0.12687489880714098,0.16879074219225715,0.9922841057071004,0.2062729479972133,0.9548018999021443,21,normalized_compact_thermal,spline_ridge
21,85.9,0.3413341041774884,1.0465286992159313,0.8758616471271872,1.2171957513046756,0.5862820836501506,0.9463477827914053,0.65320674096633,1.2394888246164806,0.987905671272882,-0.7110629809541126,-0.04155788848147668,0.17710874714357439,0.15338695832754637,0.08849590442936012,1.084068262870941,0.21201760769768507,0.960546559602616,21,normalized_compact_thermal,spline_ridge
21,86.1,0.7724511376448776,1.1570935503890336,0.7708679815665949,1.5433191192114726,0.5700469318187479,0.9206749394546122,0.6356514735452383,1.205698405363986,0.987905671272882,-0.7110629809541126,-0.0672307318182698,0.14902639593522493,0.14560396763973635,0.09751886606235471,1.042574997575141,0.1957824558662824,0.9443114077712134,21,normalized_compact_thermal,spline_ridge
21,86.3,0.2988114991487604,0.47550776188888294,0.32610201231450275,0.6249135114632631,0.5436966105342514,0.9196834640238276,0.647835158756702,1.1915317692909533,0.987905671272882,-0.7110629809541126,-0.06822220724905431,0.1016990920309432,0.14963731196996793,0.058079146008111315,1.0293140750603915,0.16943213458178596,0.9179610864867169,21,normalized_compact_thermal,spline_ridge
21,86.5,0.3404207808631846,0.9414714974670473,0.771261107035455,1.1116818878986396,0.5604112948607479,0.9199602388898798,0.6397545914595058,1.2001658863202538,0.987905671272882,-0.7110629809541126,-0.06794543238300216,0.13197867122948406,0.15671919052107458,0.05181103372596052,1.0690115559955353,0.18614681890828244,0.9346757708132134,21,normalized_compact_thermal,spline_ridge
21,86.7,0.27912796598991424,0.7709015623606654,0.6313375793657083,0.9104655453556226,0.5625056571605109,0.9269329969168401,0.6456801683365846,1.2081858254970954,0.987905671272882,-0.7110629809541126,-0.060972674356041916,0.1357088931742194,0.1301167446206985,0.1402382241035709,0.984773090217451,0.18824118120804545,0.9367701331129764,21,normalized_compact_thermal,spline_ridge
21,86.9,0.3881586837543045,0.9521908741621974,0.7581115322850452,1.1462702160393496,0.5192571005851387,0.922751109596093,0.6631225593035236,1.1823796598886624,0.987905671272882,-0.7110629809541126,-0.06515456167678906,0.05570683932923719,0.1127765156183832,0.15326385430386752,0.8852503468664099,0.14499262463267326,0.8935215765376042,21,normalized_compact_thermal,spline_ridge
21,87.1,0.5452551802097205,0.9028837756387293,0.6302561855338692,1.1755113657435896,0.544064076967162,0.9348359285411475,0.6628038900575666,1.2068679670247284,0.987905671272882,-0.7110629809541126,-0.05306974273173444,0.10237473043396958,0.12275939015273017,0.14567344158399942,0.9424547123503245,0.1697996010146965,0.9183285529196274,21,normalized_compact_thermal,spline_ridge
21,87.3,0.5850016022944022,0.7521266968003922,0.4596258956531911,1.0446274979475934,0.5380163413071815,0.9266538715430579,0.6576457008894672,1.1956620421966486,0.987905671272882,-0.7110629809541126,-0.06125179972982406,0.09119663584939103,0.12771359656855374,0.12354783652955775,0.9524848460848052,0.16375186535471598,0.9122808172596469,21,normalized_compact_thermal,spline_ridge
21,87.5,0.5771841834888869,0.9927264964474255,0.704134404702982,1.281318588191869,0.5205205362460397,0.9230050076524505,0.6627447395294307,1.1832652757754705,0.987905671272882,-0.7110629809541126,-0.06490066362043143,0.058137044092173164,0.1281525501580427,0.10462749686293565,0.9364135756291436,0.14625606029357419,0.8947850121985051,21,normalized_compact_thermal,spline_ridge
21,87.7,0.5524371164775509,0.4585901227433081,0.18237156450453268,0.7348086809820835,0.5018918246805096,0.9214058282940746,0.6704599159538198,1.1723517406343293,0.987905671272882,-0.7110629809541126,-0.0664998429788074,0.02169230975843839,0.11966050358050608,0.11355799545248302,0.8902256539085363,0.12762734872804415,0.8761563006329751,21,normalized_compact_thermal,spline_ridge
21,87.9,0.23573594941947687,0.43792707341590853,0.32005909870617005,0.555795048125647,0.5365502658790733,0.9344960940363288,0.6662209610967922,1.2027712269758655,0.987905671272882,-0.7110629809541126,-0.053409577236553145,0.08846795187955873,0.13036765893785984,0.11346854143378182,0.9596319903243647,0.1622857899266078,0.9108147418315388,21,normalized_compact_thermal,spline_ridge
21,88.3,0.29358452974819316,0.5277318232547275,0.3809395583806308,0.674524088128824,0.5661651900468315,0.9317685867197877,0.6486859916963719,1.2148511817432035,0.987905671272882,-0.7110629809541126,-0.056137084553094345,0.14219359280012875,0.1306930264646269,0.1420275514628293,0.9903028286308337,0.19190071409436604,0.940429665999297,21,normalized_compact_thermal,spline_ridge
21,88.5,1.0100371656737945,1.2505691111785313,0.745550528341634,1.7555876940154285,0.5280248495367753,0.9289769126571272,0.6649644878887395,1.192989337425515,0.987905671272882,-0.7110629809541126,-0.05892875861575471,0.07245104808740443,0.14305041402945698,0.0637838227109152,0.9922658763626354,0.15376037358430983,0.9022893254892408,21,normalized_compact_thermal,spline_ridge
21,88.7,0.23412555998452922,1.3748554850724006,1.2577927050801359,1.4919182650646652,0.572789906263208,0.9310801467037452,0.6446851935721412,1.2174750998353492,0.987905671272882,-0.7110629809541126,-0.05682552456913685,0.15382669571595398,0.13163685727831925,0.14558925671855105,0.999990555807865,0.19852543031074255,0.9470543822156735,21,normalized_compact_thermal,spline_ridge
21,88.9,0.3606241021873058,1.5086099401076307,1.328297889013978,1.6889219912012836,0.5357611609889557,0.9368144892617211,0.6689339087672432,1.2046950697561989,0.987905671272882,-0.7110629809541126,-0.051091182011160946,0.08699616856588945,0.13100860114805174,0.11059938894775684,0.9609229330301545,0.16149668503649017,0.9100256369414211,21,normalized_compact_thermal,spline_ridge
21,89.1,0.5720385217377211,1.0052814713414004,0.7192622104725399,1.291300732210261,0.5612680262803879,0.9472367437357383,0.6666027305955444,1.2278707568759322,0.987905671272882,-0.7110629809541126,-0.04066892753714368,0.1335062586068969,0.13623520807582384,0.11914436438080367,1.003391688179972,0.18700355032792237,0.9355325022328533,21,normalized_compact_thermal,spline_ridge
21,89.3,0.26275622699164863,1.2200444406322608,1.0886663271364365,1.351422554128085,0.5781213941034865,0.935196579005648,0.6461358819539047,1.2242572760573913,0.987905671272882,-0.7110629809541126,-0.05270909226723396,0.16309157299281185,0.14807328913374124,0.09757964761979443,1.0586631405871785,0.20385691815102103,0.952385870055952,21,normalized_compact_thermal,spline_ridge
21,89.5,0.2796371535521178,0.9820761808813336,0.8422576041052746,1.1218947576573925,0.5790067792889586,0.9180038136806898,0.6285004240362105,1.2075072033251693,0.987905671272882,-0.7110629809541126,-0.06990185759219208,0.16462188809293432,0.14515510569175127,0.10793540370049981,1.0500781548774174,0.20474230333649313,0.9532712552414241,21,normalized_compact_thermal,spline_ridge
21,89.7,0.39926474695212527,0.32345435310998044,0.12382197963391776,0.5230867265860432,0.5404131702724404,0.9548462985591889,0.6846397134229687,1.225052883695409,0.987905671272882,-0.7110629809541126,-0.033059372713693067,0.09564167910160624,0.11176652679504362,0.17769763731769794,0.9031287032271829,0.16614869431997492,0.9146776462249059,21,normalized_compact_thermal,spline_ridge
21,89.9,0.3471870246845922,0.21103287570314166,0.037439363360845565,0.38462638804543775,0.49281545069512195,0.9367599861810396,0.6903522608334787,1.1831677115286006,0.987905671272882,-0.7110629809541126,-0.05114568509184232,0.003442466571389413,0.1132129101845842,0.12540597459802744,0.8602249267922164,0.11855097474265647,0.8670799266475875,21,normalized_compact_thermal,spline_ridge
21,90.1,0.5737337688435494,0.35472999368194624,0.06786310926017143,0.641596878103721,0.5607192850980018,0.9477399962224219,0.667380353673421,1.2280996387714227,0.987905671272882,-0.7110629809541126,-0.04016567505046008,0.13252809919177008,0.1595254409814495,0.04301190879620265,1.078426661399801,0.18645480914553636,0.9349837610504673,21,normalized_compact_thermal,spline_ridge
21,90.3,0.23246554192493823,0.448729487161913,0.3324967161994439,0.5649622581243822,0.6018552658201816,0.9487321909237267,0.647804558013636,1.2496598238338175,0.987905671272882,-0.7110629809541126,-0.03917348034915525,0.20332469614912807,0.16231231060985163,0.07510367090009307,1.1286068607402702,0.22759078986771608,0.976119741772647,21,normalized_compact_thermal,spline_ridge
21,90.5,0.2421625318954172,0.47171169947399405,0.3506304335262854,0.5927929654217027,0.5675381797171359,0.9437564799155406,0.6599873900569726,1.2275255697741085,0.987905671272882,-0.7110629809541126,-0.044149191357341376,0.1446157260991358,0.12462714370041868,0.1630861300366474,0.9719902293976245,0.19327370376467046,0.9418026556696014,21,normalized_compact_thermal,spline_ridge
21,90.7,0.37431832719587455,0.7370334527386149,0.5498742891406775,0.9241926163365521,0.5589783461214182,0.959995879693767,0.6805067066330579,1.239485052754476,0.987905671272882,-0.7110629809541126,-0.027909791579115037,0.12941843756357962,0.14271894400411034,0.09581303785235462,1.0221436543904816,0.1847138701689527,0.9332428220738836,21,normalized_compact_thermal,spline_ridge
21,90.9,0.2932520548990961,0.7618847094014154,0.6152586819518673,0.9085107368509635,0.5728837265967484,0.9479628020786404,0.6615209387802662,1.2344046653770144,0.987905671272882,-0.7110629809541126,-0.039942869194241594,0.15399047767105706,0.1298406967082387,0.15151215090032655,0.9942553022931702,0.19861925064428287,0.9471482025492138,21,normalized_compact_thermal,spline_ridge
21,91.1,0.46344713496602596,0.5209760665382821,0.28925249905526906,0.7526996340212951,0.5126806878261144,0.9499325090250146,0.6935921651119574,1.2062728529380717,0.987905671272882,-0.7110629809541126,-0.037973162247867384,0.0429609124612282,0.1084294152363811,0.16079507177260455,0.8645663038796243,0.13841621187364894,0.8869451637785799,21,normalized_compact_thermal,spline_ridge
21,91.3,0.6635209886398749,0.9801618754837778,0.6484013811638403,1.3119223698037152,0.5566543984760232,0.9577186964203702,0.6793914971823587,1.2360458956583817,0.987905671272882,-0.7110629809541126,-0.030186974852511712,0.1252522798059851,0.15739784197976195,0.04585171204819882,1.0674570849038476,0.18238992252355768,0.9309188744284886,21,normalized_compact_thermal,spline_ridge
21,91.5,0.39964668831461736,0.4881739186859241,0.2883505745286154,0.6879972628432328,0.5754241998475429,0.9471276519465636,0.6594155520227921,1.234839751870335,0.987905671272882,-0.7110629809541126,-0.040778019326318395,0.15841520963906747,0.13729775688438725,0.12985225187841615,1.0209961478166696,0.2011597238950774,0.9496886758000084,21,normalized_compact_thermal,spline_ridge
21,91.7,0.465237151457571,0.4368109447798382,0.2041923690510526,0.6694295205086237,0.5417937215219601,0.9674525601730546,0.6965556994120745,1.2383494209340347,0.987905671272882,-0.7110629809541126,-0.02045311109982741,0.09819304337192153,0.10781960850630265,0.1918871091956163,0.891700333848304,0.16752924556949467,0.9160581974744256,21,normalized_compact_thermal,spline_ridge
21,91.9,0.40919916332075496,0.7899232480824605,0.585323666422083,0.994522829742838,0.5445109203828941,0.9572790741894552,0.6850236139980082,1.2295345343809023,0.987905671272882,-0.7110629809541126,-0.030626597083426712,0.10319569994349749,0.15026898476030395,0.05684349027788349,1.0321783504879045,0.17024644443042858,0.9187753963353595,21,normalized_compact_thermal,spline_ridge
21,92.1,0.6394245411368167,0.9121649091345092,0.5924526385661009,1.2318771797029175,0.577071367990455,0.9335660033061639,0.6450303193109364,1.2221016873013915,0.987905671272882,-0.7110629809541126,-0.05433966796671811,0.16127364885639411,0.13888165157792906,0.12635921190726807,1.027783524073642,0.20280689203798952,0.9513358439429205,21,normalized_compact_thermal,spline_ridge
21,92.3,0.496976844441589,0.9956664377584653,0.7471780155376708,1.2441548599792598,0.5310074134731212,0.9463933985698656,0.6808896918333049,1.2118971053064262,0.987905671272882,-0.7110629809541126,-0.04151227270301638,0.07808368445943348,0.11093121578703276,0.17100271251917287,0.8910121144270695,0.1567429375206557,0.9052718894255867,21,normalized_compact_thermal,spline_ridge
21,92.5,1.005287380222382,1.1220602301069278,0.6194165399957366,1.6247039202181188,0.5537423779794938,0.9481053757328164,0.6712341867430696,1.2249765647225632,0.987905671272882,-0.7110629809541126,-0.039800295540065554,0.12000725886547377,0.12523054014412727,0.14733212785260408,0.9601526281063835,0.1794779020270283,0.9280068539319593,21,normalized_compact_thermal,spline_ridge
21,92.7,0.29218792219229456,0.5020799051744309,0.35598594407828366,0.6481738662705783,0.5494816217090216,0.9524214455801269,0.6776806347256161,1.2271622564346376,0.987905671272882,-0.7110629809541126,-0.03548422569275512,0.11228302977685158,0.12126459727650246,0.15594203261230344,0.9430212108057398,0.17521714575655611,0.9237460976614871,21,normalized_compact_thermal,spline_ridge
21,92.9,0.31539054261704047,0.7818889632581463,0.624193691949626,0.9395842345666666,0.5662752129915449,0.9420821308636534,0.658944524367881,1.225219737359426,0.987905671272882,-0.7110629809541126,-0.045823540409228494,0.14238790403233903,0.15929308025461147,0.04932191617391324,1.0832285098091767,0.19201073703907945,0.9405396889440104,21,normalized_compact_thermal,spline_ridge
21,93.1,0.3939396901196266,0.93050449628445,0.7335346512246367,1.1274743413442634,0.556582421592036,0.9459378599113754,0.6676466491153574,1.2242290707073933,0.987905671272882,-0.7110629809541126,-0.0419678113615066,0.12512296880442628,0.13641901402930565,0.11386225485071444,0.9993025883333575,0.1823179456395705,0.9308468975445015,21,normalized_compact_thermal,spline_ridge
21,93.3,0.26434091353477623,1.3071466904507503,1.1749762336833622,1.4393171472181385,0.5210770810675741,0.9601546294578017,0.6996160889240146,1.2206931699915888,0.987905671272882,-0.7110629809541126,-0.027751041815080296,0.05920568108835547,0.11046292130197588,0.1625921346286664,0.8795620275064818,0.14681260511510863,0.8953415570200396,21,normalized_compact_thermal,spline_ridge
21,93.5,0.21306465161714797,1.3481560018420728,1.2416236760334989,1.4546883276506468,0.5497621518500091,0.9530635705637458,0.6781824946387413,1.2279446464887505,0.987905671272882,-0.7110629809541126,-0.034842100709136195,0.11279343548271127,0.1254863584107838,0.1425216955639888,0.9570026081360294,0.17549767589754361,0.9240266278024746,21,normalized_compact_thermal,spline_ridge
21,93.7,0.5182274244062114,0.8405826199009905,0.5814689076978848,1.0996963321040962,0.5076905668119199,0.9458370996791209,0.6919918162731609,1.199682383085081,0.987905671272882,-0.7110629809541126,-0.042068571593761116,0.033179843512252304,0.11966068982463407,0.119356133166452,0.8960250004573879,0.13342609085945445,0.8819550427643854,21,normalized_compact_thermal,spline_ridge
21,93.9,0.512721091377962,0.9720360032878851,0.7156754575989042,1.228396548976866,0.46994938539980696,0.9407887769436303,0.7058140842437268,1.1757634696435337,0.987905671272882,-0.7110629809541126,-0.04711689432925168,-0.04406729976168196,0.10387876416457104,0.13283198194209056,0.8070667888575234,0.09568490944734148,0.8442138613522725,21,normalized_compact_thermal,spline_ridge
21,94.1,0.2768615055393332,0.9349495895005591,0.7965188367308924,1.0733803422702257,0.5474758370139158,0.9592440448097179,0.68550612630276,1.2329819633166759,0.987905671272882,-0.7110629809541126,-0.028661626463164076,0.10862602938081195,0.13620351469090472,0.10545502954965963,0.9894966444781719,0.1732113610614503,0.9217403129663813,21,normalized_compact_thermal,spline_ridge
21,94.3,1.2352379756197374,0.7382152355719068,0.12059624776203823,1.3558342233817755,0.5533133017482496,0.9420998285194753,0.6654431776453504,1.2187564793936,0.987905671272882,-0.7110629809541126,-0.04580584275340667,0.11923209233936892,0.12425442980305565,0.1500708192234943,0.9565557842730048,0.17904882579578407,0.927577777700715,21,normalized_compact_thermal,spline_ridge
21,94.5,0.34470198398100693,0.4800977294286931,0.30774673743818964,0.6524487214191966,0.5292835565492303,0.9528821390487692,0.6882403607741541,1.2175239173233843,0.987905671272882,-0.7110629809541126,-0.035023532224112856,0.07483201394342845,0.14974617339604865,0.04331280440369867,1.0152543086947619,0.15501908059676484,0.9035480325016958,21,normalized_compact_thermal,spline_ridge
21,94.7,0.4604849129808814,1.032861540607711,0.8026190841172702,1.2631039970981517,0.54528714120515,0.933207182087966,0.660563611485391,1.205850752690541,0.987905671272882,-0.7110629809541126,-0.05469848918491592,0.10462022248740442,0.11808826670087642,0.16205568702696038,0.9285185953833396,0.1710226652526845,0.9195516171576155,21,normalized_compact_thermal,spline_ridge
21,94.9,0.42133406846822463,1.269549353907077,1.0588823196729649,1.4802163881411894,0.5098836326994083,0.9345940991658037,0.6796522828160996,1.1895359155155079,0.987905671272882,-0.7110629809541126,-0.05331157210707825,0.03749023047771275,0.10296787575668863,0.17572233232372858,0.844044933075088,0.1356191567469428,0.8841481086518738,21,normalized_compact_thermal,spline_ridge
21,95.1,0.3712215757155086,1.1958672039344282,1.010256416076674,1.3814779917921827,0.5441174814911057,0.9515831386252958,0.679524397879743,1.2236418793708486,0.987905671272882,-0.7110629809541126,-0.03632253264758619,0.1024728841355674,0.185721057806223,-0.05860244185977381,1.1468374048419854,0.16985300553864024,0.9183819574435712,21,normalized_compact_thermal,spline_ridge
21,95.3,1.0696506260332523,1.3098140770942337,0.7749887640776075,1.84463939011086,0.5489283783311975,0.9052904945463413,0.6308263053807426,1.17975468371194,0.987905671272882,-0.7110629809541126,-0.08261517672654069,0.11127567655794791,0.12758076738431154,0.1348909436577983,0.9629658130045966,0.17466390237873197,0.9231928542836629,21,normalized_compact_thermal,spline_ridge
21,95.5,0.6222090074275458,1.46191742390367,1.1508129201898971,1.773021927617443,0.4752013257248646,0.9374273453429315,0.6998266824804992,1.1750280082053637,0.987905671272882,-0.7110629809541126,-0.050478325929950524,-0.032953740158429,0.09046906797264556,0.18160236415212166,0.7688002872976076,0.10093684977239914,0.8494658016773301,21,normalized_compact_thermal,spline_ridge
21,95.7,0.4718145033292256,1.399245320401822,1.1633380687372092,1.6351525720664348,0.4825676452117359,0.9270986427816061,0.6858148201757381,1.1683824653874741,0.987905671272882,-0.7110629809541126,-0.06080702849127578,-0.01757118974568847,0.10225575137290954,0.15071739970014952,0.8144178907233223,0.10830316925927042,0.8568321211642014,21,normalized_compact_thermal,spline_ridge
21,95.9,0.34896359935177984,0.968210143781988,0.793728344106098,1.142691943457878,0.5170655809488494,0.9327178182083818,0.6741850277339572,1.1912506086828065,0.987905671272882,-0.7110629809541126,-0.05518785306450015,0.051477417466402955,0.1206326897439772,0.12557671923903774,0.9085544426586609,0.14280110499638388,0.8913300569013148,21,normalized_compact_thermal,spline_ridge
